set,bond_type,len_lo,len_hi,n,pct
Reference ligand (train+test),C-C,-inf,1.1,100.1185,0.1576
Reference ligand (train+test),C-C,1.1,1.105,3,0.0047
Reference ligand (train+test),C-C,1.105,1.11,0,0.0
Reference ligand (train+test),C-C,1.11,1.115,3.0,0.0047
Reference ligand (train+test),C-C,1.115,1.12,0,0.0
Reference ligand (train+test),C-C,1.12,1.125,0,0.0
Reference ligand (train+test),C-C,1.125,1.13,1,0.0016
Reference ligand (train+test),C-C,1.13,1.135,1,0.0016
Reference ligand (train+test),C-C,1.135,1.14,2,0.0031
Reference ligand (train+test),C-C,1.14,1.145,2,0.0031
Reference ligand (train+test),C-C,1.145,1.15,1,0.0016
Reference ligand (train+test),C-C,1.15,1.155,2.7692,0.0044
Reference ligand (train+test),C-C,1.155,1.16,2.1197,0.0033
Reference ligand (train+test),C-C,1.16,1.165,2.1111,0.0033
Reference ligand (train+test),C-C,1.165,1.17,3.0,0.0047
Reference ligand (train+test),C-C,1.17,1.175,1,0.0016
Reference ligand (train+test),C-C,1.175,1.18,1.6061,0.0025
Reference ligand (train+test),C-C,1.18,1.185,5.3939,0.0085
Reference ligand (train+test),C-C,1.185,1.19,3.75,0.0059
Reference ligand (train+test),C-C,1.19,1.195,11.1005,0.0175
Reference ligand (train+test),C-C,1.195,1.2,1.1495,0.0018
Reference ligand (train+test),C-C,1.2,1.205,0,0.0
Reference ligand (train+test),C-C,1.205,1.21,2,0.0031
Reference ligand (train+test),C-C,1.21,1.215,1,0.0016
Reference ligand (train+test),C-C,1.215,1.22,1.6307,0.0026
Reference ligand (train+test),C-C,1.22,1.225,1.6028,0.0025
Reference ligand (train+test),C-C,1.225,1.23,2.6364,0.0041
Reference ligand (train+test),C-C,1.23,1.235,2.4833,0.0039
Reference ligand (train+test),C-C,1.235,1.24,1.5757,0.0025
Reference ligand (train+test),C-C,1.24,1.245,3.7114,0.0058
Reference ligand (train+test),C-C,1.245,1.25,2.5739,0.0041
Reference ligand (train+test),C-C,1.25,1.255,6.8429,0.0108
Reference ligand (train+test),C-C,1.255,1.26,5.9757,0.0094
Reference ligand (train+test),C-C,1.26,1.265,5.2065,0.0082
Reference ligand (train+test),C-C,1.265,1.27,2.7979,0.0044
Reference ligand (train+test),C-C,1.27,1.275,4.8623,0.0077
Reference ligand (train+test),C-C,1.275,1.28,8.7627,0.0138
Reference ligand (train+test),C-C,1.28,1.285,11.9134,0.0188
Reference ligand (train+test),C-C,1.285,1.29,18.434,0.029
Reference ligand (train+test),C-C,1.29,1.295,15.7541,0.0248
Reference ligand (train+test),C-C,1.295,1.3,11.4157,0.018
Reference ligand (train+test),C-C,1.3,1.305,17.3185,0.0273
Reference ligand (train+test),C-C,1.305,1.31,28.7272,0.0452
Reference ligand (train+test),C-C,1.31,1.315,24.512,0.0386
Reference ligand (train+test),C-C,1.315,1.32,27.7989,0.0438
Reference ligand (train+test),C-C,1.32,1.325,35.2844,0.0555
Reference ligand (train+test),C-C,1.325,1.33,66.1641,0.1041
Reference ligand (train+test),C-C,1.33,1.335,92.0682,0.1449
Reference ligand (train+test),C-C,1.335,1.34,107.1252,0.1686
Reference ligand (train+test),C-C,1.34,1.345,91.4472,0.1439
Reference ligand (train+test),C-C,1.345,1.35,87.4558,0.1377
Reference ligand (train+test),C-C,1.35,1.355,116.2622,0.183
Reference ligand (train+test),C-C,1.355,1.36,124.3482,0.1957
Reference ligand (train+test),C-C,1.36,1.365,118.5917,0.1867
Reference ligand (train+test),C-C,1.365,1.37,149.2699,0.235
Reference ligand (train+test),C-C,1.37,1.375,143.5239,0.2259
Reference ligand (train+test),C-C,1.375,1.38,202.537,0.3188
Reference ligand (train+test),C-C,1.38,1.385,285.6686,0.4497
Reference ligand (train+test),C-C,1.385,1.39,478.252,0.7528
Reference ligand (train+test),C-C,1.39,1.395,705.7514,1.1109
Reference ligand (train+test),C-C,1.395,1.4,612.4899,0.9641
Reference ligand (train+test),C-C,1.4,1.405,516.9139,0.8137
Reference ligand (train+test),C-C,1.405,1.41,465.1222,0.7321
Reference ligand (train+test),C-C,1.41,1.415,391.9042,0.6169
Reference ligand (train+test),C-C,1.415,1.42,355.8133,0.5601
Reference ligand (train+test),C-C,1.42,1.425,334.5885,0.5267
Reference ligand (train+test),C-C,1.425,1.43,311.242,0.4899
Reference ligand (train+test),C-C,1.43,1.435,303.0015,0.4769
Reference ligand (train+test),C-C,1.435,1.44,283.1766,0.4457
Reference ligand (train+test),C-C,1.44,1.445,281.5846,0.4432
Reference ligand (train+test),C-C,1.445,1.45,303.8349,0.4783
Reference ligand (train+test),C-C,1.45,1.455,351.4704,0.5532
Reference ligand (train+test),C-C,1.455,1.46,395.3953,0.6224
Reference ligand (train+test),C-C,1.46,1.465,520.8403,0.8198
Reference ligand (train+test),C-C,1.465,1.47,626.6461,0.9864
Reference ligand (train+test),C-C,1.47,1.475,759.8346,1.196
Reference ligand (train+test),C-C,1.475,1.48,894.9339,1.4087
Reference ligand (train+test),C-C,1.48,1.485,1104.4285,1.7384
Reference ligand (train+test),C-C,1.485,1.49,1283.1989,2.0198
Reference ligand (train+test),C-C,1.49,1.495,1675.9809,2.6381
Reference ligand (train+test),C-C,1.495,1.5,1991.4388,3.1346
Reference ligand (train+test),C-C,1.5,1.505,2401.1715,3.7796
Reference ligand (train+test),C-C,1.505,1.51,3062.6696,4.8208
Reference ligand (train+test),C-C,1.51,1.515,3720.5266,5.8563
Reference ligand (train+test),C-C,1.515,1.52,4096.8627,6.4487
Reference ligand (train+test),C-C,1.52,1.525,4850.9737,7.6357
Reference ligand (train+test),C-C,1.525,1.53,5610.5437,8.8313
Reference ligand (train+test),C-C,1.53,1.535,5473.1786,8.6151
Reference ligand (train+test),C-C,1.535,1.54,3849.4407,6.0592
Reference ligand (train+test),C-C,1.54,1.545,3111.3038,4.8974
Reference ligand (train+test),C-C,1.545,1.55,2422.5652,3.8133
Reference ligand (train+test),C-C,1.55,1.555,1780.1011,2.802
Reference ligand (train+test),C-C,1.555,1.56,1353.9707,2.1312
Reference ligand (train+test),C-C,1.56,1.565,1038.9408,1.6354
Reference ligand (train+test),C-C,1.565,1.57,723.0986,1.1382
Reference ligand (train+test),C-C,1.57,1.575,599.4971,0.9436
Reference ligand (train+test),C-C,1.575,1.58,437.6287,0.6889
Reference ligand (train+test),C-C,1.58,1.585,357.4511,0.5626
Reference ligand (train+test),C-C,1.585,1.59,269.0958,0.4236
Reference ligand (train+test),C-C,1.59,1.595,196.2387,0.3089
Reference ligand (train+test),C-C,1.595,1.6,163.7307,0.2577
Reference ligand (train+test),C-C,1.6,1.605,145.774,0.2295
Reference ligand (train+test),C-C,1.605,1.61,105.5163,0.1661
Reference ligand (train+test),C-C,1.61,1.615,105.2619,0.1657
Reference ligand (train+test),C-C,1.615,1.62,80.021,0.126
Reference ligand (train+test),C-C,1.62,1.625,72.0661,0.1134
Reference ligand (train+test),C-C,1.625,1.63,60.1366,0.0947
Reference ligand (train+test),C-C,1.63,1.635,54.1957,0.0853
Reference ligand (train+test),C-C,1.635,1.64,34.8556,0.0549
Reference ligand (train+test),C-C,1.64,1.645,45.308,0.0713
Reference ligand (train+test),C-C,1.645,1.65,30.7808,0.0485
Reference ligand (train+test),C-C,1.65,1.655,24.552,0.0386
Reference ligand (train+test),C-C,1.655,1.66,21.496,0.0338
Reference ligand (train+test),C-C,1.66,1.665,18.3455,0.0289
Reference ligand (train+test),C-C,1.665,1.67,18.4916,0.0291
Reference ligand (train+test),C-C,1.67,1.675,19.6666,0.031
Reference ligand (train+test),C-C,1.675,1.68,18.4012,0.029
Reference ligand (train+test),C-C,1.68,1.685,25.2194,0.0397
Reference ligand (train+test),C-C,1.685,1.69,25.7111,0.0405
Reference ligand (train+test),C-C,1.69,inf,180.9675,0.2849
Reference ligand (train+test),C=C,-inf,1.1,13.3077,0.371
Reference ligand (train+test),C=C,1.1,1.105,0,0.0
Reference ligand (train+test),C=C,1.105,1.11,0,0.0
Reference ligand (train+test),C=C,1.11,1.115,0,0.0
Reference ligand (train+test),C=C,1.115,1.12,0,0.0
Reference ligand (train+test),C=C,1.12,1.125,0,0.0
Reference ligand (train+test),C=C,1.125,1.13,0,0.0
Reference ligand (train+test),C=C,1.13,1.135,0,0.0
Reference ligand (train+test),C=C,1.135,1.14,0,0.0
Reference ligand (train+test),C=C,1.14,1.145,0,0.0
Reference ligand (train+test),C=C,1.145,1.15,0.6667,0.0186
Reference ligand (train+test),C=C,1.15,1.155,0.3333,0.0093
Reference ligand (train+test),C=C,1.155,1.16,0,0.0
Reference ligand (train+test),C=C,1.16,1.165,0,0.0
Reference ligand (train+test),C=C,1.165,1.17,0,0.0
Reference ligand (train+test),C=C,1.17,1.175,0,0.0
Reference ligand (train+test),C=C,1.175,1.18,0,0.0
Reference ligand (train+test),C=C,1.18,1.185,0,0.0
Reference ligand (train+test),C=C,1.185,1.19,0,0.0
Reference ligand (train+test),C=C,1.19,1.195,0,0.0
Reference ligand (train+test),C=C,1.195,1.2,0,0.0
Reference ligand (train+test),C=C,1.2,1.205,0,0.0
Reference ligand (train+test),C=C,1.205,1.21,2,0.0558
Reference ligand (train+test),C=C,1.21,1.215,1,0.0279
Reference ligand (train+test),C=C,1.215,1.22,1,0.0279
Reference ligand (train+test),C=C,1.22,1.225,3.6667,0.1022
Reference ligand (train+test),C=C,1.225,1.23,0.7333,0.0204
Reference ligand (train+test),C=C,1.23,1.235,0,0.0
Reference ligand (train+test),C=C,1.235,1.24,0,0.0
Reference ligand (train+test),C=C,1.24,1.245,1,0.0279
Reference ligand (train+test),C=C,1.245,1.25,0,0.0
Reference ligand (train+test),C=C,1.25,1.255,4.6667,0.1301
Reference ligand (train+test),C=C,1.255,1.26,1.3333,0.0372
Reference ligand (train+test),C=C,1.26,1.265,3.0,0.0836
Reference ligand (train+test),C=C,1.265,1.27,2,0.0558
Reference ligand (train+test),C=C,1.27,1.275,3.0,0.0836
Reference ligand (train+test),C=C,1.275,1.28,2,0.0558
Reference ligand (train+test),C=C,1.28,1.285,3.3478,0.0933
Reference ligand (train+test),C=C,1.285,1.29,3.8723,0.108
Reference ligand (train+test),C=C,1.29,1.295,8.6802,0.242
Reference ligand (train+test),C=C,1.295,1.3,5.0971,0.1421
Reference ligand (train+test),C=C,1.3,1.305,14.2097,0.3961
Reference ligand (train+test),C=C,1.305,1.31,21.7674,0.6068
Reference ligand (train+test),C=C,1.31,1.315,21.565,0.6012
Reference ligand (train+test),C=C,1.315,1.32,44.6595,1.245
Reference ligand (train+test),C=C,1.32,1.325,57.4012,1.6003
Reference ligand (train+test),C=C,1.325,1.33,87.4172,2.4371
Reference ligand (train+test),C=C,1.33,1.335,110.4923,3.0804
Reference ligand (train+test),C=C,1.335,1.34,119.4668,3.3305
Reference ligand (train+test),C=C,1.34,1.345,153.8056,4.2879
Reference ligand (train+test),C=C,1.345,1.35,136.2303,3.7979
Reference ligand (train+test),C=C,1.35,1.355,130.6997,3.6437
Reference ligand (train+test),C=C,1.355,1.36,111.524,3.1091
Reference ligand (train+test),C=C,1.36,1.365,96.4587,2.6891
Reference ligand (train+test),C=C,1.365,1.37,97.9362,2.7303
Reference ligand (train+test),C=C,1.37,1.375,72.8764,2.0317
Reference ligand (train+test),C=C,1.375,1.38,108.8879,3.0356
Reference ligand (train+test),C=C,1.38,1.385,119.3239,3.3266
Reference ligand (train+test),C=C,1.385,1.39,167.1328,4.6594
Reference ligand (train+test),C=C,1.39,1.395,285.7997,7.9677
Reference ligand (train+test),C=C,1.395,1.4,173.8179,4.8458
Reference ligand (train+test),C=C,1.4,1.405,158.4311,4.4168
Reference ligand (train+test),C=C,1.405,1.41,120.9326,3.3714
Reference ligand (train+test),C=C,1.41,1.415,105.319,2.9361
Reference ligand (train+test),C=C,1.415,1.42,63.2856,1.7643
Reference ligand (train+test),C=C,1.42,1.425,85.3784,2.3802
Reference ligand (train+test),C=C,1.425,1.43,64.6817,1.8032
Reference ligand (train+test),C=C,1.43,1.435,39.4651,1.1002
Reference ligand (train+test),C=C,1.435,1.44,42.3315,1.1801
Reference ligand (train+test),C=C,1.44,1.445,35.6319,0.9934
Reference ligand (train+test),C=C,1.445,1.45,25.4875,0.7106
Reference ligand (train+test),C=C,1.45,1.455,28.9487,0.807
Reference ligand (train+test),C=C,1.455,1.46,17.1521,0.4782
Reference ligand (train+test),C=C,1.46,1.465,32.5387,0.9071
Reference ligand (train+test),C=C,1.465,1.47,37.1735,1.0363
Reference ligand (train+test),C=C,1.47,1.475,28.0989,0.7834
Reference ligand (train+test),C=C,1.475,1.48,36.0102,1.0039
Reference ligand (train+test),C=C,1.48,1.485,26.5681,0.7407
Reference ligand (train+test),C=C,1.485,1.49,28.1464,0.7847
Reference ligand (train+test),C=C,1.49,1.495,34.1982,0.9534
Reference ligand (train+test),C=C,1.495,1.5,31.5613,0.8799
Reference ligand (train+test),C=C,1.5,1.505,37.1781,1.0365
Reference ligand (train+test),C=C,1.505,1.51,21.0075,0.5857
Reference ligand (train+test),C=C,1.51,1.515,32.8523,0.9159
Reference ligand (train+test),C=C,1.515,1.52,26.6533,0.7431
Reference ligand (train+test),C=C,1.52,1.525,38.736,1.0799
Reference ligand (train+test),C=C,1.525,1.53,48.6753,1.357
Reference ligand (train+test),C=C,1.53,1.535,30.0529,0.8378
Reference ligand (train+test),C=C,1.535,1.54,21.2821,0.5933
Reference ligand (train+test),C=C,1.54,1.545,13.5167,0.3768
Reference ligand (train+test),C=C,1.545,1.55,18.7987,0.5241
Reference ligand (train+test),C=C,1.55,1.555,9.2889,0.259
Reference ligand (train+test),C=C,1.555,1.56,14.5559,0.4058
Reference ligand (train+test),C=C,1.56,1.565,6.1344,0.171
Reference ligand (train+test),C=C,1.565,1.57,5.5,0.1533
Reference ligand (train+test),C=C,1.57,1.575,5.15,0.1436
Reference ligand (train+test),C=C,1.575,1.58,1.5333,0.0427
Reference ligand (train+test),C=C,1.58,1.585,2.5667,0.0716
Reference ligand (train+test),C=C,1.585,1.59,2.8,0.0781
Reference ligand (train+test),C=C,1.59,1.595,1.2,0.0335
Reference ligand (train+test),C=C,1.595,1.6,3.7,0.1032
Reference ligand (train+test),C=C,1.6,1.605,3.5,0.0976
Reference ligand (train+test),C=C,1.605,1.61,1.8,0.0502
Reference ligand (train+test),C=C,1.61,1.615,0,0.0
Reference ligand (train+test),C=C,1.615,1.62,0,0.0
Reference ligand (train+test),C=C,1.62,1.625,0,0.0
Reference ligand (train+test),C=C,1.625,1.63,0.6154,0.0172
Reference ligand (train+test),C=C,1.63,1.635,0.3846,0.0107
Reference ligand (train+test),C=C,1.635,1.64,1,0.0279
Reference ligand (train+test),C=C,1.64,1.645,1.0,0.0279
Reference ligand (train+test),C=C,1.645,1.65,0,0.0
Reference ligand (train+test),C=C,1.65,1.655,0,0.0
Reference ligand (train+test),C=C,1.655,1.66,0,0.0
Reference ligand (train+test),C=C,1.66,1.665,0,0.0
Reference ligand (train+test),C=C,1.665,1.67,1.0,0.0279
Reference ligand (train+test),C=C,1.67,1.675,0,0.0
Reference ligand (train+test),C=C,1.675,1.68,0,0.0
Reference ligand (train+test),C=C,1.68,1.685,1,0.0279
Reference ligand (train+test),C=C,1.685,1.69,0,0.0
Reference ligand (train+test),C=C,1.69,inf,2,0.0558
Reference ligand (train+test),C-N,-inf,1.1,6.0976,0.0234
Reference ligand (train+test),C-N,1.1,1.105,1,0.0038
Reference ligand (train+test),C-N,1.105,1.11,0,0.0
Reference ligand (train+test),C-N,1.11,1.115,0,0.0
Reference ligand (train+test),C-N,1.115,1.12,1.1111,0.0043
Reference ligand (train+test),C-N,1.12,1.125,0,0.0
Reference ligand (train+test),C-N,1.125,1.13,2,0.0077
Reference ligand (train+test),C-N,1.13,1.135,0.1111,0.0004
Reference ligand (train+test),C-N,1.135,1.14,0.4444,0.0017
Reference ligand (train+test),C-N,1.14,1.145,0.3333,0.0013
Reference ligand (train+test),C-N,1.145,1.15,0,0.0
Reference ligand (train+test),C-N,1.15,1.155,0,0.0
Reference ligand (train+test),C-N,1.155,1.16,2.0,0.0077
Reference ligand (train+test),C-N,1.16,1.165,0.125,0.0005
Reference ligand (train+test),C-N,1.165,1.17,0,0.0
Reference ligand (train+test),C-N,1.17,1.175,0.5,0.0019
Reference ligand (train+test),C-N,1.175,1.18,0,0.0
Reference ligand (train+test),C-N,1.18,1.185,0,0.0
Reference ligand (train+test),C-N,1.185,1.19,0,0.0
Reference ligand (train+test),C-N,1.19,1.195,1,0.0038
Reference ligand (train+test),C-N,1.195,1.2,2,0.0077
Reference ligand (train+test),C-N,1.2,1.205,0,0.0
Reference ligand (train+test),C-N,1.205,1.21,2.0,0.0077
Reference ligand (train+test),C-N,1.21,1.215,2.0,0.0077
Reference ligand (train+test),C-N,1.215,1.22,1.8772,0.0072
Reference ligand (train+test),C-N,1.22,1.225,0.8333,0.0032
Reference ligand (train+test),C-N,1.225,1.23,6.4242,0.0247
Reference ligand (train+test),C-N,1.23,1.235,7.615,0.0292
Reference ligand (train+test),C-N,1.235,1.24,3.0061,0.0115
Reference ligand (train+test),C-N,1.24,1.245,5.8946,0.0226
Reference ligand (train+test),C-N,1.245,1.25,5.1179,0.0197
Reference ligand (train+test),C-N,1.25,1.255,6.2452,0.024
Reference ligand (train+test),C-N,1.255,1.26,13.4607,0.0517
Reference ligand (train+test),C-N,1.26,1.265,13.7487,0.0528
Reference ligand (train+test),C-N,1.265,1.27,15.1741,0.0583
Reference ligand (train+test),C-N,1.27,1.275,26.9383,0.1035
Reference ligand (train+test),C-N,1.275,1.28,25.3584,0.0974
Reference ligand (train+test),C-N,1.28,1.285,30.8795,0.1186
Reference ligand (train+test),C-N,1.285,1.29,38.9598,0.1496
Reference ligand (train+test),C-N,1.29,1.295,53.7183,0.2063
Reference ligand (train+test),C-N,1.295,1.3,73.0888,0.2807
Reference ligand (train+test),C-N,1.3,1.305,83.0061,0.3188
Reference ligand (train+test),C-N,1.305,1.31,113.5171,0.436
Reference ligand (train+test),C-N,1.31,1.315,145.5559,0.559
Reference ligand (train+test),C-N,1.315,1.32,236.7128,0.9091
Reference ligand (train+test),C-N,1.32,1.325,330.7028,1.2701
Reference ligand (train+test),C-N,1.325,1.33,609.9646,2.3427
Reference ligand (train+test),C-N,1.33,1.335,894.2139,3.4344
Reference ligand (train+test),C-N,1.335,1.34,849.9884,3.2645
Reference ligand (train+test),C-N,1.34,1.345,813.6169,3.1248
Reference ligand (train+test),C-N,1.345,1.35,802.8803,3.0836
Reference ligand (train+test),C-N,1.35,1.355,810.2686,3.112
Reference ligand (train+test),C-N,1.355,1.36,709.054,2.7233
Reference ligand (train+test),C-N,1.36,1.365,597.4607,2.2947
Reference ligand (train+test),C-N,1.365,1.37,542.0389,2.0818
Reference ligand (train+test),C-N,1.37,1.375,503.6862,1.9345
Reference ligand (train+test),C-N,1.375,1.38,436.7161,1.6773
Reference ligand (train+test),C-N,1.38,1.385,415.1853,1.5946
Reference ligand (train+test),C-N,1.385,1.39,383.8265,1.4742
Reference ligand (train+test),C-N,1.39,1.395,370.6214,1.4234
Reference ligand (train+test),C-N,1.395,1.4,362.0357,1.3905
Reference ligand (train+test),C-N,1.4,1.405,361.4061,1.388
Reference ligand (train+test),C-N,1.405,1.41,376.748,1.447
Reference ligand (train+test),C-N,1.41,1.415,335.9283,1.2902
Reference ligand (train+test),C-N,1.415,1.42,393.4609,1.5112
Reference ligand (train+test),C-N,1.42,1.425,368.375,1.4148
Reference ligand (train+test),C-N,1.425,1.43,391.6887,1.5044
Reference ligand (train+test),C-N,1.43,1.435,368.9715,1.4171
Reference ligand (train+test),C-N,1.435,1.44,470.34,1.8064
Reference ligand (train+test),C-N,1.44,1.445,540.1137,2.0744
Reference ligand (train+test),C-N,1.445,1.45,683.273,2.6242
Reference ligand (train+test),C-N,1.45,1.455,915.8542,3.5175
Reference ligand (train+test),C-N,1.455,1.46,1117.762,4.293
Reference ligand (train+test),C-N,1.46,1.465,1304.6206,5.0106
Reference ligand (train+test),C-N,1.465,1.47,1425.4106,5.4746
Reference ligand (train+test),C-N,1.47,1.475,1435.1589,5.512
Reference ligand (train+test),C-N,1.475,1.48,1125.6659,4.3233
Reference ligand (train+test),C-N,1.48,1.485,989.4651,3.8002
Reference ligand (train+test),C-N,1.485,1.49,828.7141,3.1828
Reference ligand (train+test),C-N,1.49,1.495,595.7782,2.2882
Reference ligand (train+test),C-N,1.495,1.5,429.515,1.6496
Reference ligand (train+test),C-N,1.5,1.505,297.2293,1.1416
Reference ligand (train+test),C-N,1.505,1.51,205.0276,0.7874
Reference ligand (train+test),C-N,1.51,1.515,156.2528,0.6001
Reference ligand (train+test),C-N,1.515,1.52,111.1504,0.4269
Reference ligand (train+test),C-N,1.52,1.525,83.5026,0.3207
Reference ligand (train+test),C-N,1.525,1.53,79.7962,0.3065
Reference ligand (train+test),C-N,1.53,1.535,49.4713,0.19
Reference ligand (train+test),C-N,1.535,1.54,32.6112,0.1252
Reference ligand (train+test),C-N,1.54,1.545,32.939,0.1265
Reference ligand (train+test),C-N,1.545,1.55,30.0803,0.1155
Reference ligand (train+test),C-N,1.55,1.555,20.0768,0.0771
Reference ligand (train+test),C-N,1.555,1.56,13.1715,0.0506
Reference ligand (train+test),C-N,1.56,1.565,10.4852,0.0403
Reference ligand (train+test),C-N,1.565,1.57,13.2773,0.051
Reference ligand (train+test),C-N,1.57,1.575,10.3928,0.0399
Reference ligand (train+test),C-N,1.575,1.58,9.4003,0.0361
Reference ligand (train+test),C-N,1.58,1.585,4.1736,0.016
Reference ligand (train+test),C-N,1.585,1.59,7.3351,0.0282
Reference ligand (train+test),C-N,1.59,1.595,7.8233,0.03
Reference ligand (train+test),C-N,1.595,1.6,5.4977,0.0211
Reference ligand (train+test),C-N,1.6,1.605,3.5511,0.0136
Reference ligand (train+test),C-N,1.605,1.61,6.9013,0.0265
Reference ligand (train+test),C-N,1.61,1.615,3.8229,0.0147
Reference ligand (train+test),C-N,1.615,1.62,3.2842,0.0126
Reference ligand (train+test),C-N,1.62,1.625,3.5,0.0134
Reference ligand (train+test),C-N,1.625,1.63,1,0.0038
Reference ligand (train+test),C-N,1.63,1.635,4.1111,0.0158
Reference ligand (train+test),C-N,1.635,1.64,0.1641,0.0006
Reference ligand (train+test),C-N,1.64,1.645,1.225,0.0047
Reference ligand (train+test),C-N,1.645,1.65,1.375,0.0053
Reference ligand (train+test),C-N,1.65,1.655,1.0,0.0038
Reference ligand (train+test),C-N,1.655,1.66,2,0.0077
Reference ligand (train+test),C-N,1.66,1.665,0,0.0
Reference ligand (train+test),C-N,1.665,1.67,0,0.0
Reference ligand (train+test),C-N,1.67,1.675,0,0.0
Reference ligand (train+test),C-N,1.675,1.68,1.1061,0.0042
Reference ligand (train+test),C-N,1.68,1.685,0.0606,0.0002
Reference ligand (train+test),C-N,1.685,1.69,0,0.0
Reference ligand (train+test),C-N,1.69,inf,5.84,0.0224
Reference ligand (train+test),C=N,-inf,1.1,0,0.0
Reference ligand (train+test),C=N,1.1,1.105,0,0.0
Reference ligand (train+test),C=N,1.105,1.11,0,0.0
Reference ligand (train+test),C=N,1.11,1.115,0,0.0
Reference ligand (train+test),C=N,1.115,1.12,0,0.0
Reference ligand (train+test),C=N,1.12,1.125,0,0.0
Reference ligand (train+test),C=N,1.125,1.13,0,0.0
Reference ligand (train+test),C=N,1.13,1.135,1,0.0445
Reference ligand (train+test),C=N,1.135,1.14,0,0.0
Reference ligand (train+test),C=N,1.14,1.145,0,0.0
Reference ligand (train+test),C=N,1.145,1.15,0,0.0
Reference ligand (train+test),C=N,1.15,1.155,0,0.0
Reference ligand (train+test),C=N,1.155,1.16,0,0.0
Reference ligand (train+test),C=N,1.16,1.165,0,0.0
Reference ligand (train+test),C=N,1.165,1.17,0,0.0
Reference ligand (train+test),C=N,1.17,1.175,2.0,0.0891
Reference ligand (train+test),C=N,1.175,1.18,0,0.0
Reference ligand (train+test),C=N,1.18,1.185,0,0.0
Reference ligand (train+test),C=N,1.185,1.19,1,0.0445
Reference ligand (train+test),C=N,1.19,1.195,0,0.0
Reference ligand (train+test),C=N,1.195,1.2,0,0.0
Reference ligand (train+test),C=N,1.2,1.205,0.0841,0.0037
Reference ligand (train+test),C=N,1.205,1.21,1,0.0445
Reference ligand (train+test),C=N,1.21,1.215,0,0.0
Reference ligand (train+test),C=N,1.215,1.22,0,0.0
Reference ligand (train+test),C=N,1.22,1.225,1.76,0.0784
Reference ligand (train+test),C=N,1.225,1.23,0.075,0.0033
Reference ligand (train+test),C=N,1.23,1.235,1,0.0445
Reference ligand (train+test),C=N,1.235,1.24,0.1429,0.0064
Reference ligand (train+test),C=N,1.24,1.245,2.24,0.0998
Reference ligand (train+test),C=N,1.245,1.25,6.225,0.2773
Reference ligand (train+test),C=N,1.25,1.255,6.0152,0.2679
Reference ligand (train+test),C=N,1.255,1.26,14.8728,0.6625
Reference ligand (train+test),C=N,1.26,1.265,15.7661,0.7023
Reference ligand (train+test),C=N,1.265,1.27,17.7498,0.7906
Reference ligand (train+test),C=N,1.27,1.275,17.7292,0.7897
Reference ligand (train+test),C=N,1.275,1.28,14.0466,0.6257
Reference ligand (train+test),C=N,1.28,1.285,11.8816,0.5292
Reference ligand (train+test),C=N,1.285,1.29,13.7691,0.6133
Reference ligand (train+test),C=N,1.29,1.295,21.4205,0.9541
Reference ligand (train+test),C=N,1.295,1.3,34.3528,1.5302
Reference ligand (train+test),C=N,1.3,1.305,36.1457,1.6101
Reference ligand (train+test),C=N,1.305,1.31,43.4913,1.9373
Reference ligand (train+test),C=N,1.31,1.315,45.1662,2.0119
Reference ligand (train+test),C=N,1.315,1.32,57.5873,2.5651
Reference ligand (train+test),C=N,1.32,1.325,94.2082,4.1964
Reference ligand (train+test),C=N,1.325,1.33,124.1365,5.5295
Reference ligand (train+test),C=N,1.33,1.335,156.2293,6.959
Reference ligand (train+test),C=N,1.335,1.34,159.8752,7.1214
Reference ligand (train+test),C=N,1.34,1.345,149.5672,6.6622
Reference ligand (train+test),C=N,1.345,1.35,141.6344,6.3089
Reference ligand (train+test),C=N,1.35,1.355,132.1316,5.8856
Reference ligand (train+test),C=N,1.355,1.36,117.2548,5.2229
Reference ligand (train+test),C=N,1.36,1.365,116.4848,5.1886
Reference ligand (train+test),C=N,1.365,1.37,107.7706,4.8005
Reference ligand (train+test),C=N,1.37,1.375,82.3253,3.6671
Reference ligand (train+test),C=N,1.375,1.38,73.8122,3.2878
Reference ligand (train+test),C=N,1.38,1.385,60.4267,2.6916
Reference ligand (train+test),C=N,1.385,1.39,55.1673,2.4573
Reference ligand (train+test),C=N,1.39,1.395,27.9089,1.2432
Reference ligand (train+test),C=N,1.395,1.4,38.4167,1.7112
Reference ligand (train+test),C=N,1.4,1.405,29.2436,1.3026
Reference ligand (train+test),C=N,1.405,1.41,20.0593,0.8935
Reference ligand (train+test),C=N,1.41,1.415,32.6041,1.4523
Reference ligand (train+test),C=N,1.415,1.42,19.0912,0.8504
Reference ligand (train+test),C=N,1.42,1.425,17.2618,0.7689
Reference ligand (train+test),C=N,1.425,1.43,14.4539,0.6438
Reference ligand (train+test),C=N,1.43,1.435,11.779,0.5247
Reference ligand (train+test),C=N,1.435,1.44,9.5453,0.4252
Reference ligand (train+test),C=N,1.44,1.445,5.2417,0.2335
Reference ligand (train+test),C=N,1.445,1.45,7.8583,0.35
Reference ligand (train+test),C=N,1.45,1.455,8.0236,0.3574
Reference ligand (train+test),C=N,1.455,1.46,7.9675,0.3549
Reference ligand (train+test),C=N,1.46,1.465,14.9538,0.6661
Reference ligand (train+test),C=N,1.465,1.47,7.2917,0.3248
Reference ligand (train+test),C=N,1.47,1.475,7.1101,0.3167
Reference ligand (train+test),C=N,1.475,1.48,4.9,0.2183
Reference ligand (train+test),C=N,1.48,1.485,5.4724,0.2438
Reference ligand (train+test),C=N,1.485,1.49,2.8276,0.126
Reference ligand (train+test),C=N,1.49,1.495,1,0.0445
Reference ligand (train+test),C=N,1.495,1.5,4.0,0.1782
Reference ligand (train+test),C=N,1.5,1.505,1.1481,0.0511
Reference ligand (train+test),C=N,1.505,1.51,0.2963,0.0132
Reference ligand (train+test),C=N,1.51,1.515,1.0,0.0445
Reference ligand (train+test),C=N,1.515,1.52,2,0.0891
Reference ligand (train+test),C=N,1.52,1.525,2.0,0.0891
Reference ligand (train+test),C=N,1.525,1.53,0,0.0
Reference ligand (train+test),C=N,1.53,1.535,1,0.0445
Reference ligand (train+test),C=N,1.535,1.54,1,0.0445
Reference ligand (train+test),C=N,1.54,1.545,0,0.0
Reference ligand (train+test),C=N,1.545,1.55,0,0.0
Reference ligand (train+test),C=N,1.55,1.555,0,0.0
Reference ligand (train+test),C=N,1.555,1.56,1,0.0445
Reference ligand (train+test),C=N,1.56,1.565,0,0.0
Reference ligand (train+test),C=N,1.565,1.57,0,0.0
Reference ligand (train+test),C=N,1.57,1.575,0,0.0
Reference ligand (train+test),C=N,1.575,1.58,1,0.0445
Reference ligand (train+test),C=N,1.58,1.585,0,0.0
Reference ligand (train+test),C=N,1.585,1.59,0,0.0
Reference ligand (train+test),C=N,1.59,1.595,0,0.0
Reference ligand (train+test),C=N,1.595,1.6,0,0.0
Reference ligand (train+test),C=N,1.6,1.605,0,0.0
Reference ligand (train+test),C=N,1.605,1.61,0,0.0
Reference ligand (train+test),C=N,1.61,1.615,0,0.0
Reference ligand (train+test),C=N,1.615,1.62,0,0.0
Reference ligand (train+test),C=N,1.62,1.625,0,0.0
Reference ligand (train+test),C=N,1.625,1.63,0,0.0
Reference ligand (train+test),C=N,1.63,1.635,0,0.0
Reference ligand (train+test),C=N,1.635,1.64,0,0.0
Reference ligand (train+test),C=N,1.64,1.645,0,0.0
Reference ligand (train+test),C=N,1.645,1.65,0,0.0
Reference ligand (train+test),C=N,1.65,1.655,0,0.0
Reference ligand (train+test),C=N,1.655,1.66,0,0.0
Reference ligand (train+test),C=N,1.66,1.665,0,0.0
Reference ligand (train+test),C=N,1.665,1.67,0,0.0
Reference ligand (train+test),C=N,1.67,1.675,0,0.0
Reference ligand (train+test),C=N,1.675,1.68,0,0.0
Reference ligand (train+test),C=N,1.68,1.685,0,0.0
Reference ligand (train+test),C=N,1.685,1.69,0,0.0
Reference ligand (train+test),C=N,1.69,inf,0,0.0
Reference ligand (train+test),C-O,-inf,1.1,27.3333,0.126
Reference ligand (train+test),C-O,1.1,1.105,0.6552,0.003
Reference ligand (train+test),C-O,1.105,1.11,1.2224,0.0056
Reference ligand (train+test),C-O,1.11,1.115,0,0.0
Reference ligand (train+test),C-O,1.115,1.12,0,0.0
Reference ligand (train+test),C-O,1.12,1.125,2.0604,0.0095
Reference ligand (train+test),C-O,1.125,1.13,1,0.0046
Reference ligand (train+test),C-O,1.13,1.135,2,0.0092
Reference ligand (train+test),C-O,1.135,1.14,0.1852,0.0009
Reference ligand (train+test),C-O,1.14,1.145,1.3704,0.0063
Reference ligand (train+test),C-O,1.145,1.15,0.8,0.0037
Reference ligand (train+test),C-O,1.15,1.155,2.0,0.0092
Reference ligand (train+test),C-O,1.155,1.16,0,0.0
Reference ligand (train+test),C-O,1.16,1.165,1.5526,0.0072
Reference ligand (train+test),C-O,1.165,1.17,3.7546,0.0173
Reference ligand (train+test),C-O,1.17,1.175,5.4416,0.0251
Reference ligand (train+test),C-O,1.175,1.18,10.7391,0.0495
Reference ligand (train+test),C-O,1.18,1.185,9.4832,0.0437
Reference ligand (train+test),C-O,1.185,1.19,17.6442,0.0813
Reference ligand (train+test),C-O,1.19,1.195,19.523,0.09
Reference ligand (train+test),C-O,1.195,1.2,25.5364,0.1177
Reference ligand (train+test),C-O,1.2,1.205,19.0501,0.0878
Reference ligand (train+test),C-O,1.205,1.21,34.3486,0.1583
Reference ligand (train+test),C-O,1.21,1.215,39.9604,0.1842
Reference ligand (train+test),C-O,1.215,1.22,71.1995,0.3281
Reference ligand (train+test),C-O,1.22,1.225,83.6438,0.3855
Reference ligand (train+test),C-O,1.225,1.23,85.8223,0.3955
Reference ligand (train+test),C-O,1.23,1.235,90.2202,0.4158
Reference ligand (train+test),C-O,1.235,1.24,87.9146,0.4052
Reference ligand (train+test),C-O,1.24,1.245,141.9526,0.6542
Reference ligand (train+test),C-O,1.245,1.25,304.5872,1.4037
Reference ligand (train+test),C-O,1.25,1.255,340.5824,1.5696
Reference ligand (train+test),C-O,1.255,1.26,282.1097,1.3001
Reference ligand (train+test),C-O,1.26,1.265,252.3366,1.1629
Reference ligand (train+test),C-O,1.265,1.27,118.0141,0.5439
Reference ligand (train+test),C-O,1.27,1.275,64.056,0.2952
Reference ligand (train+test),C-O,1.275,1.28,54.8625,0.2528
Reference ligand (train+test),C-O,1.28,1.285,50.748,0.2339
Reference ligand (train+test),C-O,1.285,1.29,44.5716,0.2054
Reference ligand (train+test),C-O,1.29,1.295,33.437,0.1541
Reference ligand (train+test),C-O,1.295,1.3,38.1221,0.1757
Reference ligand (train+test),C-O,1.3,1.305,51.4918,0.2373
Reference ligand (train+test),C-O,1.305,1.31,63.2217,0.2914
Reference ligand (train+test),C-O,1.31,1.315,56.2419,0.2592
Reference ligand (train+test),C-O,1.315,1.32,62.1636,0.2865
Reference ligand (train+test),C-O,1.32,1.325,61.6753,0.2842
Reference ligand (train+test),C-O,1.325,1.33,94.9412,0.4375
Reference ligand (train+test),C-O,1.33,1.335,126.2353,0.5818
Reference ligand (train+test),C-O,1.335,1.34,146.7879,0.6765
Reference ligand (train+test),C-O,1.34,1.345,184.139,0.8486
Reference ligand (train+test),C-O,1.345,1.35,206.6845,0.9525
Reference ligand (train+test),C-O,1.35,1.355,279.0016,1.2858
Reference ligand (train+test),C-O,1.355,1.36,437.5343,2.0164
Reference ligand (train+test),C-O,1.36,1.365,563.081,2.595
Reference ligand (train+test),C-O,1.365,1.37,569.2292,2.6233
Reference ligand (train+test),C-O,1.37,1.375,575.6491,2.6529
Reference ligand (train+test),C-O,1.375,1.38,521.1422,2.4017
Reference ligand (train+test),C-O,1.38,1.385,491.5529,2.2653
Reference ligand (train+test),C-O,1.385,1.39,411.9046,1.8983
Reference ligand (train+test),C-O,1.39,1.395,364.4802,1.6797
Reference ligand (train+test),C-O,1.395,1.4,486.2263,2.2408
Reference ligand (train+test),C-O,1.4,1.405,525.3397,2.421
Reference ligand (train+test),C-O,1.405,1.41,619.8011,2.8564
Reference ligand (train+test),C-O,1.41,1.415,741.6105,3.4177
Reference ligand (train+test),C-O,1.415,1.42,995.4954,4.5877
Reference ligand (train+test),C-O,1.42,1.425,1360.9443,6.2719
Reference ligand (train+test),C-O,1.425,1.43,1814.8127,8.3636
Reference ligand (train+test),C-O,1.43,1.435,1896.0222,8.7378
Reference ligand (train+test),C-O,1.435,1.44,1441.0602,6.6411
Reference ligand (train+test),C-O,1.44,1.445,938.7861,4.3264
Reference ligand (train+test),C-O,1.445,1.45,743.975,3.4286
Reference ligand (train+test),C-O,1.45,1.455,559.9638,2.5806
Reference ligand (train+test),C-O,1.455,1.46,428.7012,1.9757
Reference ligand (train+test),C-O,1.46,1.465,343.8383,1.5846
Reference ligand (train+test),C-O,1.465,1.47,243.2529,1.121
Reference ligand (train+test),C-O,1.47,1.475,178.8029,0.824
Reference ligand (train+test),C-O,1.475,1.48,131.1214,0.6043
Reference ligand (train+test),C-O,1.48,1.485,108.0971,0.4982
Reference ligand (train+test),C-O,1.485,1.49,73.8349,0.3403
Reference ligand (train+test),C-O,1.49,1.495,56.3874,0.2599
Reference ligand (train+test),C-O,1.495,1.5,67.2272,0.3098
Reference ligand (train+test),C-O,1.5,1.505,55.8284,0.2573
Reference ligand (train+test),C-O,1.505,1.51,31.7031,0.1461
Reference ligand (train+test),C-O,1.51,1.515,24.1446,0.1113
Reference ligand (train+test),C-O,1.515,1.52,18.9416,0.0873
Reference ligand (train+test),C-O,1.52,1.525,19.9295,0.0918
Reference ligand (train+test),C-O,1.525,1.53,11.2415,0.0518
Reference ligand (train+test),C-O,1.53,1.535,12.4032,0.0572
Reference ligand (train+test),C-O,1.535,1.54,14.0865,0.0649
Reference ligand (train+test),C-O,1.54,1.545,10.2094,0.0471
Reference ligand (train+test),C-O,1.545,1.55,6.6786,0.0308
Reference ligand (train+test),C-O,1.55,1.555,8.0999,0.0373
Reference ligand (train+test),C-O,1.555,1.56,14.8578,0.0685
Reference ligand (train+test),C-O,1.56,1.565,2.9007,0.0134
Reference ligand (train+test),C-O,1.565,1.57,2.8635,0.0132
Reference ligand (train+test),C-O,1.57,1.575,4.4293,0.0204
Reference ligand (train+test),C-O,1.575,1.58,1.2667,0.0058
Reference ligand (train+test),C-O,1.58,1.585,2.4423,0.0113
Reference ligand (train+test),C-O,1.585,1.59,4.1042,0.0189
Reference ligand (train+test),C-O,1.59,1.595,4.8299,0.0223
Reference ligand (train+test),C-O,1.595,1.6,3.3665,0.0155
Reference ligand (train+test),C-O,1.6,1.605,2.7664,0.0127
Reference ligand (train+test),C-O,1.605,1.61,3.2381,0.0149
Reference ligand (train+test),C-O,1.61,1.615,6.265,0.0289
Reference ligand (train+test),C-O,1.615,1.62,2.3736,0.0109
Reference ligand (train+test),C-O,1.62,1.625,2.3333,0.0108
Reference ligand (train+test),C-O,1.625,1.63,1.9167,0.0088
Reference ligand (train+test),C-O,1.63,1.635,0,0.0
Reference ligand (train+test),C-O,1.635,1.64,0.7222,0.0033
Reference ligand (train+test),C-O,1.64,1.645,2.5,0.0115
Reference ligand (train+test),C-O,1.645,1.65,2.2,0.0101
Reference ligand (train+test),C-O,1.65,1.655,1,0.0046
Reference ligand (train+test),C-O,1.655,1.66,1,0.0046
Reference ligand (train+test),C-O,1.66,1.665,3,0.0138
Reference ligand (train+test),C-O,1.665,1.67,4.0,0.0184
Reference ligand (train+test),C-O,1.67,1.675,0,0.0
Reference ligand (train+test),C-O,1.675,1.68,1.2697,0.0059
Reference ligand (train+test),C-O,1.68,1.685,0.125,0.0006
Reference ligand (train+test),C-O,1.685,1.69,2.0,0.0092
Reference ligand (train+test),C-O,1.69,inf,15.6641,0.0722
Reference ligand (train+test),C=O,-inf,1.1,8.0333,0.0818
Reference ligand (train+test),C=O,1.1,1.105,0,0.0
Reference ligand (train+test),C=O,1.105,1.11,1,0.0102
Reference ligand (train+test),C=O,1.11,1.115,1.0,0.0102
Reference ligand (train+test),C=O,1.115,1.12,0.7778,0.0079
Reference ligand (train+test),C=O,1.12,1.125,2.9111,0.0297
Reference ligand (train+test),C=O,1.125,1.13,2.3658,0.0241
Reference ligand (train+test),C=O,1.13,1.135,5.1311,0.0523
Reference ligand (train+test),C=O,1.135,1.14,1.082,0.011
Reference ligand (train+test),C=O,1.14,1.145,7.1071,0.0724
Reference ligand (train+test),C=O,1.145,1.15,6.6877,0.0681
Reference ligand (train+test),C=O,1.15,1.155,3.67,0.0374
Reference ligand (train+test),C=O,1.155,1.16,7.6636,0.0781
Reference ligand (train+test),C=O,1.16,1.165,12.8908,0.1313
Reference ligand (train+test),C=O,1.165,1.17,14.0699,0.1433
Reference ligand (train+test),C=O,1.17,1.175,26.4391,0.2693
Reference ligand (train+test),C=O,1.175,1.18,34.0572,0.3469
Reference ligand (train+test),C=O,1.18,1.185,56.2984,0.5734
Reference ligand (train+test),C=O,1.185,1.19,80.6455,0.8214
Reference ligand (train+test),C=O,1.19,1.195,113.2142,1.1531
Reference ligand (train+test),C=O,1.195,1.2,94.2954,0.9604
Reference ligand (train+test),C=O,1.2,1.205,139.191,1.4177
Reference ligand (train+test),C=O,1.205,1.21,255.115,2.5984
Reference ligand (train+test),C=O,1.21,1.215,428.2304,4.3617
Reference ligand (train+test),C=O,1.215,1.22,752.1656,7.6611
Reference ligand (train+test),C=O,1.22,1.225,1173.149,11.949
Reference ligand (train+test),C=O,1.225,1.23,1282.804,13.0658
Reference ligand (train+test),C=O,1.23,1.235,1148.6991,11.6999
Reference ligand (train+test),C=O,1.235,1.24,659.1686,6.7139
Reference ligand (train+test),C=O,1.24,1.245,472.6322,4.8139
Reference ligand (train+test),C=O,1.245,1.25,565.4584,5.7594
Reference ligand (train+test),C=O,1.25,1.255,583.9229,5.9475
Reference ligand (train+test),C=O,1.255,1.26,409.207,4.1679
Reference ligand (train+test),C=O,1.26,1.265,297.2617,3.0277
Reference ligand (train+test),C=O,1.265,1.27,185.306,1.8874
Reference ligand (train+test),C=O,1.27,1.275,123.5039,1.2579
Reference ligand (train+test),C=O,1.275,1.28,84.7242,0.8629
Reference ligand (train+test),C=O,1.28,1.285,63.0953,0.6426
Reference ligand (train+test),C=O,1.285,1.29,44.0197,0.4484
Reference ligand (train+test),C=O,1.29,1.295,34.5127,0.3515
Reference ligand (train+test),C=O,1.295,1.3,29.9343,0.3049
Reference ligand (train+test),C=O,1.3,1.305,29.6306,0.3018
Reference ligand (train+test),C=O,1.305,1.31,22.3249,0.2274
Reference ligand (train+test),C=O,1.31,1.315,24.2392,0.2469
Reference ligand (train+test),C=O,1.315,1.32,26.8911,0.2739
Reference ligand (train+test),C=O,1.32,1.325,25.7421,0.2622
Reference ligand (train+test),C=O,1.325,1.33,30.1006,0.3066
Reference ligand (train+test),C=O,1.33,1.335,27.4076,0.2792
Reference ligand (train+test),C=O,1.335,1.34,27.9978,0.2852
Reference ligand (train+test),C=O,1.34,1.345,36.0902,0.3676
Reference ligand (train+test),C=O,1.345,1.35,33.6261,0.3425
Reference ligand (train+test),C=O,1.35,1.355,38.9865,0.3971
Reference ligand (train+test),C=O,1.355,1.36,39.7407,0.4048
Reference ligand (train+test),C=O,1.36,1.365,34.9239,0.3557
Reference ligand (train+test),C=O,1.365,1.37,28.5194,0.2905
Reference ligand (train+test),C=O,1.37,1.375,28.7277,0.2926
Reference ligand (train+test),C=O,1.375,1.38,15.0621,0.1534
Reference ligand (train+test),C=O,1.38,1.385,14.6999,0.1497
Reference ligand (train+test),C=O,1.385,1.39,17.093,0.1741
Reference ligand (train+test),C=O,1.39,1.395,13.7498,0.14
Reference ligand (train+test),C=O,1.395,1.4,12.2414,0.1247
Reference ligand (train+test),C=O,1.4,1.405,8.8985,0.0906
Reference ligand (train+test),C=O,1.405,1.41,10.393,0.1059
Reference ligand (train+test),C=O,1.41,1.415,8.2328,0.0839
Reference ligand (train+test),C=O,1.415,1.42,6.5357,0.0666
Reference ligand (train+test),C=O,1.42,1.425,6.7733,0.069
Reference ligand (train+test),C=O,1.425,1.43,5.1158,0.0521
Reference ligand (train+test),C=O,1.43,1.435,9.4319,0.0961
Reference ligand (train+test),C=O,1.435,1.44,2.8616,0.0291
Reference ligand (train+test),C=O,1.44,1.445,2.4717,0.0252
Reference ligand (train+test),C=O,1.445,1.45,2.4125,0.0246
Reference ligand (train+test),C=O,1.45,1.455,3.8375,0.0391
Reference ligand (train+test),C=O,1.455,1.46,4.3589,0.0444
Reference ligand (train+test),C=O,1.46,1.465,1.0,0.0102
Reference ligand (train+test),C=O,1.465,1.47,0.9467,0.0096
Reference ligand (train+test),C=O,1.47,1.475,1.2,0.0122
Reference ligand (train+test),C=O,1.475,1.48,2.0,0.0204
Reference ligand (train+test),C=O,1.48,1.485,0,0.0
Reference ligand (train+test),C=O,1.485,1.49,0,0.0
Reference ligand (train+test),C=O,1.49,1.495,0,0.0
Reference ligand (train+test),C=O,1.495,1.5,1.0,0.0102
Reference ligand (train+test),C=O,1.5,1.505,0,0.0
Reference ligand (train+test),C=O,1.505,1.51,1,0.0102
Reference ligand (train+test),C=O,1.51,1.515,0,0.0
Reference ligand (train+test),C=O,1.515,1.52,0,0.0
Reference ligand (train+test),C=O,1.52,1.525,0,0.0
Reference ligand (train+test),C=O,1.525,1.53,0.05,0.0005
Reference ligand (train+test),C=O,1.53,1.535,0,0.0
Reference ligand (train+test),C=O,1.535,1.54,0,0.0
Reference ligand (train+test),C=O,1.54,1.545,0,0.0
Reference ligand (train+test),C=O,1.545,1.55,0,0.0
Reference ligand (train+test),C=O,1.55,1.555,0,0.0
Reference ligand (train+test),C=O,1.555,1.56,0,0.0
Reference ligand (train+test),C=O,1.56,1.565,0,0.0
Reference ligand (train+test),C=O,1.565,1.57,0,0.0
Reference ligand (train+test),C=O,1.57,1.575,0,0.0
Reference ligand (train+test),C=O,1.575,1.58,0,0.0
Reference ligand (train+test),C=O,1.58,1.585,0,0.0
Reference ligand (train+test),C=O,1.585,1.59,0,0.0
Reference ligand (train+test),C=O,1.59,1.595,0,0.0
Reference ligand (train+test),C=O,1.595,1.6,0,0.0
Reference ligand (train+test),C=O,1.6,1.605,0,0.0
Reference ligand (train+test),C=O,1.605,1.61,0.1333,0.0014
Reference ligand (train+test),C=O,1.61,1.615,0,0.0
Reference ligand (train+test),C=O,1.615,1.62,0,0.0
Reference ligand (train+test),C=O,1.62,1.625,0,0.0
Reference ligand (train+test),C=O,1.625,1.63,0,0.0
Reference ligand (train+test),C=O,1.63,1.635,0,0.0
Reference ligand (train+test),C=O,1.635,1.64,0,0.0
Reference ligand (train+test),C=O,1.64,1.645,0,0.0
Reference ligand (train+test),C=O,1.645,1.65,0,0.0
Reference ligand (train+test),C=O,1.65,1.655,0,0.0
Reference ligand (train+test),C=O,1.655,1.66,0,0.0
Reference ligand (train+test),C=O,1.66,1.665,0,0.0
Reference ligand (train+test),C=O,1.665,1.67,0,0.0
Reference ligand (train+test),C=O,1.67,1.675,0,0.0
Reference ligand (train+test),C=O,1.675,1.68,0,0.0
Reference ligand (train+test),C=O,1.68,1.685,0.1111,0.0011
Reference ligand (train+test),C=O,1.685,1.69,0,0.0
Reference ligand (train+test),C=O,1.69,inf,0,0.0
Reference ligand (train+test),C:C,-inf,1.1,0,0.0
Reference ligand (train+test),C:C,1.1,1.105,0,0.0
Reference ligand (train+test),C:C,1.105,1.11,0,0.0
Reference ligand (train+test),C:C,1.11,1.115,0,0.0
Reference ligand (train+test),C:C,1.115,1.12,0,0.0
Reference ligand (train+test),C:C,1.12,1.125,0,0.0
Reference ligand (train+test),C:C,1.125,1.13,0,0.0
Reference ligand (train+test),C:C,1.13,1.135,0,0.0
Reference ligand (train+test),C:C,1.135,1.14,0,0.0
Reference ligand (train+test),C:C,1.14,1.145,1,0.0014
Reference ligand (train+test),C:C,1.145,1.15,0,0.0
Reference ligand (train+test),C:C,1.15,1.155,0,0.0
Reference ligand (train+test),C:C,1.155,1.16,0,0.0
Reference ligand (train+test),C:C,1.16,1.165,0,0.0
Reference ligand (train+test),C:C,1.165,1.17,0,0.0
Reference ligand (train+test),C:C,1.17,1.175,0,0.0
Reference ligand (train+test),C:C,1.175,1.18,1.8333,0.0026
Reference ligand (train+test),C:C,1.18,1.185,0.1667,0.0002
Reference ligand (train+test),C:C,1.185,1.19,0,0.0
Reference ligand (train+test),C:C,1.19,1.195,0,0.0
Reference ligand (train+test),C:C,1.195,1.2,0,0.0
Reference ligand (train+test),C:C,1.2,1.205,0,0.0
Reference ligand (train+test),C:C,1.205,1.21,0,0.0
Reference ligand (train+test),C:C,1.21,1.215,1.0,0.0014
Reference ligand (train+test),C:C,1.215,1.22,0,0.0
Reference ligand (train+test),C:C,1.22,1.225,2,0.0029
Reference ligand (train+test),C:C,1.225,1.23,0,0.0
Reference ligand (train+test),C:C,1.23,1.235,3.0,0.0043
Reference ligand (train+test),C:C,1.235,1.24,0,0.0
Reference ligand (train+test),C:C,1.24,1.245,2,0.0029
Reference ligand (train+test),C:C,1.245,1.25,2,0.0029
Reference ligand (train+test),C:C,1.25,1.255,2.0,0.0029
Reference ligand (train+test),C:C,1.255,1.26,1.3056,0.0019
Reference ligand (train+test),C:C,1.26,1.265,2.0222,0.0029
Reference ligand (train+test),C:C,1.265,1.27,7.9333,0.0115
Reference ligand (train+test),C:C,1.27,1.275,6.7061,0.0097
Reference ligand (train+test),C:C,1.275,1.28,7.0,0.0101
Reference ligand (train+test),C:C,1.28,1.285,4.9265,0.0071
Reference ligand (train+test),C:C,1.285,1.29,9.0464,0.0131
Reference ligand (train+test),C:C,1.29,1.295,13.7623,0.0199
Reference ligand (train+test),C:C,1.295,1.3,10.6107,0.0153
Reference ligand (train+test),C:C,1.3,1.305,15.9482,0.023
Reference ligand (train+test),C:C,1.305,1.31,24.2728,0.0351
Reference ligand (train+test),C:C,1.31,1.315,44.2817,0.064
Reference ligand (train+test),C:C,1.315,1.32,60.0231,0.0867
Reference ligand (train+test),C:C,1.32,1.325,91.3969,0.132
Reference ligand (train+test),C:C,1.325,1.33,152.0699,0.2197
Reference ligand (train+test),C:C,1.33,1.335,217.8628,0.3147
Reference ligand (train+test),C:C,1.335,1.34,289.6123,0.4183
Reference ligand (train+test),C:C,1.34,1.345,362.8821,0.5242
Reference ligand (train+test),C:C,1.345,1.35,389.1638,0.5621
Reference ligand (train+test),C:C,1.35,1.355,432.6778,0.625
Reference ligand (train+test),C:C,1.355,1.36,532.2733,0.7689
Reference ligand (train+test),C:C,1.36,1.365,762.8645,1.1019
Reference ligand (train+test),C:C,1.365,1.37,1082.1418,1.5631
Reference ligand (train+test),C:C,1.37,1.375,1852.7136,2.6762
Reference ligand (train+test),C:C,1.375,1.38,3764.4108,5.4376
Reference ligand (train+test),C:C,1.38,1.385,5812.4507,8.396
Reference ligand (train+test),C:C,1.385,1.39,8143.4997,11.7631
Reference ligand (train+test),C:C,1.39,1.395,9888.3683,14.2836
Reference ligand (train+test),C:C,1.395,1.4,7783.3431,11.2429
Reference ligand (train+test),C:C,1.4,1.405,5738.9183,8.2898
Reference ligand (train+test),C:C,1.405,1.41,4381.5908,6.3291
Reference ligand (train+test),C:C,1.41,1.415,3290.2512,4.7527
Reference ligand (train+test),C:C,1.415,1.42,2541.3649,3.671
Reference ligand (train+test),C:C,1.42,1.425,1996.2079,2.8835
Reference ligand (train+test),C:C,1.425,1.43,1409.2517,2.0356
Reference ligand (train+test),C:C,1.43,1.435,1151.3465,1.6631
Reference ligand (train+test),C:C,1.435,1.44,869.3864,1.2558
Reference ligand (train+test),C:C,1.44,1.445,721.8148,1.0426
Reference ligand (train+test),C:C,1.445,1.45,619.7468,0.8952
Reference ligand (train+test),C:C,1.45,1.455,518.7377,0.7493
Reference ligand (train+test),C:C,1.455,1.46,488.0408,0.705
Reference ligand (train+test),C:C,1.46,1.465,470.9102,0.6802
Reference ligand (train+test),C:C,1.465,1.47,454.165,0.656
Reference ligand (train+test),C:C,1.47,1.475,402.1688,0.5809
Reference ligand (train+test),C:C,1.475,1.48,366.5961,0.5295
Reference ligand (train+test),C:C,1.48,1.485,356.0614,0.5143
Reference ligand (train+test),C:C,1.485,1.49,246.2632,0.3557
Reference ligand (train+test),C:C,1.49,1.495,213.4912,0.3084
Reference ligand (train+test),C:C,1.495,1.5,191.5069,0.2766
Reference ligand (train+test),C:C,1.5,1.505,152.9762,0.221
Reference ligand (train+test),C:C,1.505,1.51,120.6929,0.1743
Reference ligand (train+test),C:C,1.51,1.515,86.7232,0.1253
Reference ligand (train+test),C:C,1.515,1.52,99.3053,0.1434
Reference ligand (train+test),C:C,1.52,1.525,83.0596,0.12
Reference ligand (train+test),C:C,1.525,1.53,89.4758,0.1292
Reference ligand (train+test),C:C,1.53,1.535,69.2043,0.1
Reference ligand (train+test),C:C,1.535,1.54,56.449,0.0815
Reference ligand (train+test),C:C,1.54,1.545,59.1252,0.0854
Reference ligand (train+test),C:C,1.545,1.55,43.5744,0.0629
Reference ligand (train+test),C:C,1.55,1.555,41.3219,0.0597
Reference ligand (train+test),C:C,1.555,1.56,20.3979,0.0295
Reference ligand (train+test),C:C,1.56,1.565,13.5925,0.0196
Reference ligand (train+test),C:C,1.565,1.57,12.3255,0.0178
Reference ligand (train+test),C:C,1.57,1.575,12.3697,0.0179
Reference ligand (train+test),C:C,1.575,1.58,8.6625,0.0125
Reference ligand (train+test),C:C,1.58,1.585,2,0.0029
Reference ligand (train+test),C:C,1.585,1.59,4.4583,0.0064
Reference ligand (train+test),C:C,1.59,1.595,4.9374,0.0071
Reference ligand (train+test),C:C,1.595,1.6,2.25,0.0033
Reference ligand (train+test),C:C,1.6,1.605,4.0923,0.0059
Reference ligand (train+test),C:C,1.605,1.61,8.0154,0.0116
Reference ligand (train+test),C:C,1.61,1.615,2.85,0.0041
Reference ligand (train+test),C:C,1.615,1.62,0.6,0.0009
Reference ligand (train+test),C:C,1.62,1.625,4.8,0.0069
Reference ligand (train+test),C:C,1.625,1.63,1.0,0.0014
Reference ligand (train+test),C:C,1.63,1.635,1.5,0.0022
Reference ligand (train+test),C:C,1.635,1.64,3,0.0043
Reference ligand (train+test),C:C,1.64,1.645,0.6,0.0009
Reference ligand (train+test),C:C,1.645,1.65,0,0.0
Reference ligand (train+test),C:C,1.65,1.655,1,0.0014
Reference ligand (train+test),C:C,1.655,1.66,1,0.0014
Reference ligand (train+test),C:C,1.66,1.665,0.25,0.0004
Reference ligand (train+test),C:C,1.665,1.67,0,0.0
Reference ligand (train+test),C:C,1.67,1.675,0,0.0
Reference ligand (train+test),C:C,1.675,1.68,0.3333,0.0005
Reference ligand (train+test),C:C,1.68,1.685,0.6667,0.001
Reference ligand (train+test),C:C,1.685,1.69,1,0.0014
Reference ligand (train+test),C:C,1.69,inf,7.0,0.0101
Reference ligand (train+test),C:N,-inf,1.1,1,0.0059
Reference ligand (train+test),C:N,1.1,1.105,0,0.0
Reference ligand (train+test),C:N,1.105,1.11,1,0.0059
Reference ligand (train+test),C:N,1.11,1.115,0,0.0
Reference ligand (train+test),C:N,1.115,1.12,0,0.0
Reference ligand (train+test),C:N,1.12,1.125,0,0.0
Reference ligand (train+test),C:N,1.125,1.13,0,0.0
Reference ligand (train+test),C:N,1.13,1.135,0,0.0
Reference ligand (train+test),C:N,1.135,1.14,0,0.0
Reference ligand (train+test),C:N,1.14,1.145,0,0.0
Reference ligand (train+test),C:N,1.145,1.15,0,0.0
Reference ligand (train+test),C:N,1.15,1.155,0,0.0
Reference ligand (train+test),C:N,1.155,1.16,1.0,0.0059
Reference ligand (train+test),C:N,1.16,1.165,0,0.0
Reference ligand (train+test),C:N,1.165,1.17,0,0.0
Reference ligand (train+test),C:N,1.17,1.175,0,0.0
Reference ligand (train+test),C:N,1.175,1.18,0,0.0
Reference ligand (train+test),C:N,1.18,1.185,0,0.0
Reference ligand (train+test),C:N,1.185,1.19,1,0.0059
Reference ligand (train+test),C:N,1.19,1.195,2,0.0118
Reference ligand (train+test),C:N,1.195,1.2,2.2857,0.0135
Reference ligand (train+test),C:N,1.2,1.205,2.0,0.0118
Reference ligand (train+test),C:N,1.205,1.21,3.0,0.0177
Reference ligand (train+test),C:N,1.21,1.215,0,0.0
Reference ligand (train+test),C:N,1.215,1.22,0,0.0
Reference ligand (train+test),C:N,1.22,1.225,0.0508,0.0003
Reference ligand (train+test),C:N,1.225,1.23,0.6667,0.0039
Reference ligand (train+test),C:N,1.23,1.235,0.3333,0.002
Reference ligand (train+test),C:N,1.235,1.24,1.3501,0.008
Reference ligand (train+test),C:N,1.24,1.245,7.2689,0.0429
Reference ligand (train+test),C:N,1.245,1.25,5.1887,0.0306
Reference ligand (train+test),C:N,1.25,1.255,6.2204,0.0367
Reference ligand (train+test),C:N,1.255,1.26,7.9865,0.0471
Reference ligand (train+test),C:N,1.26,1.265,16.0931,0.0949
Reference ligand (train+test),C:N,1.265,1.27,15.5162,0.0915
Reference ligand (train+test),C:N,1.27,1.275,17.0332,0.1005
Reference ligand (train+test),C:N,1.275,1.28,31.838,0.1878
Reference ligand (train+test),C:N,1.28,1.285,41.4257,0.2444
Reference ligand (train+test),C:N,1.285,1.29,64.0011,0.3775
Reference ligand (train+test),C:N,1.29,1.295,98.949,0.5837
Reference ligand (train+test),C:N,1.295,1.3,127.6737,0.7531
Reference ligand (train+test),C:N,1.3,1.305,180.3625,1.0639
Reference ligand (train+test),C:N,1.305,1.31,253.614,1.496
Reference ligand (train+test),C:N,1.31,1.315,307.3462,1.8129
Reference ligand (train+test),C:N,1.315,1.32,441.1833,2.6024
Reference ligand (train+test),C:N,1.32,1.325,605.3145,3.5705
Reference ligand (train+test),C:N,1.325,1.33,757.7325,4.4696
Reference ligand (train+test),C:N,1.33,1.335,1013.0378,5.9756
Reference ligand (train+test),C:N,1.335,1.34,1354.2853,7.9885
Reference ligand (train+test),C:N,1.34,1.345,1412.01,8.329
Reference ligand (train+test),C:N,1.345,1.35,1370.9889,8.087
Reference ligand (train+test),C:N,1.35,1.355,1286.5158,7.5887
Reference ligand (train+test),C:N,1.355,1.36,1033.1555,6.0942
Reference ligand (train+test),C:N,1.36,1.365,877.9193,5.1785
Reference ligand (train+test),C:N,1.365,1.37,721.1042,4.2535
Reference ligand (train+test),C:N,1.37,1.375,703.4286,4.1493
Reference ligand (train+test),C:N,1.375,1.38,645.3897,3.8069
Reference ligand (train+test),C:N,1.38,1.385,543.7304,3.2073
Reference ligand (train+test),C:N,1.385,1.39,505.8013,2.9836
Reference ligand (train+test),C:N,1.39,1.395,431.3908,2.5446
Reference ligand (train+test),C:N,1.395,1.4,359.978,2.1234
Reference ligand (train+test),C:N,1.4,1.405,294.3316,1.7362
Reference ligand (train+test),C:N,1.405,1.41,247.8868,1.4622
Reference ligand (train+test),C:N,1.41,1.415,197.0596,1.1624
Reference ligand (train+test),C:N,1.415,1.42,146.749,0.8656
Reference ligand (train+test),C:N,1.42,1.425,138.2097,0.8153
Reference ligand (train+test),C:N,1.425,1.43,107.3088,0.633
Reference ligand (train+test),C:N,1.43,1.435,78.5847,0.4635
Reference ligand (train+test),C:N,1.435,1.44,66.9427,0.3949
Reference ligand (train+test),C:N,1.44,1.445,55.7579,0.3289
Reference ligand (train+test),C:N,1.445,1.45,46.5735,0.2747
Reference ligand (train+test),C:N,1.45,1.455,45.302,0.2672
Reference ligand (train+test),C:N,1.455,1.46,37.2428,0.2197
Reference ligand (train+test),C:N,1.46,1.465,39.8466,0.235
Reference ligand (train+test),C:N,1.465,1.47,38.628,0.2279
Reference ligand (train+test),C:N,1.47,1.475,47.8084,0.282
Reference ligand (train+test),C:N,1.475,1.48,18.9628,0.1119
Reference ligand (train+test),C:N,1.48,1.485,13.8291,0.0816
Reference ligand (train+test),C:N,1.485,1.49,9.3008,0.0549
Reference ligand (train+test),C:N,1.49,1.495,10.0141,0.0591
Reference ligand (train+test),C:N,1.495,1.5,12.3112,0.0726
Reference ligand (train+test),C:N,1.5,1.505,8.1733,0.0482
Reference ligand (train+test),C:N,1.505,1.51,13.1944,0.0778
Reference ligand (train+test),C:N,1.51,1.515,5.3844,0.0318
Reference ligand (train+test),C:N,1.515,1.52,1.6953,0.01
Reference ligand (train+test),C:N,1.52,1.525,1.2893,0.0076
Reference ligand (train+test),C:N,1.525,1.53,1.7333,0.0102
Reference ligand (train+test),C:N,1.53,1.535,0.0049,0.0
Reference ligand (train+test),C:N,1.535,1.54,0,0.0
Reference ligand (train+test),C:N,1.54,1.545,0.0031,0.0
Reference ligand (train+test),C:N,1.545,1.55,1.0088,0.006
Reference ligand (train+test),C:N,1.55,1.555,0.3333,0.002
Reference ligand (train+test),C:N,1.555,1.56,2.0,0.0118
Reference ligand (train+test),C:N,1.56,1.565,1.2,0.0071
Reference ligand (train+test),C:N,1.565,1.57,0.0351,0.0002
Reference ligand (train+test),C:N,1.57,1.575,0,0.0
Reference ligand (train+test),C:N,1.575,1.58,0.0897,0.0005
Reference ligand (train+test),C:N,1.58,1.585,0,0.0
Reference ligand (train+test),C:N,1.585,1.59,1,0.0059
Reference ligand (train+test),C:N,1.59,1.595,0,0.0
Reference ligand (train+test),C:N,1.595,1.6,1.0,0.0059
Reference ligand (train+test),C:N,1.6,1.605,0.2351,0.0014
Reference ligand (train+test),C:N,1.605,1.61,0.4667,0.0028
Reference ligand (train+test),C:N,1.61,1.615,0.3333,0.002
Reference ligand (train+test),C:N,1.615,1.62,0,0.0
Reference ligand (train+test),C:N,1.62,1.625,0,0.0
Reference ligand (train+test),C:N,1.625,1.63,0,0.0
Reference ligand (train+test),C:N,1.63,1.635,0,0.0
Reference ligand (train+test),C:N,1.635,1.64,0,0.0
Reference ligand (train+test),C:N,1.64,1.645,0,0.0
Reference ligand (train+test),C:N,1.645,1.65,0,0.0
Reference ligand (train+test),C:N,1.65,1.655,0,0.0
Reference ligand (train+test),C:N,1.655,1.66,0,0.0
Reference ligand (train+test),C:N,1.66,1.665,0,0.0
Reference ligand (train+test),C:N,1.665,1.67,0,0.0
Reference ligand (train+test),C:N,1.67,1.675,0.125,0.0007
Reference ligand (train+test),C:N,1.675,1.68,0.875,0.0052
Reference ligand (train+test),C:N,1.68,1.685,0.6667,0.0039
Reference ligand (train+test),C:N,1.685,1.69,0.3333,0.002
Reference ligand (train+test),C:N,1.69,inf,0,0.0
"Reference ligand (train+test, pose-weighted)",C-C,-inf,1.1,694,0.1077
"Reference ligand (train+test, pose-weighted)",C-C,1.1,1.105,11,0.0017
"Reference ligand (train+test, pose-weighted)",C-C,1.105,1.11,0,0.0
"Reference ligand (train+test, pose-weighted)",C-C,1.11,1.115,15,0.0023
"Reference ligand (train+test, pose-weighted)",C-C,1.115,1.12,0,0.0
"Reference ligand (train+test, pose-weighted)",C-C,1.12,1.125,0,0.0
"Reference ligand (train+test, pose-weighted)",C-C,1.125,1.13,1,0.0002
"Reference ligand (train+test, pose-weighted)",C-C,1.13,1.135,2,0.0003
"Reference ligand (train+test, pose-weighted)",C-C,1.135,1.14,10,0.0016
"Reference ligand (train+test, pose-weighted)",C-C,1.14,1.145,7,0.0011
"Reference ligand (train+test, pose-weighted)",C-C,1.145,1.15,3,0.0005
"Reference ligand (train+test, pose-weighted)",C-C,1.15,1.155,12,0.0019
"Reference ligand (train+test, pose-weighted)",C-C,1.155,1.16,14,0.0022
"Reference ligand (train+test, pose-weighted)",C-C,1.16,1.165,6,0.0009
"Reference ligand (train+test, pose-weighted)",C-C,1.165,1.17,24,0.0037
"Reference ligand (train+test, pose-weighted)",C-C,1.17,1.175,16,0.0025
"Reference ligand (train+test, pose-weighted)",C-C,1.175,1.18,5,0.0008
"Reference ligand (train+test, pose-weighted)",C-C,1.18,1.185,30,0.0047
"Reference ligand (train+test, pose-weighted)",C-C,1.185,1.19,21,0.0033
"Reference ligand (train+test, pose-weighted)",C-C,1.19,1.195,138,0.0214
"Reference ligand (train+test, pose-weighted)",C-C,1.195,1.2,13,0.002
"Reference ligand (train+test, pose-weighted)",C-C,1.2,1.205,0,0.0
"Reference ligand (train+test, pose-weighted)",C-C,1.205,1.21,2,0.0003
"Reference ligand (train+test, pose-weighted)",C-C,1.21,1.215,2,0.0003
"Reference ligand (train+test, pose-weighted)",C-C,1.215,1.22,55,0.0085
"Reference ligand (train+test, pose-weighted)",C-C,1.22,1.225,16,0.0025
"Reference ligand (train+test, pose-weighted)",C-C,1.225,1.23,21,0.0033
"Reference ligand (train+test, pose-weighted)",C-C,1.23,1.235,19,0.0029
"Reference ligand (train+test, pose-weighted)",C-C,1.235,1.24,15,0.0023
"Reference ligand (train+test, pose-weighted)",C-C,1.24,1.245,51,0.0079
"Reference ligand (train+test, pose-weighted)",C-C,1.245,1.25,27,0.0042
"Reference ligand (train+test, pose-weighted)",C-C,1.25,1.255,32,0.005
"Reference ligand (train+test, pose-weighted)",C-C,1.255,1.26,77,0.0119
"Reference ligand (train+test, pose-weighted)",C-C,1.26,1.265,44,0.0068
"Reference ligand (train+test, pose-weighted)",C-C,1.265,1.27,27,0.0042
"Reference ligand (train+test, pose-weighted)",C-C,1.27,1.275,32,0.005
"Reference ligand (train+test, pose-weighted)",C-C,1.275,1.28,62,0.0096
"Reference ligand (train+test, pose-weighted)",C-C,1.28,1.285,93,0.0144
"Reference ligand (train+test, pose-weighted)",C-C,1.285,1.29,160,0.0248
"Reference ligand (train+test, pose-weighted)",C-C,1.29,1.295,109,0.0169
"Reference ligand (train+test, pose-weighted)",C-C,1.295,1.3,97,0.0151
"Reference ligand (train+test, pose-weighted)",C-C,1.3,1.305,189,0.0293
"Reference ligand (train+test, pose-weighted)",C-C,1.305,1.31,268,0.0416
"Reference ligand (train+test, pose-weighted)",C-C,1.31,1.315,167,0.0259
"Reference ligand (train+test, pose-weighted)",C-C,1.315,1.32,212,0.0329
"Reference ligand (train+test, pose-weighted)",C-C,1.32,1.325,355,0.0551
"Reference ligand (train+test, pose-weighted)",C-C,1.325,1.33,529,0.0821
"Reference ligand (train+test, pose-weighted)",C-C,1.33,1.335,852,0.1322
"Reference ligand (train+test, pose-weighted)",C-C,1.335,1.34,975,0.1513
"Reference ligand (train+test, pose-weighted)",C-C,1.34,1.345,781,0.1212
"Reference ligand (train+test, pose-weighted)",C-C,1.345,1.35,709,0.11
"Reference ligand (train+test, pose-weighted)",C-C,1.35,1.355,987,0.1531
"Reference ligand (train+test, pose-weighted)",C-C,1.355,1.36,1210,0.1877
"Reference ligand (train+test, pose-weighted)",C-C,1.36,1.365,1277,0.1981
"Reference ligand (train+test, pose-weighted)",C-C,1.365,1.37,1352,0.2098
"Reference ligand (train+test, pose-weighted)",C-C,1.37,1.375,1548,0.2402
"Reference ligand (train+test, pose-weighted)",C-C,1.375,1.38,2320,0.36
"Reference ligand (train+test, pose-weighted)",C-C,1.38,1.385,2864,0.4444
"Reference ligand (train+test, pose-weighted)",C-C,1.385,1.39,4731,0.7341
"Reference ligand (train+test, pose-weighted)",C-C,1.39,1.395,6739,1.0456
"Reference ligand (train+test, pose-weighted)",C-C,1.395,1.4,6252,0.9701
"Reference ligand (train+test, pose-weighted)",C-C,1.4,1.405,5255,0.8154
"Reference ligand (train+test, pose-weighted)",C-C,1.405,1.41,4615,0.7161
"Reference ligand (train+test, pose-weighted)",C-C,1.41,1.415,4071,0.6317
"Reference ligand (train+test, pose-weighted)",C-C,1.415,1.42,3622,0.562
"Reference ligand (train+test, pose-weighted)",C-C,1.42,1.425,3383,0.5249
"Reference ligand (train+test, pose-weighted)",C-C,1.425,1.43,2965,0.4601
"Reference ligand (train+test, pose-weighted)",C-C,1.43,1.435,2862,0.4441
"Reference ligand (train+test, pose-weighted)",C-C,1.435,1.44,2903,0.4504
"Reference ligand (train+test, pose-weighted)",C-C,1.44,1.445,3071,0.4765
"Reference ligand (train+test, pose-weighted)",C-C,1.445,1.45,3181,0.4936
"Reference ligand (train+test, pose-weighted)",C-C,1.45,1.455,3664,0.5685
"Reference ligand (train+test, pose-weighted)",C-C,1.455,1.46,4170,0.647
"Reference ligand (train+test, pose-weighted)",C-C,1.46,1.465,5356,0.831
"Reference ligand (train+test, pose-weighted)",C-C,1.465,1.47,6480,1.0055
"Reference ligand (train+test, pose-weighted)",C-C,1.47,1.475,7880,1.2227
"Reference ligand (train+test, pose-weighted)",C-C,1.475,1.48,9683,1.5024
"Reference ligand (train+test, pose-weighted)",C-C,1.48,1.485,11383,1.7662
"Reference ligand (train+test, pose-weighted)",C-C,1.485,1.49,13387,2.0772
"Reference ligand (train+test, pose-weighted)",C-C,1.49,1.495,17541,2.7217
"Reference ligand (train+test, pose-weighted)",C-C,1.495,1.5,20401,3.1655
"Reference ligand (train+test, pose-weighted)",C-C,1.5,1.505,24534,3.8067
"Reference ligand (train+test, pose-weighted)",C-C,1.505,1.51,31359,4.8657
"Reference ligand (train+test, pose-weighted)",C-C,1.51,1.515,38746,6.0119
"Reference ligand (train+test, pose-weighted)",C-C,1.515,1.52,41971,6.5123
"Reference ligand (train+test, pose-weighted)",C-C,1.52,1.525,49158,7.6275
"Reference ligand (train+test, pose-weighted)",C-C,1.525,1.53,56992,8.843
"Reference ligand (train+test, pose-weighted)",C-C,1.53,1.535,54570,8.4672
"Reference ligand (train+test, pose-weighted)",C-C,1.535,1.54,39594,6.1435
"Reference ligand (train+test, pose-weighted)",C-C,1.54,1.545,30483,4.7298
"Reference ligand (train+test, pose-weighted)",C-C,1.545,1.55,23850,3.7006
"Reference ligand (train+test, pose-weighted)",C-C,1.55,1.555,18610,2.8876
"Reference ligand (train+test, pose-weighted)",C-C,1.555,1.56,14156,2.1965
"Reference ligand (train+test, pose-weighted)",C-C,1.56,1.565,9784,1.5181
"Reference ligand (train+test, pose-weighted)",C-C,1.565,1.57,7813,1.2123
"Reference ligand (train+test, pose-weighted)",C-C,1.57,1.575,5898,0.9151
"Reference ligand (train+test, pose-weighted)",C-C,1.575,1.58,4671,0.7248
"Reference ligand (train+test, pose-weighted)",C-C,1.58,1.585,3612,0.5604
"Reference ligand (train+test, pose-weighted)",C-C,1.585,1.59,2646,0.4106
"Reference ligand (train+test, pose-weighted)",C-C,1.59,1.595,2104,0.3265
"Reference ligand (train+test, pose-weighted)",C-C,1.595,1.6,1805,0.2801
"Reference ligand (train+test, pose-weighted)",C-C,1.6,1.605,1468,0.2278
"Reference ligand (train+test, pose-weighted)",C-C,1.605,1.61,1234,0.1915
"Reference ligand (train+test, pose-weighted)",C-C,1.61,1.615,996,0.1545
"Reference ligand (train+test, pose-weighted)",C-C,1.615,1.62,865,0.1342
"Reference ligand (train+test, pose-weighted)",C-C,1.62,1.625,859,0.1333
"Reference ligand (train+test, pose-weighted)",C-C,1.625,1.63,500,0.0776
"Reference ligand (train+test, pose-weighted)",C-C,1.63,1.635,422,0.0655
"Reference ligand (train+test, pose-weighted)",C-C,1.635,1.64,344,0.0534
"Reference ligand (train+test, pose-weighted)",C-C,1.64,1.645,320,0.0497
"Reference ligand (train+test, pose-weighted)",C-C,1.645,1.65,341,0.0529
"Reference ligand (train+test, pose-weighted)",C-C,1.65,1.655,244,0.0379
"Reference ligand (train+test, pose-weighted)",C-C,1.655,1.66,160,0.0248
"Reference ligand (train+test, pose-weighted)",C-C,1.66,1.665,149,0.0231
"Reference ligand (train+test, pose-weighted)",C-C,1.665,1.67,207,0.0321
"Reference ligand (train+test, pose-weighted)",C-C,1.67,1.675,193,0.0299
"Reference ligand (train+test, pose-weighted)",C-C,1.675,1.68,240,0.0372
"Reference ligand (train+test, pose-weighted)",C-C,1.68,1.685,159,0.0247
"Reference ligand (train+test, pose-weighted)",C-C,1.685,1.69,176,0.0273
"Reference ligand (train+test, pose-weighted)",C-C,1.69,inf,1101,0.1708
"Reference ligand (train+test, pose-weighted)",C=C,-inf,1.1,92,0.2626
"Reference ligand (train+test, pose-weighted)",C=C,1.1,1.105,0,0.0
"Reference ligand (train+test, pose-weighted)",C=C,1.105,1.11,0,0.0
"Reference ligand (train+test, pose-weighted)",C=C,1.11,1.115,0,0.0
"Reference ligand (train+test, pose-weighted)",C=C,1.115,1.12,0,0.0
"Reference ligand (train+test, pose-weighted)",C=C,1.12,1.125,0,0.0
"Reference ligand (train+test, pose-weighted)",C=C,1.125,1.13,0,0.0
"Reference ligand (train+test, pose-weighted)",C=C,1.13,1.135,0,0.0
"Reference ligand (train+test, pose-weighted)",C=C,1.135,1.14,0,0.0
"Reference ligand (train+test, pose-weighted)",C=C,1.14,1.145,0,0.0
"Reference ligand (train+test, pose-weighted)",C=C,1.145,1.15,2,0.0057
"Reference ligand (train+test, pose-weighted)",C=C,1.15,1.155,1,0.0029
"Reference ligand (train+test, pose-weighted)",C=C,1.155,1.16,0,0.0
"Reference ligand (train+test, pose-weighted)",C=C,1.16,1.165,0,0.0
"Reference ligand (train+test, pose-weighted)",C=C,1.165,1.17,0,0.0
"Reference ligand (train+test, pose-weighted)",C=C,1.17,1.175,0,0.0
"Reference ligand (train+test, pose-weighted)",C=C,1.175,1.18,0,0.0
"Reference ligand (train+test, pose-weighted)",C=C,1.18,1.185,0,0.0
"Reference ligand (train+test, pose-weighted)",C=C,1.185,1.19,0,0.0
"Reference ligand (train+test, pose-weighted)",C=C,1.19,1.195,0,0.0
"Reference ligand (train+test, pose-weighted)",C=C,1.195,1.2,0,0.0
"Reference ligand (train+test, pose-weighted)",C=C,1.2,1.205,0,0.0
"Reference ligand (train+test, pose-weighted)",C=C,1.205,1.21,10,0.0285
"Reference ligand (train+test, pose-weighted)",C=C,1.21,1.215,1,0.0029
"Reference ligand (train+test, pose-weighted)",C=C,1.215,1.22,4,0.0114
"Reference ligand (train+test, pose-weighted)",C=C,1.22,1.225,15,0.0428
"Reference ligand (train+test, pose-weighted)",C=C,1.225,1.23,11,0.0314
"Reference ligand (train+test, pose-weighted)",C=C,1.23,1.235,0,0.0
"Reference ligand (train+test, pose-weighted)",C=C,1.235,1.24,0,0.0
"Reference ligand (train+test, pose-weighted)",C=C,1.24,1.245,1,0.0029
"Reference ligand (train+test, pose-weighted)",C=C,1.245,1.25,0,0.0
"Reference ligand (train+test, pose-weighted)",C=C,1.25,1.255,9,0.0257
"Reference ligand (train+test, pose-weighted)",C=C,1.255,1.26,3,0.0086
"Reference ligand (train+test, pose-weighted)",C=C,1.26,1.265,11,0.0314
"Reference ligand (train+test, pose-weighted)",C=C,1.265,1.27,2,0.0057
"Reference ligand (train+test, pose-weighted)",C=C,1.27,1.275,23,0.0657
"Reference ligand (train+test, pose-weighted)",C=C,1.275,1.28,2,0.0057
"Reference ligand (train+test, pose-weighted)",C=C,1.28,1.285,26,0.0742
"Reference ligand (train+test, pose-weighted)",C=C,1.285,1.29,37,0.1056
"Reference ligand (train+test, pose-weighted)",C=C,1.29,1.295,97,0.2769
"Reference ligand (train+test, pose-weighted)",C=C,1.295,1.3,95,0.2712
"Reference ligand (train+test, pose-weighted)",C=C,1.3,1.305,178,0.5081
"Reference ligand (train+test, pose-weighted)",C=C,1.305,1.31,212,0.6051
"Reference ligand (train+test, pose-weighted)",C=C,1.31,1.315,192,0.5481
"Reference ligand (train+test, pose-weighted)",C=C,1.315,1.32,503,1.4358
"Reference ligand (train+test, pose-weighted)",C=C,1.32,1.325,562,1.6042
"Reference ligand (train+test, pose-weighted)",C=C,1.325,1.33,830,2.3692
"Reference ligand (train+test, pose-weighted)",C=C,1.33,1.335,1057,3.0172
"Reference ligand (train+test, pose-weighted)",C=C,1.335,1.34,1165,3.3254
"Reference ligand (train+test, pose-weighted)",C=C,1.34,1.345,1467,4.1875
"Reference ligand (train+test, pose-weighted)",C=C,1.345,1.35,1455,4.1532
"Reference ligand (train+test, pose-weighted)",C=C,1.35,1.355,1383,3.9477
"Reference ligand (train+test, pose-weighted)",C=C,1.355,1.36,1311,3.7422
"Reference ligand (train+test, pose-weighted)",C=C,1.36,1.365,914,2.609
"Reference ligand (train+test, pose-weighted)",C=C,1.365,1.37,924,2.6375
"Reference ligand (train+test, pose-weighted)",C=C,1.37,1.375,711,2.0295
"Reference ligand (train+test, pose-weighted)",C=C,1.375,1.38,1215,3.4682
"Reference ligand (train+test, pose-weighted)",C=C,1.38,1.385,1162,3.3169
"Reference ligand (train+test, pose-weighted)",C=C,1.385,1.39,1623,4.6328
"Reference ligand (train+test, pose-weighted)",C=C,1.39,1.395,2715,7.7498
"Reference ligand (train+test, pose-weighted)",C=C,1.395,1.4,1393,3.9763
"Reference ligand (train+test, pose-weighted)",C=C,1.4,1.405,1601,4.57
"Reference ligand (train+test, pose-weighted)",C=C,1.405,1.41,1313,3.7479
"Reference ligand (train+test, pose-weighted)",C=C,1.41,1.415,1216,3.471
"Reference ligand (train+test, pose-weighted)",C=C,1.415,1.42,716,2.0438
"Reference ligand (train+test, pose-weighted)",C=C,1.42,1.425,850,2.4263
"Reference ligand (train+test, pose-weighted)",C=C,1.425,1.43,743,2.1209
"Reference ligand (train+test, pose-weighted)",C=C,1.43,1.435,466,1.3302
"Reference ligand (train+test, pose-weighted)",C=C,1.435,1.44,460,1.313
"Reference ligand (train+test, pose-weighted)",C=C,1.44,1.445,278,0.7935
"Reference ligand (train+test, pose-weighted)",C=C,1.445,1.45,297,0.8478
"Reference ligand (train+test, pose-weighted)",C=C,1.45,1.455,417,1.1903
"Reference ligand (train+test, pose-weighted)",C=C,1.455,1.46,170,0.4853
"Reference ligand (train+test, pose-weighted)",C=C,1.46,1.465,371,1.059
"Reference ligand (train+test, pose-weighted)",C=C,1.465,1.47,390,1.1132
"Reference ligand (train+test, pose-weighted)",C=C,1.47,1.475,222,0.6337
"Reference ligand (train+test, pose-weighted)",C=C,1.475,1.48,318,0.9077
"Reference ligand (train+test, pose-weighted)",C=C,1.48,1.485,267,0.7621
"Reference ligand (train+test, pose-weighted)",C=C,1.485,1.49,233,0.6651
"Reference ligand (train+test, pose-weighted)",C=C,1.49,1.495,322,0.9191
"Reference ligand (train+test, pose-weighted)",C=C,1.495,1.5,286,0.8164
"Reference ligand (train+test, pose-weighted)",C=C,1.5,1.505,274,0.7821
"Reference ligand (train+test, pose-weighted)",C=C,1.505,1.51,220,0.628
"Reference ligand (train+test, pose-weighted)",C=C,1.51,1.515,340,0.9705
"Reference ligand (train+test, pose-weighted)",C=C,1.515,1.52,200,0.5709
"Reference ligand (train+test, pose-weighted)",C=C,1.52,1.525,435,1.2417
"Reference ligand (train+test, pose-weighted)",C=C,1.525,1.53,230,0.6565
"Reference ligand (train+test, pose-weighted)",C=C,1.53,1.535,226,0.6451
"Reference ligand (train+test, pose-weighted)",C=C,1.535,1.54,116,0.3311
"Reference ligand (train+test, pose-weighted)",C=C,1.54,1.545,100,0.2854
"Reference ligand (train+test, pose-weighted)",C=C,1.545,1.55,130,0.3711
"Reference ligand (train+test, pose-weighted)",C=C,1.55,1.555,70,0.1998
"Reference ligand (train+test, pose-weighted)",C=C,1.555,1.56,122,0.3482
"Reference ligand (train+test, pose-weighted)",C=C,1.56,1.565,38,0.1085
"Reference ligand (train+test, pose-weighted)",C=C,1.565,1.57,23,0.0657
"Reference ligand (train+test, pose-weighted)",C=C,1.57,1.575,26,0.0742
"Reference ligand (train+test, pose-weighted)",C=C,1.575,1.58,7,0.02
"Reference ligand (train+test, pose-weighted)",C=C,1.58,1.585,7,0.02
"Reference ligand (train+test, pose-weighted)",C=C,1.585,1.59,33,0.0942
"Reference ligand (train+test, pose-weighted)",C=C,1.59,1.595,2,0.0057
"Reference ligand (train+test, pose-weighted)",C=C,1.595,1.6,33,0.0942
"Reference ligand (train+test, pose-weighted)",C=C,1.6,1.605,5,0.0143
"Reference ligand (train+test, pose-weighted)",C=C,1.605,1.61,10,0.0285
"Reference ligand (train+test, pose-weighted)",C=C,1.61,1.615,0,0.0
"Reference ligand (train+test, pose-weighted)",C=C,1.615,1.62,0,0.0
"Reference ligand (train+test, pose-weighted)",C=C,1.62,1.625,0,0.0
"Reference ligand (train+test, pose-weighted)",C=C,1.625,1.63,8,0.0228
"Reference ligand (train+test, pose-weighted)",C=C,1.63,1.635,5,0.0143
"Reference ligand (train+test, pose-weighted)",C=C,1.635,1.64,1,0.0029
"Reference ligand (train+test, pose-weighted)",C=C,1.64,1.645,9,0.0257
"Reference ligand (train+test, pose-weighted)",C=C,1.645,1.65,0,0.0
"Reference ligand (train+test, pose-weighted)",C=C,1.65,1.655,0,0.0
"Reference ligand (train+test, pose-weighted)",C=C,1.655,1.66,0,0.0
"Reference ligand (train+test, pose-weighted)",C=C,1.66,1.665,0,0.0
"Reference ligand (train+test, pose-weighted)",C=C,1.665,1.67,10,0.0285
"Reference ligand (train+test, pose-weighted)",C=C,1.67,1.675,0,0.0
"Reference ligand (train+test, pose-weighted)",C=C,1.675,1.68,0,0.0
"Reference ligand (train+test, pose-weighted)",C=C,1.68,1.685,1,0.0029
"Reference ligand (train+test, pose-weighted)",C=C,1.685,1.69,0,0.0
"Reference ligand (train+test, pose-weighted)",C=C,1.69,inf,2,0.0057
"Reference ligand (train+test, pose-weighted)",C-N,-inf,1.1,23,0.0087
"Reference ligand (train+test, pose-weighted)",C-N,1.1,1.105,3,0.0011
"Reference ligand (train+test, pose-weighted)",C-N,1.105,1.11,0,0.0
"Reference ligand (train+test, pose-weighted)",C-N,1.11,1.115,0,0.0
"Reference ligand (train+test, pose-weighted)",C-N,1.115,1.12,26,0.0098
"Reference ligand (train+test, pose-weighted)",C-N,1.12,1.125,0,0.0
"Reference ligand (train+test, pose-weighted)",C-N,1.125,1.13,3,0.0011
"Reference ligand (train+test, pose-weighted)",C-N,1.13,1.135,1,0.0004
"Reference ligand (train+test, pose-weighted)",C-N,1.135,1.14,4,0.0015
"Reference ligand (train+test, pose-weighted)",C-N,1.14,1.145,3,0.0011
"Reference ligand (train+test, pose-weighted)",C-N,1.145,1.15,0,0.0
"Reference ligand (train+test, pose-weighted)",C-N,1.15,1.155,0,0.0
"Reference ligand (train+test, pose-weighted)",C-N,1.155,1.16,28,0.0106
"Reference ligand (train+test, pose-weighted)",C-N,1.16,1.165,1,0.0004
"Reference ligand (train+test, pose-weighted)",C-N,1.165,1.17,0,0.0
"Reference ligand (train+test, pose-weighted)",C-N,1.17,1.175,1,0.0004
"Reference ligand (train+test, pose-weighted)",C-N,1.175,1.18,0,0.0
"Reference ligand (train+test, pose-weighted)",C-N,1.18,1.185,0,0.0
"Reference ligand (train+test, pose-weighted)",C-N,1.185,1.19,0,0.0
"Reference ligand (train+test, pose-weighted)",C-N,1.19,1.195,2,0.0008
"Reference ligand (train+test, pose-weighted)",C-N,1.195,1.2,3,0.0011
"Reference ligand (train+test, pose-weighted)",C-N,1.2,1.205,0,0.0
"Reference ligand (train+test, pose-weighted)",C-N,1.205,1.21,8,0.003
"Reference ligand (train+test, pose-weighted)",C-N,1.21,1.215,6,0.0023
"Reference ligand (train+test, pose-weighted)",C-N,1.215,1.22,17,0.0064
"Reference ligand (train+test, pose-weighted)",C-N,1.22,1.225,3,0.0011
"Reference ligand (train+test, pose-weighted)",C-N,1.225,1.23,52,0.0196
"Reference ligand (train+test, pose-weighted)",C-N,1.23,1.235,75,0.0283
"Reference ligand (train+test, pose-weighted)",C-N,1.235,1.24,34,0.0128
"Reference ligand (train+test, pose-weighted)",C-N,1.24,1.245,84,0.0317
"Reference ligand (train+test, pose-weighted)",C-N,1.245,1.25,41,0.0155
"Reference ligand (train+test, pose-weighted)",C-N,1.25,1.255,129,0.0487
"Reference ligand (train+test, pose-weighted)",C-N,1.255,1.26,131,0.0494
"Reference ligand (train+test, pose-weighted)",C-N,1.26,1.265,208,0.0785
"Reference ligand (train+test, pose-weighted)",C-N,1.265,1.27,116,0.0438
"Reference ligand (train+test, pose-weighted)",C-N,1.27,1.275,304,0.1147
"Reference ligand (train+test, pose-weighted)",C-N,1.275,1.28,223,0.0842
"Reference ligand (train+test, pose-weighted)",C-N,1.28,1.285,358,0.1351
"Reference ligand (train+test, pose-weighted)",C-N,1.285,1.29,361,0.1362
"Reference ligand (train+test, pose-weighted)",C-N,1.29,1.295,745,0.2811
"Reference ligand (train+test, pose-weighted)",C-N,1.295,1.3,897,0.3385
"Reference ligand (train+test, pose-weighted)",C-N,1.3,1.305,901,0.34
"Reference ligand (train+test, pose-weighted)",C-N,1.305,1.31,1238,0.4672
"Reference ligand (train+test, pose-weighted)",C-N,1.31,1.315,1810,0.683
"Reference ligand (train+test, pose-weighted)",C-N,1.315,1.32,2741,1.0344
"Reference ligand (train+test, pose-weighted)",C-N,1.32,1.325,3675,1.3868
"Reference ligand (train+test, pose-weighted)",C-N,1.325,1.33,6932,2.6159
"Reference ligand (train+test, pose-weighted)",C-N,1.33,1.335,9807,3.7009
"Reference ligand (train+test, pose-weighted)",C-N,1.335,1.34,9240,3.4869
"Reference ligand (train+test, pose-weighted)",C-N,1.34,1.345,8544,3.2242
"Reference ligand (train+test, pose-weighted)",C-N,1.345,1.35,8962,3.382
"Reference ligand (train+test, pose-weighted)",C-N,1.35,1.355,8901,3.359
"Reference ligand (train+test, pose-weighted)",C-N,1.355,1.36,7339,2.7695
"Reference ligand (train+test, pose-weighted)",C-N,1.36,1.365,6188,2.3352
"Reference ligand (train+test, pose-weighted)",C-N,1.365,1.37,5582,2.1065
"Reference ligand (train+test, pose-weighted)",C-N,1.37,1.375,5299,1.9997
"Reference ligand (train+test, pose-weighted)",C-N,1.375,1.38,4682,1.7668
"Reference ligand (train+test, pose-weighted)",C-N,1.38,1.385,4351,1.6419
"Reference ligand (train+test, pose-weighted)",C-N,1.385,1.39,4399,1.6601
"Reference ligand (train+test, pose-weighted)",C-N,1.39,1.395,4013,1.5144
"Reference ligand (train+test, pose-weighted)",C-N,1.395,1.4,3944,1.4883
"Reference ligand (train+test, pose-weighted)",C-N,1.4,1.405,3642,1.3744
"Reference ligand (train+test, pose-weighted)",C-N,1.405,1.41,3784,1.428
"Reference ligand (train+test, pose-weighted)",C-N,1.41,1.415,3690,1.3925
"Reference ligand (train+test, pose-weighted)",C-N,1.415,1.42,3683,1.3899
"Reference ligand (train+test, pose-weighted)",C-N,1.42,1.425,3347,1.2631
"Reference ligand (train+test, pose-weighted)",C-N,1.425,1.43,3653,1.3785
"Reference ligand (train+test, pose-weighted)",C-N,1.43,1.435,2850,1.0755
"Reference ligand (train+test, pose-weighted)",C-N,1.435,1.44,4578,1.7276
"Reference ligand (train+test, pose-weighted)",C-N,1.44,1.445,4894,1.8468
"Reference ligand (train+test, pose-weighted)",C-N,1.445,1.45,6643,2.5069
"Reference ligand (train+test, pose-weighted)",C-N,1.45,1.455,8501,3.208
"Reference ligand (train+test, pose-weighted)",C-N,1.455,1.46,10983,4.1447
"Reference ligand (train+test, pose-weighted)",C-N,1.46,1.465,12943,4.8843
"Reference ligand (train+test, pose-weighted)",C-N,1.465,1.47,14138,5.3353
"Reference ligand (train+test, pose-weighted)",C-N,1.47,1.475,14091,5.3175
"Reference ligand (train+test, pose-weighted)",C-N,1.475,1.48,11004,4.1526
"Reference ligand (train+test, pose-weighted)",C-N,1.48,1.485,9712,3.665
"Reference ligand (train+test, pose-weighted)",C-N,1.485,1.49,8407,3.1725
"Reference ligand (train+test, pose-weighted)",C-N,1.49,1.495,6070,2.2906
"Reference ligand (train+test, pose-weighted)",C-N,1.495,1.5,4063,1.5333
"Reference ligand (train+test, pose-weighted)",C-N,1.5,1.505,2801,1.057
"Reference ligand (train+test, pose-weighted)",C-N,1.505,1.51,2028,0.7653
"Reference ligand (train+test, pose-weighted)",C-N,1.51,1.515,1592,0.6008
"Reference ligand (train+test, pose-weighted)",C-N,1.515,1.52,1047,0.3951
"Reference ligand (train+test, pose-weighted)",C-N,1.52,1.525,984,0.3713
"Reference ligand (train+test, pose-weighted)",C-N,1.525,1.53,736,0.2777
"Reference ligand (train+test, pose-weighted)",C-N,1.53,1.535,638,0.2408
"Reference ligand (train+test, pose-weighted)",C-N,1.535,1.54,316,0.1192
"Reference ligand (train+test, pose-weighted)",C-N,1.54,1.545,286,0.1079
"Reference ligand (train+test, pose-weighted)",C-N,1.545,1.55,215,0.0811
"Reference ligand (train+test, pose-weighted)",C-N,1.55,1.555,249,0.094
"Reference ligand (train+test, pose-weighted)",C-N,1.555,1.56,130,0.0491
"Reference ligand (train+test, pose-weighted)",C-N,1.56,1.565,63,0.0238
"Reference ligand (train+test, pose-weighted)",C-N,1.565,1.57,72,0.0272
"Reference ligand (train+test, pose-weighted)",C-N,1.57,1.575,45,0.017
"Reference ligand (train+test, pose-weighted)",C-N,1.575,1.58,168,0.0634
"Reference ligand (train+test, pose-weighted)",C-N,1.58,1.585,52,0.0196
"Reference ligand (train+test, pose-weighted)",C-N,1.585,1.59,45,0.017
"Reference ligand (train+test, pose-weighted)",C-N,1.59,1.595,46,0.0174
"Reference ligand (train+test, pose-weighted)",C-N,1.595,1.6,68,0.0257
"Reference ligand (train+test, pose-weighted)",C-N,1.6,1.605,14,0.0053
"Reference ligand (train+test, pose-weighted)",C-N,1.605,1.61,45,0.017
"Reference ligand (train+test, pose-weighted)",C-N,1.61,1.615,17,0.0064
"Reference ligand (train+test, pose-weighted)",C-N,1.615,1.62,14,0.0053
"Reference ligand (train+test, pose-weighted)",C-N,1.62,1.625,13,0.0049
"Reference ligand (train+test, pose-weighted)",C-N,1.625,1.63,1,0.0004
"Reference ligand (train+test, pose-weighted)",C-N,1.63,1.635,14,0.0053
"Reference ligand (train+test, pose-weighted)",C-N,1.635,1.64,21,0.0079
"Reference ligand (train+test, pose-weighted)",C-N,1.64,1.645,8,0.003
"Reference ligand (train+test, pose-weighted)",C-N,1.645,1.65,19,0.0072
"Reference ligand (train+test, pose-weighted)",C-N,1.65,1.655,18,0.0068
"Reference ligand (train+test, pose-weighted)",C-N,1.655,1.66,20,0.0075
"Reference ligand (train+test, pose-weighted)",C-N,1.66,1.665,0,0.0
"Reference ligand (train+test, pose-weighted)",C-N,1.665,1.67,0,0.0
"Reference ligand (train+test, pose-weighted)",C-N,1.67,1.675,0,0.0
"Reference ligand (train+test, pose-weighted)",C-N,1.675,1.68,36,0.0136
"Reference ligand (train+test, pose-weighted)",C-N,1.68,1.685,2,0.0008
"Reference ligand (train+test, pose-weighted)",C-N,1.685,1.69,0,0.0
"Reference ligand (train+test, pose-weighted)",C-N,1.69,inf,55,0.0208
"Reference ligand (train+test, pose-weighted)",C=N,-inf,1.1,0,0.0
"Reference ligand (train+test, pose-weighted)",C=N,1.1,1.105,0,0.0
"Reference ligand (train+test, pose-weighted)",C=N,1.105,1.11,0,0.0
"Reference ligand (train+test, pose-weighted)",C=N,1.11,1.115,0,0.0
"Reference ligand (train+test, pose-weighted)",C=N,1.115,1.12,0,0.0
"Reference ligand (train+test, pose-weighted)",C=N,1.12,1.125,0,0.0
"Reference ligand (train+test, pose-weighted)",C=N,1.125,1.13,0,0.0
"Reference ligand (train+test, pose-weighted)",C=N,1.13,1.135,5,0.0215
"Reference ligand (train+test, pose-weighted)",C=N,1.135,1.14,0,0.0
"Reference ligand (train+test, pose-weighted)",C=N,1.14,1.145,0,0.0
"Reference ligand (train+test, pose-weighted)",C=N,1.145,1.15,0,0.0
"Reference ligand (train+test, pose-weighted)",C=N,1.15,1.155,0,0.0
"Reference ligand (train+test, pose-weighted)",C=N,1.155,1.16,0,0.0
"Reference ligand (train+test, pose-weighted)",C=N,1.16,1.165,0,0.0
"Reference ligand (train+test, pose-weighted)",C=N,1.165,1.17,0,0.0
"Reference ligand (train+test, pose-weighted)",C=N,1.17,1.175,29,0.1244
"Reference ligand (train+test, pose-weighted)",C=N,1.175,1.18,0,0.0
"Reference ligand (train+test, pose-weighted)",C=N,1.18,1.185,0,0.0
"Reference ligand (train+test, pose-weighted)",C=N,1.185,1.19,2,0.0086
"Reference ligand (train+test, pose-weighted)",C=N,1.19,1.195,0,0.0
"Reference ligand (train+test, pose-weighted)",C=N,1.195,1.2,0,0.0
"Reference ligand (train+test, pose-weighted)",C=N,1.2,1.205,29,0.1244
"Reference ligand (train+test, pose-weighted)",C=N,1.205,1.21,1,0.0043
"Reference ligand (train+test, pose-weighted)",C=N,1.21,1.215,0,0.0
"Reference ligand (train+test, pose-weighted)",C=N,1.215,1.22,0,0.0
"Reference ligand (train+test, pose-weighted)",C=N,1.22,1.225,40,0.1716
"Reference ligand (train+test, pose-weighted)",C=N,1.225,1.23,3,0.0129
"Reference ligand (train+test, pose-weighted)",C=N,1.23,1.235,1,0.0043
"Reference ligand (train+test, pose-weighted)",C=N,1.235,1.24,1,0.0043
"Reference ligand (train+test, pose-weighted)",C=N,1.24,1.245,43,0.1845
"Reference ligand (train+test, pose-weighted)",C=N,1.245,1.25,51,0.2188
"Reference ligand (train+test, pose-weighted)",C=N,1.25,1.255,91,0.3905
"Reference ligand (train+test, pose-weighted)",C=N,1.255,1.26,160,0.6865
"Reference ligand (train+test, pose-weighted)",C=N,1.26,1.265,220,0.944
"Reference ligand (train+test, pose-weighted)",C=N,1.265,1.27,193,0.8281
"Reference ligand (train+test, pose-weighted)",C=N,1.27,1.275,221,0.9483
"Reference ligand (train+test, pose-weighted)",C=N,1.275,1.28,177,0.7595
"Reference ligand (train+test, pose-weighted)",C=N,1.28,1.285,82,0.3518
"Reference ligand (train+test, pose-weighted)",C=N,1.285,1.29,145,0.6222
"Reference ligand (train+test, pose-weighted)",C=N,1.29,1.295,341,1.4631
"Reference ligand (train+test, pose-weighted)",C=N,1.295,1.3,416,1.7849
"Reference ligand (train+test, pose-weighted)",C=N,1.3,1.305,416,1.7849
"Reference ligand (train+test, pose-weighted)",C=N,1.305,1.31,528,2.2655
"Reference ligand (train+test, pose-weighted)",C=N,1.31,1.315,524,2.2483
"Reference ligand (train+test, pose-weighted)",C=N,1.315,1.32,618,2.6517
"Reference ligand (train+test, pose-weighted)",C=N,1.32,1.325,971,4.1663
"Reference ligand (train+test, pose-weighted)",C=N,1.325,1.33,1092,4.6855
"Reference ligand (train+test, pose-weighted)",C=N,1.33,1.335,1484,6.3675
"Reference ligand (train+test, pose-weighted)",C=N,1.335,1.34,1748,7.5002
"Reference ligand (train+test, pose-weighted)",C=N,1.34,1.345,1711,7.3415
"Reference ligand (train+test, pose-weighted)",C=N,1.345,1.35,1251,5.3677
"Reference ligand (train+test, pose-weighted)",C=N,1.35,1.355,1291,5.5393
"Reference ligand (train+test, pose-weighted)",C=N,1.355,1.36,1135,4.87
"Reference ligand (train+test, pose-weighted)",C=N,1.36,1.365,1683,7.2213
"Reference ligand (train+test, pose-weighted)",C=N,1.365,1.37,1040,4.4624
"Reference ligand (train+test, pose-weighted)",C=N,1.37,1.375,830,3.5613
"Reference ligand (train+test, pose-weighted)",C=N,1.375,1.38,673,2.8877
"Reference ligand (train+test, pose-weighted)",C=N,1.38,1.385,668,2.8662
"Reference ligand (train+test, pose-weighted)",C=N,1.385,1.39,543,2.3299
"Reference ligand (train+test, pose-weighted)",C=N,1.39,1.395,300,1.2872
"Reference ligand (train+test, pose-weighted)",C=N,1.395,1.4,413,1.7721
"Reference ligand (train+test, pose-weighted)",C=N,1.4,1.405,228,0.9783
"Reference ligand (train+test, pose-weighted)",C=N,1.405,1.41,234,1.004
"Reference ligand (train+test, pose-weighted)",C=N,1.41,1.415,265,1.137
"Reference ligand (train+test, pose-weighted)",C=N,1.415,1.42,131,0.5621
"Reference ligand (train+test, pose-weighted)",C=N,1.42,1.425,214,0.9182
"Reference ligand (train+test, pose-weighted)",C=N,1.425,1.43,126,0.5406
"Reference ligand (train+test, pose-weighted)",C=N,1.43,1.435,79,0.339
"Reference ligand (train+test, pose-weighted)",C=N,1.435,1.44,63,0.2703
"Reference ligand (train+test, pose-weighted)",C=N,1.44,1.445,24,0.103
"Reference ligand (train+test, pose-weighted)",C=N,1.445,1.45,62,0.266
"Reference ligand (train+test, pose-weighted)",C=N,1.45,1.455,80,0.3433
"Reference ligand (train+test, pose-weighted)",C=N,1.455,1.46,149,0.6393
"Reference ligand (train+test, pose-weighted)",C=N,1.46,1.465,184,0.7895
"Reference ligand (train+test, pose-weighted)",C=N,1.465,1.47,75,0.3218
"Reference ligand (train+test, pose-weighted)",C=N,1.47,1.475,49,0.2102
"Reference ligand (train+test, pose-weighted)",C=N,1.475,1.48,13,0.0558
"Reference ligand (train+test, pose-weighted)",C=N,1.48,1.485,23,0.0987
"Reference ligand (train+test, pose-weighted)",C=N,1.485,1.49,28,0.1201
"Reference ligand (train+test, pose-weighted)",C=N,1.49,1.495,2,0.0086
"Reference ligand (train+test, pose-weighted)",C=N,1.495,1.5,39,0.1673
"Reference ligand (train+test, pose-weighted)",C=N,1.5,1.505,6,0.0257
"Reference ligand (train+test, pose-weighted)",C=N,1.505,1.51,8,0.0343
"Reference ligand (train+test, pose-weighted)",C=N,1.51,1.515,35,0.1502
"Reference ligand (train+test, pose-weighted)",C=N,1.515,1.52,5,0.0215
"Reference ligand (train+test, pose-weighted)",C=N,1.52,1.525,6,0.0257
"Reference ligand (train+test, pose-weighted)",C=N,1.525,1.53,0,0.0
"Reference ligand (train+test, pose-weighted)",C=N,1.53,1.535,4,0.0172
"Reference ligand (train+test, pose-weighted)",C=N,1.535,1.54,2,0.0086
"Reference ligand (train+test, pose-weighted)",C=N,1.54,1.545,0,0.0
"Reference ligand (train+test, pose-weighted)",C=N,1.545,1.55,0,0.0
"Reference ligand (train+test, pose-weighted)",C=N,1.55,1.555,0,0.0
"Reference ligand (train+test, pose-weighted)",C=N,1.555,1.56,1,0.0043
"Reference ligand (train+test, pose-weighted)",C=N,1.56,1.565,0,0.0
"Reference ligand (train+test, pose-weighted)",C=N,1.565,1.57,0,0.0
"Reference ligand (train+test, pose-weighted)",C=N,1.57,1.575,0,0.0
"Reference ligand (train+test, pose-weighted)",C=N,1.575,1.58,1,0.0043
"Reference ligand (train+test, pose-weighted)",C=N,1.58,1.585,0,0.0
"Reference ligand (train+test, pose-weighted)",C=N,1.585,1.59,0,0.0
"Reference ligand (train+test, pose-weighted)",C=N,1.59,1.595,0,0.0
"Reference ligand (train+test, pose-weighted)",C=N,1.595,1.6,0,0.0
"Reference ligand (train+test, pose-weighted)",C=N,1.6,1.605,0,0.0
"Reference ligand (train+test, pose-weighted)",C=N,1.605,1.61,0,0.0
"Reference ligand (train+test, pose-weighted)",C=N,1.61,1.615,0,0.0
"Reference ligand (train+test, pose-weighted)",C=N,1.615,1.62,0,0.0
"Reference ligand (train+test, pose-weighted)",C=N,1.62,1.625,0,0.0
"Reference ligand (train+test, pose-weighted)",C=N,1.625,1.63,0,0.0
"Reference ligand (train+test, pose-weighted)",C=N,1.63,1.635,0,0.0
"Reference ligand (train+test, pose-weighted)",C=N,1.635,1.64,0,0.0
"Reference ligand (train+test, pose-weighted)",C=N,1.64,1.645,0,0.0
"Reference ligand (train+test, pose-weighted)",C=N,1.645,1.65,0,0.0
"Reference ligand (train+test, pose-weighted)",C=N,1.65,1.655,0,0.0
"Reference ligand (train+test, pose-weighted)",C=N,1.655,1.66,0,0.0
"Reference ligand (train+test, pose-weighted)",C=N,1.66,1.665,0,0.0
"Reference ligand (train+test, pose-weighted)",C=N,1.665,1.67,0,0.0
"Reference ligand (train+test, pose-weighted)",C=N,1.67,1.675,0,0.0
"Reference ligand (train+test, pose-weighted)",C=N,1.675,1.68,0,0.0
"Reference ligand (train+test, pose-weighted)",C=N,1.68,1.685,0,0.0
"Reference ligand (train+test, pose-weighted)",C=N,1.685,1.69,0,0.0
"Reference ligand (train+test, pose-weighted)",C=N,1.69,inf,0,0.0
"Reference ligand (train+test, pose-weighted)",C-O,-inf,1.1,119,0.0478
"Reference ligand (train+test, pose-weighted)",C-O,1.1,1.105,11,0.0044
"Reference ligand (train+test, pose-weighted)",C-O,1.105,1.11,16,0.0064
"Reference ligand (train+test, pose-weighted)",C-O,1.11,1.115,0,0.0
"Reference ligand (train+test, pose-weighted)",C-O,1.115,1.12,0,0.0
"Reference ligand (train+test, pose-weighted)",C-O,1.12,1.125,16,0.0064
"Reference ligand (train+test, pose-weighted)",C-O,1.125,1.13,1,0.0004
"Reference ligand (train+test, pose-weighted)",C-O,1.13,1.135,2,0.0008
"Reference ligand (train+test, pose-weighted)",C-O,1.135,1.14,5,0.002
"Reference ligand (train+test, pose-weighted)",C-O,1.14,1.145,11,0.0044
"Reference ligand (train+test, pose-weighted)",C-O,1.145,1.15,8,0.0032
"Reference ligand (train+test, pose-weighted)",C-O,1.15,1.155,8,0.0032
"Reference ligand (train+test, pose-weighted)",C-O,1.155,1.16,0,0.0
"Reference ligand (train+test, pose-weighted)",C-O,1.16,1.165,4,0.0016
"Reference ligand (train+test, pose-weighted)",C-O,1.165,1.17,15,0.006
"Reference ligand (train+test, pose-weighted)",C-O,1.17,1.175,95,0.0382
"Reference ligand (train+test, pose-weighted)",C-O,1.175,1.18,101,0.0406
"Reference ligand (train+test, pose-weighted)",C-O,1.18,1.185,126,0.0506
"Reference ligand (train+test, pose-weighted)",C-O,1.185,1.19,270,0.1085
"Reference ligand (train+test, pose-weighted)",C-O,1.19,1.195,221,0.0888
"Reference ligand (train+test, pose-weighted)",C-O,1.195,1.2,311,0.125
"Reference ligand (train+test, pose-weighted)",C-O,1.2,1.205,196,0.0788
"Reference ligand (train+test, pose-weighted)",C-O,1.205,1.21,334,0.1342
"Reference ligand (train+test, pose-weighted)",C-O,1.21,1.215,495,0.1989
"Reference ligand (train+test, pose-weighted)",C-O,1.215,1.22,695,0.2793
"Reference ligand (train+test, pose-weighted)",C-O,1.22,1.225,971,0.3903
"Reference ligand (train+test, pose-weighted)",C-O,1.225,1.23,900,0.3617
"Reference ligand (train+test, pose-weighted)",C-O,1.23,1.235,1061,0.4264
"Reference ligand (train+test, pose-weighted)",C-O,1.235,1.24,1100,0.4421
"Reference ligand (train+test, pose-weighted)",C-O,1.24,1.245,1599,0.6426
"Reference ligand (train+test, pose-weighted)",C-O,1.245,1.25,3429,1.3781
"Reference ligand (train+test, pose-weighted)",C-O,1.25,1.255,3940,1.5835
"Reference ligand (train+test, pose-weighted)",C-O,1.255,1.26,2877,1.1563
"Reference ligand (train+test, pose-weighted)",C-O,1.26,1.265,2265,0.9103
"Reference ligand (train+test, pose-weighted)",C-O,1.265,1.27,1252,0.5032
"Reference ligand (train+test, pose-weighted)",C-O,1.27,1.275,697,0.2801
"Reference ligand (train+test, pose-weighted)",C-O,1.275,1.28,648,0.2604
"Reference ligand (train+test, pose-weighted)",C-O,1.28,1.285,485,0.1949
"Reference ligand (train+test, pose-weighted)",C-O,1.285,1.29,518,0.2082
"Reference ligand (train+test, pose-weighted)",C-O,1.29,1.295,349,0.1403
"Reference ligand (train+test, pose-weighted)",C-O,1.295,1.3,500,0.201
"Reference ligand (train+test, pose-weighted)",C-O,1.3,1.305,495,0.1989
"Reference ligand (train+test, pose-weighted)",C-O,1.305,1.31,609,0.2448
"Reference ligand (train+test, pose-weighted)",C-O,1.31,1.315,602,0.2419
"Reference ligand (train+test, pose-weighted)",C-O,1.315,1.32,527,0.2118
"Reference ligand (train+test, pose-weighted)",C-O,1.32,1.325,553,0.2223
"Reference ligand (train+test, pose-weighted)",C-O,1.325,1.33,1150,0.4622
"Reference ligand (train+test, pose-weighted)",C-O,1.33,1.335,1432,0.5755
"Reference ligand (train+test, pose-weighted)",C-O,1.335,1.34,1554,0.6246
"Reference ligand (train+test, pose-weighted)",C-O,1.34,1.345,1823,0.7327
"Reference ligand (train+test, pose-weighted)",C-O,1.345,1.35,2302,0.9252
"Reference ligand (train+test, pose-weighted)",C-O,1.35,1.355,2715,1.0912
"Reference ligand (train+test, pose-weighted)",C-O,1.355,1.36,4640,1.8648
"Reference ligand (train+test, pose-weighted)",C-O,1.36,1.365,5757,2.3138
"Reference ligand (train+test, pose-weighted)",C-O,1.365,1.37,6030,2.4235
"Reference ligand (train+test, pose-weighted)",C-O,1.37,1.375,6345,2.5501
"Reference ligand (train+test, pose-weighted)",C-O,1.375,1.38,5443,2.1876
"Reference ligand (train+test, pose-weighted)",C-O,1.38,1.385,5318,2.1373
"Reference ligand (train+test, pose-weighted)",C-O,1.385,1.39,4589,1.8443
"Reference ligand (train+test, pose-weighted)",C-O,1.39,1.395,4128,1.6591
"Reference ligand (train+test, pose-weighted)",C-O,1.395,1.4,5645,2.2688
"Reference ligand (train+test, pose-weighted)",C-O,1.4,1.405,6169,2.4794
"Reference ligand (train+test, pose-weighted)",C-O,1.405,1.41,7564,3.04
"Reference ligand (train+test, pose-weighted)",C-O,1.41,1.415,9570,3.8462
"Reference ligand (train+test, pose-weighted)",C-O,1.415,1.42,12670,5.0922
"Reference ligand (train+test, pose-weighted)",C-O,1.42,1.425,16842,6.7689
"Reference ligand (train+test, pose-weighted)",C-O,1.425,1.43,21953,8.8231
"Reference ligand (train+test, pose-weighted)",C-O,1.43,1.435,22546,9.0614
"Reference ligand (train+test, pose-weighted)",C-O,1.435,1.44,16370,6.5792
"Reference ligand (train+test, pose-weighted)",C-O,1.44,1.445,11322,4.5504
"Reference ligand (train+test, pose-weighted)",C-O,1.445,1.45,8598,3.4556
"Reference ligand (train+test, pose-weighted)",C-O,1.45,1.455,7033,2.8266
"Reference ligand (train+test, pose-weighted)",C-O,1.455,1.46,4739,1.9046
"Reference ligand (train+test, pose-weighted)",C-O,1.46,1.465,3681,1.4794
"Reference ligand (train+test, pose-weighted)",C-O,1.465,1.47,2562,1.0297
"Reference ligand (train+test, pose-weighted)",C-O,1.47,1.475,2092,0.8408
"Reference ligand (train+test, pose-weighted)",C-O,1.475,1.48,1631,0.6555
"Reference ligand (train+test, pose-weighted)",C-O,1.48,1.485,1163,0.4674
"Reference ligand (train+test, pose-weighted)",C-O,1.485,1.49,957,0.3846
"Reference ligand (train+test, pose-weighted)",C-O,1.49,1.495,611,0.2456
"Reference ligand (train+test, pose-weighted)",C-O,1.495,1.5,544,0.2186
"Reference ligand (train+test, pose-weighted)",C-O,1.5,1.505,469,0.1885
"Reference ligand (train+test, pose-weighted)",C-O,1.505,1.51,306,0.123
"Reference ligand (train+test, pose-weighted)",C-O,1.51,1.515,329,0.1322
"Reference ligand (train+test, pose-weighted)",C-O,1.515,1.52,192,0.0772
"Reference ligand (train+test, pose-weighted)",C-O,1.52,1.525,207,0.0832
"Reference ligand (train+test, pose-weighted)",C-O,1.525,1.53,118,0.0474
"Reference ligand (train+test, pose-weighted)",C-O,1.53,1.535,89,0.0358
"Reference ligand (train+test, pose-weighted)",C-O,1.535,1.54,173,0.0695
"Reference ligand (train+test, pose-weighted)",C-O,1.54,1.545,83,0.0334
"Reference ligand (train+test, pose-weighted)",C-O,1.545,1.55,69,0.0277
"Reference ligand (train+test, pose-weighted)",C-O,1.55,1.555,93,0.0374
"Reference ligand (train+test, pose-weighted)",C-O,1.555,1.56,125,0.0502
"Reference ligand (train+test, pose-weighted)",C-O,1.56,1.565,22,0.0088
"Reference ligand (train+test, pose-weighted)",C-O,1.565,1.57,28,0.0113
"Reference ligand (train+test, pose-weighted)",C-O,1.57,1.575,39,0.0157
"Reference ligand (train+test, pose-weighted)",C-O,1.575,1.58,19,0.0076
"Reference ligand (train+test, pose-weighted)",C-O,1.58,1.585,17,0.0068
"Reference ligand (train+test, pose-weighted)",C-O,1.585,1.59,52,0.0209
"Reference ligand (train+test, pose-weighted)",C-O,1.59,1.595,42,0.0169
"Reference ligand (train+test, pose-weighted)",C-O,1.595,1.6,32,0.0129
"Reference ligand (train+test, pose-weighted)",C-O,1.6,1.605,17,0.0068
"Reference ligand (train+test, pose-weighted)",C-O,1.605,1.61,36,0.0145
"Reference ligand (train+test, pose-weighted)",C-O,1.61,1.615,56,0.0225
"Reference ligand (train+test, pose-weighted)",C-O,1.615,1.62,25,0.01
"Reference ligand (train+test, pose-weighted)",C-O,1.62,1.625,3,0.0012
"Reference ligand (train+test, pose-weighted)",C-O,1.625,1.63,9,0.0036
"Reference ligand (train+test, pose-weighted)",C-O,1.63,1.635,0,0.0
"Reference ligand (train+test, pose-weighted)",C-O,1.635,1.64,5,0.002
"Reference ligand (train+test, pose-weighted)",C-O,1.64,1.645,27,0.0109
"Reference ligand (train+test, pose-weighted)",C-O,1.645,1.65,17,0.0068
"Reference ligand (train+test, pose-weighted)",C-O,1.65,1.655,1,0.0004
"Reference ligand (train+test, pose-weighted)",C-O,1.655,1.66,8,0.0032
"Reference ligand (train+test, pose-weighted)",C-O,1.66,1.665,10,0.004
"Reference ligand (train+test, pose-weighted)",C-O,1.665,1.67,26,0.0104
"Reference ligand (train+test, pose-weighted)",C-O,1.67,1.675,0,0.0
"Reference ligand (train+test, pose-weighted)",C-O,1.675,1.68,22,0.0088
"Reference ligand (train+test, pose-weighted)",C-O,1.68,1.685,1,0.0004
"Reference ligand (train+test, pose-weighted)",C-O,1.685,1.69,12,0.0048
"Reference ligand (train+test, pose-weighted)",C-O,1.69,inf,110,0.0442
"Reference ligand (train+test, pose-weighted)",C=O,-inf,1.1,39,0.0385
"Reference ligand (train+test, pose-weighted)",C=O,1.1,1.105,0,0.0
"Reference ligand (train+test, pose-weighted)",C=O,1.105,1.11,1,0.001
"Reference ligand (train+test, pose-weighted)",C=O,1.11,1.115,9,0.0089
"Reference ligand (train+test, pose-weighted)",C=O,1.115,1.12,7,0.0069
"Reference ligand (train+test, pose-weighted)",C=O,1.12,1.125,25,0.0247
"Reference ligand (train+test, pose-weighted)",C=O,1.125,1.13,38,0.0375
"Reference ligand (train+test, pose-weighted)",C=O,1.13,1.135,32,0.0316
"Reference ligand (train+test, pose-weighted)",C=O,1.135,1.14,9,0.0089
"Reference ligand (train+test, pose-weighted)",C=O,1.14,1.145,48,0.0474
"Reference ligand (train+test, pose-weighted)",C=O,1.145,1.15,72,0.0711
"Reference ligand (train+test, pose-weighted)",C=O,1.15,1.155,19,0.0188
"Reference ligand (train+test, pose-weighted)",C=O,1.155,1.16,85,0.084
"Reference ligand (train+test, pose-weighted)",C=O,1.16,1.165,132,0.1304
"Reference ligand (train+test, pose-weighted)",C=O,1.165,1.17,86,0.0849
"Reference ligand (train+test, pose-weighted)",C=O,1.17,1.175,150,0.1482
"Reference ligand (train+test, pose-weighted)",C=O,1.175,1.18,339,0.3348
"Reference ligand (train+test, pose-weighted)",C=O,1.18,1.185,406,0.401
"Reference ligand (train+test, pose-weighted)",C=O,1.185,1.19,865,0.8544
"Reference ligand (train+test, pose-weighted)",C=O,1.19,1.195,1070,1.0569
"Reference ligand (train+test, pose-weighted)",C=O,1.195,1.2,906,0.8949
"Reference ligand (train+test, pose-weighted)",C=O,1.2,1.205,1340,1.3236
"Reference ligand (train+test, pose-weighted)",C=O,1.205,1.21,2465,2.4348
"Reference ligand (train+test, pose-weighted)",C=O,1.21,1.215,4124,4.0735
"Reference ligand (train+test, pose-weighted)",C=O,1.215,1.22,7840,7.744
"Reference ligand (train+test, pose-weighted)",C=O,1.22,1.225,11941,11.7947
"Reference ligand (train+test, pose-weighted)",C=O,1.225,1.23,13020,12.8605
"Reference ligand (train+test, pose-weighted)",C=O,1.23,1.235,11538,11.3967
"Reference ligand (train+test, pose-weighted)",C=O,1.235,1.24,6440,6.3611
"Reference ligand (train+test, pose-weighted)",C=O,1.24,1.245,5382,5.3161
"Reference ligand (train+test, pose-weighted)",C=O,1.245,1.25,6191,6.1152
"Reference ligand (train+test, pose-weighted)",C=O,1.25,1.255,6309,6.2317
"Reference ligand (train+test, pose-weighted)",C=O,1.255,1.26,4636,4.5792
"Reference ligand (train+test, pose-weighted)",C=O,1.26,1.265,3050,3.0126
"Reference ligand (train+test, pose-weighted)",C=O,1.265,1.27,2007,1.9824
"Reference ligand (train+test, pose-weighted)",C=O,1.27,1.275,1269,1.2535
"Reference ligand (train+test, pose-weighted)",C=O,1.275,1.28,764,0.7546
"Reference ligand (train+test, pose-weighted)",C=O,1.28,1.285,680,0.6717
"Reference ligand (train+test, pose-weighted)",C=O,1.285,1.29,544,0.5373
"Reference ligand (train+test, pose-weighted)",C=O,1.29,1.295,430,0.4247
"Reference ligand (train+test, pose-weighted)",C=O,1.295,1.3,420,0.4149
"Reference ligand (train+test, pose-weighted)",C=O,1.3,1.305,485,0.4791
"Reference ligand (train+test, pose-weighted)",C=O,1.305,1.31,260,0.2568
"Reference ligand (train+test, pose-weighted)",C=O,1.31,1.315,291,0.2874
"Reference ligand (train+test, pose-weighted)",C=O,1.315,1.32,329,0.325
"Reference ligand (train+test, pose-weighted)",C=O,1.32,1.325,254,0.2509
"Reference ligand (train+test, pose-weighted)",C=O,1.325,1.33,279,0.2756
"Reference ligand (train+test, pose-weighted)",C=O,1.33,1.335,280,0.2766
"Reference ligand (train+test, pose-weighted)",C=O,1.335,1.34,311,0.3072
"Reference ligand (train+test, pose-weighted)",C=O,1.34,1.345,397,0.3921
"Reference ligand (train+test, pose-weighted)",C=O,1.345,1.35,414,0.4089
"Reference ligand (train+test, pose-weighted)",C=O,1.35,1.355,394,0.3892
"Reference ligand (train+test, pose-weighted)",C=O,1.355,1.36,398,0.3931
"Reference ligand (train+test, pose-weighted)",C=O,1.36,1.365,377,0.3724
"Reference ligand (train+test, pose-weighted)",C=O,1.365,1.37,333,0.3289
"Reference ligand (train+test, pose-weighted)",C=O,1.37,1.375,291,0.2874
"Reference ligand (train+test, pose-weighted)",C=O,1.375,1.38,121,0.1195
"Reference ligand (train+test, pose-weighted)",C=O,1.38,1.385,110,0.1087
"Reference ligand (train+test, pose-weighted)",C=O,1.385,1.39,200,0.1976
"Reference ligand (train+test, pose-weighted)",C=O,1.39,1.395,124,0.1225
"Reference ligand (train+test, pose-weighted)",C=O,1.395,1.4,166,0.164
"Reference ligand (train+test, pose-weighted)",C=O,1.4,1.405,114,0.1126
"Reference ligand (train+test, pose-weighted)",C=O,1.405,1.41,54,0.0533
"Reference ligand (train+test, pose-weighted)",C=O,1.41,1.415,70,0.0691
"Reference ligand (train+test, pose-weighted)",C=O,1.415,1.42,51,0.0504
"Reference ligand (train+test, pose-weighted)",C=O,1.42,1.425,41,0.0405
"Reference ligand (train+test, pose-weighted)",C=O,1.425,1.43,43,0.0425
"Reference ligand (train+test, pose-weighted)",C=O,1.43,1.435,56,0.0553
"Reference ligand (train+test, pose-weighted)",C=O,1.435,1.44,34,0.0336
"Reference ligand (train+test, pose-weighted)",C=O,1.44,1.445,62,0.0612
"Reference ligand (train+test, pose-weighted)",C=O,1.445,1.45,31,0.0306
"Reference ligand (train+test, pose-weighted)",C=O,1.45,1.455,24,0.0237
"Reference ligand (train+test, pose-weighted)",C=O,1.455,1.46,26,0.0257
"Reference ligand (train+test, pose-weighted)",C=O,1.46,1.465,11,0.0109
"Reference ligand (train+test, pose-weighted)",C=O,1.465,1.47,15,0.0148
"Reference ligand (train+test, pose-weighted)",C=O,1.47,1.475,2,0.002
"Reference ligand (train+test, pose-weighted)",C=O,1.475,1.48,11,0.0109
"Reference ligand (train+test, pose-weighted)",C=O,1.48,1.485,0,0.0
"Reference ligand (train+test, pose-weighted)",C=O,1.485,1.49,0,0.0
"Reference ligand (train+test, pose-weighted)",C=O,1.49,1.495,0,0.0
"Reference ligand (train+test, pose-weighted)",C=O,1.495,1.5,36,0.0356
"Reference ligand (train+test, pose-weighted)",C=O,1.5,1.505,0,0.0
"Reference ligand (train+test, pose-weighted)",C=O,1.505,1.51,1,0.001
"Reference ligand (train+test, pose-weighted)",C=O,1.51,1.515,0,0.0
"Reference ligand (train+test, pose-weighted)",C=O,1.515,1.52,0,0.0
"Reference ligand (train+test, pose-weighted)",C=O,1.52,1.525,0,0.0
"Reference ligand (train+test, pose-weighted)",C=O,1.525,1.53,1,0.001
"Reference ligand (train+test, pose-weighted)",C=O,1.53,1.535,0,0.0
"Reference ligand (train+test, pose-weighted)",C=O,1.535,1.54,0,0.0
"Reference ligand (train+test, pose-weighted)",C=O,1.54,1.545,0,0.0
"Reference ligand (train+test, pose-weighted)",C=O,1.545,1.55,0,0.0
"Reference ligand (train+test, pose-weighted)",C=O,1.55,1.555,0,0.0
"Reference ligand (train+test, pose-weighted)",C=O,1.555,1.56,0,0.0
"Reference ligand (train+test, pose-weighted)",C=O,1.56,1.565,0,0.0
"Reference ligand (train+test, pose-weighted)",C=O,1.565,1.57,0,0.0
"Reference ligand (train+test, pose-weighted)",C=O,1.57,1.575,0,0.0
"Reference ligand (train+test, pose-weighted)",C=O,1.575,1.58,0,0.0
"Reference ligand (train+test, pose-weighted)",C=O,1.58,1.585,0,0.0
"Reference ligand (train+test, pose-weighted)",C=O,1.585,1.59,0,0.0
"Reference ligand (train+test, pose-weighted)",C=O,1.59,1.595,0,0.0
"Reference ligand (train+test, pose-weighted)",C=O,1.595,1.6,0,0.0
"Reference ligand (train+test, pose-weighted)",C=O,1.6,1.605,0,0.0
"Reference ligand (train+test, pose-weighted)",C=O,1.605,1.61,10,0.0099
"Reference ligand (train+test, pose-weighted)",C=O,1.61,1.615,0,0.0
"Reference ligand (train+test, pose-weighted)",C=O,1.615,1.62,0,0.0
"Reference ligand (train+test, pose-weighted)",C=O,1.62,1.625,0,0.0
"Reference ligand (train+test, pose-weighted)",C=O,1.625,1.63,0,0.0
"Reference ligand (train+test, pose-weighted)",C=O,1.63,1.635,0,0.0
"Reference ligand (train+test, pose-weighted)",C=O,1.635,1.64,0,0.0
"Reference ligand (train+test, pose-weighted)",C=O,1.64,1.645,0,0.0
"Reference ligand (train+test, pose-weighted)",C=O,1.645,1.65,0,0.0
"Reference ligand (train+test, pose-weighted)",C=O,1.65,1.655,0,0.0
"Reference ligand (train+test, pose-weighted)",C=O,1.655,1.66,0,0.0
"Reference ligand (train+test, pose-weighted)",C=O,1.66,1.665,0,0.0
"Reference ligand (train+test, pose-weighted)",C=O,1.665,1.67,0,0.0
"Reference ligand (train+test, pose-weighted)",C=O,1.67,1.675,0,0.0
"Reference ligand (train+test, pose-weighted)",C=O,1.675,1.68,0,0.0
"Reference ligand (train+test, pose-weighted)",C=O,1.68,1.685,5,0.0049
"Reference ligand (train+test, pose-weighted)",C=O,1.685,1.69,0,0.0
"Reference ligand (train+test, pose-weighted)",C=O,1.69,inf,0,0.0
"Reference ligand (train+test, pose-weighted)",C:C,-inf,1.1,0,0.0
"Reference ligand (train+test, pose-weighted)",C:C,1.1,1.105,0,0.0
"Reference ligand (train+test, pose-weighted)",C:C,1.105,1.11,0,0.0
"Reference ligand (train+test, pose-weighted)",C:C,1.11,1.115,0,0.0
"Reference ligand (train+test, pose-weighted)",C:C,1.115,1.12,0,0.0
"Reference ligand (train+test, pose-weighted)",C:C,1.12,1.125,0,0.0
"Reference ligand (train+test, pose-weighted)",C:C,1.125,1.13,0,0.0
"Reference ligand (train+test, pose-weighted)",C:C,1.13,1.135,0,0.0
"Reference ligand (train+test, pose-weighted)",C:C,1.135,1.14,0,0.0
"Reference ligand (train+test, pose-weighted)",C:C,1.14,1.145,1,0.0001
"Reference ligand (train+test, pose-weighted)",C:C,1.145,1.15,0,0.0
"Reference ligand (train+test, pose-weighted)",C:C,1.15,1.155,0,0.0
"Reference ligand (train+test, pose-weighted)",C:C,1.155,1.16,0,0.0
"Reference ligand (train+test, pose-weighted)",C:C,1.16,1.165,0,0.0
"Reference ligand (train+test, pose-weighted)",C:C,1.165,1.17,0,0.0
"Reference ligand (train+test, pose-weighted)",C:C,1.17,1.175,0,0.0
"Reference ligand (train+test, pose-weighted)",C:C,1.175,1.18,15,0.002
"Reference ligand (train+test, pose-weighted)",C:C,1.18,1.185,1,0.0001
"Reference ligand (train+test, pose-weighted)",C:C,1.185,1.19,0,0.0
"Reference ligand (train+test, pose-weighted)",C:C,1.19,1.195,0,0.0
"Reference ligand (train+test, pose-weighted)",C:C,1.195,1.2,0,0.0
"Reference ligand (train+test, pose-weighted)",C:C,1.2,1.205,0,0.0
"Reference ligand (train+test, pose-weighted)",C:C,1.205,1.21,0,0.0
"Reference ligand (train+test, pose-weighted)",C:C,1.21,1.215,68,0.0092
"Reference ligand (train+test, pose-weighted)",C:C,1.215,1.22,0,0.0
"Reference ligand (train+test, pose-weighted)",C:C,1.22,1.225,3,0.0004
"Reference ligand (train+test, pose-weighted)",C:C,1.225,1.23,0,0.0
"Reference ligand (train+test, pose-weighted)",C:C,1.23,1.235,9,0.0012
"Reference ligand (train+test, pose-weighted)",C:C,1.235,1.24,0,0.0
"Reference ligand (train+test, pose-weighted)",C:C,1.24,1.245,3,0.0004
"Reference ligand (train+test, pose-weighted)",C:C,1.245,1.25,2,0.0003
"Reference ligand (train+test, pose-weighted)",C:C,1.25,1.255,7,0.001
"Reference ligand (train+test, pose-weighted)",C:C,1.255,1.26,13,0.0018
"Reference ligand (train+test, pose-weighted)",C:C,1.26,1.265,17,0.0023
"Reference ligand (train+test, pose-weighted)",C:C,1.265,1.27,94,0.0128
"Reference ligand (train+test, pose-weighted)",C:C,1.27,1.275,87,0.0118
"Reference ligand (train+test, pose-weighted)",C:C,1.275,1.28,33,0.0045
"Reference ligand (train+test, pose-weighted)",C:C,1.28,1.285,145,0.0197
"Reference ligand (train+test, pose-weighted)",C:C,1.285,1.29,164,0.0223
"Reference ligand (train+test, pose-weighted)",C:C,1.29,1.295,184,0.025
"Reference ligand (train+test, pose-weighted)",C:C,1.295,1.3,122,0.0166
"Reference ligand (train+test, pose-weighted)",C:C,1.3,1.305,147,0.02
"Reference ligand (train+test, pose-weighted)",C:C,1.305,1.31,252,0.0343
"Reference ligand (train+test, pose-weighted)",C:C,1.31,1.315,428,0.0582
"Reference ligand (train+test, pose-weighted)",C:C,1.315,1.32,595,0.0809
"Reference ligand (train+test, pose-weighted)",C:C,1.32,1.325,983,0.1336
"Reference ligand (train+test, pose-weighted)",C:C,1.325,1.33,1676,0.2278
"Reference ligand (train+test, pose-weighted)",C:C,1.33,1.335,2376,0.323
"Reference ligand (train+test, pose-weighted)",C:C,1.335,1.34,3260,0.4432
"Reference ligand (train+test, pose-weighted)",C:C,1.34,1.345,4038,0.549
"Reference ligand (train+test, pose-weighted)",C:C,1.345,1.35,3978,0.5408
"Reference ligand (train+test, pose-weighted)",C:C,1.35,1.355,4549,0.6184
"Reference ligand (train+test, pose-weighted)",C:C,1.355,1.36,5965,0.8109
"Reference ligand (train+test, pose-weighted)",C:C,1.36,1.365,8990,1.2222
"Reference ligand (train+test, pose-weighted)",C:C,1.365,1.37,11659,1.585
"Reference ligand (train+test, pose-weighted)",C:C,1.37,1.375,19775,2.6884
"Reference ligand (train+test, pose-weighted)",C:C,1.375,1.38,40680,5.5304
"Reference ligand (train+test, pose-weighted)",C:C,1.38,1.385,59455,8.0828
"Reference ligand (train+test, pose-weighted)",C:C,1.385,1.39,82026,11.1513
"Reference ligand (train+test, pose-weighted)",C:C,1.39,1.395,99089,13.471
"Reference ligand (train+test, pose-weighted)",C:C,1.395,1.4,79854,10.856
"Reference ligand (train+test, pose-weighted)",C:C,1.4,1.405,60068,8.1661
"Reference ligand (train+test, pose-weighted)",C:C,1.405,1.41,47715,6.4868
"Reference ligand (train+test, pose-weighted)",C:C,1.41,1.415,37688,5.1236
"Reference ligand (train+test, pose-weighted)",C:C,1.415,1.42,28846,3.9216
"Reference ligand (train+test, pose-weighted)",C:C,1.42,1.425,21413,2.9111
"Reference ligand (train+test, pose-weighted)",C:C,1.425,1.43,16107,2.1897
"Reference ligand (train+test, pose-weighted)",C:C,1.43,1.435,12755,1.734
"Reference ligand (train+test, pose-weighted)",C:C,1.435,1.44,10520,1.4302
"Reference ligand (train+test, pose-weighted)",C:C,1.44,1.445,8191,1.1136
"Reference ligand (train+test, pose-weighted)",C:C,1.445,1.45,7067,0.9607
"Reference ligand (train+test, pose-weighted)",C:C,1.45,1.455,6095,0.8286
"Reference ligand (train+test, pose-weighted)",C:C,1.455,1.46,5945,0.8082
"Reference ligand (train+test, pose-weighted)",C:C,1.46,1.465,5820,0.7912
"Reference ligand (train+test, pose-weighted)",C:C,1.465,1.47,5933,0.8066
"Reference ligand (train+test, pose-weighted)",C:C,1.47,1.475,5329,0.7245
"Reference ligand (train+test, pose-weighted)",C:C,1.475,1.48,4438,0.6033
"Reference ligand (train+test, pose-weighted)",C:C,1.48,1.485,4160,0.5655
"Reference ligand (train+test, pose-weighted)",C:C,1.485,1.49,2828,0.3845
"Reference ligand (train+test, pose-weighted)",C:C,1.49,1.495,2502,0.3401
"Reference ligand (train+test, pose-weighted)",C:C,1.495,1.5,2268,0.3083
"Reference ligand (train+test, pose-weighted)",C:C,1.5,1.505,1610,0.2189
"Reference ligand (train+test, pose-weighted)",C:C,1.505,1.51,1010,0.1373
"Reference ligand (train+test, pose-weighted)",C:C,1.51,1.515,824,0.112
"Reference ligand (train+test, pose-weighted)",C:C,1.515,1.52,936,0.1272
"Reference ligand (train+test, pose-weighted)",C:C,1.52,1.525,900,0.1224
"Reference ligand (train+test, pose-weighted)",C:C,1.525,1.53,941,0.1279
"Reference ligand (train+test, pose-weighted)",C:C,1.53,1.535,583,0.0793
"Reference ligand (train+test, pose-weighted)",C:C,1.535,1.54,388,0.0527
"Reference ligand (train+test, pose-weighted)",C:C,1.54,1.545,407,0.0553
"Reference ligand (train+test, pose-weighted)",C:C,1.545,1.55,334,0.0454
"Reference ligand (train+test, pose-weighted)",C:C,1.55,1.555,331,0.045
"Reference ligand (train+test, pose-weighted)",C:C,1.555,1.56,128,0.0174
"Reference ligand (train+test, pose-weighted)",C:C,1.56,1.565,82,0.0111
"Reference ligand (train+test, pose-weighted)",C:C,1.565,1.57,44,0.006
"Reference ligand (train+test, pose-weighted)",C:C,1.57,1.575,143,0.0194
"Reference ligand (train+test, pose-weighted)",C:C,1.575,1.58,53,0.0072
"Reference ligand (train+test, pose-weighted)",C:C,1.58,1.585,4,0.0005
"Reference ligand (train+test, pose-weighted)",C:C,1.585,1.59,19,0.0026
"Reference ligand (train+test, pose-weighted)",C:C,1.59,1.595,31,0.0042
"Reference ligand (train+test, pose-weighted)",C:C,1.595,1.6,6,0.0008
"Reference ligand (train+test, pose-weighted)",C:C,1.6,1.605,54,0.0073
"Reference ligand (train+test, pose-weighted)",C:C,1.605,1.61,114,0.0155
"Reference ligand (train+test, pose-weighted)",C:C,1.61,1.615,13,0.0018
"Reference ligand (train+test, pose-weighted)",C:C,1.615,1.62,9,0.0012
"Reference ligand (train+test, pose-weighted)",C:C,1.62,1.625,42,0.0057
"Reference ligand (train+test, pose-weighted)",C:C,1.625,1.63,10,0.0014
"Reference ligand (train+test, pose-weighted)",C:C,1.63,1.635,32,0.0044
"Reference ligand (train+test, pose-weighted)",C:C,1.635,1.64,17,0.0023
"Reference ligand (train+test, pose-weighted)",C:C,1.64,1.645,6,0.0008
"Reference ligand (train+test, pose-weighted)",C:C,1.645,1.65,0,0.0
"Reference ligand (train+test, pose-weighted)",C:C,1.65,1.655,3,0.0004
"Reference ligand (train+test, pose-weighted)",C:C,1.655,1.66,16,0.0022
"Reference ligand (train+test, pose-weighted)",C:C,1.66,1.665,1,0.0001
"Reference ligand (train+test, pose-weighted)",C:C,1.665,1.67,0,0.0
"Reference ligand (train+test, pose-weighted)",C:C,1.67,1.675,0,0.0
"Reference ligand (train+test, pose-weighted)",C:C,1.675,1.68,3,0.0004
"Reference ligand (train+test, pose-weighted)",C:C,1.68,1.685,6,0.0008
"Reference ligand (train+test, pose-weighted)",C:C,1.685,1.69,13,0.0018
"Reference ligand (train+test, pose-weighted)",C:C,1.69,inf,31,0.0042
"Reference ligand (train+test, pose-weighted)",C:N,-inf,1.1,2,0.0009
"Reference ligand (train+test, pose-weighted)",C:N,1.1,1.105,0,0.0
"Reference ligand (train+test, pose-weighted)",C:N,1.105,1.11,2,0.0009
"Reference ligand (train+test, pose-weighted)",C:N,1.11,1.115,0,0.0
"Reference ligand (train+test, pose-weighted)",C:N,1.115,1.12,0,0.0
"Reference ligand (train+test, pose-weighted)",C:N,1.12,1.125,0,0.0
"Reference ligand (train+test, pose-weighted)",C:N,1.125,1.13,0,0.0
"Reference ligand (train+test, pose-weighted)",C:N,1.13,1.135,0,0.0
"Reference ligand (train+test, pose-weighted)",C:N,1.135,1.14,0,0.0
"Reference ligand (train+test, pose-weighted)",C:N,1.14,1.145,0,0.0
"Reference ligand (train+test, pose-weighted)",C:N,1.145,1.15,0,0.0
"Reference ligand (train+test, pose-weighted)",C:N,1.15,1.155,0,0.0
"Reference ligand (train+test, pose-weighted)",C:N,1.155,1.16,7,0.0032
"Reference ligand (train+test, pose-weighted)",C:N,1.16,1.165,0,0.0
"Reference ligand (train+test, pose-weighted)",C:N,1.165,1.17,0,0.0
"Reference ligand (train+test, pose-weighted)",C:N,1.17,1.175,0,0.0
"Reference ligand (train+test, pose-weighted)",C:N,1.175,1.18,0,0.0
"Reference ligand (train+test, pose-weighted)",C:N,1.18,1.185,0,0.0
"Reference ligand (train+test, pose-weighted)",C:N,1.185,1.19,2,0.0009
"Reference ligand (train+test, pose-weighted)",C:N,1.19,1.195,2,0.0009
"Reference ligand (train+test, pose-weighted)",C:N,1.195,1.2,20,0.0091
"Reference ligand (train+test, pose-weighted)",C:N,1.2,1.205,33,0.015
"Reference ligand (train+test, pose-weighted)",C:N,1.205,1.21,9,0.0041
"Reference ligand (train+test, pose-weighted)",C:N,1.21,1.215,0,0.0
"Reference ligand (train+test, pose-weighted)",C:N,1.215,1.22,0,0.0
"Reference ligand (train+test, pose-weighted)",C:N,1.22,1.225,3,0.0014
"Reference ligand (train+test, pose-weighted)",C:N,1.225,1.23,2,0.0009
"Reference ligand (train+test, pose-weighted)",C:N,1.23,1.235,1,0.0005
"Reference ligand (train+test, pose-weighted)",C:N,1.235,1.24,22,0.01
"Reference ligand (train+test, pose-weighted)",C:N,1.24,1.245,57,0.0258
"Reference ligand (train+test, pose-weighted)",C:N,1.245,1.25,39,0.0177
"Reference ligand (train+test, pose-weighted)",C:N,1.25,1.255,22,0.01
"Reference ligand (train+test, pose-weighted)",C:N,1.255,1.26,65,0.0294
"Reference ligand (train+test, pose-weighted)",C:N,1.26,1.265,143,0.0648
"Reference ligand (train+test, pose-weighted)",C:N,1.265,1.27,168,0.0761
"Reference ligand (train+test, pose-weighted)",C:N,1.27,1.275,173,0.0784
"Reference ligand (train+test, pose-weighted)",C:N,1.275,1.28,333,0.1509
"Reference ligand (train+test, pose-weighted)",C:N,1.28,1.285,531,0.2406
"Reference ligand (train+test, pose-weighted)",C:N,1.285,1.29,785,0.3556
"Reference ligand (train+test, pose-weighted)",C:N,1.29,1.295,1357,0.6148
"Reference ligand (train+test, pose-weighted)",C:N,1.295,1.3,1632,0.7393
"Reference ligand (train+test, pose-weighted)",C:N,1.3,1.305,2384,1.08
"Reference ligand (train+test, pose-weighted)",C:N,1.305,1.31,3301,1.4955
"Reference ligand (train+test, pose-weighted)",C:N,1.31,1.315,4164,1.8864
"Reference ligand (train+test, pose-weighted)",C:N,1.315,1.32,5248,2.3775
"Reference ligand (train+test, pose-weighted)",C:N,1.32,1.325,7581,3.4344
"Reference ligand (train+test, pose-weighted)",C:N,1.325,1.33,8750,3.964
"Reference ligand (train+test, pose-weighted)",C:N,1.33,1.335,12536,5.6792
"Reference ligand (train+test, pose-weighted)",C:N,1.335,1.34,16508,7.4787
"Reference ligand (train+test, pose-weighted)",C:N,1.34,1.345,17936,8.1256
"Reference ligand (train+test, pose-weighted)",C:N,1.345,1.35,17125,7.7582
"Reference ligand (train+test, pose-weighted)",C:N,1.35,1.355,16486,7.4687
"Reference ligand (train+test, pose-weighted)",C:N,1.355,1.36,14334,6.4938
"Reference ligand (train+test, pose-weighted)",C:N,1.36,1.365,12010,5.4409
"Reference ligand (train+test, pose-weighted)",C:N,1.365,1.37,9616,4.3564
"Reference ligand (train+test, pose-weighted)",C:N,1.37,1.375,10272,4.6535
"Reference ligand (train+test, pose-weighted)",C:N,1.375,1.38,9205,4.1702
"Reference ligand (train+test, pose-weighted)",C:N,1.38,1.385,7846,3.5545
"Reference ligand (train+test, pose-weighted)",C:N,1.385,1.39,7459,3.3792
"Reference ligand (train+test, pose-weighted)",C:N,1.39,1.395,6102,2.7644
"Reference ligand (train+test, pose-weighted)",C:N,1.395,1.4,4764,2.1582
"Reference ligand (train+test, pose-weighted)",C:N,1.4,1.405,3772,1.7088
"Reference ligand (train+test, pose-weighted)",C:N,1.405,1.41,3232,1.4642
"Reference ligand (train+test, pose-weighted)",C:N,1.41,1.415,2533,1.1475
"Reference ligand (train+test, pose-weighted)",C:N,1.415,1.42,2033,0.921
"Reference ligand (train+test, pose-weighted)",C:N,1.42,1.425,1939,0.8784
"Reference ligand (train+test, pose-weighted)",C:N,1.425,1.43,1482,0.6714
"Reference ligand (train+test, pose-weighted)",C:N,1.43,1.435,1094,0.4956
"Reference ligand (train+test, pose-weighted)",C:N,1.435,1.44,691,0.313
"Reference ligand (train+test, pose-weighted)",C:N,1.44,1.445,587,0.2659
"Reference ligand (train+test, pose-weighted)",C:N,1.445,1.45,579,0.2623
"Reference ligand (train+test, pose-weighted)",C:N,1.45,1.455,510,0.231
"Reference ligand (train+test, pose-weighted)",C:N,1.455,1.46,497,0.2252
"Reference ligand (train+test, pose-weighted)",C:N,1.46,1.465,403,0.1826
"Reference ligand (train+test, pose-weighted)",C:N,1.465,1.47,563,0.2551
"Reference ligand (train+test, pose-weighted)",C:N,1.47,1.475,436,0.1975
"Reference ligand (train+test, pose-weighted)",C:N,1.475,1.48,226,0.1024
"Reference ligand (train+test, pose-weighted)",C:N,1.48,1.485,188,0.0852
"Reference ligand (train+test, pose-weighted)",C:N,1.485,1.49,193,0.0874
"Reference ligand (train+test, pose-weighted)",C:N,1.49,1.495,169,0.0766
"Reference ligand (train+test, pose-weighted)",C:N,1.495,1.5,123,0.0557
"Reference ligand (train+test, pose-weighted)",C:N,1.5,1.505,50,0.0227
"Reference ligand (train+test, pose-weighted)",C:N,1.505,1.51,133,0.0603
"Reference ligand (train+test, pose-weighted)",C:N,1.51,1.515,39,0.0177
"Reference ligand (train+test, pose-weighted)",C:N,1.515,1.52,12,0.0054
"Reference ligand (train+test, pose-weighted)",C:N,1.52,1.525,30,0.0136
"Reference ligand (train+test, pose-weighted)",C:N,1.525,1.53,18,0.0082
"Reference ligand (train+test, pose-weighted)",C:N,1.53,1.535,2,0.0009
"Reference ligand (train+test, pose-weighted)",C:N,1.535,1.54,0,0.0
"Reference ligand (train+test, pose-weighted)",C:N,1.54,1.545,1,0.0005
"Reference ligand (train+test, pose-weighted)",C:N,1.545,1.55,17,0.0077
"Reference ligand (train+test, pose-weighted)",C:N,1.55,1.555,2,0.0009
"Reference ligand (train+test, pose-weighted)",C:N,1.555,1.56,52,0.0236
"Reference ligand (train+test, pose-weighted)",C:N,1.56,1.565,5,0.0023
"Reference ligand (train+test, pose-weighted)",C:N,1.565,1.57,2,0.0009
"Reference ligand (train+test, pose-weighted)",C:N,1.57,1.575,0,0.0
"Reference ligand (train+test, pose-weighted)",C:N,1.575,1.58,7,0.0032
"Reference ligand (train+test, pose-weighted)",C:N,1.58,1.585,0,0.0
"Reference ligand (train+test, pose-weighted)",C:N,1.585,1.59,4,0.0018
"Reference ligand (train+test, pose-weighted)",C:N,1.59,1.595,0,0.0
"Reference ligand (train+test, pose-weighted)",C:N,1.595,1.6,19,0.0086
"Reference ligand (train+test, pose-weighted)",C:N,1.6,1.605,8,0.0036
"Reference ligand (train+test, pose-weighted)",C:N,1.605,1.61,14,0.0063
"Reference ligand (train+test, pose-weighted)",C:N,1.61,1.615,10,0.0045
"Reference ligand (train+test, pose-weighted)",C:N,1.615,1.62,0,0.0
"Reference ligand (train+test, pose-weighted)",C:N,1.62,1.625,0,0.0
"Reference ligand (train+test, pose-weighted)",C:N,1.625,1.63,0,0.0
"Reference ligand (train+test, pose-weighted)",C:N,1.63,1.635,0,0.0
"Reference ligand (train+test, pose-weighted)",C:N,1.635,1.64,0,0.0
"Reference ligand (train+test, pose-weighted)",C:N,1.64,1.645,0,0.0
"Reference ligand (train+test, pose-weighted)",C:N,1.645,1.65,0,0.0
"Reference ligand (train+test, pose-weighted)",C:N,1.65,1.655,0,0.0
"Reference ligand (train+test, pose-weighted)",C:N,1.655,1.66,0,0.0
"Reference ligand (train+test, pose-weighted)",C:N,1.66,1.665,0,0.0
"Reference ligand (train+test, pose-weighted)",C:N,1.665,1.67,0,0.0
"Reference ligand (train+test, pose-weighted)",C:N,1.67,1.675,1,0.0005
"Reference ligand (train+test, pose-weighted)",C:N,1.675,1.68,7,0.0032
"Reference ligand (train+test, pose-weighted)",C:N,1.68,1.685,10,0.0045
"Reference ligand (train+test, pose-weighted)",C:N,1.685,1.69,5,0.0023
"Reference ligand (train+test, pose-weighted)",C:N,1.69,inf,0,0.0
Reference ligand (test),C-C,-inf,1.1,0,0.0
Reference ligand (test),C-C,1.1,1.105,0,0.0
Reference ligand (test),C-C,1.105,1.11,0,0.0
Reference ligand (test),C-C,1.11,1.115,0,0.0
Reference ligand (test),C-C,1.115,1.12,0,0.0
Reference ligand (test),C-C,1.12,1.125,0,0.0
Reference ligand (test),C-C,1.125,1.13,0,0.0
Reference ligand (test),C-C,1.13,1.135,0,0.0
Reference ligand (test),C-C,1.135,1.14,0,0.0
Reference ligand (test),C-C,1.14,1.145,0,0.0
Reference ligand (test),C-C,1.145,1.15,0,0.0
Reference ligand (test),C-C,1.15,1.155,0,0.0
Reference ligand (test),C-C,1.155,1.16,0,0.0
Reference ligand (test),C-C,1.16,1.165,0,0.0
Reference ligand (test),C-C,1.165,1.17,0,0.0
Reference ligand (test),C-C,1.17,1.175,0,0.0
Reference ligand (test),C-C,1.175,1.18,0,0.0
Reference ligand (test),C-C,1.18,1.185,0,0.0
Reference ligand (test),C-C,1.185,1.19,0,0.0
Reference ligand (test),C-C,1.19,1.195,0,0.0
Reference ligand (test),C-C,1.195,1.2,0,0.0
Reference ligand (test),C-C,1.2,1.205,0,0.0
Reference ligand (test),C-C,1.205,1.21,0,0.0
Reference ligand (test),C-C,1.21,1.215,0,0.0
Reference ligand (test),C-C,1.215,1.22,0,0.0
Reference ligand (test),C-C,1.22,1.225,0,0.0
Reference ligand (test),C-C,1.225,1.23,0,0.0
Reference ligand (test),C-C,1.23,1.235,0,0.0
Reference ligand (test),C-C,1.235,1.24,0,0.0
Reference ligand (test),C-C,1.24,1.245,0,0.0
Reference ligand (test),C-C,1.245,1.25,0,0.0
Reference ligand (test),C-C,1.25,1.255,0,0.0
Reference ligand (test),C-C,1.255,1.26,0,0.0
Reference ligand (test),C-C,1.26,1.265,0,0.0
Reference ligand (test),C-C,1.265,1.27,0,0.0
Reference ligand (test),C-C,1.27,1.275,0,0.0
Reference ligand (test),C-C,1.275,1.28,0,0.0
Reference ligand (test),C-C,1.28,1.285,0,0.0
Reference ligand (test),C-C,1.285,1.29,1,0.1397
Reference ligand (test),C-C,1.29,1.295,0,0.0
Reference ligand (test),C-C,1.295,1.3,0,0.0
Reference ligand (test),C-C,1.3,1.305,0,0.0
Reference ligand (test),C-C,1.305,1.31,0,0.0
Reference ligand (test),C-C,1.31,1.315,1,0.1397
Reference ligand (test),C-C,1.315,1.32,1,0.1397
Reference ligand (test),C-C,1.32,1.325,0,0.0
Reference ligand (test),C-C,1.325,1.33,1,0.1397
Reference ligand (test),C-C,1.33,1.335,0,0.0
Reference ligand (test),C-C,1.335,1.34,0,0.0
Reference ligand (test),C-C,1.34,1.345,0,0.0
Reference ligand (test),C-C,1.345,1.35,1,0.1397
Reference ligand (test),C-C,1.35,1.355,2,0.2793
Reference ligand (test),C-C,1.355,1.36,2,0.2793
Reference ligand (test),C-C,1.36,1.365,1,0.1397
Reference ligand (test),C-C,1.365,1.37,1,0.1397
Reference ligand (test),C-C,1.37,1.375,1,0.1397
Reference ligand (test),C-C,1.375,1.38,1,0.1397
Reference ligand (test),C-C,1.38,1.385,4,0.5587
Reference ligand (test),C-C,1.385,1.39,4,0.5587
Reference ligand (test),C-C,1.39,1.395,4,0.5587
Reference ligand (test),C-C,1.395,1.4,4,0.5587
Reference ligand (test),C-C,1.4,1.405,7,0.9777
Reference ligand (test),C-C,1.405,1.41,3,0.419
Reference ligand (test),C-C,1.41,1.415,2,0.2793
Reference ligand (test),C-C,1.415,1.42,2,0.2793
Reference ligand (test),C-C,1.42,1.425,2,0.2793
Reference ligand (test),C-C,1.425,1.43,1,0.1397
Reference ligand (test),C-C,1.43,1.435,1,0.1397
Reference ligand (test),C-C,1.435,1.44,1,0.1397
Reference ligand (test),C-C,1.44,1.445,3,0.419
Reference ligand (test),C-C,1.445,1.45,2,0.2793
Reference ligand (test),C-C,1.45,1.455,3,0.419
Reference ligand (test),C-C,1.455,1.46,2,0.2793
Reference ligand (test),C-C,1.46,1.465,5,0.6983
Reference ligand (test),C-C,1.465,1.47,7,0.9777
Reference ligand (test),C-C,1.47,1.475,9,1.257
Reference ligand (test),C-C,1.475,1.48,6,0.838
Reference ligand (test),C-C,1.48,1.485,4,0.5587
Reference ligand (test),C-C,1.485,1.49,24,3.352
Reference ligand (test),C-C,1.49,1.495,19,2.6536
Reference ligand (test),C-C,1.495,1.5,20,2.7933
Reference ligand (test),C-C,1.5,1.505,21,2.933
Reference ligand (test),C-C,1.505,1.51,27,3.7709
Reference ligand (test),C-C,1.51,1.515,46,6.4246
Reference ligand (test),C-C,1.515,1.52,40,5.5866
Reference ligand (test),C-C,1.52,1.525,68,9.4972
Reference ligand (test),C-C,1.525,1.53,81,11.3128
Reference ligand (test),C-C,1.53,1.535,81,11.3128
Reference ligand (test),C-C,1.535,1.54,37,5.1676
Reference ligand (test),C-C,1.54,1.545,30,4.1899
Reference ligand (test),C-C,1.545,1.55,24,3.352
Reference ligand (test),C-C,1.55,1.555,25,3.4916
Reference ligand (test),C-C,1.555,1.56,17,2.3743
Reference ligand (test),C-C,1.56,1.565,18,2.514
Reference ligand (test),C-C,1.565,1.57,10,1.3966
Reference ligand (test),C-C,1.57,1.575,7,0.9777
Reference ligand (test),C-C,1.575,1.58,5,0.6983
Reference ligand (test),C-C,1.58,1.585,1,0.1397
Reference ligand (test),C-C,1.585,1.59,4,0.5587
Reference ligand (test),C-C,1.59,1.595,1,0.1397
Reference ligand (test),C-C,1.595,1.6,1,0.1397
Reference ligand (test),C-C,1.6,1.605,3,0.419
Reference ligand (test),C-C,1.605,1.61,2,0.2793
Reference ligand (test),C-C,1.61,1.615,1,0.1397
Reference ligand (test),C-C,1.615,1.62,3,0.419
Reference ligand (test),C-C,1.62,1.625,2,0.2793
Reference ligand (test),C-C,1.625,1.63,0,0.0
Reference ligand (test),C-C,1.63,1.635,0,0.0
Reference ligand (test),C-C,1.635,1.64,0,0.0
Reference ligand (test),C-C,1.64,1.645,0,0.0
Reference ligand (test),C-C,1.645,1.65,0,0.0
Reference ligand (test),C-C,1.65,1.655,2,0.2793
Reference ligand (test),C-C,1.655,1.66,2,0.2793
Reference ligand (test),C-C,1.66,1.665,1,0.1397
Reference ligand (test),C-C,1.665,1.67,0,0.0
Reference ligand (test),C-C,1.67,1.675,1,0.1397
Reference ligand (test),C-C,1.675,1.68,1,0.1397
Reference ligand (test),C-C,1.68,1.685,0,0.0
Reference ligand (test),C-C,1.685,1.69,0,0.0
Reference ligand (test),C-C,1.69,inf,2,0.2793
Reference ligand (test),C=C,-inf,1.1,0,0.0
Reference ligand (test),C=C,1.1,1.105,0,0.0
Reference ligand (test),C=C,1.105,1.11,0,0.0
Reference ligand (test),C=C,1.11,1.115,0,0.0
Reference ligand (test),C=C,1.115,1.12,0,0.0
Reference ligand (test),C=C,1.12,1.125,0,0.0
Reference ligand (test),C=C,1.125,1.13,0,0.0
Reference ligand (test),C=C,1.13,1.135,0,0.0
Reference ligand (test),C=C,1.135,1.14,0,0.0
Reference ligand (test),C=C,1.14,1.145,0,0.0
Reference ligand (test),C=C,1.145,1.15,0,0.0
Reference ligand (test),C=C,1.15,1.155,0,0.0
Reference ligand (test),C=C,1.155,1.16,0,0.0
Reference ligand (test),C=C,1.16,1.165,0,0.0
Reference ligand (test),C=C,1.165,1.17,0,0.0
Reference ligand (test),C=C,1.17,1.175,0,0.0
Reference ligand (test),C=C,1.175,1.18,0,0.0
Reference ligand (test),C=C,1.18,1.185,0,0.0
Reference ligand (test),C=C,1.185,1.19,0,0.0
Reference ligand (test),C=C,1.19,1.195,0,0.0
Reference ligand (test),C=C,1.195,1.2,0,0.0
Reference ligand (test),C=C,1.2,1.205,0,0.0
Reference ligand (test),C=C,1.205,1.21,0,0.0
Reference ligand (test),C=C,1.21,1.215,0,0.0
Reference ligand (test),C=C,1.215,1.22,0,0.0
Reference ligand (test),C=C,1.22,1.225,0,0.0
Reference ligand (test),C=C,1.225,1.23,0,0.0
Reference ligand (test),C=C,1.23,1.235,0,0.0
Reference ligand (test),C=C,1.235,1.24,0,0.0
Reference ligand (test),C=C,1.24,1.245,0,0.0
Reference ligand (test),C=C,1.245,1.25,0,0.0
Reference ligand (test),C=C,1.25,1.255,0,0.0
Reference ligand (test),C=C,1.255,1.26,0,0.0
Reference ligand (test),C=C,1.26,1.265,0,0.0
Reference ligand (test),C=C,1.265,1.27,0,0.0
Reference ligand (test),C=C,1.27,1.275,0,0.0
Reference ligand (test),C=C,1.275,1.28,0,0.0
Reference ligand (test),C=C,1.28,1.285,0,0.0
Reference ligand (test),C=C,1.285,1.29,0,0.0
Reference ligand (test),C=C,1.29,1.295,0,0.0
Reference ligand (test),C=C,1.295,1.3,0,0.0
Reference ligand (test),C=C,1.3,1.305,0,0.0
Reference ligand (test),C=C,1.305,1.31,0,0.0
Reference ligand (test),C=C,1.31,1.315,0,0.0
Reference ligand (test),C=C,1.315,1.32,1,2.5
Reference ligand (test),C=C,1.32,1.325,0,0.0
Reference ligand (test),C=C,1.325,1.33,3,7.5
Reference ligand (test),C=C,1.33,1.335,4,10.0
Reference ligand (test),C=C,1.335,1.34,2,5.0
Reference ligand (test),C=C,1.34,1.345,1,2.5
Reference ligand (test),C=C,1.345,1.35,3,7.5
Reference ligand (test),C=C,1.35,1.355,0,0.0
Reference ligand (test),C=C,1.355,1.36,1,2.5
Reference ligand (test),C=C,1.36,1.365,0,0.0
Reference ligand (test),C=C,1.365,1.37,2,5.0
Reference ligand (test),C=C,1.37,1.375,1,2.5
Reference ligand (test),C=C,1.375,1.38,2,5.0
Reference ligand (test),C=C,1.38,1.385,1,2.5
Reference ligand (test),C=C,1.385,1.39,1,2.5
Reference ligand (test),C=C,1.39,1.395,2,5.0
Reference ligand (test),C=C,1.395,1.4,7,17.5
Reference ligand (test),C=C,1.4,1.405,2,5.0
Reference ligand (test),C=C,1.405,1.41,1,2.5
Reference ligand (test),C=C,1.41,1.415,0,0.0
Reference ligand (test),C=C,1.415,1.42,0,0.0
Reference ligand (test),C=C,1.42,1.425,0,0.0
Reference ligand (test),C=C,1.425,1.43,0,0.0
Reference ligand (test),C=C,1.43,1.435,0,0.0
Reference ligand (test),C=C,1.435,1.44,0,0.0
Reference ligand (test),C=C,1.44,1.445,0,0.0
Reference ligand (test),C=C,1.445,1.45,0,0.0
Reference ligand (test),C=C,1.45,1.455,0,0.0
Reference ligand (test),C=C,1.455,1.46,0,0.0
Reference ligand (test),C=C,1.46,1.465,0,0.0
Reference ligand (test),C=C,1.465,1.47,0,0.0
Reference ligand (test),C=C,1.47,1.475,0,0.0
Reference ligand (test),C=C,1.475,1.48,0,0.0
Reference ligand (test),C=C,1.48,1.485,1,2.5
Reference ligand (test),C=C,1.485,1.49,0,0.0
Reference ligand (test),C=C,1.49,1.495,0,0.0
Reference ligand (test),C=C,1.495,1.5,1,2.5
Reference ligand (test),C=C,1.5,1.505,1,2.5
Reference ligand (test),C=C,1.505,1.51,0,0.0
Reference ligand (test),C=C,1.51,1.515,0,0.0
Reference ligand (test),C=C,1.515,1.52,0,0.0
Reference ligand (test),C=C,1.52,1.525,0,0.0
Reference ligand (test),C=C,1.525,1.53,0,0.0
Reference ligand (test),C=C,1.53,1.535,0,0.0
Reference ligand (test),C=C,1.535,1.54,0,0.0
Reference ligand (test),C=C,1.54,1.545,0,0.0
Reference ligand (test),C=C,1.545,1.55,0,0.0
Reference ligand (test),C=C,1.55,1.555,0,0.0
Reference ligand (test),C=C,1.555,1.56,1,2.5
Reference ligand (test),C=C,1.56,1.565,0,0.0
Reference ligand (test),C=C,1.565,1.57,0,0.0
Reference ligand (test),C=C,1.57,1.575,0,0.0
Reference ligand (test),C=C,1.575,1.58,0,0.0
Reference ligand (test),C=C,1.58,1.585,0,0.0
Reference ligand (test),C=C,1.585,1.59,0,0.0
Reference ligand (test),C=C,1.59,1.595,0,0.0
Reference ligand (test),C=C,1.595,1.6,0,0.0
Reference ligand (test),C=C,1.6,1.605,2,5.0
Reference ligand (test),C=C,1.605,1.61,0,0.0
Reference ligand (test),C=C,1.61,1.615,0,0.0
Reference ligand (test),C=C,1.615,1.62,0,0.0
Reference ligand (test),C=C,1.62,1.625,0,0.0
Reference ligand (test),C=C,1.625,1.63,0,0.0
Reference ligand (test),C=C,1.63,1.635,0,0.0
Reference ligand (test),C=C,1.635,1.64,0,0.0
Reference ligand (test),C=C,1.64,1.645,0,0.0
Reference ligand (test),C=C,1.645,1.65,0,0.0
Reference ligand (test),C=C,1.65,1.655,0,0.0
Reference ligand (test),C=C,1.655,1.66,0,0.0
Reference ligand (test),C=C,1.66,1.665,0,0.0
Reference ligand (test),C=C,1.665,1.67,0,0.0
Reference ligand (test),C=C,1.67,1.675,0,0.0
Reference ligand (test),C=C,1.675,1.68,0,0.0
Reference ligand (test),C=C,1.68,1.685,0,0.0
Reference ligand (test),C=C,1.685,1.69,0,0.0
Reference ligand (test),C=C,1.69,inf,0,0.0
Reference ligand (test),C-N,-inf,1.1,0,0.0
Reference ligand (test),C-N,1.1,1.105,0,0.0
Reference ligand (test),C-N,1.105,1.11,0,0.0
Reference ligand (test),C-N,1.11,1.115,0,0.0
Reference ligand (test),C-N,1.115,1.12,0,0.0
Reference ligand (test),C-N,1.12,1.125,0,0.0
Reference ligand (test),C-N,1.125,1.13,0,0.0
Reference ligand (test),C-N,1.13,1.135,0,0.0
Reference ligand (test),C-N,1.135,1.14,0,0.0
Reference ligand (test),C-N,1.14,1.145,0,0.0
Reference ligand (test),C-N,1.145,1.15,0,0.0
Reference ligand (test),C-N,1.15,1.155,0,0.0
Reference ligand (test),C-N,1.155,1.16,0,0.0
Reference ligand (test),C-N,1.16,1.165,0,0.0
Reference ligand (test),C-N,1.165,1.17,0,0.0
Reference ligand (test),C-N,1.17,1.175,0,0.0
Reference ligand (test),C-N,1.175,1.18,0,0.0
Reference ligand (test),C-N,1.18,1.185,0,0.0
Reference ligand (test),C-N,1.185,1.19,0,0.0
Reference ligand (test),C-N,1.19,1.195,0,0.0
Reference ligand (test),C-N,1.195,1.2,0,0.0
Reference ligand (test),C-N,1.2,1.205,0,0.0
Reference ligand (test),C-N,1.205,1.21,0,0.0
Reference ligand (test),C-N,1.21,1.215,0,0.0
Reference ligand (test),C-N,1.215,1.22,0,0.0
Reference ligand (test),C-N,1.22,1.225,0,0.0
Reference ligand (test),C-N,1.225,1.23,0,0.0
Reference ligand (test),C-N,1.23,1.235,0,0.0
Reference ligand (test),C-N,1.235,1.24,0,0.0
Reference ligand (test),C-N,1.24,1.245,1,0.4082
Reference ligand (test),C-N,1.245,1.25,0,0.0
Reference ligand (test),C-N,1.25,1.255,0,0.0
Reference ligand (test),C-N,1.255,1.26,0,0.0
Reference ligand (test),C-N,1.26,1.265,0,0.0
Reference ligand (test),C-N,1.265,1.27,0,0.0
Reference ligand (test),C-N,1.27,1.275,0,0.0
Reference ligand (test),C-N,1.275,1.28,0,0.0
Reference ligand (test),C-N,1.28,1.285,0,0.0
Reference ligand (test),C-N,1.285,1.29,0,0.0
Reference ligand (test),C-N,1.29,1.295,0,0.0
Reference ligand (test),C-N,1.295,1.3,1,0.4082
Reference ligand (test),C-N,1.3,1.305,1,0.4082
Reference ligand (test),C-N,1.305,1.31,0,0.0
Reference ligand (test),C-N,1.31,1.315,0,0.0
Reference ligand (test),C-N,1.315,1.32,2,0.8163
Reference ligand (test),C-N,1.32,1.325,3,1.2245
Reference ligand (test),C-N,1.325,1.33,10,4.0816
Reference ligand (test),C-N,1.33,1.335,17,6.9388
Reference ligand (test),C-N,1.335,1.34,7,2.8571
Reference ligand (test),C-N,1.34,1.345,5,2.0408
Reference ligand (test),C-N,1.345,1.35,6,2.449
Reference ligand (test),C-N,1.35,1.355,9,3.6735
Reference ligand (test),C-N,1.355,1.36,12,4.898
Reference ligand (test),C-N,1.36,1.365,5,2.0408
Reference ligand (test),C-N,1.365,1.37,4,1.6327
Reference ligand (test),C-N,1.37,1.375,0,0.0
Reference ligand (test),C-N,1.375,1.38,3,1.2245
Reference ligand (test),C-N,1.38,1.385,5,2.0408
Reference ligand (test),C-N,1.385,1.39,3,1.2245
Reference ligand (test),C-N,1.39,1.395,1,0.4082
Reference ligand (test),C-N,1.395,1.4,1,0.4082
Reference ligand (test),C-N,1.4,1.405,8,3.2653
Reference ligand (test),C-N,1.405,1.41,4,1.6327
Reference ligand (test),C-N,1.41,1.415,3,1.2245
Reference ligand (test),C-N,1.415,1.42,0,0.0
Reference ligand (test),C-N,1.42,1.425,1,0.4082
Reference ligand (test),C-N,1.425,1.43,4,1.6327
Reference ligand (test),C-N,1.43,1.435,3,1.2245
Reference ligand (test),C-N,1.435,1.44,3,1.2245
Reference ligand (test),C-N,1.44,1.445,6,2.449
Reference ligand (test),C-N,1.445,1.45,6,2.449
Reference ligand (test),C-N,1.45,1.455,9,3.6735
Reference ligand (test),C-N,1.455,1.46,9,3.6735
Reference ligand (test),C-N,1.46,1.465,9,3.6735
Reference ligand (test),C-N,1.465,1.47,16,6.5306
Reference ligand (test),C-N,1.47,1.475,14,5.7143
Reference ligand (test),C-N,1.475,1.48,10,4.0816
Reference ligand (test),C-N,1.48,1.485,8,3.2653
Reference ligand (test),C-N,1.485,1.49,7,2.8571
Reference ligand (test),C-N,1.49,1.495,7,2.8571
Reference ligand (test),C-N,1.495,1.5,8,3.2653
Reference ligand (test),C-N,1.5,1.505,7,2.8571
Reference ligand (test),C-N,1.505,1.51,0,0.0
Reference ligand (test),C-N,1.51,1.515,0,0.0
Reference ligand (test),C-N,1.515,1.52,3,1.2245
Reference ligand (test),C-N,1.52,1.525,0,0.0
Reference ligand (test),C-N,1.525,1.53,0,0.0
Reference ligand (test),C-N,1.53,1.535,1,0.4082
Reference ligand (test),C-N,1.535,1.54,1,0.4082
Reference ligand (test),C-N,1.54,1.545,0,0.0
Reference ligand (test),C-N,1.545,1.55,0,0.0
Reference ligand (test),C-N,1.55,1.555,0,0.0
Reference ligand (test),C-N,1.555,1.56,0,0.0
Reference ligand (test),C-N,1.56,1.565,0,0.0
Reference ligand (test),C-N,1.565,1.57,1,0.4082
Reference ligand (test),C-N,1.57,1.575,0,0.0
Reference ligand (test),C-N,1.575,1.58,0,0.0
Reference ligand (test),C-N,1.58,1.585,0,0.0
Reference ligand (test),C-N,1.585,1.59,0,0.0
Reference ligand (test),C-N,1.59,1.595,0,0.0
Reference ligand (test),C-N,1.595,1.6,0,0.0
Reference ligand (test),C-N,1.6,1.605,0,0.0
Reference ligand (test),C-N,1.605,1.61,1,0.4082
Reference ligand (test),C-N,1.61,1.615,0,0.0
Reference ligand (test),C-N,1.615,1.62,0,0.0
Reference ligand (test),C-N,1.62,1.625,0,0.0
Reference ligand (test),C-N,1.625,1.63,0,0.0
Reference ligand (test),C-N,1.63,1.635,0,0.0
Reference ligand (test),C-N,1.635,1.64,0,0.0
Reference ligand (test),C-N,1.64,1.645,0,0.0
Reference ligand (test),C-N,1.645,1.65,0,0.0
Reference ligand (test),C-N,1.65,1.655,0,0.0
Reference ligand (test),C-N,1.655,1.66,0,0.0
Reference ligand (test),C-N,1.66,1.665,0,0.0
Reference ligand (test),C-N,1.665,1.67,0,0.0
Reference ligand (test),C-N,1.67,1.675,0,0.0
Reference ligand (test),C-N,1.675,1.68,0,0.0
Reference ligand (test),C-N,1.68,1.685,0,0.0
Reference ligand (test),C-N,1.685,1.69,0,0.0
Reference ligand (test),C-N,1.69,inf,0,0.0
Reference ligand (test),C=N,-inf,1.1,0,0.0
Reference ligand (test),C=N,1.1,1.105,0,0.0
Reference ligand (test),C=N,1.105,1.11,0,0.0
Reference ligand (test),C=N,1.11,1.115,0,0.0
Reference ligand (test),C=N,1.115,1.12,0,0.0
Reference ligand (test),C=N,1.12,1.125,0,0.0
Reference ligand (test),C=N,1.125,1.13,0,0.0
Reference ligand (test),C=N,1.13,1.135,0,0.0
Reference ligand (test),C=N,1.135,1.14,0,0.0
Reference ligand (test),C=N,1.14,1.145,0,0.0
Reference ligand (test),C=N,1.145,1.15,0,0.0
Reference ligand (test),C=N,1.15,1.155,0,0.0
Reference ligand (test),C=N,1.155,1.16,0,0.0
Reference ligand (test),C=N,1.16,1.165,0,0.0
Reference ligand (test),C=N,1.165,1.17,0,0.0
Reference ligand (test),C=N,1.17,1.175,0,0.0
Reference ligand (test),C=N,1.175,1.18,0,0.0
Reference ligand (test),C=N,1.18,1.185,0,0.0
Reference ligand (test),C=N,1.185,1.19,0,0.0
Reference ligand (test),C=N,1.19,1.195,0,0.0
Reference ligand (test),C=N,1.195,1.2,0,0.0
Reference ligand (test),C=N,1.2,1.205,0,0.0
Reference ligand (test),C=N,1.205,1.21,0,0.0
Reference ligand (test),C=N,1.21,1.215,0,0.0
Reference ligand (test),C=N,1.215,1.22,0,0.0
Reference ligand (test),C=N,1.22,1.225,0,0.0
Reference ligand (test),C=N,1.225,1.23,0,0.0
Reference ligand (test),C=N,1.23,1.235,0,0.0
Reference ligand (test),C=N,1.235,1.24,0,0.0
Reference ligand (test),C=N,1.24,1.245,0,0.0
Reference ligand (test),C=N,1.245,1.25,0,0.0
Reference ligand (test),C=N,1.25,1.255,0,0.0
Reference ligand (test),C=N,1.255,1.26,1,6.25
Reference ligand (test),C=N,1.26,1.265,1,6.25
Reference ligand (test),C=N,1.265,1.27,0,0.0
Reference ligand (test),C=N,1.27,1.275,0,0.0
Reference ligand (test),C=N,1.275,1.28,0,0.0
Reference ligand (test),C=N,1.28,1.285,1,6.25
Reference ligand (test),C=N,1.285,1.29,0,0.0
Reference ligand (test),C=N,1.29,1.295,0,0.0
Reference ligand (test),C=N,1.295,1.3,0,0.0
Reference ligand (test),C=N,1.3,1.305,0,0.0
Reference ligand (test),C=N,1.305,1.31,0,0.0
Reference ligand (test),C=N,1.31,1.315,0,0.0
Reference ligand (test),C=N,1.315,1.32,0,0.0
Reference ligand (test),C=N,1.32,1.325,1,6.25
Reference ligand (test),C=N,1.325,1.33,2,12.5
Reference ligand (test),C=N,1.33,1.335,1,6.25
Reference ligand (test),C=N,1.335,1.34,2,12.5
Reference ligand (test),C=N,1.34,1.345,0,0.0
Reference ligand (test),C=N,1.345,1.35,0,0.0
Reference ligand (test),C=N,1.35,1.355,0,0.0
Reference ligand (test),C=N,1.355,1.36,1,6.25
Reference ligand (test),C=N,1.36,1.365,1,6.25
Reference ligand (test),C=N,1.365,1.37,1,6.25
Reference ligand (test),C=N,1.37,1.375,2,12.5
Reference ligand (test),C=N,1.375,1.38,0,0.0
Reference ligand (test),C=N,1.38,1.385,0,0.0
Reference ligand (test),C=N,1.385,1.39,0,0.0
Reference ligand (test),C=N,1.39,1.395,1,6.25
Reference ligand (test),C=N,1.395,1.4,0,0.0
Reference ligand (test),C=N,1.4,1.405,0,0.0
Reference ligand (test),C=N,1.405,1.41,0,0.0
Reference ligand (test),C=N,1.41,1.415,0,0.0
Reference ligand (test),C=N,1.415,1.42,0,0.0
Reference ligand (test),C=N,1.42,1.425,0,0.0
Reference ligand (test),C=N,1.425,1.43,0,0.0
Reference ligand (test),C=N,1.43,1.435,1,6.25
Reference ligand (test),C=N,1.435,1.44,0,0.0
Reference ligand (test),C=N,1.44,1.445,0,0.0
Reference ligand (test),C=N,1.445,1.45,0,0.0
Reference ligand (test),C=N,1.45,1.455,0,0.0
Reference ligand (test),C=N,1.455,1.46,0,0.0
Reference ligand (test),C=N,1.46,1.465,0,0.0
Reference ligand (test),C=N,1.465,1.47,0,0.0
Reference ligand (test),C=N,1.47,1.475,0,0.0
Reference ligand (test),C=N,1.475,1.48,0,0.0
Reference ligand (test),C=N,1.48,1.485,0,0.0
Reference ligand (test),C=N,1.485,1.49,0,0.0
Reference ligand (test),C=N,1.49,1.495,0,0.0
Reference ligand (test),C=N,1.495,1.5,0,0.0
Reference ligand (test),C=N,1.5,1.505,0,0.0
Reference ligand (test),C=N,1.505,1.51,0,0.0
Reference ligand (test),C=N,1.51,1.515,0,0.0
Reference ligand (test),C=N,1.515,1.52,0,0.0
Reference ligand (test),C=N,1.52,1.525,0,0.0
Reference ligand (test),C=N,1.525,1.53,0,0.0
Reference ligand (test),C=N,1.53,1.535,0,0.0
Reference ligand (test),C=N,1.535,1.54,0,0.0
Reference ligand (test),C=N,1.54,1.545,0,0.0
Reference ligand (test),C=N,1.545,1.55,0,0.0
Reference ligand (test),C=N,1.55,1.555,0,0.0
Reference ligand (test),C=N,1.555,1.56,0,0.0
Reference ligand (test),C=N,1.56,1.565,0,0.0
Reference ligand (test),C=N,1.565,1.57,0,0.0
Reference ligand (test),C=N,1.57,1.575,0,0.0
Reference ligand (test),C=N,1.575,1.58,0,0.0
Reference ligand (test),C=N,1.58,1.585,0,0.0
Reference ligand (test),C=N,1.585,1.59,0,0.0
Reference ligand (test),C=N,1.59,1.595,0,0.0
Reference ligand (test),C=N,1.595,1.6,0,0.0
Reference ligand (test),C=N,1.6,1.605,0,0.0
Reference ligand (test),C=N,1.605,1.61,0,0.0
Reference ligand (test),C=N,1.61,1.615,0,0.0
Reference ligand (test),C=N,1.615,1.62,0,0.0
Reference ligand (test),C=N,1.62,1.625,0,0.0
Reference ligand (test),C=N,1.625,1.63,0,0.0
Reference ligand (test),C=N,1.63,1.635,0,0.0
Reference ligand (test),C=N,1.635,1.64,0,0.0
Reference ligand (test),C=N,1.64,1.645,0,0.0
Reference ligand (test),C=N,1.645,1.65,0,0.0
Reference ligand (test),C=N,1.65,1.655,0,0.0
Reference ligand (test),C=N,1.655,1.66,0,0.0
Reference ligand (test),C=N,1.66,1.665,0,0.0
Reference ligand (test),C=N,1.665,1.67,0,0.0
Reference ligand (test),C=N,1.67,1.675,0,0.0
Reference ligand (test),C=N,1.675,1.68,0,0.0
Reference ligand (test),C=N,1.68,1.685,0,0.0
Reference ligand (test),C=N,1.685,1.69,0,0.0
Reference ligand (test),C=N,1.69,inf,0,0.0
Reference ligand (test),C-O,-inf,1.1,0,0.0
Reference ligand (test),C-O,1.1,1.105,0,0.0
Reference ligand (test),C-O,1.105,1.11,0,0.0
Reference ligand (test),C-O,1.11,1.115,0,0.0
Reference ligand (test),C-O,1.115,1.12,0,0.0
Reference ligand (test),C-O,1.12,1.125,0,0.0
Reference ligand (test),C-O,1.125,1.13,0,0.0
Reference ligand (test),C-O,1.13,1.135,0,0.0
Reference ligand (test),C-O,1.135,1.14,0,0.0
Reference ligand (test),C-O,1.14,1.145,0,0.0
Reference ligand (test),C-O,1.145,1.15,0,0.0
Reference ligand (test),C-O,1.15,1.155,0,0.0
Reference ligand (test),C-O,1.155,1.16,0,0.0
Reference ligand (test),C-O,1.16,1.165,0,0.0
Reference ligand (test),C-O,1.165,1.17,0,0.0
Reference ligand (test),C-O,1.17,1.175,0,0.0
Reference ligand (test),C-O,1.175,1.18,0,0.0
Reference ligand (test),C-O,1.18,1.185,0,0.0
Reference ligand (test),C-O,1.185,1.19,0,0.0
Reference ligand (test),C-O,1.19,1.195,0,0.0
Reference ligand (test),C-O,1.195,1.2,0,0.0
Reference ligand (test),C-O,1.2,1.205,0,0.0
Reference ligand (test),C-O,1.205,1.21,0,0.0
Reference ligand (test),C-O,1.21,1.215,0,0.0
Reference ligand (test),C-O,1.215,1.22,1,0.2976
Reference ligand (test),C-O,1.22,1.225,1,0.2976
Reference ligand (test),C-O,1.225,1.23,0,0.0
Reference ligand (test),C-O,1.23,1.235,2,0.5952
Reference ligand (test),C-O,1.235,1.24,1,0.2976
Reference ligand (test),C-O,1.24,1.245,1,0.2976
Reference ligand (test),C-O,1.245,1.25,5,1.4881
Reference ligand (test),C-O,1.25,1.255,4,1.1905
Reference ligand (test),C-O,1.255,1.26,1,0.2976
Reference ligand (test),C-O,1.26,1.265,3,0.8929
Reference ligand (test),C-O,1.265,1.27,1,0.2976
Reference ligand (test),C-O,1.27,1.275,1,0.2976
Reference ligand (test),C-O,1.275,1.28,0,0.0
Reference ligand (test),C-O,1.28,1.285,0,0.0
Reference ligand (test),C-O,1.285,1.29,0,0.0
Reference ligand (test),C-O,1.29,1.295,0,0.0
Reference ligand (test),C-O,1.295,1.3,1,0.2976
Reference ligand (test),C-O,1.3,1.305,0,0.0
Reference ligand (test),C-O,1.305,1.31,0,0.0
Reference ligand (test),C-O,1.31,1.315,0,0.0
Reference ligand (test),C-O,1.315,1.32,0,0.0
Reference ligand (test),C-O,1.32,1.325,2,0.5952
Reference ligand (test),C-O,1.325,1.33,0,0.0
Reference ligand (test),C-O,1.33,1.335,1,0.2976
Reference ligand (test),C-O,1.335,1.34,0,0.0
Reference ligand (test),C-O,1.34,1.345,2,0.5952
Reference ligand (test),C-O,1.345,1.35,4,1.1905
Reference ligand (test),C-O,1.35,1.355,3,0.8929
Reference ligand (test),C-O,1.355,1.36,4,1.1905
Reference ligand (test),C-O,1.36,1.365,4,1.1905
Reference ligand (test),C-O,1.365,1.37,2,0.5952
Reference ligand (test),C-O,1.37,1.375,3,0.8929
Reference ligand (test),C-O,1.375,1.38,9,2.6786
Reference ligand (test),C-O,1.38,1.385,4,1.1905
Reference ligand (test),C-O,1.385,1.39,5,1.4881
Reference ligand (test),C-O,1.39,1.395,1,0.2976
Reference ligand (test),C-O,1.395,1.4,4,1.1905
Reference ligand (test),C-O,1.4,1.405,7,2.0833
Reference ligand (test),C-O,1.405,1.41,13,3.869
Reference ligand (test),C-O,1.41,1.415,15,4.4643
Reference ligand (test),C-O,1.415,1.42,16,4.7619
Reference ligand (test),C-O,1.42,1.425,15,4.4643
Reference ligand (test),C-O,1.425,1.43,35,10.4167
Reference ligand (test),C-O,1.43,1.435,49,14.5833
Reference ligand (test),C-O,1.435,1.44,43,12.7976
Reference ligand (test),C-O,1.44,1.445,25,7.4405
Reference ligand (test),C-O,1.445,1.45,13,3.869
Reference ligand (test),C-O,1.45,1.455,7,2.0833
Reference ligand (test),C-O,1.455,1.46,8,2.381
Reference ligand (test),C-O,1.46,1.465,6,1.7857
Reference ligand (test),C-O,1.465,1.47,2,0.5952
Reference ligand (test),C-O,1.47,1.475,3,0.8929
Reference ligand (test),C-O,1.475,1.48,2,0.5952
Reference ligand (test),C-O,1.48,1.485,2,0.5952
Reference ligand (test),C-O,1.485,1.49,0,0.0
Reference ligand (test),C-O,1.49,1.495,1,0.2976
Reference ligand (test),C-O,1.495,1.5,0,0.0
Reference ligand (test),C-O,1.5,1.505,0,0.0
Reference ligand (test),C-O,1.505,1.51,0,0.0
Reference ligand (test),C-O,1.51,1.515,1,0.2976
Reference ligand (test),C-O,1.515,1.52,1,0.2976
Reference ligand (test),C-O,1.52,1.525,0,0.0
Reference ligand (test),C-O,1.525,1.53,0,0.0
Reference ligand (test),C-O,1.53,1.535,1,0.2976
Reference ligand (test),C-O,1.535,1.54,0,0.0
Reference ligand (test),C-O,1.54,1.545,0,0.0
Reference ligand (test),C-O,1.545,1.55,0,0.0
Reference ligand (test),C-O,1.55,1.555,0,0.0
Reference ligand (test),C-O,1.555,1.56,0,0.0
Reference ligand (test),C-O,1.56,1.565,0,0.0
Reference ligand (test),C-O,1.565,1.57,0,0.0
Reference ligand (test),C-O,1.57,1.575,0,0.0
Reference ligand (test),C-O,1.575,1.58,0,0.0
Reference ligand (test),C-O,1.58,1.585,0,0.0
Reference ligand (test),C-O,1.585,1.59,0,0.0
Reference ligand (test),C-O,1.59,1.595,1,0.2976
Reference ligand (test),C-O,1.595,1.6,0,0.0
Reference ligand (test),C-O,1.6,1.605,0,0.0
Reference ligand (test),C-O,1.605,1.61,0,0.0
Reference ligand (test),C-O,1.61,1.615,0,0.0
Reference ligand (test),C-O,1.615,1.62,0,0.0
Reference ligand (test),C-O,1.62,1.625,0,0.0
Reference ligand (test),C-O,1.625,1.63,0,0.0
Reference ligand (test),C-O,1.63,1.635,0,0.0
Reference ligand (test),C-O,1.635,1.64,0,0.0
Reference ligand (test),C-O,1.64,1.645,0,0.0
Reference ligand (test),C-O,1.645,1.65,0,0.0
Reference ligand (test),C-O,1.65,1.655,0,0.0
Reference ligand (test),C-O,1.655,1.66,0,0.0
Reference ligand (test),C-O,1.66,1.665,0,0.0
Reference ligand (test),C-O,1.665,1.67,0,0.0
Reference ligand (test),C-O,1.67,1.675,0,0.0
Reference ligand (test),C-O,1.675,1.68,0,0.0
Reference ligand (test),C-O,1.68,1.685,0,0.0
Reference ligand (test),C-O,1.685,1.69,0,0.0
Reference ligand (test),C-O,1.69,inf,0,0.0
Reference ligand (test),C=O,-inf,1.1,0,0.0
Reference ligand (test),C=O,1.1,1.105,0,0.0
Reference ligand (test),C=O,1.105,1.11,0,0.0
Reference ligand (test),C=O,1.11,1.115,0,0.0
Reference ligand (test),C=O,1.115,1.12,0,0.0
Reference ligand (test),C=O,1.12,1.125,0,0.0
Reference ligand (test),C=O,1.125,1.13,0,0.0
Reference ligand (test),C=O,1.13,1.135,0,0.0
Reference ligand (test),C=O,1.135,1.14,0,0.0
Reference ligand (test),C=O,1.14,1.145,0,0.0
Reference ligand (test),C=O,1.145,1.15,0,0.0
Reference ligand (test),C=O,1.15,1.155,0,0.0
Reference ligand (test),C=O,1.155,1.16,0,0.0
Reference ligand (test),C=O,1.16,1.165,0,0.0
Reference ligand (test),C=O,1.165,1.17,1,0.9901
Reference ligand (test),C=O,1.17,1.175,0,0.0
Reference ligand (test),C=O,1.175,1.18,0,0.0
Reference ligand (test),C=O,1.18,1.185,1,0.9901
Reference ligand (test),C=O,1.185,1.19,1,0.9901
Reference ligand (test),C=O,1.19,1.195,1,0.9901
Reference ligand (test),C=O,1.195,1.2,1,0.9901
Reference ligand (test),C=O,1.2,1.205,3,2.9703
Reference ligand (test),C=O,1.205,1.21,6,5.9406
Reference ligand (test),C=O,1.21,1.215,2,1.9802
Reference ligand (test),C=O,1.215,1.22,4,3.9604
Reference ligand (test),C=O,1.22,1.225,15,14.8515
Reference ligand (test),C=O,1.225,1.23,14,13.8614
Reference ligand (test),C=O,1.23,1.235,10,9.901
Reference ligand (test),C=O,1.235,1.24,9,8.9109
Reference ligand (test),C=O,1.24,1.245,4,3.9604
Reference ligand (test),C=O,1.245,1.25,4,3.9604
Reference ligand (test),C=O,1.25,1.255,6,5.9406
Reference ligand (test),C=O,1.255,1.26,1,0.9901
Reference ligand (test),C=O,1.26,1.265,4,3.9604
Reference ligand (test),C=O,1.265,1.27,3,2.9703
Reference ligand (test),C=O,1.27,1.275,1,0.9901
Reference ligand (test),C=O,1.275,1.28,1,0.9901
Reference ligand (test),C=O,1.28,1.285,0,0.0
Reference ligand (test),C=O,1.285,1.29,0,0.0
Reference ligand (test),C=O,1.29,1.295,1,0.9901
Reference ligand (test),C=O,1.295,1.3,1,0.9901
Reference ligand (test),C=O,1.3,1.305,0,0.0
Reference ligand (test),C=O,1.305,1.31,0,0.0
Reference ligand (test),C=O,1.31,1.315,0,0.0
Reference ligand (test),C=O,1.315,1.32,0,0.0
Reference ligand (test),C=O,1.32,1.325,1,0.9901
Reference ligand (test),C=O,1.325,1.33,0,0.0
Reference ligand (test),C=O,1.33,1.335,0,0.0
Reference ligand (test),C=O,1.335,1.34,0,0.0
Reference ligand (test),C=O,1.34,1.345,0,0.0
Reference ligand (test),C=O,1.345,1.35,0,0.0
Reference ligand (test),C=O,1.35,1.355,1,0.9901
Reference ligand (test),C=O,1.355,1.36,1,0.9901
Reference ligand (test),C=O,1.36,1.365,1,0.9901
Reference ligand (test),C=O,1.365,1.37,1,0.9901
Reference ligand (test),C=O,1.37,1.375,1,0.9901
Reference ligand (test),C=O,1.375,1.38,0,0.0
Reference ligand (test),C=O,1.38,1.385,0,0.0
Reference ligand (test),C=O,1.385,1.39,0,0.0
Reference ligand (test),C=O,1.39,1.395,0,0.0
Reference ligand (test),C=O,1.395,1.4,0,0.0
Reference ligand (test),C=O,1.4,1.405,0,0.0
Reference ligand (test),C=O,1.405,1.41,0,0.0
Reference ligand (test),C=O,1.41,1.415,0,0.0
Reference ligand (test),C=O,1.415,1.42,0,0.0
Reference ligand (test),C=O,1.42,1.425,1,0.9901
Reference ligand (test),C=O,1.425,1.43,0,0.0
Reference ligand (test),C=O,1.43,1.435,0,0.0
Reference ligand (test),C=O,1.435,1.44,0,0.0
Reference ligand (test),C=O,1.44,1.445,0,0.0
Reference ligand (test),C=O,1.445,1.45,0,0.0
Reference ligand (test),C=O,1.45,1.455,0,0.0
Reference ligand (test),C=O,1.455,1.46,0,0.0
Reference ligand (test),C=O,1.46,1.465,0,0.0
Reference ligand (test),C=O,1.465,1.47,0,0.0
Reference ligand (test),C=O,1.47,1.475,0,0.0
Reference ligand (test),C=O,1.475,1.48,0,0.0
Reference ligand (test),C=O,1.48,1.485,0,0.0
Reference ligand (test),C=O,1.485,1.49,0,0.0
Reference ligand (test),C=O,1.49,1.495,0,0.0
Reference ligand (test),C=O,1.495,1.5,0,0.0
Reference ligand (test),C=O,1.5,1.505,0,0.0
Reference ligand (test),C=O,1.505,1.51,0,0.0
Reference ligand (test),C=O,1.51,1.515,0,0.0
Reference ligand (test),C=O,1.515,1.52,0,0.0
Reference ligand (test),C=O,1.52,1.525,0,0.0
Reference ligand (test),C=O,1.525,1.53,0,0.0
Reference ligand (test),C=O,1.53,1.535,0,0.0
Reference ligand (test),C=O,1.535,1.54,0,0.0
Reference ligand (test),C=O,1.54,1.545,0,0.0
Reference ligand (test),C=O,1.545,1.55,0,0.0
Reference ligand (test),C=O,1.55,1.555,0,0.0
Reference ligand (test),C=O,1.555,1.56,0,0.0
Reference ligand (test),C=O,1.56,1.565,0,0.0
Reference ligand (test),C=O,1.565,1.57,0,0.0
Reference ligand (test),C=O,1.57,1.575,0,0.0
Reference ligand (test),C=O,1.575,1.58,0,0.0
Reference ligand (test),C=O,1.58,1.585,0,0.0
Reference ligand (test),C=O,1.585,1.59,0,0.0
Reference ligand (test),C=O,1.59,1.595,0,0.0
Reference ligand (test),C=O,1.595,1.6,0,0.0
Reference ligand (test),C=O,1.6,1.605,0,0.0
Reference ligand (test),C=O,1.605,1.61,0,0.0
Reference ligand (test),C=O,1.61,1.615,0,0.0
Reference ligand (test),C=O,1.615,1.62,0,0.0
Reference ligand (test),C=O,1.62,1.625,0,0.0
Reference ligand (test),C=O,1.625,1.63,0,0.0
Reference ligand (test),C=O,1.63,1.635,0,0.0
Reference ligand (test),C=O,1.635,1.64,0,0.0
Reference ligand (test),C=O,1.64,1.645,0,0.0
Reference ligand (test),C=O,1.645,1.65,0,0.0
Reference ligand (test),C=O,1.65,1.655,0,0.0
Reference ligand (test),C=O,1.655,1.66,0,0.0
Reference ligand (test),C=O,1.66,1.665,0,0.0
Reference ligand (test),C=O,1.665,1.67,0,0.0
Reference ligand (test),C=O,1.67,1.675,0,0.0
Reference ligand (test),C=O,1.675,1.68,0,0.0
Reference ligand (test),C=O,1.68,1.685,0,0.0
Reference ligand (test),C=O,1.685,1.69,0,0.0
Reference ligand (test),C=O,1.69,inf,0,0.0
Reference ligand (test),C:C,-inf,1.1,0,0.0
Reference ligand (test),C:C,1.1,1.105,0,0.0
Reference ligand (test),C:C,1.105,1.11,0,0.0
Reference ligand (test),C:C,1.11,1.115,0,0.0
Reference ligand (test),C:C,1.115,1.12,0,0.0
Reference ligand (test),C:C,1.12,1.125,0,0.0
Reference ligand (test),C:C,1.125,1.13,0,0.0
Reference ligand (test),C:C,1.13,1.135,0,0.0
Reference ligand (test),C:C,1.135,1.14,0,0.0
Reference ligand (test),C:C,1.14,1.145,0,0.0
Reference ligand (test),C:C,1.145,1.15,0,0.0
Reference ligand (test),C:C,1.15,1.155,0,0.0
Reference ligand (test),C:C,1.155,1.16,0,0.0
Reference ligand (test),C:C,1.16,1.165,0,0.0
Reference ligand (test),C:C,1.165,1.17,0,0.0
Reference ligand (test),C:C,1.17,1.175,0,0.0
Reference ligand (test),C:C,1.175,1.18,0,0.0
Reference ligand (test),C:C,1.18,1.185,0,0.0
Reference ligand (test),C:C,1.185,1.19,0,0.0
Reference ligand (test),C:C,1.19,1.195,0,0.0
Reference ligand (test),C:C,1.195,1.2,0,0.0
Reference ligand (test),C:C,1.2,1.205,0,0.0
Reference ligand (test),C:C,1.205,1.21,0,0.0
Reference ligand (test),C:C,1.21,1.215,0,0.0
Reference ligand (test),C:C,1.215,1.22,0,0.0
Reference ligand (test),C:C,1.22,1.225,0,0.0
Reference ligand (test),C:C,1.225,1.23,0,0.0
Reference ligand (test),C:C,1.23,1.235,0,0.0
Reference ligand (test),C:C,1.235,1.24,0,0.0
Reference ligand (test),C:C,1.24,1.245,0,0.0
Reference ligand (test),C:C,1.245,1.25,0,0.0
Reference ligand (test),C:C,1.25,1.255,0,0.0
Reference ligand (test),C:C,1.255,1.26,0,0.0
Reference ligand (test),C:C,1.26,1.265,0,0.0
Reference ligand (test),C:C,1.265,1.27,0,0.0
Reference ligand (test),C:C,1.27,1.275,0,0.0
Reference ligand (test),C:C,1.275,1.28,0,0.0
Reference ligand (test),C:C,1.28,1.285,0,0.0
Reference ligand (test),C:C,1.285,1.29,0,0.0
Reference ligand (test),C:C,1.29,1.295,0,0.0
Reference ligand (test),C:C,1.295,1.3,1,0.2
Reference ligand (test),C:C,1.3,1.305,1,0.2
Reference ligand (test),C:C,1.305,1.31,0,0.0
Reference ligand (test),C:C,1.31,1.315,0,0.0
Reference ligand (test),C:C,1.315,1.32,0,0.0
Reference ligand (test),C:C,1.32,1.325,3,0.6
Reference ligand (test),C:C,1.325,1.33,1,0.2
Reference ligand (test),C:C,1.33,1.335,1,0.2
Reference ligand (test),C:C,1.335,1.34,1,0.2
Reference ligand (test),C:C,1.34,1.345,3,0.6
Reference ligand (test),C:C,1.345,1.35,2,0.4
Reference ligand (test),C:C,1.35,1.355,2,0.4
Reference ligand (test),C:C,1.355,1.36,2,0.4
Reference ligand (test),C:C,1.36,1.365,6,1.2
Reference ligand (test),C:C,1.365,1.37,7,1.4
Reference ligand (test),C:C,1.37,1.375,9,1.8
Reference ligand (test),C:C,1.375,1.38,21,4.2
Reference ligand (test),C:C,1.38,1.385,46,9.2
Reference ligand (test),C:C,1.385,1.39,48,9.6
Reference ligand (test),C:C,1.39,1.395,73,14.6
Reference ligand (test),C:C,1.395,1.4,45,9.0
Reference ligand (test),C:C,1.4,1.405,35,7.0
Reference ligand (test),C:C,1.405,1.41,24,4.8
Reference ligand (test),C:C,1.41,1.415,28,5.6
Reference ligand (test),C:C,1.415,1.42,12,2.4
Reference ligand (test),C:C,1.42,1.425,19,3.8
Reference ligand (test),C:C,1.425,1.43,18,3.6
Reference ligand (test),C:C,1.43,1.435,12,2.4
Reference ligand (test),C:C,1.435,1.44,9,1.8
Reference ligand (test),C:C,1.44,1.445,8,1.6
Reference ligand (test),C:C,1.445,1.45,5,1.0
Reference ligand (test),C:C,1.45,1.455,4,0.8
Reference ligand (test),C:C,1.455,1.46,1,0.2
Reference ligand (test),C:C,1.46,1.465,6,1.2
Reference ligand (test),C:C,1.465,1.47,3,0.6
Reference ligand (test),C:C,1.47,1.475,3,0.6
Reference ligand (test),C:C,1.475,1.48,5,1.0
Reference ligand (test),C:C,1.48,1.485,6,1.2
Reference ligand (test),C:C,1.485,1.49,3,0.6
Reference ligand (test),C:C,1.49,1.495,2,0.4
Reference ligand (test),C:C,1.495,1.5,5,1.0
Reference ligand (test),C:C,1.5,1.505,1,0.2
Reference ligand (test),C:C,1.505,1.51,3,0.6
Reference ligand (test),C:C,1.51,1.515,2,0.4
Reference ligand (test),C:C,1.515,1.52,5,1.0
Reference ligand (test),C:C,1.52,1.525,2,0.4
Reference ligand (test),C:C,1.525,1.53,2,0.4
Reference ligand (test),C:C,1.53,1.535,2,0.4
Reference ligand (test),C:C,1.535,1.54,2,0.4
Reference ligand (test),C:C,1.54,1.545,1,0.2
Reference ligand (test),C:C,1.545,1.55,0,0.0
Reference ligand (test),C:C,1.55,1.555,0,0.0
Reference ligand (test),C:C,1.555,1.56,0,0.0
Reference ligand (test),C:C,1.56,1.565,0,0.0
Reference ligand (test),C:C,1.565,1.57,0,0.0
Reference ligand (test),C:C,1.57,1.575,0,0.0
Reference ligand (test),C:C,1.575,1.58,0,0.0
Reference ligand (test),C:C,1.58,1.585,0,0.0
Reference ligand (test),C:C,1.585,1.59,0,0.0
Reference ligand (test),C:C,1.59,1.595,0,0.0
Reference ligand (test),C:C,1.595,1.6,0,0.0
Reference ligand (test),C:C,1.6,1.605,0,0.0
Reference ligand (test),C:C,1.605,1.61,0,0.0
Reference ligand (test),C:C,1.61,1.615,0,0.0
Reference ligand (test),C:C,1.615,1.62,0,0.0
Reference ligand (test),C:C,1.62,1.625,0,0.0
Reference ligand (test),C:C,1.625,1.63,0,0.0
Reference ligand (test),C:C,1.63,1.635,0,0.0
Reference ligand (test),C:C,1.635,1.64,0,0.0
Reference ligand (test),C:C,1.64,1.645,0,0.0
Reference ligand (test),C:C,1.645,1.65,0,0.0
Reference ligand (test),C:C,1.65,1.655,0,0.0
Reference ligand (test),C:C,1.655,1.66,0,0.0
Reference ligand (test),C:C,1.66,1.665,0,0.0
Reference ligand (test),C:C,1.665,1.67,0,0.0
Reference ligand (test),C:C,1.67,1.675,0,0.0
Reference ligand (test),C:C,1.675,1.68,0,0.0
Reference ligand (test),C:C,1.68,1.685,0,0.0
Reference ligand (test),C:C,1.685,1.69,0,0.0
Reference ligand (test),C:C,1.69,inf,0,0.0
Reference ligand (test),C:N,-inf,1.1,0,0.0
Reference ligand (test),C:N,1.1,1.105,0,0.0
Reference ligand (test),C:N,1.105,1.11,0,0.0
Reference ligand (test),C:N,1.11,1.115,0,0.0
Reference ligand (test),C:N,1.115,1.12,0,0.0
Reference ligand (test),C:N,1.12,1.125,0,0.0
Reference ligand (test),C:N,1.125,1.13,0,0.0
Reference ligand (test),C:N,1.13,1.135,0,0.0
Reference ligand (test),C:N,1.135,1.14,0,0.0
Reference ligand (test),C:N,1.14,1.145,0,0.0
Reference ligand (test),C:N,1.145,1.15,0,0.0
Reference ligand (test),C:N,1.15,1.155,0,0.0
Reference ligand (test),C:N,1.155,1.16,0,0.0
Reference ligand (test),C:N,1.16,1.165,0,0.0
Reference ligand (test),C:N,1.165,1.17,0,0.0
Reference ligand (test),C:N,1.17,1.175,0,0.0
Reference ligand (test),C:N,1.175,1.18,0,0.0
Reference ligand (test),C:N,1.18,1.185,0,0.0
Reference ligand (test),C:N,1.185,1.19,0,0.0
Reference ligand (test),C:N,1.19,1.195,0,0.0
Reference ligand (test),C:N,1.195,1.2,0,0.0
Reference ligand (test),C:N,1.2,1.205,0,0.0
Reference ligand (test),C:N,1.205,1.21,0,0.0
Reference ligand (test),C:N,1.21,1.215,0,0.0
Reference ligand (test),C:N,1.215,1.22,0,0.0
Reference ligand (test),C:N,1.22,1.225,0,0.0
Reference ligand (test),C:N,1.225,1.23,0,0.0
Reference ligand (test),C:N,1.23,1.235,0,0.0
Reference ligand (test),C:N,1.235,1.24,0,0.0
Reference ligand (test),C:N,1.24,1.245,0,0.0
Reference ligand (test),C:N,1.245,1.25,0,0.0
Reference ligand (test),C:N,1.25,1.255,0,0.0
Reference ligand (test),C:N,1.255,1.26,0,0.0
Reference ligand (test),C:N,1.26,1.265,0,0.0
Reference ligand (test),C:N,1.265,1.27,0,0.0
Reference ligand (test),C:N,1.27,1.275,0,0.0
Reference ligand (test),C:N,1.275,1.28,1,0.4695
Reference ligand (test),C:N,1.28,1.285,0,0.0
Reference ligand (test),C:N,1.285,1.29,1,0.4695
Reference ligand (test),C:N,1.29,1.295,0,0.0
Reference ligand (test),C:N,1.295,1.3,1,0.4695
Reference ligand (test),C:N,1.3,1.305,0,0.0
Reference ligand (test),C:N,1.305,1.31,3,1.4085
Reference ligand (test),C:N,1.31,1.315,2,0.939
Reference ligand (test),C:N,1.315,1.32,1,0.4695
Reference ligand (test),C:N,1.32,1.325,5,2.3474
Reference ligand (test),C:N,1.325,1.33,14,6.5728
Reference ligand (test),C:N,1.33,1.335,13,6.1033
Reference ligand (test),C:N,1.335,1.34,9,4.2254
Reference ligand (test),C:N,1.34,1.345,18,8.4507
Reference ligand (test),C:N,1.345,1.35,17,7.9812
Reference ligand (test),C:N,1.35,1.355,25,11.7371
Reference ligand (test),C:N,1.355,1.36,17,7.9812
Reference ligand (test),C:N,1.36,1.365,14,6.5728
Reference ligand (test),C:N,1.365,1.37,14,6.5728
Reference ligand (test),C:N,1.37,1.375,4,1.8779
Reference ligand (test),C:N,1.375,1.38,5,2.3474
Reference ligand (test),C:N,1.38,1.385,8,3.7559
Reference ligand (test),C:N,1.385,1.39,7,3.2864
Reference ligand (test),C:N,1.39,1.395,8,3.7559
Reference ligand (test),C:N,1.395,1.4,9,4.2254
Reference ligand (test),C:N,1.4,1.405,3,1.4085
Reference ligand (test),C:N,1.405,1.41,5,2.3474
Reference ligand (test),C:N,1.41,1.415,2,0.939
Reference ligand (test),C:N,1.415,1.42,2,0.939
Reference ligand (test),C:N,1.42,1.425,0,0.0
Reference ligand (test),C:N,1.425,1.43,2,0.939
Reference ligand (test),C:N,1.43,1.435,0,0.0
Reference ligand (test),C:N,1.435,1.44,0,0.0
Reference ligand (test),C:N,1.44,1.445,1,0.4695
Reference ligand (test),C:N,1.445,1.45,0,0.0
Reference ligand (test),C:N,1.45,1.455,0,0.0
Reference ligand (test),C:N,1.455,1.46,0,0.0
Reference ligand (test),C:N,1.46,1.465,0,0.0
Reference ligand (test),C:N,1.465,1.47,0,0.0
Reference ligand (test),C:N,1.47,1.475,1,0.4695
Reference ligand (test),C:N,1.475,1.48,0,0.0
Reference ligand (test),C:N,1.48,1.485,0,0.0
Reference ligand (test),C:N,1.485,1.49,1,0.4695
Reference ligand (test),C:N,1.49,1.495,0,0.0
Reference ligand (test),C:N,1.495,1.5,0,0.0
Reference ligand (test),C:N,1.5,1.505,0,0.0
Reference ligand (test),C:N,1.505,1.51,0,0.0
Reference ligand (test),C:N,1.51,1.515,0,0.0
Reference ligand (test),C:N,1.515,1.52,0,0.0
Reference ligand (test),C:N,1.52,1.525,0,0.0
Reference ligand (test),C:N,1.525,1.53,0,0.0
Reference ligand (test),C:N,1.53,1.535,0,0.0
Reference ligand (test),C:N,1.535,1.54,0,0.0
Reference ligand (test),C:N,1.54,1.545,0,0.0
Reference ligand (test),C:N,1.545,1.55,0,0.0
Reference ligand (test),C:N,1.55,1.555,0,0.0
Reference ligand (test),C:N,1.555,1.56,0,0.0
Reference ligand (test),C:N,1.56,1.565,0,0.0
Reference ligand (test),C:N,1.565,1.57,0,0.0
Reference ligand (test),C:N,1.57,1.575,0,0.0
Reference ligand (test),C:N,1.575,1.58,0,0.0
Reference ligand (test),C:N,1.58,1.585,0,0.0
Reference ligand (test),C:N,1.585,1.59,0,0.0
Reference ligand (test),C:N,1.59,1.595,0,0.0
Reference ligand (test),C:N,1.595,1.6,0,0.0
Reference ligand (test),C:N,1.6,1.605,0,0.0
Reference ligand (test),C:N,1.605,1.61,0,0.0
Reference ligand (test),C:N,1.61,1.615,0,0.0
Reference ligand (test),C:N,1.615,1.62,0,0.0
Reference ligand (test),C:N,1.62,1.625,0,0.0
Reference ligand (test),C:N,1.625,1.63,0,0.0
Reference ligand (test),C:N,1.63,1.635,0,0.0
Reference ligand (test),C:N,1.635,1.64,0,0.0
Reference ligand (test),C:N,1.64,1.645,0,0.0
Reference ligand (test),C:N,1.645,1.65,0,0.0
Reference ligand (test),C:N,1.65,1.655,0,0.0
Reference ligand (test),C:N,1.655,1.66,0,0.0
Reference ligand (test),C:N,1.66,1.665,0,0.0
Reference ligand (test),C:N,1.665,1.67,0,0.0
Reference ligand (test),C:N,1.67,1.675,0,0.0
Reference ligand (test),C:N,1.675,1.68,0,0.0
Reference ligand (test),C:N,1.68,1.685,0,0.0
Reference ligand (test),C:N,1.685,1.69,0,0.0
Reference ligand (test),C:N,1.69,inf,0,0.0
AR,C-C,-inf,1.1,28,0.0462
AR,C-C,1.1,1.105,3,0.005
AR,C-C,1.105,1.11,2,0.0033
AR,C-C,1.11,1.115,0,0.0
AR,C-C,1.115,1.12,0,0.0
AR,C-C,1.12,1.125,2,0.0033
AR,C-C,1.125,1.13,0,0.0
AR,C-C,1.13,1.135,0,0.0
AR,C-C,1.135,1.14,2,0.0033
AR,C-C,1.14,1.145,7,0.0116
AR,C-C,1.145,1.15,4,0.0066
AR,C-C,1.15,1.155,2,0.0033
AR,C-C,1.155,1.16,2,0.0033
AR,C-C,1.16,1.165,0,0.0
AR,C-C,1.165,1.17,8,0.0132
AR,C-C,1.17,1.175,14,0.0231
AR,C-C,1.175,1.18,3,0.005
AR,C-C,1.18,1.185,1,0.0017
AR,C-C,1.185,1.19,6,0.0099
AR,C-C,1.19,1.195,0,0.0
AR,C-C,1.195,1.2,0,0.0
AR,C-C,1.2,1.205,7,0.0116
AR,C-C,1.205,1.21,22,0.0363
AR,C-C,1.21,1.215,5,0.0083
AR,C-C,1.215,1.22,0,0.0
AR,C-C,1.22,1.225,40,0.066
AR,C-C,1.225,1.23,0,0.0
AR,C-C,1.23,1.235,8,0.0132
AR,C-C,1.235,1.24,37,0.0611
AR,C-C,1.24,1.245,43,0.071
AR,C-C,1.245,1.25,0,0.0
AR,C-C,1.25,1.255,15,0.0248
AR,C-C,1.255,1.26,25,0.0413
AR,C-C,1.26,1.265,17,0.0281
AR,C-C,1.265,1.27,84,0.1386
AR,C-C,1.27,1.275,45,0.0743
AR,C-C,1.275,1.28,10,0.0165
AR,C-C,1.28,1.285,124,0.2046
AR,C-C,1.285,1.29,112,0.1848
AR,C-C,1.29,1.295,0,0.0
AR,C-C,1.295,1.3,78,0.1287
AR,C-C,1.3,1.305,163,0.269
AR,C-C,1.305,1.31,122,0.2013
AR,C-C,1.31,1.315,23,0.038
AR,C-C,1.315,1.32,443,0.7311
AR,C-C,1.32,1.325,0,0.0
AR,C-C,1.325,1.33,41,0.0677
AR,C-C,1.33,1.335,310,0.5116
AR,C-C,1.335,1.34,203,0.335
AR,C-C,1.34,1.345,225,0.3713
AR,C-C,1.345,1.35,677,1.1173
AR,C-C,1.35,1.355,0,0.0
AR,C-C,1.355,1.36,207,0.3416
AR,C-C,1.36,1.365,1245,2.0547
AR,C-C,1.365,1.37,203,0.335
AR,C-C,1.37,1.375,869,1.4342
AR,C-C,1.375,1.38,234,0.3862
AR,C-C,1.38,1.385,0,0.0
AR,C-C,1.385,1.39,379,0.6255
AR,C-C,1.39,1.395,1608,2.6538
AR,C-C,1.395,1.4,766,1.2642
AR,C-C,1.4,1.405,1397,2.3055
AR,C-C,1.405,1.41,1086,1.7923
AR,C-C,1.41,1.415,876,1.4457
AR,C-C,1.415,1.42,1501,2.4772
AR,C-C,1.42,1.425,1761,2.9063
AR,C-C,1.425,1.43,513,0.8466
AR,C-C,1.43,1.435,1026,1.6933
AR,C-C,1.435,1.44,3544,5.8489
AR,C-C,1.44,1.445,315,0.5199
AR,C-C,1.445,1.45,5418,8.9416
AR,C-C,1.45,1.455,1220,2.0134
AR,C-C,1.455,1.46,3616,5.9677
AR,C-C,1.46,1.465,1186,1.9573
AR,C-C,1.465,1.47,1880,3.1027
AR,C-C,1.47,1.475,2289,3.7777
AR,C-C,1.475,1.48,5395,8.9037
AR,C-C,1.48,1.485,0,0.0
AR,C-C,1.485,1.49,8533,14.0825
AR,C-C,1.49,1.495,7,0.0116
AR,C-C,1.495,1.5,1377,2.2725
AR,C-C,1.5,1.505,3300,5.4462
AR,C-C,1.505,1.51,205,0.3383
AR,C-C,1.51,1.515,150,0.2476
AR,C-C,1.515,1.52,268,0.4423
AR,C-C,1.52,1.525,24,0.0396
AR,C-C,1.525,1.53,351,0.5793
AR,C-C,1.53,1.535,50,0.0825
AR,C-C,1.535,1.54,250,0.4126
AR,C-C,1.54,1.545,119,0.1964
AR,C-C,1.545,1.55,0,0.0
AR,C-C,1.55,1.555,237,0.3911
AR,C-C,1.555,1.56,257,0.4241
AR,C-C,1.56,1.565,68,0.1122
AR,C-C,1.565,1.57,398,0.6568
AR,C-C,1.57,1.575,74,0.1221
AR,C-C,1.575,1.58,180,0.2971
AR,C-C,1.58,1.585,269,0.4439
AR,C-C,1.585,1.59,0,0.0
AR,C-C,1.59,1.595,274,0.4522
AR,C-C,1.595,1.6,0,0.0
AR,C-C,1.6,1.605,129,0.2129
AR,C-C,1.605,1.61,141,0.2327
AR,C-C,1.61,1.615,158,0.2608
AR,C-C,1.615,1.62,265,0.4373
AR,C-C,1.62,1.625,77,0.1271
AR,C-C,1.625,1.63,58,0.0957
AR,C-C,1.63,1.635,354,0.5842
AR,C-C,1.635,1.64,27,0.0446
AR,C-C,1.64,1.645,299,0.4935
AR,C-C,1.645,1.65,19,0.0314
AR,C-C,1.65,1.655,74,0.1221
AR,C-C,1.655,1.66,112,0.1848
AR,C-C,1.66,1.665,80,0.132
AR,C-C,1.665,1.67,75,0.1238
AR,C-C,1.67,1.675,61,0.1007
AR,C-C,1.675,1.68,120,0.198
AR,C-C,1.68,1.685,13,0.0215
AR,C-C,1.685,1.69,91,0.1502
AR,C-C,1.69,inf,552,0.911
AR,C=C,-inf,1.1,3,0.0589
AR,C=C,1.1,1.105,1,0.0196
AR,C=C,1.105,1.11,0,0.0
AR,C=C,1.11,1.115,0,0.0
AR,C=C,1.115,1.12,0,0.0
AR,C=C,1.12,1.125,0,0.0
AR,C=C,1.125,1.13,0,0.0
AR,C=C,1.13,1.135,0,0.0
AR,C=C,1.135,1.14,0,0.0
AR,C=C,1.14,1.145,1,0.0196
AR,C=C,1.145,1.15,0,0.0
AR,C=C,1.15,1.155,0,0.0
AR,C=C,1.155,1.16,0,0.0
AR,C=C,1.16,1.165,0,0.0
AR,C=C,1.165,1.17,0,0.0
AR,C=C,1.17,1.175,0,0.0
AR,C=C,1.175,1.18,1,0.0196
AR,C=C,1.18,1.185,1,0.0196
AR,C=C,1.185,1.19,0,0.0
AR,C=C,1.19,1.195,1,0.0196
AR,C=C,1.195,1.2,0,0.0
AR,C=C,1.2,1.205,9,0.1767
AR,C=C,1.205,1.21,5,0.0982
AR,C=C,1.21,1.215,0,0.0
AR,C=C,1.215,1.22,2,0.0393
AR,C=C,1.22,1.225,8,0.1571
AR,C=C,1.225,1.23,0,0.0
AR,C=C,1.23,1.235,6,0.1178
AR,C=C,1.235,1.24,4,0.0785
AR,C=C,1.24,1.245,8,0.1571
AR,C=C,1.245,1.25,0,0.0
AR,C=C,1.25,1.255,2,0.0393
AR,C=C,1.255,1.26,3,0.0589
AR,C=C,1.26,1.265,1,0.0196
AR,C=C,1.265,1.27,28,0.5498
AR,C=C,1.27,1.275,22,0.432
AR,C=C,1.275,1.28,8,0.1571
AR,C=C,1.28,1.285,30,0.589
AR,C=C,1.285,1.29,14,0.2749
AR,C=C,1.29,1.295,0,0.0
AR,C=C,1.295,1.3,4,0.0785
AR,C=C,1.3,1.305,60,1.1781
AR,C=C,1.305,1.31,52,1.021
AR,C=C,1.31,1.315,3,0.0589
AR,C=C,1.315,1.32,167,3.279
AR,C=C,1.32,1.325,0,0.0
AR,C=C,1.325,1.33,20,0.3927
AR,C=C,1.33,1.335,94,1.8457
AR,C=C,1.335,1.34,50,0.9817
AR,C=C,1.34,1.345,31,0.6087
AR,C=C,1.345,1.35,164,3.2201
AR,C=C,1.35,1.355,0,0.0
AR,C=C,1.355,1.36,34,0.6676
AR,C=C,1.36,1.365,257,5.0461
AR,C=C,1.365,1.37,59,1.1585
AR,C=C,1.37,1.375,185,3.6324
AR,C=C,1.375,1.38,39,0.7658
AR,C=C,1.38,1.385,0,0.0
AR,C=C,1.385,1.39,59,1.1585
AR,C=C,1.39,1.395,237,4.6534
AR,C=C,1.395,1.4,131,2.5722
AR,C=C,1.4,1.405,177,3.4754
AR,C=C,1.405,1.41,215,4.2215
AR,C=C,1.41,1.415,45,0.8836
AR,C=C,1.415,1.42,144,2.8274
AR,C=C,1.42,1.425,180,3.5343
AR,C=C,1.425,1.43,37,0.7265
AR,C=C,1.43,1.435,67,1.3155
AR,C=C,1.435,1.44,286,5.6156
AR,C=C,1.44,1.445,25,0.4909
AR,C=C,1.445,1.45,394,7.7361
AR,C=C,1.45,1.455,62,1.2174
AR,C=C,1.455,1.46,251,4.9283
AR,C=C,1.46,1.465,101,1.9831
AR,C=C,1.465,1.47,186,3.6521
AR,C=C,1.47,1.475,97,1.9046
AR,C=C,1.475,1.48,261,5.1247
AR,C=C,1.48,1.485,0,0.0
AR,C=C,1.485,1.49,324,6.3617
AR,C=C,1.49,1.495,0,0.0
AR,C=C,1.495,1.5,39,0.7658
AR,C=C,1.5,1.505,135,2.6507
AR,C=C,1.505,1.51,19,0.3731
AR,C=C,1.51,1.515,10,0.1963
AR,C=C,1.515,1.52,19,0.3731
AR,C=C,1.52,1.525,0,0.0
AR,C=C,1.525,1.53,14,0.2749
AR,C=C,1.53,1.535,4,0.0785
AR,C=C,1.535,1.54,7,0.1374
AR,C=C,1.54,1.545,5,0.0982
AR,C=C,1.545,1.55,0,0.0
AR,C=C,1.55,1.555,22,0.432
AR,C=C,1.555,1.56,32,0.6283
AR,C=C,1.56,1.565,3,0.0589
AR,C=C,1.565,1.57,27,0.5301
AR,C=C,1.57,1.575,2,0.0393
AR,C=C,1.575,1.58,3,0.0589
AR,C=C,1.58,1.585,20,0.3927
AR,C=C,1.585,1.59,0,0.0
AR,C=C,1.59,1.595,8,0.1571
AR,C=C,1.595,1.6,0,0.0
AR,C=C,1.6,1.605,7,0.1374
AR,C=C,1.605,1.61,1,0.0196
AR,C=C,1.61,1.615,9,0.1767
AR,C=C,1.615,1.62,6,0.1178
AR,C=C,1.62,1.625,4,0.0785
AR,C=C,1.625,1.63,4,0.0785
AR,C=C,1.63,1.635,3,0.0589
AR,C=C,1.635,1.64,0,0.0
AR,C=C,1.64,1.645,4,0.0785
AR,C=C,1.645,1.65,0,0.0
AR,C=C,1.65,1.655,0,0.0
AR,C=C,1.655,1.66,3,0.0589
AR,C=C,1.66,1.665,5,0.0982
AR,C=C,1.665,1.67,7,0.1374
AR,C=C,1.67,1.675,1,0.0196
AR,C=C,1.675,1.68,1,0.0196
AR,C=C,1.68,1.685,1,0.0196
AR,C=C,1.685,1.69,1,0.0196
AR,C=C,1.69,inf,11,0.216
AR,C-N,-inf,1.1,47,0.1669
AR,C-N,1.1,1.105,3,0.0107
AR,C-N,1.105,1.11,4,0.0142
AR,C-N,1.11,1.115,0,0.0
AR,C-N,1.115,1.12,17,0.0604
AR,C-N,1.12,1.125,11,0.0391
AR,C-N,1.125,1.13,0,0.0
AR,C-N,1.13,1.135,3,0.0107
AR,C-N,1.135,1.14,14,0.0497
AR,C-N,1.14,1.145,19,0.0675
AR,C-N,1.145,1.15,2,0.0071
AR,C-N,1.15,1.155,13,0.0462
AR,C-N,1.155,1.16,23,0.0817
AR,C-N,1.16,1.165,0,0.0
AR,C-N,1.165,1.17,12,0.0426
AR,C-N,1.17,1.175,58,0.2059
AR,C-N,1.175,1.18,9,0.032
AR,C-N,1.18,1.185,10,0.0355
AR,C-N,1.185,1.19,30,0.1065
AR,C-N,1.19,1.195,26,0.0923
AR,C-N,1.195,1.2,0,0.0
AR,C-N,1.2,1.205,45,0.1598
AR,C-N,1.205,1.21,106,0.3763
AR,C-N,1.21,1.215,14,0.0497
AR,C-N,1.215,1.22,14,0.0497
AR,C-N,1.22,1.225,241,0.8556
AR,C-N,1.225,1.23,0,0.0
AR,C-N,1.23,1.235,57,0.2024
AR,C-N,1.235,1.24,144,0.5112
AR,C-N,1.24,1.245,215,0.7633
AR,C-N,1.245,1.25,2,0.0071
AR,C-N,1.25,1.255,152,0.5396
AR,C-N,1.255,1.26,79,0.2805
AR,C-N,1.26,1.265,17,0.0604
AR,C-N,1.265,1.27,334,1.1857
AR,C-N,1.27,1.275,227,0.8059
AR,C-N,1.275,1.28,16,0.0568
AR,C-N,1.28,1.285,338,1.1999
AR,C-N,1.285,1.29,298,1.0579
AR,C-N,1.29,1.295,0,0.0
AR,C-N,1.295,1.3,138,0.4899
AR,C-N,1.3,1.305,723,2.5667
AR,C-N,1.305,1.31,395,1.4023
AR,C-N,1.31,1.315,82,0.2911
AR,C-N,1.315,1.32,1115,3.9584
AR,C-N,1.32,1.325,0,0.0
AR,C-N,1.325,1.33,50,0.1775
AR,C-N,1.33,1.335,652,2.3147
AR,C-N,1.335,1.34,596,2.1159
AR,C-N,1.34,1.345,237,0.8414
AR,C-N,1.345,1.35,1133,4.0223
AR,C-N,1.35,1.355,0,0.0
AR,C-N,1.355,1.36,215,0.7633
AR,C-N,1.36,1.365,1486,5.2755
AR,C-N,1.365,1.37,354,1.2567
AR,C-N,1.37,1.375,916,3.2519
AR,C-N,1.375,1.38,187,0.6639
AR,C-N,1.38,1.385,0,0.0
AR,C-N,1.385,1.39,351,1.2461
AR,C-N,1.39,1.395,1254,4.4519
AR,C-N,1.395,1.4,400,1.4201
AR,C-N,1.4,1.405,993,3.5253
AR,C-N,1.405,1.41,771,2.7371
AR,C-N,1.41,1.415,419,1.4875
AR,C-N,1.415,1.42,1094,3.8838
AR,C-N,1.42,1.425,944,3.3513
AR,C-N,1.425,1.43,300,1.065
AR,C-N,1.43,1.435,458,1.626
AR,C-N,1.435,1.44,1352,4.7998
AR,C-N,1.44,1.445,145,0.5148
AR,C-N,1.445,1.45,1686,5.9855
AR,C-N,1.45,1.455,419,1.4875
AR,C-N,1.455,1.46,948,3.3655
AR,C-N,1.46,1.465,284,1.0082
AR,C-N,1.465,1.47,527,1.8709
AR,C-N,1.47,1.475,559,1.9845
AR,C-N,1.475,1.48,1091,3.8732
AR,C-N,1.48,1.485,0,0.0
AR,C-N,1.485,1.49,1289,4.5761
AR,C-N,1.49,1.495,9,0.032
AR,C-N,1.495,1.5,177,0.6284
AR,C-N,1.5,1.505,414,1.4698
AR,C-N,1.505,1.51,112,0.3976
AR,C-N,1.51,1.515,27,0.0959
AR,C-N,1.515,1.52,115,0.4083
AR,C-N,1.52,1.525,9,0.032
AR,C-N,1.525,1.53,190,0.6745
AR,C-N,1.53,1.535,21,0.0746
AR,C-N,1.535,1.54,70,0.2485
AR,C-N,1.54,1.545,25,0.0888
AR,C-N,1.545,1.55,0,0.0
AR,C-N,1.55,1.555,50,0.1775
AR,C-N,1.555,1.56,80,0.284
AR,C-N,1.56,1.565,11,0.0391
AR,C-N,1.565,1.57,125,0.4438
AR,C-N,1.57,1.575,16,0.0568
AR,C-N,1.575,1.58,36,0.1278
AR,C-N,1.58,1.585,90,0.3195
AR,C-N,1.585,1.59,0,0.0
AR,C-N,1.59,1.595,41,0.1456
AR,C-N,1.595,1.6,0,0.0
AR,C-N,1.6,1.605,44,0.1562
AR,C-N,1.605,1.61,24,0.0852
AR,C-N,1.61,1.615,8,0.0284
AR,C-N,1.615,1.62,76,0.2698
AR,C-N,1.62,1.625,12,0.0426
AR,C-N,1.625,1.63,6,0.0213
AR,C-N,1.63,1.635,27,0.0959
AR,C-N,1.635,1.64,1,0.0036
AR,C-N,1.64,1.645,30,0.1065
AR,C-N,1.645,1.65,6,0.0213
AR,C-N,1.65,1.655,5,0.0178
AR,C-N,1.655,1.66,21,0.0746
AR,C-N,1.66,1.665,5,0.0178
AR,C-N,1.665,1.67,17,0.0604
AR,C-N,1.67,1.675,0,0.0
AR,C-N,1.675,1.68,27,0.0959
AR,C-N,1.68,1.685,4,0.0142
AR,C-N,1.685,1.69,6,0.0213
AR,C-N,1.69,inf,68,0.2414
AR,C=N,-inf,1.1,9,0.2805
AR,C=N,1.1,1.105,6,0.187
AR,C=N,1.105,1.11,1,0.0312
AR,C=N,1.11,1.115,0,0.0
AR,C=N,1.115,1.12,2,0.0623
AR,C=N,1.12,1.125,5,0.1558
AR,C=N,1.125,1.13,0,0.0
AR,C=N,1.13,1.135,0,0.0
AR,C=N,1.135,1.14,7,0.2181
AR,C=N,1.14,1.145,4,0.1246
AR,C=N,1.145,1.15,11,0.3428
AR,C=N,1.15,1.155,2,0.0623
AR,C=N,1.155,1.16,15,0.4674
AR,C=N,1.16,1.165,0,0.0
AR,C=N,1.165,1.17,4,0.1246
AR,C=N,1.17,1.175,31,0.966
AR,C=N,1.175,1.18,12,0.3739
AR,C=N,1.18,1.185,3,0.0935
AR,C=N,1.185,1.19,3,0.0935
AR,C=N,1.19,1.195,8,0.2493
AR,C=N,1.195,1.2,0,0.0
AR,C=N,1.2,1.205,13,0.4051
AR,C=N,1.205,1.21,20,0.6232
AR,C=N,1.21,1.215,4,0.1246
AR,C=N,1.215,1.22,5,0.1558
AR,C=N,1.22,1.225,50,1.5581
AR,C=N,1.225,1.23,0,0.0
AR,C=N,1.23,1.235,24,0.7479
AR,C=N,1.235,1.24,42,1.3088
AR,C=N,1.24,1.245,41,1.2777
AR,C=N,1.245,1.25,0,0.0
AR,C=N,1.25,1.255,40,1.2465
AR,C=N,1.255,1.26,21,0.6544
AR,C=N,1.26,1.265,2,0.0623
AR,C=N,1.265,1.27,66,2.0567
AR,C=N,1.27,1.275,45,1.4023
AR,C=N,1.275,1.28,4,0.1246
AR,C=N,1.28,1.285,160,4.986
AR,C=N,1.285,1.29,44,1.3711
AR,C=N,1.29,1.295,0,0.0
AR,C=N,1.295,1.3,17,0.5298
AR,C=N,1.3,1.305,193,6.0143
AR,C=N,1.305,1.31,96,2.9916
AR,C=N,1.31,1.315,6,0.187
AR,C=N,1.315,1.32,218,6.7934
AR,C=N,1.32,1.325,0,0.0
AR,C=N,1.325,1.33,21,0.6544
AR,C=N,1.33,1.335,93,2.8981
AR,C=N,1.335,1.34,191,5.952
AR,C=N,1.34,1.345,30,0.9349
AR,C=N,1.345,1.35,249,7.7594
AR,C=N,1.35,1.355,0,0.0
AR,C=N,1.355,1.36,72,2.2437
AR,C=N,1.36,1.365,165,5.1418
AR,C=N,1.365,1.37,25,0.7791
AR,C=N,1.37,1.375,75,2.3372
AR,C=N,1.375,1.38,50,1.5581
AR,C=N,1.38,1.385,0,0.0
AR,C=N,1.385,1.39,43,1.34
AR,C=N,1.39,1.395,135,4.2069
AR,C=N,1.395,1.4,33,1.0284
AR,C=N,1.4,1.405,66,2.0567
AR,C=N,1.405,1.41,63,1.9632
AR,C=N,1.41,1.415,19,0.5921
AR,C=N,1.415,1.42,41,1.2777
AR,C=N,1.42,1.425,116,3.6148
AR,C=N,1.425,1.43,16,0.4986
AR,C=N,1.43,1.435,27,0.8414
AR,C=N,1.435,1.44,88,2.7423
AR,C=N,1.44,1.445,10,0.3116
AR,C=N,1.445,1.45,98,3.0539
AR,C=N,1.45,1.455,19,0.5921
AR,C=N,1.455,1.46,70,2.1814
AR,C=N,1.46,1.465,14,0.4363
AR,C=N,1.465,1.47,10,0.3116
AR,C=N,1.47,1.475,20,0.6232
AR,C=N,1.475,1.48,36,1.1218
AR,C=N,1.48,1.485,0,0.0
AR,C=N,1.485,1.49,27,0.8414
AR,C=N,1.49,1.495,0,0.0
AR,C=N,1.495,1.5,3,0.0935
AR,C=N,1.5,1.505,11,0.3428
AR,C=N,1.505,1.51,4,0.1246
AR,C=N,1.51,1.515,0,0.0
AR,C=N,1.515,1.52,3,0.0935
AR,C=N,1.52,1.525,0,0.0
AR,C=N,1.525,1.53,5,0.1558
AR,C=N,1.53,1.535,1,0.0312
AR,C=N,1.535,1.54,2,0.0623
AR,C=N,1.54,1.545,1,0.0312
AR,C=N,1.545,1.55,0,0.0
AR,C=N,1.55,1.555,4,0.1246
AR,C=N,1.555,1.56,1,0.0312
AR,C=N,1.56,1.565,0,0.0
AR,C=N,1.565,1.57,2,0.0623
AR,C=N,1.57,1.575,0,0.0
AR,C=N,1.575,1.58,1,0.0312
AR,C=N,1.58,1.585,3,0.0935
AR,C=N,1.585,1.59,0,0.0
AR,C=N,1.59,1.595,1,0.0312
AR,C=N,1.595,1.6,0,0.0
AR,C=N,1.6,1.605,0,0.0
AR,C=N,1.605,1.61,1,0.0312
AR,C=N,1.61,1.615,2,0.0623
AR,C=N,1.615,1.62,1,0.0312
AR,C=N,1.62,1.625,1,0.0312
AR,C=N,1.625,1.63,0,0.0
AR,C=N,1.63,1.635,1,0.0312
AR,C=N,1.635,1.64,0,0.0
AR,C=N,1.64,1.645,3,0.0935
AR,C=N,1.645,1.65,0,0.0
AR,C=N,1.65,1.655,0,0.0
AR,C=N,1.655,1.66,2,0.0623
AR,C=N,1.66,1.665,0,0.0
AR,C=N,1.665,1.67,0,0.0
AR,C=N,1.67,1.675,0,0.0
AR,C=N,1.675,1.68,0,0.0
AR,C=N,1.68,1.685,0,0.0
AR,C=N,1.685,1.69,0,0.0
AR,C=N,1.69,inf,0,0.0
AR,C-O,-inf,1.1,113,0.569
AR,C-O,1.1,1.105,21,0.1058
AR,C-O,1.105,1.11,8,0.0403
AR,C-O,1.11,1.115,0,0.0
AR,C-O,1.115,1.12,21,0.1058
AR,C-O,1.12,1.125,18,0.0906
AR,C-O,1.125,1.13,0,0.0
AR,C-O,1.13,1.135,0,0.0
AR,C-O,1.135,1.14,20,0.1007
AR,C-O,1.14,1.145,23,0.1158
AR,C-O,1.145,1.15,5,0.0252
AR,C-O,1.15,1.155,7,0.0353
AR,C-O,1.155,1.16,53,0.2669
AR,C-O,1.16,1.165,0,0.0
AR,C-O,1.165,1.17,14,0.0705
AR,C-O,1.17,1.175,77,0.3878
AR,C-O,1.175,1.18,17,0.0856
AR,C-O,1.18,1.185,14,0.0705
AR,C-O,1.185,1.19,30,0.1511
AR,C-O,1.19,1.195,19,0.0957
AR,C-O,1.195,1.2,0,0.0
AR,C-O,1.2,1.205,54,0.2719
AR,C-O,1.205,1.21,94,0.4734
AR,C-O,1.21,1.215,24,0.1209
AR,C-O,1.215,1.22,9,0.0453
AR,C-O,1.22,1.225,174,0.8762
AR,C-O,1.225,1.23,0,0.0
AR,C-O,1.23,1.235,37,0.1863
AR,C-O,1.235,1.24,66,0.3324
AR,C-O,1.24,1.245,126,0.6345
AR,C-O,1.245,1.25,0,0.0
AR,C-O,1.25,1.255,68,0.3424
AR,C-O,1.255,1.26,72,0.3626
AR,C-O,1.26,1.265,14,0.0705
AR,C-O,1.265,1.27,159,0.8007
AR,C-O,1.27,1.275,108,0.5439
AR,C-O,1.275,1.28,25,0.1259
AR,C-O,1.28,1.285,173,0.8712
AR,C-O,1.285,1.29,185,0.9316
AR,C-O,1.29,1.295,0,0.0
AR,C-O,1.295,1.3,117,0.5892
AR,C-O,1.3,1.305,515,2.5934
AR,C-O,1.305,1.31,268,1.3496
AR,C-O,1.31,1.315,60,0.3021
AR,C-O,1.315,1.32,665,3.3488
AR,C-O,1.32,1.325,0,0.0
AR,C-O,1.325,1.33,34,0.1712
AR,C-O,1.33,1.335,446,2.2459
AR,C-O,1.335,1.34,343,1.7273
AR,C-O,1.34,1.345,236,1.1884
AR,C-O,1.345,1.35,762,3.8372
AR,C-O,1.35,1.355,0,0.0
AR,C-O,1.355,1.36,152,0.7654
AR,C-O,1.36,1.365,1070,5.3883
AR,C-O,1.365,1.37,162,0.8158
AR,C-O,1.37,1.375,723,3.6409
AR,C-O,1.375,1.38,200,1.0072
AR,C-O,1.38,1.385,0,0.0
AR,C-O,1.385,1.39,183,0.9215
AR,C-O,1.39,1.395,939,4.7286
AR,C-O,1.395,1.4,395,1.9891
AR,C-O,1.4,1.405,794,3.9984
AR,C-O,1.405,1.41,536,2.6992
AR,C-O,1.41,1.415,309,1.556
AR,C-O,1.415,1.42,542,2.7294
AR,C-O,1.42,1.425,588,2.961
AR,C-O,1.425,1.43,158,0.7956
AR,C-O,1.43,1.435,292,1.4704
AR,C-O,1.435,1.44,971,4.8897
AR,C-O,1.44,1.445,120,0.6043
AR,C-O,1.445,1.45,1365,6.8738
AR,C-O,1.45,1.455,294,1.4805
AR,C-O,1.455,1.46,670,3.374
AR,C-O,1.46,1.465,374,1.8834
AR,C-O,1.465,1.47,361,1.8179
AR,C-O,1.47,1.475,322,1.6215
AR,C-O,1.475,1.48,738,3.7164
AR,C-O,1.48,1.485,0,0.0
AR,C-O,1.485,1.49,1047,5.2724
AR,C-O,1.49,1.495,0,0.0
AR,C-O,1.495,1.5,163,0.8208
AR,C-O,1.5,1.505,345,1.7373
AR,C-O,1.505,1.51,59,0.2971
AR,C-O,1.51,1.515,41,0.2065
AR,C-O,1.515,1.52,62,0.3122
AR,C-O,1.52,1.525,3,0.0151
AR,C-O,1.525,1.53,90,0.4532
AR,C-O,1.53,1.535,12,0.0604
AR,C-O,1.535,1.54,38,0.1914
AR,C-O,1.54,1.545,19,0.0957
AR,C-O,1.545,1.55,0,0.0
AR,C-O,1.55,1.555,34,0.1712
AR,C-O,1.555,1.56,43,0.2165
AR,C-O,1.56,1.565,15,0.0755
AR,C-O,1.565,1.57,54,0.2719
AR,C-O,1.57,1.575,17,0.0856
AR,C-O,1.575,1.58,21,0.1058
AR,C-O,1.58,1.585,42,0.2115
AR,C-O,1.585,1.59,0,0.0
AR,C-O,1.59,1.595,23,0.1158
AR,C-O,1.595,1.6,0,0.0
AR,C-O,1.6,1.605,35,0.1763
AR,C-O,1.605,1.61,14,0.0705
AR,C-O,1.61,1.615,4,0.0201
AR,C-O,1.615,1.62,20,0.1007
AR,C-O,1.62,1.625,6,0.0302
AR,C-O,1.625,1.63,5,0.0252
AR,C-O,1.63,1.635,18,0.0906
AR,C-O,1.635,1.64,1,0.005
AR,C-O,1.64,1.645,29,0.146
AR,C-O,1.645,1.65,1,0.005
AR,C-O,1.65,1.655,0,0.0
AR,C-O,1.655,1.66,3,0.0151
AR,C-O,1.66,1.665,6,0.0302
AR,C-O,1.665,1.67,2,0.0101
AR,C-O,1.67,1.675,0,0.0
AR,C-O,1.675,1.68,13,0.0655
AR,C-O,1.68,1.685,1,0.005
AR,C-O,1.685,1.69,3,0.0151
AR,C-O,1.69,inf,17,0.0856
AR,C=O,-inf,1.1,38,1.0185
AR,C=O,1.1,1.105,9,0.2412
AR,C=O,1.105,1.11,6,0.1608
AR,C=O,1.11,1.115,0,0.0
AR,C=O,1.115,1.12,27,0.7237
AR,C=O,1.12,1.125,22,0.5897
AR,C=O,1.125,1.13,0,0.0
AR,C=O,1.13,1.135,5,0.134
AR,C=O,1.135,1.14,38,1.0185
AR,C=O,1.14,1.145,43,1.1525
AR,C=O,1.145,1.15,18,0.4824
AR,C=O,1.15,1.155,11,0.2948
AR,C=O,1.155,1.16,46,1.2329
AR,C=O,1.16,1.165,0,0.0
AR,C=O,1.165,1.17,17,0.4556
AR,C=O,1.17,1.175,93,2.4926
AR,C=O,1.175,1.18,22,0.5897
AR,C=O,1.18,1.185,36,0.9649
AR,C=O,1.185,1.19,60,1.6081
AR,C=O,1.19,1.195,31,0.8309
AR,C=O,1.195,1.2,0,0.0
AR,C=O,1.2,1.205,57,1.5277
AR,C=O,1.205,1.21,123,3.2967
AR,C=O,1.21,1.215,56,1.5009
AR,C=O,1.215,1.22,19,0.5092
AR,C=O,1.22,1.225,254,6.8078
AR,C=O,1.225,1.23,0,0.0
AR,C=O,1.23,1.235,44,1.1793
AR,C=O,1.235,1.24,181,4.8512
AR,C=O,1.24,1.245,150,4.0204
AR,C=O,1.245,1.25,1,0.0268
AR,C=O,1.25,1.255,68,1.8226
AR,C=O,1.255,1.26,154,4.1276
AR,C=O,1.26,1.265,32,0.8577
AR,C=O,1.265,1.27,235,6.2986
AR,C=O,1.27,1.275,168,4.5028
AR,C=O,1.275,1.28,30,0.8041
AR,C=O,1.28,1.285,210,5.6285
AR,C=O,1.285,1.29,85,2.2782
AR,C=O,1.29,1.295,0,0.0
AR,C=O,1.295,1.3,32,0.8577
AR,C=O,1.3,1.305,152,4.074
AR,C=O,1.305,1.31,88,2.3586
AR,C=O,1.31,1.315,6,0.1608
AR,C=O,1.315,1.32,209,5.6017
AR,C=O,1.32,1.325,0,0.0
AR,C=O,1.325,1.33,11,0.2948
AR,C=O,1.33,1.335,49,1.3133
AR,C=O,1.335,1.34,23,0.6165
AR,C=O,1.34,1.345,53,1.4205
AR,C=O,1.345,1.35,152,4.074
AR,C=O,1.35,1.355,0,0.0
AR,C=O,1.355,1.36,12,0.3216
AR,C=O,1.36,1.365,108,2.8947
AR,C=O,1.365,1.37,7,0.1876
AR,C=O,1.37,1.375,29,0.7773
AR,C=O,1.375,1.38,11,0.2948
AR,C=O,1.38,1.385,0,0.0
AR,C=O,1.385,1.39,15,0.402
AR,C=O,1.39,1.395,77,2.0638
AR,C=O,1.395,1.4,19,0.5092
AR,C=O,1.4,1.405,43,1.1525
AR,C=O,1.405,1.41,20,0.536
AR,C=O,1.41,1.415,13,0.3484
AR,C=O,1.415,1.42,32,0.8577
AR,C=O,1.42,1.425,22,0.5897
AR,C=O,1.425,1.43,6,0.1608
AR,C=O,1.43,1.435,10,0.268
AR,C=O,1.435,1.44,27,0.7237
AR,C=O,1.44,1.445,4,0.1072
AR,C=O,1.445,1.45,30,0.8041
AR,C=O,1.45,1.455,8,0.2144
AR,C=O,1.455,1.46,13,0.3484
AR,C=O,1.46,1.465,5,0.134
AR,C=O,1.465,1.47,11,0.2948
AR,C=O,1.47,1.475,6,0.1608
AR,C=O,1.475,1.48,13,0.3484
AR,C=O,1.48,1.485,0,0.0
AR,C=O,1.485,1.49,18,0.4824
AR,C=O,1.49,1.495,0,0.0
AR,C=O,1.495,1.5,3,0.0804
AR,C=O,1.5,1.505,5,0.134
AR,C=O,1.505,1.51,0,0.0
AR,C=O,1.51,1.515,0,0.0
AR,C=O,1.515,1.52,0,0.0
AR,C=O,1.52,1.525,0,0.0
AR,C=O,1.525,1.53,0,0.0
AR,C=O,1.53,1.535,0,0.0
AR,C=O,1.535,1.54,0,0.0
AR,C=O,1.54,1.545,0,0.0
AR,C=O,1.545,1.55,0,0.0
AR,C=O,1.55,1.555,0,0.0
AR,C=O,1.555,1.56,0,0.0
AR,C=O,1.56,1.565,0,0.0
AR,C=O,1.565,1.57,0,0.0
AR,C=O,1.57,1.575,0,0.0
AR,C=O,1.575,1.58,0,0.0
AR,C=O,1.58,1.585,0,0.0
AR,C=O,1.585,1.59,0,0.0
AR,C=O,1.59,1.595,0,0.0
AR,C=O,1.595,1.6,0,0.0
AR,C=O,1.6,1.605,0,0.0
AR,C=O,1.605,1.61,0,0.0
AR,C=O,1.61,1.615,0,0.0
AR,C=O,1.615,1.62,0,0.0
AR,C=O,1.62,1.625,0,0.0
AR,C=O,1.625,1.63,0,0.0
AR,C=O,1.63,1.635,0,0.0
AR,C=O,1.635,1.64,0,0.0
AR,C=O,1.64,1.645,0,0.0
AR,C=O,1.645,1.65,0,0.0
AR,C=O,1.65,1.655,0,0.0
AR,C=O,1.655,1.66,0,0.0
AR,C=O,1.66,1.665,0,0.0
AR,C=O,1.665,1.67,0,0.0
AR,C=O,1.67,1.675,0,0.0
AR,C=O,1.675,1.68,0,0.0
AR,C=O,1.68,1.685,0,0.0
AR,C=O,1.685,1.69,0,0.0
AR,C=O,1.69,inf,0,0.0
AR,C:C,-inf,1.1,0,0.0
AR,C:C,1.1,1.105,0,0.0
AR,C:C,1.105,1.11,0,0.0
AR,C:C,1.11,1.115,0,0.0
AR,C:C,1.115,1.12,0,0.0
AR,C:C,1.12,1.125,0,0.0
AR,C:C,1.125,1.13,0,0.0
AR,C:C,1.13,1.135,0,0.0
AR,C:C,1.135,1.14,0,0.0
AR,C:C,1.14,1.145,1,0.0061
AR,C:C,1.145,1.15,0,0.0
AR,C:C,1.15,1.155,0,0.0
AR,C:C,1.155,1.16,0,0.0
AR,C:C,1.16,1.165,0,0.0
AR,C:C,1.165,1.17,0,0.0
AR,C:C,1.17,1.175,0,0.0
AR,C:C,1.175,1.18,0,0.0
AR,C:C,1.18,1.185,1,0.0061
AR,C:C,1.185,1.19,1,0.0061
AR,C:C,1.19,1.195,0,0.0
AR,C:C,1.195,1.2,0,0.0
AR,C:C,1.2,1.205,1,0.0061
AR,C:C,1.205,1.21,1,0.0061
AR,C:C,1.21,1.215,0,0.0
AR,C:C,1.215,1.22,0,0.0
AR,C:C,1.22,1.225,2,0.0123
AR,C:C,1.225,1.23,0,0.0
AR,C:C,1.23,1.235,3,0.0184
AR,C:C,1.235,1.24,8,0.0491
AR,C:C,1.24,1.245,10,0.0614
AR,C:C,1.245,1.25,0,0.0
AR,C:C,1.25,1.255,4,0.0245
AR,C:C,1.255,1.26,12,0.0736
AR,C:C,1.26,1.265,1,0.0061
AR,C:C,1.265,1.27,20,0.1227
AR,C:C,1.27,1.275,15,0.092
AR,C:C,1.275,1.28,31,0.1902
AR,C:C,1.28,1.285,46,0.2823
AR,C:C,1.285,1.29,60,0.3682
AR,C:C,1.29,1.295,0,0.0
AR,C:C,1.295,1.3,76,0.4663
AR,C:C,1.3,1.305,200,1.2272
AR,C:C,1.305,1.31,74,0.4541
AR,C:C,1.31,1.315,14,0.0859
AR,C:C,1.315,1.32,338,2.074
AR,C:C,1.32,1.325,0,0.0
AR,C:C,1.325,1.33,16,0.0982
AR,C:C,1.33,1.335,296,1.8163
AR,C:C,1.335,1.34,172,1.0554
AR,C:C,1.34,1.345,97,0.5952
AR,C:C,1.345,1.35,556,3.4117
AR,C:C,1.35,1.355,0,0.0
AR,C:C,1.355,1.36,152,0.9327
AR,C:C,1.36,1.365,910,5.5838
AR,C:C,1.365,1.37,157,0.9634
AR,C:C,1.37,1.375,533,3.2705
AR,C:C,1.375,1.38,141,0.8652
AR,C:C,1.38,1.385,0,0.0
AR,C:C,1.385,1.39,224,1.3745
AR,C:C,1.39,1.395,1086,6.6638
AR,C:C,1.395,1.4,384,2.3563
AR,C:C,1.4,1.405,830,5.093
AR,C:C,1.405,1.41,422,2.5894
AR,C:C,1.41,1.415,257,1.577
AR,C:C,1.415,1.42,568,3.4853
AR,C:C,1.42,1.425,579,3.5528
AR,C:C,1.425,1.43,258,1.5831
AR,C:C,1.43,1.435,388,2.3808
AR,C:C,1.435,1.44,1128,6.9215
AR,C:C,1.44,1.445,164,1.0063
AR,C:C,1.445,1.45,1344,8.2469
AR,C:C,1.45,1.455,346,2.1231
AR,C:C,1.455,1.46,649,3.9823
AR,C:C,1.46,1.465,312,1.9145
AR,C:C,1.465,1.47,288,1.7672
AR,C:C,1.47,1.475,401,2.4606
AR,C:C,1.475,1.48,723,4.4364
AR,C:C,1.48,1.485,0,0.0
AR,C:C,1.485,1.49,1119,6.8663
AR,C:C,1.49,1.495,2,0.0123
AR,C:C,1.495,1.5,58,0.3559
AR,C:C,1.5,1.505,254,1.5586
AR,C:C,1.505,1.51,67,0.4111
AR,C:C,1.51,1.515,32,0.1964
AR,C:C,1.515,1.52,82,0.5032
AR,C:C,1.52,1.525,8,0.0491
AR,C:C,1.525,1.53,110,0.675
AR,C:C,1.53,1.535,7,0.043
AR,C:C,1.535,1.54,26,0.1595
AR,C:C,1.54,1.545,11,0.0675
AR,C:C,1.545,1.55,0,0.0
AR,C:C,1.55,1.555,16,0.0982
AR,C:C,1.555,1.56,31,0.1902
AR,C:C,1.56,1.565,3,0.0184
AR,C:C,1.565,1.57,33,0.2025
AR,C:C,1.57,1.575,4,0.0245
AR,C:C,1.575,1.58,6,0.0368
AR,C:C,1.58,1.585,13,0.0798
AR,C:C,1.585,1.59,0,0.0
AR,C:C,1.59,1.595,21,0.1289
AR,C:C,1.595,1.6,0,0.0
AR,C:C,1.6,1.605,18,0.1104
AR,C:C,1.605,1.61,14,0.0859
AR,C:C,1.61,1.615,5,0.0307
AR,C:C,1.615,1.62,22,0.135
AR,C:C,1.62,1.625,0,0.0
AR,C:C,1.625,1.63,1,0.0061
AR,C:C,1.63,1.635,7,0.043
AR,C:C,1.635,1.64,2,0.0123
AR,C:C,1.64,1.645,12,0.0736
AR,C:C,1.645,1.65,1,0.0061
AR,C:C,1.65,1.655,1,0.0061
AR,C:C,1.655,1.66,3,0.0184
AR,C:C,1.66,1.665,1,0.0061
AR,C:C,1.665,1.67,1,0.0061
AR,C:C,1.67,1.675,0,0.0
AR,C:C,1.675,1.68,2,0.0123
AR,C:C,1.68,1.685,0,0.0
AR,C:C,1.685,1.69,0,0.0
AR,C:C,1.69,inf,4,0.0245
AR,C:N,-inf,1.1,0,0.0
AR,C:N,1.1,1.105,0,0.0
AR,C:N,1.105,1.11,0,0.0
AR,C:N,1.11,1.115,0,0.0
AR,C:N,1.115,1.12,0,0.0
AR,C:N,1.12,1.125,0,0.0
AR,C:N,1.125,1.13,0,0.0
AR,C:N,1.13,1.135,0,0.0
AR,C:N,1.135,1.14,0,0.0
AR,C:N,1.14,1.145,1,0.0262
AR,C:N,1.145,1.15,0,0.0
AR,C:N,1.15,1.155,0,0.0
AR,C:N,1.155,1.16,8,0.2093
AR,C:N,1.16,1.165,0,0.0
AR,C:N,1.165,1.17,0,0.0
AR,C:N,1.17,1.175,0,0.0
AR,C:N,1.175,1.18,0,0.0
AR,C:N,1.18,1.185,0,0.0
AR,C:N,1.185,1.19,4,0.1047
AR,C:N,1.19,1.195,0,0.0
AR,C:N,1.195,1.2,0,0.0
AR,C:N,1.2,1.205,31,0.8111
AR,C:N,1.205,1.21,4,0.1047
AR,C:N,1.21,1.215,0,0.0
AR,C:N,1.215,1.22,0,0.0
AR,C:N,1.22,1.225,14,0.3663
AR,C:N,1.225,1.23,0,0.0
AR,C:N,1.23,1.235,12,0.314
AR,C:N,1.235,1.24,15,0.3925
AR,C:N,1.24,1.245,43,1.1251
AR,C:N,1.245,1.25,1,0.0262
AR,C:N,1.25,1.255,31,0.8111
AR,C:N,1.255,1.26,15,0.3925
AR,C:N,1.26,1.265,1,0.0262
AR,C:N,1.265,1.27,73,1.91
AR,C:N,1.27,1.275,52,1.3605
AR,C:N,1.275,1.28,1,0.0262
AR,C:N,1.28,1.285,54,1.4129
AR,C:N,1.285,1.29,42,1.0989
AR,C:N,1.29,1.295,0,0.0
AR,C:N,1.295,1.3,19,0.4971
AR,C:N,1.3,1.305,100,2.6164
AR,C:N,1.305,1.31,59,1.5437
AR,C:N,1.31,1.315,8,0.2093
AR,C:N,1.315,1.32,295,7.7185
AR,C:N,1.32,1.325,0,0.0
AR,C:N,1.325,1.33,19,0.4971
AR,C:N,1.33,1.335,122,3.192
AR,C:N,1.335,1.34,105,2.7473
AR,C:N,1.34,1.345,94,2.4594
AR,C:N,1.345,1.35,275,7.1952
AR,C:N,1.35,1.355,0,0.0
AR,C:N,1.355,1.36,71,1.8577
AR,C:N,1.36,1.365,268,7.012
AR,C:N,1.365,1.37,33,0.8634
AR,C:N,1.37,1.375,158,4.134
AR,C:N,1.375,1.38,25,0.6541
AR,C:N,1.38,1.385,0,0.0
AR,C:N,1.385,1.39,25,0.6541
AR,C:N,1.39,1.395,171,4.4741
AR,C:N,1.395,1.4,81,2.1193
AR,C:N,1.4,1.405,133,3.4799
AR,C:N,1.405,1.41,99,2.5903
AR,C:N,1.41,1.415,101,2.6426
AR,C:N,1.415,1.42,107,2.7996
AR,C:N,1.42,1.425,90,2.3548
AR,C:N,1.425,1.43,31,0.8111
AR,C:N,1.43,1.435,44,1.1512
AR,C:N,1.435,1.44,190,4.9712
AR,C:N,1.44,1.445,4,0.1047
AR,C:N,1.445,1.45,183,4.7881
AR,C:N,1.45,1.455,25,0.6541
AR,C:N,1.455,1.46,66,1.7268
AR,C:N,1.46,1.465,17,0.4448
AR,C:N,1.465,1.47,20,0.5233
AR,C:N,1.47,1.475,38,0.9942
AR,C:N,1.475,1.48,95,2.4856
AR,C:N,1.48,1.485,0,0.0
AR,C:N,1.485,1.49,78,2.0408
AR,C:N,1.49,1.495,1,0.0262
AR,C:N,1.495,1.5,6,0.157
AR,C:N,1.5,1.505,44,1.1512
AR,C:N,1.505,1.51,17,0.4448
AR,C:N,1.51,1.515,9,0.2355
AR,C:N,1.515,1.52,9,0.2355
AR,C:N,1.52,1.525,0,0.0
AR,C:N,1.525,1.53,23,0.6018
AR,C:N,1.53,1.535,8,0.2093
AR,C:N,1.535,1.54,13,0.3401
AR,C:N,1.54,1.545,3,0.0785
AR,C:N,1.545,1.55,0,0.0
AR,C:N,1.55,1.555,14,0.3663
AR,C:N,1.555,1.56,3,0.0785
AR,C:N,1.56,1.565,0,0.0
AR,C:N,1.565,1.57,5,0.1308
AR,C:N,1.57,1.575,2,0.0523
AR,C:N,1.575,1.58,0,0.0
AR,C:N,1.58,1.585,5,0.1308
AR,C:N,1.585,1.59,0,0.0
AR,C:N,1.59,1.595,0,0.0
AR,C:N,1.595,1.6,0,0.0
AR,C:N,1.6,1.605,1,0.0262
AR,C:N,1.605,1.61,2,0.0523
AR,C:N,1.61,1.615,0,0.0
AR,C:N,1.615,1.62,2,0.0523
AR,C:N,1.62,1.625,0,0.0
AR,C:N,1.625,1.63,0,0.0
AR,C:N,1.63,1.635,2,0.0523
AR,C:N,1.635,1.64,0,0.0
AR,C:N,1.64,1.645,0,0.0
AR,C:N,1.645,1.65,0,0.0
AR,C:N,1.65,1.655,0,0.0
AR,C:N,1.655,1.66,0,0.0
AR,C:N,1.66,1.665,0,0.0
AR,C:N,1.665,1.67,0,0.0
AR,C:N,1.67,1.675,0,0.0
AR,C:N,1.675,1.68,0,0.0
AR,C:N,1.68,1.685,0,0.0
AR,C:N,1.685,1.69,0,0.0
AR,C:N,1.69,inf,2,0.0523
Pocket2Mol,C-C,-inf,1.1,133,0.3324
Pocket2Mol,C-C,1.1,1.105,3,0.0075
Pocket2Mol,C-C,1.105,1.11,8,0.02
Pocket2Mol,C-C,1.11,1.115,13,0.0325
Pocket2Mol,C-C,1.115,1.12,16,0.04
Pocket2Mol,C-C,1.12,1.125,13,0.0325
Pocket2Mol,C-C,1.125,1.13,14,0.035
Pocket2Mol,C-C,1.13,1.135,6,0.015
Pocket2Mol,C-C,1.135,1.14,11,0.0275
Pocket2Mol,C-C,1.14,1.145,3,0.0075
Pocket2Mol,C-C,1.145,1.15,15,0.0375
Pocket2Mol,C-C,1.15,1.155,9,0.0225
Pocket2Mol,C-C,1.155,1.16,26,0.065
Pocket2Mol,C-C,1.16,1.165,18,0.045
Pocket2Mol,C-C,1.165,1.17,17,0.0425
Pocket2Mol,C-C,1.17,1.175,25,0.0625
Pocket2Mol,C-C,1.175,1.18,22,0.055
Pocket2Mol,C-C,1.18,1.185,25,0.0625
Pocket2Mol,C-C,1.185,1.19,24,0.06
Pocket2Mol,C-C,1.19,1.195,106,0.2649
Pocket2Mol,C-C,1.195,1.2,41,0.1025
Pocket2Mol,C-C,1.2,1.205,31,0.0775
Pocket2Mol,C-C,1.205,1.21,39,0.0975
Pocket2Mol,C-C,1.21,1.215,75,0.1875
Pocket2Mol,C-C,1.215,1.22,54,0.135
Pocket2Mol,C-C,1.22,1.225,44,0.11
Pocket2Mol,C-C,1.225,1.23,86,0.2149
Pocket2Mol,C-C,1.23,1.235,142,0.3549
Pocket2Mol,C-C,1.235,1.24,66,0.165
Pocket2Mol,C-C,1.24,1.245,141,0.3524
Pocket2Mol,C-C,1.245,1.25,130,0.3249
Pocket2Mol,C-C,1.25,1.255,108,0.2699
Pocket2Mol,C-C,1.255,1.26,93,0.2324
Pocket2Mol,C-C,1.26,1.265,152,0.3799
Pocket2Mol,C-C,1.265,1.27,150,0.3749
Pocket2Mol,C-C,1.27,1.275,121,0.3024
Pocket2Mol,C-C,1.275,1.28,150,0.3749
Pocket2Mol,C-C,1.28,1.285,164,0.4099
Pocket2Mol,C-C,1.285,1.29,154,0.3849
Pocket2Mol,C-C,1.29,1.295,204,0.5099
Pocket2Mol,C-C,1.295,1.3,220,0.5499
Pocket2Mol,C-C,1.3,1.305,184,0.4599
Pocket2Mol,C-C,1.305,1.31,245,0.6123
Pocket2Mol,C-C,1.31,1.315,295,0.7373
Pocket2Mol,C-C,1.315,1.32,319,0.7973
Pocket2Mol,C-C,1.32,1.325,281,0.7023
Pocket2Mol,C-C,1.325,1.33,320,0.7998
Pocket2Mol,C-C,1.33,1.335,419,1.0472
Pocket2Mol,C-C,1.335,1.34,354,0.8848
Pocket2Mol,C-C,1.34,1.345,492,1.2297
Pocket2Mol,C-C,1.345,1.35,345,0.8623
Pocket2Mol,C-C,1.35,1.355,385,0.9623
Pocket2Mol,C-C,1.355,1.36,492,1.2297
Pocket2Mol,C-C,1.36,1.365,563,1.4071
Pocket2Mol,C-C,1.365,1.37,541,1.3522
Pocket2Mol,C-C,1.37,1.375,712,1.7796
Pocket2Mol,C-C,1.375,1.38,592,1.4796
Pocket2Mol,C-C,1.38,1.385,727,1.817
Pocket2Mol,C-C,1.385,1.39,816,2.0395
Pocket2Mol,C-C,1.39,1.395,612,1.5296
Pocket2Mol,C-C,1.395,1.4,668,1.6696
Pocket2Mol,C-C,1.4,1.405,761,1.902
Pocket2Mol,C-C,1.405,1.41,928,2.3194
Pocket2Mol,C-C,1.41,1.415,775,1.937
Pocket2Mol,C-C,1.415,1.42,930,2.3244
Pocket2Mol,C-C,1.42,1.425,941,2.3519
Pocket2Mol,C-C,1.425,1.43,819,2.047
Pocket2Mol,C-C,1.43,1.435,824,2.0595
Pocket2Mol,C-C,1.435,1.44,934,2.3344
Pocket2Mol,C-C,1.44,1.445,1027,2.5669
Pocket2Mol,C-C,1.445,1.45,832,2.0795
Pocket2Mol,C-C,1.45,1.455,768,1.9195
Pocket2Mol,C-C,1.455,1.46,914,2.2844
Pocket2Mol,C-C,1.46,1.465,968,2.4194
Pocket2Mol,C-C,1.465,1.47,734,1.8345
Pocket2Mol,C-C,1.47,1.475,978,2.4444
Pocket2Mol,C-C,1.475,1.48,856,2.1395
Pocket2Mol,C-C,1.48,1.485,732,1.8295
Pocket2Mol,C-C,1.485,1.49,767,1.917
Pocket2Mol,C-C,1.49,1.495,747,1.867
Pocket2Mol,C-C,1.495,1.5,666,1.6646
Pocket2Mol,C-C,1.5,1.505,584,1.4596
Pocket2Mol,C-C,1.505,1.51,759,1.897
Pocket2Mol,C-C,1.51,1.515,659,1.6471
Pocket2Mol,C-C,1.515,1.52,589,1.4721
Pocket2Mol,C-C,1.52,1.525,555,1.3872
Pocket2Mol,C-C,1.525,1.53,536,1.3397
Pocket2Mol,C-C,1.53,1.535,481,1.2022
Pocket2Mol,C-C,1.535,1.54,495,1.2372
Pocket2Mol,C-C,1.54,1.545,421,1.0522
Pocket2Mol,C-C,1.545,1.55,435,1.0872
Pocket2Mol,C-C,1.55,1.555,386,0.9648
Pocket2Mol,C-C,1.555,1.56,444,1.1097
Pocket2Mol,C-C,1.56,1.565,317,0.7923
Pocket2Mol,C-C,1.565,1.57,339,0.8473
Pocket2Mol,C-C,1.57,1.575,226,0.5649
Pocket2Mol,C-C,1.575,1.58,265,0.6623
Pocket2Mol,C-C,1.58,1.585,231,0.5774
Pocket2Mol,C-C,1.585,1.59,240,0.5999
Pocket2Mol,C-C,1.59,1.595,191,0.4774
Pocket2Mol,C-C,1.595,1.6,160,0.3999
Pocket2Mol,C-C,1.6,1.605,140,0.3499
Pocket2Mol,C-C,1.605,1.61,206,0.5149
Pocket2Mol,C-C,1.61,1.615,148,0.3699
Pocket2Mol,C-C,1.615,1.62,98,0.2449
Pocket2Mol,C-C,1.62,1.625,125,0.3124
Pocket2Mol,C-C,1.625,1.63,117,0.2924
Pocket2Mol,C-C,1.63,1.635,89,0.2224
Pocket2Mol,C-C,1.635,1.64,79,0.1975
Pocket2Mol,C-C,1.64,1.645,70,0.175
Pocket2Mol,C-C,1.645,1.65,98,0.2449
Pocket2Mol,C-C,1.65,1.655,62,0.155
Pocket2Mol,C-C,1.655,1.66,49,0.1225
Pocket2Mol,C-C,1.66,1.665,32,0.08
Pocket2Mol,C-C,1.665,1.67,53,0.1325
Pocket2Mol,C-C,1.67,1.675,41,0.1025
Pocket2Mol,C-C,1.675,1.68,30,0.075
Pocket2Mol,C-C,1.68,1.685,63,0.1575
Pocket2Mol,C-C,1.685,1.69,59,0.1475
Pocket2Mol,C-C,1.69,inf,1003,2.5069
Pocket2Mol,C=C,-inf,1.1,46,0.7097
Pocket2Mol,C=C,1.1,1.105,1,0.0154
Pocket2Mol,C=C,1.105,1.11,3,0.0463
Pocket2Mol,C=C,1.11,1.115,31,0.4782
Pocket2Mol,C=C,1.115,1.12,8,0.1234
Pocket2Mol,C=C,1.12,1.125,3,0.0463
Pocket2Mol,C=C,1.125,1.13,13,0.2006
Pocket2Mol,C=C,1.13,1.135,2,0.0309
Pocket2Mol,C=C,1.135,1.14,7,0.108
Pocket2Mol,C=C,1.14,1.145,2,0.0309
Pocket2Mol,C=C,1.145,1.15,6,0.0926
Pocket2Mol,C=C,1.15,1.155,7,0.108
Pocket2Mol,C=C,1.155,1.16,15,0.2314
Pocket2Mol,C=C,1.16,1.165,7,0.108
Pocket2Mol,C=C,1.165,1.17,11,0.1697
Pocket2Mol,C=C,1.17,1.175,11,0.1697
Pocket2Mol,C=C,1.175,1.18,19,0.2931
Pocket2Mol,C=C,1.18,1.185,54,0.8331
Pocket2Mol,C=C,1.185,1.19,16,0.2468
Pocket2Mol,C=C,1.19,1.195,31,0.4782
Pocket2Mol,C=C,1.195,1.2,18,0.2777
Pocket2Mol,C=C,1.2,1.205,31,0.4782
Pocket2Mol,C=C,1.205,1.21,14,0.216
Pocket2Mol,C=C,1.21,1.215,26,0.4011
Pocket2Mol,C=C,1.215,1.22,65,1.0028
Pocket2Mol,C=C,1.22,1.225,13,0.2006
Pocket2Mol,C=C,1.225,1.23,35,0.54
Pocket2Mol,C=C,1.23,1.235,47,0.7251
Pocket2Mol,C=C,1.235,1.24,53,0.8176
Pocket2Mol,C=C,1.24,1.245,69,1.0645
Pocket2Mol,C=C,1.245,1.25,87,1.3422
Pocket2Mol,C=C,1.25,1.255,88,1.3576
Pocket2Mol,C=C,1.255,1.26,52,0.8022
Pocket2Mol,C=C,1.26,1.265,53,0.8176
Pocket2Mol,C=C,1.265,1.27,58,0.8948
Pocket2Mol,C=C,1.27,1.275,53,0.8176
Pocket2Mol,C=C,1.275,1.28,68,1.0491
Pocket2Mol,C=C,1.28,1.285,110,1.697
Pocket2Mol,C=C,1.285,1.29,53,0.8176
Pocket2Mol,C=C,1.29,1.295,84,1.2959
Pocket2Mol,C=C,1.295,1.3,70,1.0799
Pocket2Mol,C=C,1.3,1.305,127,1.9593
Pocket2Mol,C=C,1.305,1.31,79,1.2188
Pocket2Mol,C=C,1.31,1.315,79,1.2188
Pocket2Mol,C=C,1.315,1.32,96,1.481
Pocket2Mol,C=C,1.32,1.325,98,1.5119
Pocket2Mol,C=C,1.325,1.33,119,1.8359
Pocket2Mol,C=C,1.33,1.335,92,1.4193
Pocket2Mol,C=C,1.335,1.34,212,3.2706
Pocket2Mol,C=C,1.34,1.345,105,1.6199
Pocket2Mol,C=C,1.345,1.35,172,2.6535
Pocket2Mol,C=C,1.35,1.355,87,1.3422
Pocket2Mol,C=C,1.355,1.36,136,2.0981
Pocket2Mol,C=C,1.36,1.365,151,2.3295
Pocket2Mol,C=C,1.365,1.37,132,2.0364
Pocket2Mol,C=C,1.37,1.375,119,1.8359
Pocket2Mol,C=C,1.375,1.38,131,2.021
Pocket2Mol,C=C,1.38,1.385,148,2.2832
Pocket2Mol,C=C,1.385,1.39,180,2.7769
Pocket2Mol,C=C,1.39,1.395,203,3.1317
Pocket2Mol,C=C,1.395,1.4,150,2.3141
Pocket2Mol,C=C,1.4,1.405,206,3.178
Pocket2Mol,C=C,1.405,1.41,127,1.9593
Pocket2Mol,C=C,1.41,1.415,106,1.6353
Pocket2Mol,C=C,1.415,1.42,89,1.373
Pocket2Mol,C=C,1.42,1.425,101,1.5582
Pocket2Mol,C=C,1.425,1.43,97,1.4965
Pocket2Mol,C=C,1.43,1.435,62,0.9565
Pocket2Mol,C=C,1.435,1.44,103,1.589
Pocket2Mol,C=C,1.44,1.445,110,1.697
Pocket2Mol,C=C,1.445,1.45,94,1.4502
Pocket2Mol,C=C,1.45,1.455,103,1.589
Pocket2Mol,C=C,1.455,1.46,129,1.9901
Pocket2Mol,C=C,1.46,1.465,51,0.7868
Pocket2Mol,C=C,1.465,1.47,87,1.3422
Pocket2Mol,C=C,1.47,1.475,50,0.7714
Pocket2Mol,C=C,1.475,1.48,57,0.8794
Pocket2Mol,C=C,1.48,1.485,46,0.7097
Pocket2Mol,C=C,1.485,1.49,51,0.7868
Pocket2Mol,C=C,1.49,1.495,67,1.0336
Pocket2Mol,C=C,1.495,1.5,75,1.1571
Pocket2Mol,C=C,1.5,1.505,53,0.8176
Pocket2Mol,C=C,1.505,1.51,87,1.3422
Pocket2Mol,C=C,1.51,1.515,30,0.4628
Pocket2Mol,C=C,1.515,1.52,42,0.6479
Pocket2Mol,C=C,1.52,1.525,22,0.3394
Pocket2Mol,C=C,1.525,1.53,31,0.4782
Pocket2Mol,C=C,1.53,1.535,41,0.6325
Pocket2Mol,C=C,1.535,1.54,22,0.3394
Pocket2Mol,C=C,1.54,1.545,9,0.1388
Pocket2Mol,C=C,1.545,1.55,18,0.2777
Pocket2Mol,C=C,1.55,1.555,8,0.1234
Pocket2Mol,C=C,1.555,1.56,8,0.1234
Pocket2Mol,C=C,1.56,1.565,11,0.1697
Pocket2Mol,C=C,1.565,1.57,13,0.2006
Pocket2Mol,C=C,1.57,1.575,8,0.1234
Pocket2Mol,C=C,1.575,1.58,8,0.1234
Pocket2Mol,C=C,1.58,1.585,13,0.2006
Pocket2Mol,C=C,1.585,1.59,9,0.1388
Pocket2Mol,C=C,1.59,1.595,8,0.1234
Pocket2Mol,C=C,1.595,1.6,5,0.0771
Pocket2Mol,C=C,1.6,1.605,7,0.108
Pocket2Mol,C=C,1.605,1.61,5,0.0771
Pocket2Mol,C=C,1.61,1.615,9,0.1388
Pocket2Mol,C=C,1.615,1.62,5,0.0771
Pocket2Mol,C=C,1.62,1.625,2,0.0309
Pocket2Mol,C=C,1.625,1.63,3,0.0463
Pocket2Mol,C=C,1.63,1.635,1,0.0154
Pocket2Mol,C=C,1.635,1.64,2,0.0309
Pocket2Mol,C=C,1.64,1.645,22,0.3394
Pocket2Mol,C=C,1.645,1.65,4,0.0617
Pocket2Mol,C=C,1.65,1.655,5,0.0771
Pocket2Mol,C=C,1.655,1.66,7,0.108
Pocket2Mol,C=C,1.66,1.665,2,0.0309
Pocket2Mol,C=C,1.665,1.67,4,0.0617
Pocket2Mol,C=C,1.67,1.675,1,0.0154
Pocket2Mol,C=C,1.675,1.68,2,0.0309
Pocket2Mol,C=C,1.68,1.685,19,0.2931
Pocket2Mol,C=C,1.685,1.69,3,0.0463
Pocket2Mol,C=C,1.69,inf,66,1.0182
Pocket2Mol,C-N,-inf,1.1,92,0.5273
Pocket2Mol,C-N,1.1,1.105,6,0.0344
Pocket2Mol,C-N,1.105,1.11,0,0.0
Pocket2Mol,C-N,1.11,1.115,11,0.063
Pocket2Mol,C-N,1.115,1.12,8,0.0459
Pocket2Mol,C-N,1.12,1.125,11,0.063
Pocket2Mol,C-N,1.125,1.13,4,0.0229
Pocket2Mol,C-N,1.13,1.135,19,0.1089
Pocket2Mol,C-N,1.135,1.14,6,0.0344
Pocket2Mol,C-N,1.14,1.145,6,0.0344
Pocket2Mol,C-N,1.145,1.15,25,0.1433
Pocket2Mol,C-N,1.15,1.155,12,0.0688
Pocket2Mol,C-N,1.155,1.16,15,0.086
Pocket2Mol,C-N,1.16,1.165,55,0.3152
Pocket2Mol,C-N,1.165,1.17,21,0.1204
Pocket2Mol,C-N,1.17,1.175,26,0.149
Pocket2Mol,C-N,1.175,1.18,50,0.2866
Pocket2Mol,C-N,1.18,1.185,39,0.2235
Pocket2Mol,C-N,1.185,1.19,41,0.235
Pocket2Mol,C-N,1.19,1.195,32,0.1834
Pocket2Mol,C-N,1.195,1.2,18,0.1032
Pocket2Mol,C-N,1.2,1.205,35,0.2006
Pocket2Mol,C-N,1.205,1.21,68,0.3898
Pocket2Mol,C-N,1.21,1.215,27,0.1548
Pocket2Mol,C-N,1.215,1.22,47,0.2694
Pocket2Mol,C-N,1.22,1.225,51,0.2923
Pocket2Mol,C-N,1.225,1.23,75,0.4299
Pocket2Mol,C-N,1.23,1.235,63,0.3611
Pocket2Mol,C-N,1.235,1.24,104,0.5961
Pocket2Mol,C-N,1.24,1.245,97,0.556
Pocket2Mol,C-N,1.245,1.25,97,0.556
Pocket2Mol,C-N,1.25,1.255,109,0.6247
Pocket2Mol,C-N,1.255,1.26,108,0.619
Pocket2Mol,C-N,1.26,1.265,80,0.4585
Pocket2Mol,C-N,1.265,1.27,140,0.8024
Pocket2Mol,C-N,1.27,1.275,152,0.8712
Pocket2Mol,C-N,1.275,1.28,149,0.854
Pocket2Mol,C-N,1.28,1.285,140,0.8024
Pocket2Mol,C-N,1.285,1.29,274,1.5705
Pocket2Mol,C-N,1.29,1.295,224,1.2839
Pocket2Mol,C-N,1.295,1.3,222,1.2724
Pocket2Mol,C-N,1.3,1.305,279,1.5991
Pocket2Mol,C-N,1.305,1.31,245,1.4043
Pocket2Mol,C-N,1.31,1.315,195,1.1177
Pocket2Mol,C-N,1.315,1.32,213,1.2208
Pocket2Mol,C-N,1.32,1.325,394,2.2583
Pocket2Mol,C-N,1.325,1.33,226,1.2954
Pocket2Mol,C-N,1.33,1.335,286,1.6393
Pocket2Mol,C-N,1.335,1.34,326,1.8685
Pocket2Mol,C-N,1.34,1.345,323,1.8513
Pocket2Mol,C-N,1.345,1.35,309,1.7711
Pocket2Mol,C-N,1.35,1.355,392,2.2468
Pocket2Mol,C-N,1.355,1.36,387,2.2181
Pocket2Mol,C-N,1.36,1.365,347,1.9889
Pocket2Mol,C-N,1.365,1.37,470,2.6939
Pocket2Mol,C-N,1.37,1.375,359,2.0577
Pocket2Mol,C-N,1.375,1.38,389,2.2296
Pocket2Mol,C-N,1.38,1.385,356,2.0405
Pocket2Mol,C-N,1.385,1.39,409,2.3442
Pocket2Mol,C-N,1.39,1.395,400,2.2927
Pocket2Mol,C-N,1.395,1.4,455,2.6079
Pocket2Mol,C-N,1.4,1.405,287,1.645
Pocket2Mol,C-N,1.405,1.41,465,2.6652
Pocket2Mol,C-N,1.41,1.415,425,2.4359
Pocket2Mol,C-N,1.415,1.42,478,2.7397
Pocket2Mol,C-N,1.42,1.425,377,2.1608
Pocket2Mol,C-N,1.425,1.43,349,2.0003
Pocket2Mol,C-N,1.43,1.435,281,1.6106
Pocket2Mol,C-N,1.435,1.44,347,1.9889
Pocket2Mol,C-N,1.44,1.445,417,2.3901
Pocket2Mol,C-N,1.445,1.45,334,1.9144
Pocket2Mol,C-N,1.45,1.455,308,1.7653
Pocket2Mol,C-N,1.455,1.46,298,1.708
Pocket2Mol,C-N,1.46,1.465,256,1.4673
Pocket2Mol,C-N,1.465,1.47,267,1.5303
Pocket2Mol,C-N,1.47,1.475,289,1.6564
Pocket2Mol,C-N,1.475,1.48,303,1.7367
Pocket2Mol,C-N,1.48,1.485,163,0.9343
Pocket2Mol,C-N,1.485,1.49,183,1.0489
Pocket2Mol,C-N,1.49,1.495,229,1.3125
Pocket2Mol,C-N,1.495,1.5,170,0.9744
Pocket2Mol,C-N,1.5,1.505,137,0.7852
Pocket2Mol,C-N,1.505,1.51,99,0.5674
Pocket2Mol,C-N,1.51,1.515,148,0.8483
Pocket2Mol,C-N,1.515,1.52,113,0.6477
Pocket2Mol,C-N,1.52,1.525,130,0.7451
Pocket2Mol,C-N,1.525,1.53,136,0.7795
Pocket2Mol,C-N,1.53,1.535,85,0.4872
Pocket2Mol,C-N,1.535,1.54,68,0.3898
Pocket2Mol,C-N,1.54,1.545,57,0.3267
Pocket2Mol,C-N,1.545,1.55,64,0.3668
Pocket2Mol,C-N,1.55,1.555,38,0.2178
Pocket2Mol,C-N,1.555,1.56,44,0.2522
Pocket2Mol,C-N,1.56,1.565,40,0.2293
Pocket2Mol,C-N,1.565,1.57,53,0.3038
Pocket2Mol,C-N,1.57,1.575,37,0.2121
Pocket2Mol,C-N,1.575,1.58,45,0.2579
Pocket2Mol,C-N,1.58,1.585,21,0.1204
Pocket2Mol,C-N,1.585,1.59,40,0.2293
Pocket2Mol,C-N,1.59,1.595,23,0.1318
Pocket2Mol,C-N,1.595,1.6,18,0.1032
Pocket2Mol,C-N,1.6,1.605,15,0.086
Pocket2Mol,C-N,1.605,1.61,8,0.0459
Pocket2Mol,C-N,1.61,1.615,20,0.1146
Pocket2Mol,C-N,1.615,1.62,37,0.2121
Pocket2Mol,C-N,1.62,1.625,6,0.0344
Pocket2Mol,C-N,1.625,1.63,7,0.0401
Pocket2Mol,C-N,1.63,1.635,9,0.0516
Pocket2Mol,C-N,1.635,1.64,9,0.0516
Pocket2Mol,C-N,1.64,1.645,5,0.0287
Pocket2Mol,C-N,1.645,1.65,8,0.0459
Pocket2Mol,C-N,1.65,1.655,7,0.0401
Pocket2Mol,C-N,1.655,1.66,2,0.0115
Pocket2Mol,C-N,1.66,1.665,8,0.0459
Pocket2Mol,C-N,1.665,1.67,7,0.0401
Pocket2Mol,C-N,1.67,1.675,4,0.0229
Pocket2Mol,C-N,1.675,1.68,8,0.0459
Pocket2Mol,C-N,1.68,1.685,2,0.0115
Pocket2Mol,C-N,1.685,1.69,2,0.0115
Pocket2Mol,C-N,1.69,inf,142,0.8139
Pocket2Mol,C=N,-inf,1.1,26,1.0438
Pocket2Mol,C=N,1.1,1.105,4,0.1606
Pocket2Mol,C=N,1.105,1.11,3,0.1204
Pocket2Mol,C=N,1.11,1.115,1,0.0401
Pocket2Mol,C=N,1.115,1.12,1,0.0401
Pocket2Mol,C=N,1.12,1.125,22,0.8832
Pocket2Mol,C=N,1.125,1.13,7,0.281
Pocket2Mol,C=N,1.13,1.135,1,0.0401
Pocket2Mol,C=N,1.135,1.14,4,0.1606
Pocket2Mol,C=N,1.14,1.145,5,0.2007
Pocket2Mol,C=N,1.145,1.15,2,0.0803
Pocket2Mol,C=N,1.15,1.155,6,0.2409
Pocket2Mol,C=N,1.155,1.16,8,0.3212
Pocket2Mol,C=N,1.16,1.165,5,0.2007
Pocket2Mol,C=N,1.165,1.17,3,0.1204
Pocket2Mol,C=N,1.17,1.175,14,0.562
Pocket2Mol,C=N,1.175,1.18,5,0.2007
Pocket2Mol,C=N,1.18,1.185,5,0.2007
Pocket2Mol,C=N,1.185,1.19,5,0.2007
Pocket2Mol,C=N,1.19,1.195,8,0.3212
Pocket2Mol,C=N,1.195,1.2,9,0.3613
Pocket2Mol,C=N,1.2,1.205,19,0.7627
Pocket2Mol,C=N,1.205,1.21,16,0.6423
Pocket2Mol,C=N,1.21,1.215,16,0.6423
Pocket2Mol,C=N,1.215,1.22,16,0.6423
Pocket2Mol,C=N,1.22,1.225,26,1.0438
Pocket2Mol,C=N,1.225,1.23,14,0.562
Pocket2Mol,C=N,1.23,1.235,18,0.7226
Pocket2Mol,C=N,1.235,1.24,27,1.0839
Pocket2Mol,C=N,1.24,1.245,42,1.6861
Pocket2Mol,C=N,1.245,1.25,20,0.8029
Pocket2Mol,C=N,1.25,1.255,29,1.1642
Pocket2Mol,C=N,1.255,1.26,21,0.843
Pocket2Mol,C=N,1.26,1.265,21,0.843
Pocket2Mol,C=N,1.265,1.27,32,1.2846
Pocket2Mol,C=N,1.27,1.275,33,1.3248
Pocket2Mol,C=N,1.275,1.28,21,0.843
Pocket2Mol,C=N,1.28,1.285,48,1.9269
Pocket2Mol,C=N,1.285,1.29,63,2.5291
Pocket2Mol,C=N,1.29,1.295,57,2.2882
Pocket2Mol,C=N,1.295,1.3,72,2.8904
Pocket2Mol,C=N,1.3,1.305,76,3.051
Pocket2Mol,C=N,1.305,1.31,53,2.1277
Pocket2Mol,C=N,1.31,1.315,61,2.4488
Pocket2Mol,C=N,1.315,1.32,56,2.2481
Pocket2Mol,C=N,1.32,1.325,43,1.7262
Pocket2Mol,C=N,1.325,1.33,41,1.6459
Pocket2Mol,C=N,1.33,1.335,52,2.0875
Pocket2Mol,C=N,1.335,1.34,50,2.0072
Pocket2Mol,C=N,1.34,1.345,55,2.2079
Pocket2Mol,C=N,1.345,1.35,55,2.2079
Pocket2Mol,C=N,1.35,1.355,114,4.5765
Pocket2Mol,C=N,1.355,1.36,61,2.4488
Pocket2Mol,C=N,1.36,1.365,56,2.2481
Pocket2Mol,C=N,1.365,1.37,47,1.8868
Pocket2Mol,C=N,1.37,1.375,57,2.2882
Pocket2Mol,C=N,1.375,1.38,55,2.2079
Pocket2Mol,C=N,1.38,1.385,37,1.4853
Pocket2Mol,C=N,1.385,1.39,35,1.4051
Pocket2Mol,C=N,1.39,1.395,35,1.4051
Pocket2Mol,C=N,1.395,1.4,44,1.7664
Pocket2Mol,C=N,1.4,1.405,39,1.5656
Pocket2Mol,C=N,1.405,1.41,34,1.3649
Pocket2Mol,C=N,1.41,1.415,44,1.7664
Pocket2Mol,C=N,1.415,1.42,32,1.2846
Pocket2Mol,C=N,1.42,1.425,27,1.0839
Pocket2Mol,C=N,1.425,1.43,36,1.4452
Pocket2Mol,C=N,1.43,1.435,29,1.1642
Pocket2Mol,C=N,1.435,1.44,45,1.8065
Pocket2Mol,C=N,1.44,1.445,27,1.0839
Pocket2Mol,C=N,1.445,1.45,32,1.2846
Pocket2Mol,C=N,1.45,1.455,31,1.2445
Pocket2Mol,C=N,1.455,1.46,14,0.562
Pocket2Mol,C=N,1.46,1.465,23,0.9233
Pocket2Mol,C=N,1.465,1.47,37,1.4853
Pocket2Mol,C=N,1.47,1.475,9,0.3613
Pocket2Mol,C=N,1.475,1.48,17,0.6825
Pocket2Mol,C=N,1.48,1.485,13,0.5219
Pocket2Mol,C=N,1.485,1.49,5,0.2007
Pocket2Mol,C=N,1.49,1.495,10,0.4014
Pocket2Mol,C=N,1.495,1.5,7,0.281
Pocket2Mol,C=N,1.5,1.505,6,0.2409
Pocket2Mol,C=N,1.505,1.51,17,0.6825
Pocket2Mol,C=N,1.51,1.515,10,0.4014
Pocket2Mol,C=N,1.515,1.52,4,0.1606
Pocket2Mol,C=N,1.52,1.525,11,0.4416
Pocket2Mol,C=N,1.525,1.53,11,0.4416
Pocket2Mol,C=N,1.53,1.535,5,0.2007
Pocket2Mol,C=N,1.535,1.54,3,0.1204
Pocket2Mol,C=N,1.54,1.545,8,0.3212
Pocket2Mol,C=N,1.545,1.55,4,0.1606
Pocket2Mol,C=N,1.55,1.555,6,0.2409
Pocket2Mol,C=N,1.555,1.56,1,0.0401
Pocket2Mol,C=N,1.56,1.565,4,0.1606
Pocket2Mol,C=N,1.565,1.57,3,0.1204
Pocket2Mol,C=N,1.57,1.575,4,0.1606
Pocket2Mol,C=N,1.575,1.58,5,0.2007
Pocket2Mol,C=N,1.58,1.585,1,0.0401
Pocket2Mol,C=N,1.585,1.59,1,0.0401
Pocket2Mol,C=N,1.59,1.595,0,0.0
Pocket2Mol,C=N,1.595,1.6,3,0.1204
Pocket2Mol,C=N,1.6,1.605,0,0.0
Pocket2Mol,C=N,1.605,1.61,1,0.0401
Pocket2Mol,C=N,1.61,1.615,1,0.0401
Pocket2Mol,C=N,1.615,1.62,1,0.0401
Pocket2Mol,C=N,1.62,1.625,3,0.1204
Pocket2Mol,C=N,1.625,1.63,1,0.0401
Pocket2Mol,C=N,1.63,1.635,1,0.0401
Pocket2Mol,C=N,1.635,1.64,0,0.0
Pocket2Mol,C=N,1.64,1.645,0,0.0
Pocket2Mol,C=N,1.645,1.65,3,0.1204
Pocket2Mol,C=N,1.65,1.655,2,0.0803
Pocket2Mol,C=N,1.655,1.66,0,0.0
Pocket2Mol,C=N,1.66,1.665,4,0.1606
Pocket2Mol,C=N,1.665,1.67,0,0.0
Pocket2Mol,C=N,1.67,1.675,0,0.0
Pocket2Mol,C=N,1.675,1.68,0,0.0
Pocket2Mol,C=N,1.68,1.685,0,0.0
Pocket2Mol,C=N,1.685,1.69,1,0.0401
Pocket2Mol,C=N,1.69,inf,17,0.6825
Pocket2Mol,C-O,-inf,1.1,70,0.4753
Pocket2Mol,C-O,1.1,1.105,22,0.1494
Pocket2Mol,C-O,1.105,1.11,12,0.0815
Pocket2Mol,C-O,1.11,1.115,7,0.0475
Pocket2Mol,C-O,1.115,1.12,29,0.1969
Pocket2Mol,C-O,1.12,1.125,9,0.0611
Pocket2Mol,C-O,1.125,1.13,21,0.1426
Pocket2Mol,C-O,1.13,1.135,54,0.3666
Pocket2Mol,C-O,1.135,1.14,10,0.0679
Pocket2Mol,C-O,1.14,1.145,29,0.1969
Pocket2Mol,C-O,1.145,1.15,11,0.0747
Pocket2Mol,C-O,1.15,1.155,20,0.1358
Pocket2Mol,C-O,1.155,1.16,23,0.1562
Pocket2Mol,C-O,1.16,1.165,26,0.1765
Pocket2Mol,C-O,1.165,1.17,26,0.1765
Pocket2Mol,C-O,1.17,1.175,44,0.2988
Pocket2Mol,C-O,1.175,1.18,55,0.3734
Pocket2Mol,C-O,1.18,1.185,25,0.1697
Pocket2Mol,C-O,1.185,1.19,40,0.2716
Pocket2Mol,C-O,1.19,1.195,57,0.387
Pocket2Mol,C-O,1.195,1.2,75,0.5092
Pocket2Mol,C-O,1.2,1.205,40,0.2716
Pocket2Mol,C-O,1.205,1.21,34,0.2309
Pocket2Mol,C-O,1.21,1.215,55,0.3734
Pocket2Mol,C-O,1.215,1.22,64,0.4345
Pocket2Mol,C-O,1.22,1.225,71,0.4821
Pocket2Mol,C-O,1.225,1.23,57,0.387
Pocket2Mol,C-O,1.23,1.235,91,0.6179
Pocket2Mol,C-O,1.235,1.24,147,0.9981
Pocket2Mol,C-O,1.24,1.245,105,0.7129
Pocket2Mol,C-O,1.245,1.25,104,0.7061
Pocket2Mol,C-O,1.25,1.255,122,0.8284
Pocket2Mol,C-O,1.255,1.26,128,0.8691
Pocket2Mol,C-O,1.26,1.265,115,0.7808
Pocket2Mol,C-O,1.265,1.27,140,0.9506
Pocket2Mol,C-O,1.27,1.275,165,1.1203
Pocket2Mol,C-O,1.275,1.28,128,0.8691
Pocket2Mol,C-O,1.28,1.285,309,2.098
Pocket2Mol,C-O,1.285,1.29,159,1.0796
Pocket2Mol,C-O,1.29,1.295,281,1.9079
Pocket2Mol,C-O,1.295,1.3,154,1.0456
Pocket2Mol,C-O,1.3,1.305,149,1.0117
Pocket2Mol,C-O,1.305,1.31,151,1.0253
Pocket2Mol,C-O,1.31,1.315,230,1.5617
Pocket2Mol,C-O,1.315,1.32,192,1.3036
Pocket2Mol,C-O,1.32,1.325,206,1.3987
Pocket2Mol,C-O,1.325,1.33,240,1.6295
Pocket2Mol,C-O,1.33,1.335,225,1.5277
Pocket2Mol,C-O,1.335,1.34,272,1.8468
Pocket2Mol,C-O,1.34,1.345,265,1.7993
Pocket2Mol,C-O,1.345,1.35,390,2.648
Pocket2Mol,C-O,1.35,1.355,305,2.0709
Pocket2Mol,C-O,1.355,1.36,295,2.003
Pocket2Mol,C-O,1.36,1.365,272,1.8468
Pocket2Mol,C-O,1.365,1.37,359,2.4375
Pocket2Mol,C-O,1.37,1.375,287,1.9487
Pocket2Mol,C-O,1.375,1.38,293,1.9894
Pocket2Mol,C-O,1.38,1.385,301,2.0437
Pocket2Mol,C-O,1.385,1.39,279,1.8944
Pocket2Mol,C-O,1.39,1.395,312,2.1184
Pocket2Mol,C-O,1.395,1.4,336,2.2814
Pocket2Mol,C-O,1.4,1.405,336,2.2814
Pocket2Mol,C-O,1.405,1.41,279,1.8944
Pocket2Mol,C-O,1.41,1.415,300,2.0369
Pocket2Mol,C-O,1.415,1.42,355,2.4104
Pocket2Mol,C-O,1.42,1.425,405,2.7499
Pocket2Mol,C-O,1.425,1.43,355,2.4104
Pocket2Mol,C-O,1.43,1.435,355,2.4104
Pocket2Mol,C-O,1.435,1.44,257,1.745
Pocket2Mol,C-O,1.44,1.445,283,1.9215
Pocket2Mol,C-O,1.445,1.45,279,1.8944
Pocket2Mol,C-O,1.45,1.455,309,2.098
Pocket2Mol,C-O,1.455,1.46,243,1.6499
Pocket2Mol,C-O,1.46,1.465,276,1.874
Pocket2Mol,C-O,1.465,1.47,218,1.4802
Pocket2Mol,C-O,1.47,1.475,156,1.0592
Pocket2Mol,C-O,1.475,1.48,175,1.1882
Pocket2Mol,C-O,1.48,1.485,196,1.3308
Pocket2Mol,C-O,1.485,1.49,122,0.8284
Pocket2Mol,C-O,1.49,1.495,113,0.7672
Pocket2Mol,C-O,1.495,1.5,100,0.679
Pocket2Mol,C-O,1.5,1.505,125,0.8487
Pocket2Mol,C-O,1.505,1.51,116,0.7876
Pocket2Mol,C-O,1.51,1.515,93,0.6315
Pocket2Mol,C-O,1.515,1.52,68,0.4617
Pocket2Mol,C-O,1.52,1.525,110,0.7469
Pocket2Mol,C-O,1.525,1.53,94,0.6382
Pocket2Mol,C-O,1.53,1.535,35,0.2376
Pocket2Mol,C-O,1.535,1.54,54,0.3666
Pocket2Mol,C-O,1.54,1.545,99,0.6722
Pocket2Mol,C-O,1.545,1.55,29,0.1969
Pocket2Mol,C-O,1.55,1.555,57,0.387
Pocket2Mol,C-O,1.555,1.56,24,0.163
Pocket2Mol,C-O,1.56,1.565,23,0.1562
Pocket2Mol,C-O,1.565,1.57,21,0.1426
Pocket2Mol,C-O,1.57,1.575,15,0.1018
Pocket2Mol,C-O,1.575,1.58,25,0.1697
Pocket2Mol,C-O,1.58,1.585,12,0.0815
Pocket2Mol,C-O,1.585,1.59,9,0.0611
Pocket2Mol,C-O,1.59,1.595,9,0.0611
Pocket2Mol,C-O,1.595,1.6,10,0.0679
Pocket2Mol,C-O,1.6,1.605,6,0.0407
Pocket2Mol,C-O,1.605,1.61,11,0.0747
Pocket2Mol,C-O,1.61,1.615,6,0.0407
Pocket2Mol,C-O,1.615,1.62,6,0.0407
Pocket2Mol,C-O,1.62,1.625,3,0.0204
Pocket2Mol,C-O,1.625,1.63,4,0.0272
Pocket2Mol,C-O,1.63,1.635,7,0.0475
Pocket2Mol,C-O,1.635,1.64,4,0.0272
Pocket2Mol,C-O,1.64,1.645,0,0.0
Pocket2Mol,C-O,1.645,1.65,0,0.0
Pocket2Mol,C-O,1.65,1.655,2,0.0136
Pocket2Mol,C-O,1.655,1.66,1,0.0068
Pocket2Mol,C-O,1.66,1.665,1,0.0068
Pocket2Mol,C-O,1.665,1.67,1,0.0068
Pocket2Mol,C-O,1.67,1.675,0,0.0
Pocket2Mol,C-O,1.675,1.68,1,0.0068
Pocket2Mol,C-O,1.68,1.685,2,0.0136
Pocket2Mol,C-O,1.685,1.69,3,0.0204
Pocket2Mol,C-O,1.69,inf,37,0.2512
Pocket2Mol,C=O,-inf,1.1,258,3.3832
Pocket2Mol,C=O,1.1,1.105,22,0.2885
Pocket2Mol,C=O,1.105,1.11,37,0.4852
Pocket2Mol,C=O,1.11,1.115,23,0.3016
Pocket2Mol,C=O,1.115,1.12,26,0.3409
Pocket2Mol,C=O,1.12,1.125,50,0.6557
Pocket2Mol,C=O,1.125,1.13,64,0.8392
Pocket2Mol,C=O,1.13,1.135,30,0.3934
Pocket2Mol,C=O,1.135,1.14,60,0.7868
Pocket2Mol,C=O,1.14,1.145,47,0.6163
Pocket2Mol,C=O,1.145,1.15,120,1.5736
Pocket2Mol,C=O,1.15,1.155,123,1.6129
Pocket2Mol,C=O,1.155,1.16,84,1.1015
Pocket2Mol,C=O,1.16,1.165,89,1.1671
Pocket2Mol,C=O,1.165,1.17,135,1.7703
Pocket2Mol,C=O,1.17,1.175,78,1.0228
Pocket2Mol,C=O,1.175,1.18,113,1.4818
Pocket2Mol,C=O,1.18,1.185,68,0.8917
Pocket2Mol,C=O,1.185,1.19,139,1.8227
Pocket2Mol,C=O,1.19,1.195,108,1.4162
Pocket2Mol,C=O,1.195,1.2,143,1.8752
Pocket2Mol,C=O,1.2,1.205,110,1.4424
Pocket2Mol,C=O,1.205,1.21,119,1.5605
Pocket2Mol,C=O,1.21,1.215,141,1.8489
Pocket2Mol,C=O,1.215,1.22,131,1.7178
Pocket2Mol,C=O,1.22,1.225,141,1.8489
Pocket2Mol,C=O,1.225,1.23,193,2.5308
Pocket2Mol,C=O,1.23,1.235,160,2.0981
Pocket2Mol,C=O,1.235,1.24,173,2.2686
Pocket2Mol,C=O,1.24,1.245,215,2.8193
Pocket2Mol,C=O,1.245,1.25,164,2.1505
Pocket2Mol,C=O,1.25,1.255,227,2.9767
Pocket2Mol,C=O,1.255,1.26,129,1.6916
Pocket2Mol,C=O,1.26,1.265,173,2.2686
Pocket2Mol,C=O,1.265,1.27,137,1.7965
Pocket2Mol,C=O,1.27,1.275,179,2.3472
Pocket2Mol,C=O,1.275,1.28,134,1.7571
Pocket2Mol,C=O,1.28,1.285,189,2.4784
Pocket2Mol,C=O,1.285,1.29,132,1.7309
Pocket2Mol,C=O,1.29,1.295,164,2.1505
Pocket2Mol,C=O,1.295,1.3,149,1.9538
Pocket2Mol,C=O,1.3,1.305,131,1.7178
Pocket2Mol,C=O,1.305,1.31,231,3.0291
Pocket2Mol,C=O,1.31,1.315,111,1.4555
Pocket2Mol,C=O,1.315,1.32,157,2.0587
Pocket2Mol,C=O,1.32,1.325,126,1.6522
Pocket2Mol,C=O,1.325,1.33,119,1.5605
Pocket2Mol,C=O,1.33,1.335,126,1.6522
Pocket2Mol,C=O,1.335,1.34,157,2.0587
Pocket2Mol,C=O,1.34,1.345,104,1.3638
Pocket2Mol,C=O,1.345,1.35,108,1.4162
Pocket2Mol,C=O,1.35,1.355,130,1.7047
Pocket2Mol,C=O,1.355,1.36,107,1.4031
Pocket2Mol,C=O,1.36,1.365,62,0.813
Pocket2Mol,C=O,1.365,1.37,93,1.2195
Pocket2Mol,C=O,1.37,1.375,131,1.7178
Pocket2Mol,C=O,1.375,1.38,80,1.049
Pocket2Mol,C=O,1.38,1.385,56,0.7343
Pocket2Mol,C=O,1.385,1.39,56,0.7343
Pocket2Mol,C=O,1.39,1.395,44,0.577
Pocket2Mol,C=O,1.395,1.4,51,0.6688
Pocket2Mol,C=O,1.4,1.405,27,0.3541
Pocket2Mol,C=O,1.405,1.41,104,1.3638
Pocket2Mol,C=O,1.41,1.415,24,0.3147
Pocket2Mol,C=O,1.415,1.42,34,0.4458
Pocket2Mol,C=O,1.42,1.425,35,0.459
Pocket2Mol,C=O,1.425,1.43,30,0.3934
Pocket2Mol,C=O,1.43,1.435,20,0.2623
Pocket2Mol,C=O,1.435,1.44,33,0.4327
Pocket2Mol,C=O,1.44,1.445,17,0.2229
Pocket2Mol,C=O,1.445,1.45,12,0.1574
Pocket2Mol,C=O,1.45,1.455,16,0.2098
Pocket2Mol,C=O,1.455,1.46,15,0.1967
Pocket2Mol,C=O,1.46,1.465,17,0.2229
Pocket2Mol,C=O,1.465,1.47,13,0.1705
Pocket2Mol,C=O,1.47,1.475,10,0.1311
Pocket2Mol,C=O,1.475,1.48,10,0.1311
Pocket2Mol,C=O,1.48,1.485,11,0.1442
Pocket2Mol,C=O,1.485,1.49,6,0.0787
Pocket2Mol,C=O,1.49,1.495,9,0.118
Pocket2Mol,C=O,1.495,1.5,3,0.0393
Pocket2Mol,C=O,1.5,1.505,1,0.0131
Pocket2Mol,C=O,1.505,1.51,2,0.0262
Pocket2Mol,C=O,1.51,1.515,3,0.0393
Pocket2Mol,C=O,1.515,1.52,4,0.0525
Pocket2Mol,C=O,1.52,1.525,2,0.0262
Pocket2Mol,C=O,1.525,1.53,0,0.0
Pocket2Mol,C=O,1.53,1.535,0,0.0
Pocket2Mol,C=O,1.535,1.54,8,0.1049
Pocket2Mol,C=O,1.54,1.545,0,0.0
Pocket2Mol,C=O,1.545,1.55,1,0.0131
Pocket2Mol,C=O,1.55,1.555,0,0.0
Pocket2Mol,C=O,1.555,1.56,0,0.0
Pocket2Mol,C=O,1.56,1.565,0,0.0
Pocket2Mol,C=O,1.565,1.57,0,0.0
Pocket2Mol,C=O,1.57,1.575,0,0.0
Pocket2Mol,C=O,1.575,1.58,1,0.0131
Pocket2Mol,C=O,1.58,1.585,0,0.0
Pocket2Mol,C=O,1.585,1.59,1,0.0131
Pocket2Mol,C=O,1.59,1.595,0,0.0
Pocket2Mol,C=O,1.595,1.6,0,0.0
Pocket2Mol,C=O,1.6,1.605,0,0.0
Pocket2Mol,C=O,1.605,1.61,0,0.0
Pocket2Mol,C=O,1.61,1.615,0,0.0
Pocket2Mol,C=O,1.615,1.62,0,0.0
Pocket2Mol,C=O,1.62,1.625,0,0.0
Pocket2Mol,C=O,1.625,1.63,0,0.0
Pocket2Mol,C=O,1.63,1.635,0,0.0
Pocket2Mol,C=O,1.635,1.64,0,0.0
Pocket2Mol,C=O,1.64,1.645,0,0.0
Pocket2Mol,C=O,1.645,1.65,0,0.0
Pocket2Mol,C=O,1.65,1.655,0,0.0
Pocket2Mol,C=O,1.655,1.66,0,0.0
Pocket2Mol,C=O,1.66,1.665,0,0.0
Pocket2Mol,C=O,1.665,1.67,0,0.0
Pocket2Mol,C=O,1.67,1.675,0,0.0
Pocket2Mol,C=O,1.675,1.68,0,0.0
Pocket2Mol,C=O,1.68,1.685,0,0.0
Pocket2Mol,C=O,1.685,1.69,0,0.0
Pocket2Mol,C=O,1.69,inf,0,0.0
Pocket2Mol,C:C,-inf,1.1,177,0.3325
Pocket2Mol,C:C,1.1,1.105,8,0.015
Pocket2Mol,C:C,1.105,1.11,12,0.0225
Pocket2Mol,C:C,1.11,1.115,33,0.062
Pocket2Mol,C:C,1.115,1.12,12,0.0225
Pocket2Mol,C:C,1.12,1.125,28,0.0526
Pocket2Mol,C:C,1.125,1.13,16,0.0301
Pocket2Mol,C:C,1.13,1.135,12,0.0225
Pocket2Mol,C:C,1.135,1.14,18,0.0338
Pocket2Mol,C:C,1.14,1.145,44,0.0826
Pocket2Mol,C:C,1.145,1.15,36,0.0676
Pocket2Mol,C:C,1.15,1.155,72,0.1352
Pocket2Mol,C:C,1.155,1.16,73,0.1371
Pocket2Mol,C:C,1.16,1.165,71,0.1334
Pocket2Mol,C:C,1.165,1.17,47,0.0883
Pocket2Mol,C:C,1.17,1.175,73,0.1371
Pocket2Mol,C:C,1.175,1.18,89,0.1672
Pocket2Mol,C:C,1.18,1.185,114,0.2141
Pocket2Mol,C:C,1.185,1.19,81,0.1521
Pocket2Mol,C:C,1.19,1.195,195,0.3663
Pocket2Mol,C:C,1.195,1.2,102,0.1916
Pocket2Mol,C:C,1.2,1.205,130,0.2442
Pocket2Mol,C:C,1.205,1.21,169,0.3174
Pocket2Mol,C:C,1.21,1.215,118,0.2216
Pocket2Mol,C:C,1.215,1.22,259,0.4865
Pocket2Mol,C:C,1.22,1.225,151,0.2836
Pocket2Mol,C:C,1.225,1.23,189,0.355
Pocket2Mol,C:C,1.23,1.235,269,0.5053
Pocket2Mol,C:C,1.235,1.24,256,0.4809
Pocket2Mol,C:C,1.24,1.245,345,0.648
Pocket2Mol,C:C,1.245,1.25,365,0.6856
Pocket2Mol,C:C,1.25,1.255,364,0.6837
Pocket2Mol,C:C,1.255,1.26,311,0.5842
Pocket2Mol,C:C,1.26,1.265,523,0.9824
Pocket2Mol,C:C,1.265,1.27,359,0.6743
Pocket2Mol,C:C,1.27,1.275,320,0.6011
Pocket2Mol,C:C,1.275,1.28,415,0.7795
Pocket2Mol,C:C,1.28,1.285,412,0.7739
Pocket2Mol,C:C,1.285,1.29,475,0.8922
Pocket2Mol,C:C,1.29,1.295,586,1.1007
Pocket2Mol,C:C,1.295,1.3,517,0.9711
Pocket2Mol,C:C,1.3,1.305,541,1.0162
Pocket2Mol,C:C,1.305,1.31,822,1.544
Pocket2Mol,C:C,1.31,1.315,653,1.2265
Pocket2Mol,C:C,1.315,1.32,639,1.2002
Pocket2Mol,C:C,1.32,1.325,658,1.2359
Pocket2Mol,C:C,1.325,1.33,867,1.6285
Pocket2Mol,C:C,1.33,1.335,1004,1.8858
Pocket2Mol,C:C,1.335,1.34,978,1.837
Pocket2Mol,C:C,1.34,1.345,1016,1.9084
Pocket2Mol,C:C,1.345,1.35,1182,2.2202
Pocket2Mol,C:C,1.35,1.355,967,1.8163
Pocket2Mol,C:C,1.355,1.36,1330,2.4982
Pocket2Mol,C:C,1.36,1.365,1325,2.4888
Pocket2Mol,C:C,1.365,1.37,1311,2.4625
Pocket2Mol,C:C,1.37,1.375,1308,2.4568
Pocket2Mol,C:C,1.375,1.38,1474,2.7686
Pocket2Mol,C:C,1.38,1.385,1500,2.8175
Pocket2Mol,C:C,1.385,1.39,1401,2.6315
Pocket2Mol,C:C,1.39,1.395,1590,2.9865
Pocket2Mol,C:C,1.395,1.4,1352,2.5395
Pocket2Mol,C:C,1.4,1.405,1549,2.9095
Pocket2Mol,C:C,1.405,1.41,1404,2.6372
Pocket2Mol,C:C,1.41,1.415,1357,2.5489
Pocket2Mol,C:C,1.415,1.42,1349,2.5339
Pocket2Mol,C:C,1.42,1.425,1023,1.9215
Pocket2Mol,C:C,1.425,1.43,1227,2.3047
Pocket2Mol,C:C,1.43,1.435,1083,2.0342
Pocket2Mol,C:C,1.435,1.44,1165,2.1882
Pocket2Mol,C:C,1.44,1.445,1068,2.006
Pocket2Mol,C:C,1.445,1.45,1071,2.0117
Pocket2Mol,C:C,1.45,1.455,927,1.7412
Pocket2Mol,C:C,1.455,1.46,855,1.606
Pocket2Mol,C:C,1.46,1.465,767,1.4407
Pocket2Mol,C:C,1.465,1.47,823,1.5459
Pocket2Mol,C:C,1.47,1.475,734,1.3787
Pocket2Mol,C:C,1.475,1.48,609,1.1439
Pocket2Mol,C:C,1.48,1.485,591,1.1101
Pocket2Mol,C:C,1.485,1.49,517,0.9711
Pocket2Mol,C:C,1.49,1.495,507,0.9523
Pocket2Mol,C:C,1.495,1.5,529,0.9936
Pocket2Mol,C:C,1.5,1.505,395,0.7419
Pocket2Mol,C:C,1.505,1.51,436,0.8189
Pocket2Mol,C:C,1.51,1.515,333,0.6255
Pocket2Mol,C:C,1.515,1.52,337,0.633
Pocket2Mol,C:C,1.52,1.525,348,0.6537
Pocket2Mol,C:C,1.525,1.53,263,0.494
Pocket2Mol,C:C,1.53,1.535,218,0.4095
Pocket2Mol,C:C,1.535,1.54,204,0.3832
Pocket2Mol,C:C,1.54,1.545,172,0.3231
Pocket2Mol,C:C,1.545,1.55,187,0.3512
Pocket2Mol,C:C,1.55,1.555,125,0.2348
Pocket2Mol,C:C,1.555,1.56,100,0.1878
Pocket2Mol,C:C,1.56,1.565,132,0.2479
Pocket2Mol,C:C,1.565,1.57,85,0.1597
Pocket2Mol,C:C,1.57,1.575,192,0.3606
Pocket2Mol,C:C,1.575,1.58,83,0.1559
Pocket2Mol,C:C,1.58,1.585,48,0.0902
Pocket2Mol,C:C,1.585,1.59,52,0.0977
Pocket2Mol,C:C,1.59,1.595,79,0.1484
Pocket2Mol,C:C,1.595,1.6,57,0.1071
Pocket2Mol,C:C,1.6,1.605,50,0.0939
Pocket2Mol,C:C,1.605,1.61,28,0.0526
Pocket2Mol,C:C,1.61,1.615,29,0.0545
Pocket2Mol,C:C,1.615,1.62,13,0.0244
Pocket2Mol,C:C,1.62,1.625,28,0.0526
Pocket2Mol,C:C,1.625,1.63,31,0.0582
Pocket2Mol,C:C,1.63,1.635,18,0.0338
Pocket2Mol,C:C,1.635,1.64,20,0.0376
Pocket2Mol,C:C,1.64,1.645,32,0.0601
Pocket2Mol,C:C,1.645,1.65,9,0.0169
Pocket2Mol,C:C,1.65,1.655,19,0.0357
Pocket2Mol,C:C,1.655,1.66,7,0.0131
Pocket2Mol,C:C,1.66,1.665,7,0.0131
Pocket2Mol,C:C,1.665,1.67,6,0.0113
Pocket2Mol,C:C,1.67,1.675,9,0.0169
Pocket2Mol,C:C,1.675,1.68,7,0.0131
Pocket2Mol,C:C,1.68,1.685,43,0.0808
Pocket2Mol,C:C,1.685,1.69,2,0.0038
Pocket2Mol,C:C,1.69,inf,116,0.2179
Pocket2Mol,C:N,-inf,1.1,93,0.7492
Pocket2Mol,C:N,1.1,1.105,7,0.0564
Pocket2Mol,C:N,1.105,1.11,8,0.0644
Pocket2Mol,C:N,1.11,1.115,3,0.0242
Pocket2Mol,C:N,1.115,1.12,11,0.0886
Pocket2Mol,C:N,1.12,1.125,51,0.4109
Pocket2Mol,C:N,1.125,1.13,14,0.1128
Pocket2Mol,C:N,1.13,1.135,18,0.145
Pocket2Mol,C:N,1.135,1.14,7,0.0564
Pocket2Mol,C:N,1.14,1.145,22,0.1772
Pocket2Mol,C:N,1.145,1.15,27,0.2175
Pocket2Mol,C:N,1.15,1.155,17,0.137
Pocket2Mol,C:N,1.155,1.16,32,0.2578
Pocket2Mol,C:N,1.16,1.165,35,0.282
Pocket2Mol,C:N,1.165,1.17,26,0.2095
Pocket2Mol,C:N,1.17,1.175,23,0.1853
Pocket2Mol,C:N,1.175,1.18,54,0.435
Pocket2Mol,C:N,1.18,1.185,31,0.2497
Pocket2Mol,C:N,1.185,1.19,103,0.8298
Pocket2Mol,C:N,1.19,1.195,53,0.427
Pocket2Mol,C:N,1.195,1.2,38,0.3061
Pocket2Mol,C:N,1.2,1.205,46,0.3706
Pocket2Mol,C:N,1.205,1.21,59,0.4753
Pocket2Mol,C:N,1.21,1.215,35,0.282
Pocket2Mol,C:N,1.215,1.22,64,0.5156
Pocket2Mol,C:N,1.22,1.225,47,0.3786
Pocket2Mol,C:N,1.225,1.23,84,0.6767
Pocket2Mol,C:N,1.23,1.235,109,0.8781
Pocket2Mol,C:N,1.235,1.24,113,0.9103
Pocket2Mol,C:N,1.24,1.245,93,0.7492
Pocket2Mol,C:N,1.245,1.25,103,0.8298
Pocket2Mol,C:N,1.25,1.255,77,0.6203
Pocket2Mol,C:N,1.255,1.26,125,1.007
Pocket2Mol,C:N,1.26,1.265,136,1.0956
Pocket2Mol,C:N,1.265,1.27,130,1.0473
Pocket2Mol,C:N,1.27,1.275,202,1.6273
Pocket2Mol,C:N,1.275,1.28,130,1.0473
Pocket2Mol,C:N,1.28,1.285,210,1.6918
Pocket2Mol,C:N,1.285,1.29,191,1.5387
Pocket2Mol,C:N,1.29,1.295,156,1.2567
Pocket2Mol,C:N,1.295,1.3,225,1.8126
Pocket2Mol,C:N,1.3,1.305,215,1.7321
Pocket2Mol,C:N,1.305,1.31,379,3.0533
Pocket2Mol,C:N,1.31,1.315,275,2.2154
Pocket2Mol,C:N,1.315,1.32,254,2.0462
Pocket2Mol,C:N,1.32,1.325,367,2.9566
Pocket2Mol,C:N,1.325,1.33,206,1.6596
Pocket2Mol,C:N,1.33,1.335,233,1.8771
Pocket2Mol,C:N,1.335,1.34,236,1.9012
Pocket2Mol,C:N,1.34,1.345,226,1.8207
Pocket2Mol,C:N,1.345,1.35,228,1.8368
Pocket2Mol,C:N,1.35,1.355,331,2.6666
Pocket2Mol,C:N,1.355,1.36,271,2.1832
Pocket2Mol,C:N,1.36,1.365,315,2.5377
Pocket2Mol,C:N,1.365,1.37,311,2.5054
Pocket2Mol,C:N,1.37,1.375,266,2.1429
Pocket2Mol,C:N,1.375,1.38,268,2.159
Pocket2Mol,C:N,1.38,1.385,235,1.8932
Pocket2Mol,C:N,1.385,1.39,212,1.7079
Pocket2Mol,C:N,1.39,1.395,352,2.8357
Pocket2Mol,C:N,1.395,1.4,307,2.4732
Pocket2Mol,C:N,1.4,1.405,265,2.1349
Pocket2Mol,C:N,1.405,1.41,275,2.2154
Pocket2Mol,C:N,1.41,1.415,356,2.868
Pocket2Mol,C:N,1.415,1.42,284,2.2879
Pocket2Mol,C:N,1.42,1.425,199,1.6032
Pocket2Mol,C:N,1.425,1.43,241,1.9415
Pocket2Mol,C:N,1.43,1.435,132,1.0634
Pocket2Mol,C:N,1.435,1.44,229,1.8448
Pocket2Mol,C:N,1.44,1.445,175,1.4098
Pocket2Mol,C:N,1.445,1.45,125,1.007
Pocket2Mol,C:N,1.45,1.455,133,1.0715
Pocket2Mol,C:N,1.455,1.46,175,1.4098
Pocket2Mol,C:N,1.46,1.465,105,0.8459
Pocket2Mol,C:N,1.465,1.47,130,1.0473
Pocket2Mol,C:N,1.47,1.475,106,0.8539
Pocket2Mol,C:N,1.475,1.48,86,0.6928
Pocket2Mol,C:N,1.48,1.485,72,0.58
Pocket2Mol,C:N,1.485,1.49,53,0.427
Pocket2Mol,C:N,1.49,1.495,54,0.435
Pocket2Mol,C:N,1.495,1.5,57,0.4592
Pocket2Mol,C:N,1.5,1.505,54,0.435
Pocket2Mol,C:N,1.505,1.51,59,0.4753
Pocket2Mol,C:N,1.51,1.515,56,0.4511
Pocket2Mol,C:N,1.515,1.52,53,0.427
Pocket2Mol,C:N,1.52,1.525,31,0.2497
Pocket2Mol,C:N,1.525,1.53,71,0.572
Pocket2Mol,C:N,1.53,1.535,32,0.2578
Pocket2Mol,C:N,1.535,1.54,31,0.2497
Pocket2Mol,C:N,1.54,1.545,30,0.2417
Pocket2Mol,C:N,1.545,1.55,18,0.145
Pocket2Mol,C:N,1.55,1.555,12,0.0967
Pocket2Mol,C:N,1.555,1.56,25,0.2014
Pocket2Mol,C:N,1.56,1.565,20,0.1611
Pocket2Mol,C:N,1.565,1.57,5,0.0403
Pocket2Mol,C:N,1.57,1.575,7,0.0564
Pocket2Mol,C:N,1.575,1.58,5,0.0403
Pocket2Mol,C:N,1.58,1.585,6,0.0483
Pocket2Mol,C:N,1.585,1.59,10,0.0806
Pocket2Mol,C:N,1.59,1.595,4,0.0322
Pocket2Mol,C:N,1.595,1.6,6,0.0483
Pocket2Mol,C:N,1.6,1.605,13,0.1047
Pocket2Mol,C:N,1.605,1.61,1,0.0081
Pocket2Mol,C:N,1.61,1.615,3,0.0242
Pocket2Mol,C:N,1.615,1.62,21,0.1692
Pocket2Mol,C:N,1.62,1.625,3,0.0242
Pocket2Mol,C:N,1.625,1.63,5,0.0403
Pocket2Mol,C:N,1.63,1.635,7,0.0564
Pocket2Mol,C:N,1.635,1.64,3,0.0242
Pocket2Mol,C:N,1.64,1.645,2,0.0161
Pocket2Mol,C:N,1.645,1.65,6,0.0483
Pocket2Mol,C:N,1.65,1.655,1,0.0081
Pocket2Mol,C:N,1.655,1.66,4,0.0322
Pocket2Mol,C:N,1.66,1.665,3,0.0242
Pocket2Mol,C:N,1.665,1.67,3,0.0242
Pocket2Mol,C:N,1.67,1.675,6,0.0483
Pocket2Mol,C:N,1.675,1.68,2,0.0161
Pocket2Mol,C:N,1.68,1.685,0,0.0
Pocket2Mol,C:N,1.685,1.69,1,0.0081
Pocket2Mol,C:N,1.69,inf,47,0.3786
DiffSBDD,C-C,-inf,1.1,768,1.0718
DiffSBDD,C-C,1.1,1.105,32,0.0447
DiffSBDD,C-C,1.105,1.11,24,0.0335
DiffSBDD,C-C,1.11,1.115,37,0.0516
DiffSBDD,C-C,1.115,1.12,31,0.0433
DiffSBDD,C-C,1.12,1.125,40,0.0558
DiffSBDD,C-C,1.125,1.13,40,0.0558
DiffSBDD,C-C,1.13,1.135,40,0.0558
DiffSBDD,C-C,1.135,1.14,32,0.0447
DiffSBDD,C-C,1.14,1.145,34,0.0474
DiffSBDD,C-C,1.145,1.15,45,0.0628
DiffSBDD,C-C,1.15,1.155,46,0.0642
DiffSBDD,C-C,1.155,1.16,44,0.0614
DiffSBDD,C-C,1.16,1.165,58,0.0809
DiffSBDD,C-C,1.165,1.17,49,0.0684
DiffSBDD,C-C,1.17,1.175,60,0.0837
DiffSBDD,C-C,1.175,1.18,50,0.0698
DiffSBDD,C-C,1.18,1.185,69,0.0963
DiffSBDD,C-C,1.185,1.19,70,0.0977
DiffSBDD,C-C,1.19,1.195,63,0.0879
DiffSBDD,C-C,1.195,1.2,64,0.0893
DiffSBDD,C-C,1.2,1.205,88,0.1228
DiffSBDD,C-C,1.205,1.21,81,0.113
DiffSBDD,C-C,1.21,1.215,78,0.1089
DiffSBDD,C-C,1.215,1.22,76,0.1061
DiffSBDD,C-C,1.22,1.225,97,0.1354
DiffSBDD,C-C,1.225,1.23,112,0.1563
DiffSBDD,C-C,1.23,1.235,78,0.1089
DiffSBDD,C-C,1.235,1.24,114,0.1591
DiffSBDD,C-C,1.24,1.245,103,0.1437
DiffSBDD,C-C,1.245,1.25,123,0.1717
DiffSBDD,C-C,1.25,1.255,143,0.1996
DiffSBDD,C-C,1.255,1.26,126,0.1758
DiffSBDD,C-C,1.26,1.265,156,0.2177
DiffSBDD,C-C,1.265,1.27,165,0.2303
DiffSBDD,C-C,1.27,1.275,160,0.2233
DiffSBDD,C-C,1.275,1.28,185,0.2582
DiffSBDD,C-C,1.28,1.285,204,0.2847
DiffSBDD,C-C,1.285,1.29,217,0.3028
DiffSBDD,C-C,1.29,1.295,202,0.2819
DiffSBDD,C-C,1.295,1.3,254,0.3545
DiffSBDD,C-C,1.3,1.305,258,0.3601
DiffSBDD,C-C,1.305,1.31,227,0.3168
DiffSBDD,C-C,1.31,1.315,269,0.3754
DiffSBDD,C-C,1.315,1.32,290,0.4047
DiffSBDD,C-C,1.32,1.325,322,0.4494
DiffSBDD,C-C,1.325,1.33,337,0.4703
DiffSBDD,C-C,1.33,1.335,354,0.494
DiffSBDD,C-C,1.335,1.34,394,0.5499
DiffSBDD,C-C,1.34,1.345,427,0.5959
DiffSBDD,C-C,1.345,1.35,412,0.575
DiffSBDD,C-C,1.35,1.355,466,0.6503
DiffSBDD,C-C,1.355,1.36,503,0.702
DiffSBDD,C-C,1.36,1.365,556,0.7759
DiffSBDD,C-C,1.365,1.37,504,0.7034
DiffSBDD,C-C,1.37,1.375,596,0.8318
DiffSBDD,C-C,1.375,1.38,605,0.8443
DiffSBDD,C-C,1.38,1.385,693,0.9671
DiffSBDD,C-C,1.385,1.39,696,0.9713
DiffSBDD,C-C,1.39,1.395,724,1.0104
DiffSBDD,C-C,1.395,1.4,710,0.9909
DiffSBDD,C-C,1.4,1.405,815,1.1374
DiffSBDD,C-C,1.405,1.41,807,1.1262
DiffSBDD,C-C,1.41,1.415,817,1.1402
DiffSBDD,C-C,1.415,1.42,901,1.2574
DiffSBDD,C-C,1.42,1.425,901,1.2574
DiffSBDD,C-C,1.425,1.43,895,1.249
DiffSBDD,C-C,1.43,1.435,1004,1.4012
DiffSBDD,C-C,1.435,1.44,1002,1.3984
DiffSBDD,C-C,1.44,1.445,1048,1.4626
DiffSBDD,C-C,1.445,1.45,1142,1.5937
DiffSBDD,C-C,1.45,1.455,1165,1.6258
DiffSBDD,C-C,1.455,1.46,1176,1.6412
DiffSBDD,C-C,1.46,1.465,1244,1.7361
DiffSBDD,C-C,1.465,1.47,1314,1.8338
DiffSBDD,C-C,1.47,1.475,1340,1.8701
DiffSBDD,C-C,1.475,1.48,1388,1.9371
DiffSBDD,C-C,1.48,1.485,1466,2.0459
DiffSBDD,C-C,1.485,1.49,1542,2.152
DiffSBDD,C-C,1.49,1.495,1610,2.2469
DiffSBDD,C-C,1.495,1.5,1584,2.2106
DiffSBDD,C-C,1.5,1.505,1662,2.3194
DiffSBDD,C-C,1.505,1.51,1692,2.3613
DiffSBDD,C-C,1.51,1.515,1675,2.3376
DiffSBDD,C-C,1.515,1.52,1631,2.2762
DiffSBDD,C-C,1.52,1.525,1561,2.1785
DiffSBDD,C-C,1.525,1.53,1622,2.2636
DiffSBDD,C-C,1.53,1.535,1581,2.2064
DiffSBDD,C-C,1.535,1.54,1546,2.1576
DiffSBDD,C-C,1.54,1.545,1443,2.0138
DiffSBDD,C-C,1.545,1.55,1380,1.9259
DiffSBDD,C-C,1.55,1.555,1263,1.7626
DiffSBDD,C-C,1.555,1.56,1182,1.6496
DiffSBDD,C-C,1.56,1.565,1186,1.6552
DiffSBDD,C-C,1.565,1.57,1068,1.4905
DiffSBDD,C-C,1.57,1.575,1021,1.4249
DiffSBDD,C-C,1.575,1.58,923,1.2881
DiffSBDD,C-C,1.58,1.585,864,1.2058
DiffSBDD,C-C,1.585,1.59,811,1.1318
DiffSBDD,C-C,1.59,1.595,759,1.0592
DiffSBDD,C-C,1.595,1.6,698,0.9741
DiffSBDD,C-C,1.6,1.605,606,0.8457
DiffSBDD,C-C,1.605,1.61,569,0.7941
DiffSBDD,C-C,1.61,1.615,503,0.702
DiffSBDD,C-C,1.615,1.62,456,0.6364
DiffSBDD,C-C,1.62,1.625,429,0.5987
DiffSBDD,C-C,1.625,1.63,376,0.5247
DiffSBDD,C-C,1.63,1.635,391,0.5457
DiffSBDD,C-C,1.635,1.64,331,0.4619
DiffSBDD,C-C,1.64,1.645,310,0.4326
DiffSBDD,C-C,1.645,1.65,287,0.4005
DiffSBDD,C-C,1.65,1.655,263,0.367
DiffSBDD,C-C,1.655,1.66,265,0.3698
DiffSBDD,C-C,1.66,1.665,229,0.3196
DiffSBDD,C-C,1.665,1.67,229,0.3196
DiffSBDD,C-C,1.67,1.675,195,0.2721
DiffSBDD,C-C,1.675,1.68,181,0.2526
DiffSBDD,C-C,1.68,1.685,168,0.2345
DiffSBDD,C-C,1.685,1.69,174,0.2428
DiffSBDD,C-C,1.69,inf,3163,4.4142
DiffSBDD,C=C,-inf,1.1,101,2.0346
DiffSBDD,C=C,1.1,1.105,5,0.1007
DiffSBDD,C=C,1.105,1.11,5,0.1007
DiffSBDD,C=C,1.11,1.115,5,0.1007
DiffSBDD,C=C,1.115,1.12,5,0.1007
DiffSBDD,C=C,1.12,1.125,3,0.0604
DiffSBDD,C=C,1.125,1.13,4,0.0806
DiffSBDD,C=C,1.13,1.135,4,0.0806
DiffSBDD,C=C,1.135,1.14,7,0.141
DiffSBDD,C=C,1.14,1.145,15,0.3022
DiffSBDD,C=C,1.145,1.15,7,0.141
DiffSBDD,C=C,1.15,1.155,8,0.1612
DiffSBDD,C=C,1.155,1.16,7,0.141
DiffSBDD,C=C,1.16,1.165,6,0.1209
DiffSBDD,C=C,1.165,1.17,6,0.1209
DiffSBDD,C=C,1.17,1.175,12,0.2417
DiffSBDD,C=C,1.175,1.18,15,0.3022
DiffSBDD,C=C,1.18,1.185,10,0.2015
DiffSBDD,C=C,1.185,1.19,12,0.2417
DiffSBDD,C=C,1.19,1.195,11,0.2216
DiffSBDD,C=C,1.195,1.2,10,0.2015
DiffSBDD,C=C,1.2,1.205,14,0.282
DiffSBDD,C=C,1.205,1.21,16,0.3223
DiffSBDD,C=C,1.21,1.215,16,0.3223
DiffSBDD,C=C,1.215,1.22,15,0.3022
DiffSBDD,C=C,1.22,1.225,22,0.4432
DiffSBDD,C=C,1.225,1.23,17,0.3425
DiffSBDD,C=C,1.23,1.235,18,0.3626
DiffSBDD,C=C,1.235,1.24,18,0.3626
DiffSBDD,C=C,1.24,1.245,22,0.4432
DiffSBDD,C=C,1.245,1.25,27,0.5439
DiffSBDD,C=C,1.25,1.255,24,0.4835
DiffSBDD,C=C,1.255,1.26,29,0.5842
DiffSBDD,C=C,1.26,1.265,25,0.5036
DiffSBDD,C=C,1.265,1.27,42,0.8461
DiffSBDD,C=C,1.27,1.275,41,0.8259
DiffSBDD,C=C,1.275,1.28,37,0.7454
DiffSBDD,C=C,1.28,1.285,47,0.9468
DiffSBDD,C=C,1.285,1.29,44,0.8864
DiffSBDD,C=C,1.29,1.295,62,1.249
DiffSBDD,C=C,1.295,1.3,65,1.3094
DiffSBDD,C=C,1.3,1.305,73,1.4706
DiffSBDD,C=C,1.305,1.31,64,1.2893
DiffSBDD,C=C,1.31,1.315,96,1.9339
DiffSBDD,C=C,1.315,1.32,70,1.4102
DiffSBDD,C=C,1.32,1.325,95,1.9138
DiffSBDD,C=C,1.325,1.33,92,1.8533
DiffSBDD,C=C,1.33,1.335,87,1.7526
DiffSBDD,C=C,1.335,1.34,113,2.2764
DiffSBDD,C=C,1.34,1.345,94,1.8936
DiffSBDD,C=C,1.345,1.35,108,2.1757
DiffSBDD,C=C,1.35,1.355,111,2.2361
DiffSBDD,C=C,1.355,1.36,117,2.357
DiffSBDD,C=C,1.36,1.365,123,2.4778
DiffSBDD,C=C,1.365,1.37,129,2.5987
DiffSBDD,C=C,1.37,1.375,140,2.8203
DiffSBDD,C=C,1.375,1.38,122,2.4577
DiffSBDD,C=C,1.38,1.385,118,2.3771
DiffSBDD,C=C,1.385,1.39,108,2.1757
DiffSBDD,C=C,1.39,1.395,107,2.1555
DiffSBDD,C=C,1.395,1.4,116,2.3368
DiffSBDD,C=C,1.4,1.405,106,2.1354
DiffSBDD,C=C,1.405,1.41,104,2.0951
DiffSBDD,C=C,1.41,1.415,96,1.9339
DiffSBDD,C=C,1.415,1.42,97,1.9541
DiffSBDD,C=C,1.42,1.425,93,1.8735
DiffSBDD,C=C,1.425,1.43,91,1.8332
DiffSBDD,C=C,1.43,1.435,98,1.9742
DiffSBDD,C=C,1.435,1.44,80,1.6116
DiffSBDD,C=C,1.44,1.445,68,1.3699
DiffSBDD,C=C,1.445,1.45,81,1.6317
DiffSBDD,C=C,1.45,1.455,81,1.6317
DiffSBDD,C=C,1.455,1.46,69,1.39
DiffSBDD,C=C,1.46,1.465,59,1.1886
DiffSBDD,C=C,1.465,1.47,46,0.9267
DiffSBDD,C=C,1.47,1.475,63,1.2691
DiffSBDD,C=C,1.475,1.48,56,1.1281
DiffSBDD,C=C,1.48,1.485,41,0.8259
DiffSBDD,C=C,1.485,1.49,45,0.9065
DiffSBDD,C=C,1.49,1.495,40,0.8058
DiffSBDD,C=C,1.495,1.5,40,0.8058
DiffSBDD,C=C,1.5,1.505,40,0.8058
DiffSBDD,C=C,1.505,1.51,38,0.7655
DiffSBDD,C=C,1.51,1.515,32,0.6446
DiffSBDD,C=C,1.515,1.52,34,0.6849
DiffSBDD,C=C,1.52,1.525,31,0.6245
DiffSBDD,C=C,1.525,1.53,36,0.7252
DiffSBDD,C=C,1.53,1.535,27,0.5439
DiffSBDD,C=C,1.535,1.54,25,0.5036
DiffSBDD,C=C,1.54,1.545,30,0.6044
DiffSBDD,C=C,1.545,1.55,25,0.5036
DiffSBDD,C=C,1.55,1.555,20,0.4029
DiffSBDD,C=C,1.555,1.56,15,0.3022
DiffSBDD,C=C,1.56,1.565,17,0.3425
DiffSBDD,C=C,1.565,1.57,11,0.2216
DiffSBDD,C=C,1.57,1.575,17,0.3425
DiffSBDD,C=C,1.575,1.58,16,0.3223
DiffSBDD,C=C,1.58,1.585,14,0.282
DiffSBDD,C=C,1.585,1.59,8,0.1612
DiffSBDD,C=C,1.59,1.595,11,0.2216
DiffSBDD,C=C,1.595,1.6,6,0.1209
DiffSBDD,C=C,1.6,1.605,10,0.2015
DiffSBDD,C=C,1.605,1.61,3,0.0604
DiffSBDD,C=C,1.61,1.615,8,0.1612
DiffSBDD,C=C,1.615,1.62,9,0.1813
DiffSBDD,C=C,1.62,1.625,4,0.0806
DiffSBDD,C=C,1.625,1.63,5,0.1007
DiffSBDD,C=C,1.63,1.635,2,0.0403
DiffSBDD,C=C,1.635,1.64,4,0.0806
DiffSBDD,C=C,1.64,1.645,8,0.1612
DiffSBDD,C=C,1.645,1.65,5,0.1007
DiffSBDD,C=C,1.65,1.655,3,0.0604
DiffSBDD,C=C,1.655,1.66,4,0.0806
DiffSBDD,C=C,1.66,1.665,5,0.1007
DiffSBDD,C=C,1.665,1.67,3,0.0604
DiffSBDD,C=C,1.67,1.675,7,0.141
DiffSBDD,C=C,1.675,1.68,3,0.0604
DiffSBDD,C=C,1.68,1.685,3,0.0604
DiffSBDD,C=C,1.685,1.69,0,0.0
DiffSBDD,C=C,1.69,inf,29,0.5842
DiffSBDD,C-N,-inf,1.1,226,1.0706
DiffSBDD,C-N,1.1,1.105,12,0.0568
DiffSBDD,C-N,1.105,1.11,12,0.0568
DiffSBDD,C-N,1.11,1.115,15,0.0711
DiffSBDD,C-N,1.115,1.12,16,0.0758
DiffSBDD,C-N,1.12,1.125,18,0.0853
DiffSBDD,C-N,1.125,1.13,28,0.1326
DiffSBDD,C-N,1.13,1.135,31,0.1469
DiffSBDD,C-N,1.135,1.14,15,0.0711
DiffSBDD,C-N,1.14,1.145,26,0.1232
DiffSBDD,C-N,1.145,1.15,20,0.0947
DiffSBDD,C-N,1.15,1.155,27,0.1279
DiffSBDD,C-N,1.155,1.16,30,0.1421
DiffSBDD,C-N,1.16,1.165,22,0.1042
DiffSBDD,C-N,1.165,1.17,28,0.1326
DiffSBDD,C-N,1.17,1.175,34,0.1611
DiffSBDD,C-N,1.175,1.18,36,0.1705
DiffSBDD,C-N,1.18,1.185,38,0.18
DiffSBDD,C-N,1.185,1.19,30,0.1421
DiffSBDD,C-N,1.19,1.195,28,0.1326
DiffSBDD,C-N,1.195,1.2,32,0.1516
DiffSBDD,C-N,1.2,1.205,61,0.289
DiffSBDD,C-N,1.205,1.21,49,0.2321
DiffSBDD,C-N,1.21,1.215,53,0.2511
DiffSBDD,C-N,1.215,1.22,62,0.2937
DiffSBDD,C-N,1.22,1.225,52,0.2463
DiffSBDD,C-N,1.225,1.23,75,0.3553
DiffSBDD,C-N,1.23,1.235,75,0.3553
DiffSBDD,C-N,1.235,1.24,75,0.3553
DiffSBDD,C-N,1.24,1.245,89,0.4216
DiffSBDD,C-N,1.245,1.25,87,0.4121
DiffSBDD,C-N,1.25,1.255,117,0.5543
DiffSBDD,C-N,1.255,1.26,109,0.5164
DiffSBDD,C-N,1.26,1.265,108,0.5116
DiffSBDD,C-N,1.265,1.27,129,0.6111
DiffSBDD,C-N,1.27,1.275,127,0.6016
DiffSBDD,C-N,1.275,1.28,157,0.7438
DiffSBDD,C-N,1.28,1.285,170,0.8053
DiffSBDD,C-N,1.285,1.29,163,0.7722
DiffSBDD,C-N,1.29,1.295,163,0.7722
DiffSBDD,C-N,1.295,1.3,186,0.8811
DiffSBDD,C-N,1.3,1.305,194,0.919
DiffSBDD,C-N,1.305,1.31,241,1.1417
DiffSBDD,C-N,1.31,1.315,252,1.1938
DiffSBDD,C-N,1.315,1.32,264,1.2507
DiffSBDD,C-N,1.32,1.325,277,1.3122
DiffSBDD,C-N,1.325,1.33,289,1.3691
DiffSBDD,C-N,1.33,1.335,322,1.5254
DiffSBDD,C-N,1.335,1.34,349,1.6533
DiffSBDD,C-N,1.34,1.345,317,1.5017
DiffSBDD,C-N,1.345,1.35,367,1.7386
DiffSBDD,C-N,1.35,1.355,387,1.8333
DiffSBDD,C-N,1.355,1.36,403,1.9091
DiffSBDD,C-N,1.36,1.365,359,1.7007
DiffSBDD,C-N,1.365,1.37,417,1.9755
DiffSBDD,C-N,1.37,1.375,389,1.8428
DiffSBDD,C-N,1.375,1.38,410,1.9423
DiffSBDD,C-N,1.38,1.385,417,1.9755
DiffSBDD,C-N,1.385,1.39,424,2.0086
DiffSBDD,C-N,1.39,1.395,393,1.8618
DiffSBDD,C-N,1.395,1.4,388,1.8381
DiffSBDD,C-N,1.4,1.405,430,2.037
DiffSBDD,C-N,1.405,1.41,414,1.9612
DiffSBDD,C-N,1.41,1.415,416,1.9707
DiffSBDD,C-N,1.415,1.42,414,1.9612
DiffSBDD,C-N,1.42,1.425,395,1.8712
DiffSBDD,C-N,1.425,1.43,403,1.9091
DiffSBDD,C-N,1.43,1.435,415,1.966
DiffSBDD,C-N,1.435,1.44,426,2.0181
DiffSBDD,C-N,1.44,1.445,429,2.0323
DiffSBDD,C-N,1.445,1.45,445,2.1081
DiffSBDD,C-N,1.45,1.455,410,1.9423
DiffSBDD,C-N,1.455,1.46,374,1.7718
DiffSBDD,C-N,1.46,1.465,418,1.9802
DiffSBDD,C-N,1.465,1.47,409,1.9376
DiffSBDD,C-N,1.47,1.475,379,1.7954
DiffSBDD,C-N,1.475,1.48,366,1.7339
DiffSBDD,C-N,1.48,1.485,349,1.6533
DiffSBDD,C-N,1.485,1.49,342,1.6202
DiffSBDD,C-N,1.49,1.495,294,1.3928
DiffSBDD,C-N,1.495,1.5,291,1.3786
DiffSBDD,C-N,1.5,1.505,270,1.2791
DiffSBDD,C-N,1.505,1.51,259,1.227
DiffSBDD,C-N,1.51,1.515,228,1.0801
DiffSBDD,C-N,1.515,1.52,233,1.1038
DiffSBDD,C-N,1.52,1.525,185,0.8764
DiffSBDD,C-N,1.525,1.53,158,0.7485
DiffSBDD,C-N,1.53,1.535,182,0.8622
DiffSBDD,C-N,1.535,1.54,147,0.6964
DiffSBDD,C-N,1.54,1.545,150,0.7106
DiffSBDD,C-N,1.545,1.55,135,0.6395
DiffSBDD,C-N,1.55,1.555,117,0.5543
DiffSBDD,C-N,1.555,1.56,98,0.4643
DiffSBDD,C-N,1.56,1.565,100,0.4737
DiffSBDD,C-N,1.565,1.57,109,0.5164
DiffSBDD,C-N,1.57,1.575,84,0.3979
DiffSBDD,C-N,1.575,1.58,86,0.4074
DiffSBDD,C-N,1.58,1.585,70,0.3316
DiffSBDD,C-N,1.585,1.59,81,0.3837
DiffSBDD,C-N,1.59,1.595,61,0.289
DiffSBDD,C-N,1.595,1.6,45,0.2132
DiffSBDD,C-N,1.6,1.605,50,0.2369
DiffSBDD,C-N,1.605,1.61,45,0.2132
DiffSBDD,C-N,1.61,1.615,46,0.2179
DiffSBDD,C-N,1.615,1.62,33,0.1563
DiffSBDD,C-N,1.62,1.625,33,0.1563
DiffSBDD,C-N,1.625,1.63,34,0.1611
DiffSBDD,C-N,1.63,1.635,39,0.1848
DiffSBDD,C-N,1.635,1.64,27,0.1279
DiffSBDD,C-N,1.64,1.645,33,0.1563
DiffSBDD,C-N,1.645,1.65,19,0.09
DiffSBDD,C-N,1.65,1.655,17,0.0805
DiffSBDD,C-N,1.655,1.66,28,0.1326
DiffSBDD,C-N,1.66,1.665,23,0.109
DiffSBDD,C-N,1.665,1.67,17,0.0805
DiffSBDD,C-N,1.67,1.675,20,0.0947
DiffSBDD,C-N,1.675,1.68,17,0.0805
DiffSBDD,C-N,1.68,1.685,15,0.0711
DiffSBDD,C-N,1.685,1.69,19,0.09
DiffSBDD,C-N,1.69,inf,287,1.3596
DiffSBDD,C=N,-inf,1.1,42,1.9599
DiffSBDD,C=N,1.1,1.105,4,0.1867
DiffSBDD,C=N,1.105,1.11,0,0.0
DiffSBDD,C=N,1.11,1.115,3,0.14
DiffSBDD,C=N,1.115,1.12,5,0.2333
DiffSBDD,C=N,1.12,1.125,0,0.0
DiffSBDD,C=N,1.125,1.13,2,0.0933
DiffSBDD,C=N,1.13,1.135,3,0.14
DiffSBDD,C=N,1.135,1.14,3,0.14
DiffSBDD,C=N,1.14,1.145,5,0.2333
DiffSBDD,C=N,1.145,1.15,5,0.2333
DiffSBDD,C=N,1.15,1.155,7,0.3266
DiffSBDD,C=N,1.155,1.16,5,0.2333
DiffSBDD,C=N,1.16,1.165,3,0.14
DiffSBDD,C=N,1.165,1.17,4,0.1867
DiffSBDD,C=N,1.17,1.175,13,0.6066
DiffSBDD,C=N,1.175,1.18,6,0.28
DiffSBDD,C=N,1.18,1.185,5,0.2333
DiffSBDD,C=N,1.185,1.19,11,0.5133
DiffSBDD,C=N,1.19,1.195,3,0.14
DiffSBDD,C=N,1.195,1.2,15,0.7
DiffSBDD,C=N,1.2,1.205,8,0.3733
DiffSBDD,C=N,1.205,1.21,9,0.42
DiffSBDD,C=N,1.21,1.215,7,0.3266
DiffSBDD,C=N,1.215,1.22,10,0.4666
DiffSBDD,C=N,1.22,1.225,13,0.6066
DiffSBDD,C=N,1.225,1.23,15,0.7
DiffSBDD,C=N,1.23,1.235,14,0.6533
DiffSBDD,C=N,1.235,1.24,14,0.6533
DiffSBDD,C=N,1.24,1.245,22,1.0266
DiffSBDD,C=N,1.245,1.25,13,0.6066
DiffSBDD,C=N,1.25,1.255,22,1.0266
DiffSBDD,C=N,1.255,1.26,32,1.4932
DiffSBDD,C=N,1.26,1.265,28,1.3066
DiffSBDD,C=N,1.265,1.27,32,1.4932
DiffSBDD,C=N,1.27,1.275,33,1.5399
DiffSBDD,C=N,1.275,1.28,46,2.1465
DiffSBDD,C=N,1.28,1.285,36,1.6799
DiffSBDD,C=N,1.285,1.29,32,1.4932
DiffSBDD,C=N,1.29,1.295,42,1.9599
DiffSBDD,C=N,1.295,1.3,53,2.4732
DiffSBDD,C=N,1.3,1.305,47,2.1932
DiffSBDD,C=N,1.305,1.31,69,3.2198
DiffSBDD,C=N,1.31,1.315,75,3.4998
DiffSBDD,C=N,1.315,1.32,59,2.7531
DiffSBDD,C=N,1.32,1.325,55,2.5665
DiffSBDD,C=N,1.325,1.33,72,3.3598
DiffSBDD,C=N,1.33,1.335,71,3.3131
DiffSBDD,C=N,1.335,1.34,47,2.1932
DiffSBDD,C=N,1.34,1.345,52,2.4265
DiffSBDD,C=N,1.345,1.35,64,2.9865
DiffSBDD,C=N,1.35,1.355,60,2.7998
DiffSBDD,C=N,1.355,1.36,46,2.1465
DiffSBDD,C=N,1.36,1.365,47,2.1932
DiffSBDD,C=N,1.365,1.37,48,2.2399
DiffSBDD,C=N,1.37,1.375,43,2.0065
DiffSBDD,C=N,1.375,1.38,49,2.2865
DiffSBDD,C=N,1.38,1.385,33,1.5399
DiffSBDD,C=N,1.385,1.39,43,2.0065
DiffSBDD,C=N,1.39,1.395,42,1.9599
DiffSBDD,C=N,1.395,1.4,45,2.0999
DiffSBDD,C=N,1.4,1.405,38,1.7732
DiffSBDD,C=N,1.405,1.41,28,1.3066
DiffSBDD,C=N,1.41,1.415,21,0.9799
DiffSBDD,C=N,1.415,1.42,36,1.6799
DiffSBDD,C=N,1.42,1.425,22,1.0266
DiffSBDD,C=N,1.425,1.43,20,0.9333
DiffSBDD,C=N,1.43,1.435,22,1.0266
DiffSBDD,C=N,1.435,1.44,26,1.2133
DiffSBDD,C=N,1.44,1.445,22,1.0266
DiffSBDD,C=N,1.445,1.45,22,1.0266
DiffSBDD,C=N,1.45,1.455,24,1.1199
DiffSBDD,C=N,1.455,1.46,16,0.7466
DiffSBDD,C=N,1.46,1.465,13,0.6066
DiffSBDD,C=N,1.465,1.47,9,0.42
DiffSBDD,C=N,1.47,1.475,8,0.3733
DiffSBDD,C=N,1.475,1.48,11,0.5133
DiffSBDD,C=N,1.48,1.485,8,0.3733
DiffSBDD,C=N,1.485,1.49,8,0.3733
DiffSBDD,C=N,1.49,1.495,10,0.4666
DiffSBDD,C=N,1.495,1.5,9,0.42
DiffSBDD,C=N,1.5,1.505,8,0.3733
DiffSBDD,C=N,1.505,1.51,4,0.1867
DiffSBDD,C=N,1.51,1.515,1,0.0467
DiffSBDD,C=N,1.515,1.52,5,0.2333
DiffSBDD,C=N,1.52,1.525,3,0.14
DiffSBDD,C=N,1.525,1.53,5,0.2333
DiffSBDD,C=N,1.53,1.535,7,0.3266
DiffSBDD,C=N,1.535,1.54,2,0.0933
DiffSBDD,C=N,1.54,1.545,2,0.0933
DiffSBDD,C=N,1.545,1.55,4,0.1867
DiffSBDD,C=N,1.55,1.555,1,0.0467
DiffSBDD,C=N,1.555,1.56,2,0.0933
DiffSBDD,C=N,1.56,1.565,2,0.0933
DiffSBDD,C=N,1.565,1.57,0,0.0
DiffSBDD,C=N,1.57,1.575,4,0.1867
DiffSBDD,C=N,1.575,1.58,1,0.0467
DiffSBDD,C=N,1.58,1.585,4,0.1867
DiffSBDD,C=N,1.585,1.59,3,0.14
DiffSBDD,C=N,1.59,1.595,1,0.0467
DiffSBDD,C=N,1.595,1.6,2,0.0933
DiffSBDD,C=N,1.6,1.605,0,0.0
DiffSBDD,C=N,1.605,1.61,1,0.0467
DiffSBDD,C=N,1.61,1.615,0,0.0
DiffSBDD,C=N,1.615,1.62,2,0.0933
DiffSBDD,C=N,1.62,1.625,1,0.0467
DiffSBDD,C=N,1.625,1.63,2,0.0933
DiffSBDD,C=N,1.63,1.635,1,0.0467
DiffSBDD,C=N,1.635,1.64,1,0.0467
DiffSBDD,C=N,1.64,1.645,1,0.0467
DiffSBDD,C=N,1.645,1.65,1,0.0467
DiffSBDD,C=N,1.65,1.655,1,0.0467
DiffSBDD,C=N,1.655,1.66,0,0.0
DiffSBDD,C=N,1.66,1.665,0,0.0
DiffSBDD,C=N,1.665,1.67,1,0.0467
DiffSBDD,C=N,1.67,1.675,0,0.0
DiffSBDD,C=N,1.675,1.68,1,0.0467
DiffSBDD,C=N,1.68,1.685,0,0.0
DiffSBDD,C=N,1.685,1.69,0,0.0
DiffSBDD,C=N,1.69,inf,4,0.1867
DiffSBDD,C-O,-inf,1.1,418,1.9071
DiffSBDD,C-O,1.1,1.105,15,0.0684
DiffSBDD,C-O,1.105,1.11,21,0.0958
DiffSBDD,C-O,1.11,1.115,21,0.0958
DiffSBDD,C-O,1.115,1.12,24,0.1095
DiffSBDD,C-O,1.12,1.125,34,0.1551
DiffSBDD,C-O,1.125,1.13,31,0.1414
DiffSBDD,C-O,1.13,1.135,19,0.0867
DiffSBDD,C-O,1.135,1.14,34,0.1551
DiffSBDD,C-O,1.14,1.145,37,0.1688
DiffSBDD,C-O,1.145,1.15,36,0.1642
DiffSBDD,C-O,1.15,1.155,42,0.1916
DiffSBDD,C-O,1.155,1.16,48,0.219
DiffSBDD,C-O,1.16,1.165,51,0.2327
DiffSBDD,C-O,1.165,1.17,60,0.2737
DiffSBDD,C-O,1.17,1.175,54,0.2464
DiffSBDD,C-O,1.175,1.18,51,0.2327
DiffSBDD,C-O,1.18,1.185,60,0.2737
DiffSBDD,C-O,1.185,1.19,75,0.3422
DiffSBDD,C-O,1.19,1.195,79,0.3604
DiffSBDD,C-O,1.195,1.2,88,0.4015
DiffSBDD,C-O,1.2,1.205,69,0.3148
DiffSBDD,C-O,1.205,1.21,113,0.5156
DiffSBDD,C-O,1.21,1.215,77,0.3513
DiffSBDD,C-O,1.215,1.22,103,0.4699
DiffSBDD,C-O,1.22,1.225,111,0.5064
DiffSBDD,C-O,1.225,1.23,124,0.5657
DiffSBDD,C-O,1.23,1.235,106,0.4836
DiffSBDD,C-O,1.235,1.24,119,0.5429
DiffSBDD,C-O,1.24,1.245,149,0.6798
DiffSBDD,C-O,1.245,1.25,142,0.6479
DiffSBDD,C-O,1.25,1.255,148,0.6752
DiffSBDD,C-O,1.255,1.26,146,0.6661
DiffSBDD,C-O,1.26,1.265,130,0.5931
DiffSBDD,C-O,1.265,1.27,143,0.6524
DiffSBDD,C-O,1.27,1.275,167,0.7619
DiffSBDD,C-O,1.275,1.28,170,0.7756
DiffSBDD,C-O,1.28,1.285,166,0.7574
DiffSBDD,C-O,1.285,1.29,203,0.9262
DiffSBDD,C-O,1.29,1.295,204,0.9307
DiffSBDD,C-O,1.295,1.3,217,0.9901
DiffSBDD,C-O,1.3,1.305,238,1.0859
DiffSBDD,C-O,1.305,1.31,248,1.1315
DiffSBDD,C-O,1.31,1.315,250,1.1406
DiffSBDD,C-O,1.315,1.32,266,1.2136
DiffSBDD,C-O,1.32,1.325,238,1.0859
DiffSBDD,C-O,1.325,1.33,262,1.1954
DiffSBDD,C-O,1.33,1.335,337,1.5375
DiffSBDD,C-O,1.335,1.34,275,1.2547
DiffSBDD,C-O,1.34,1.345,344,1.5695
DiffSBDD,C-O,1.345,1.35,354,1.6151
DiffSBDD,C-O,1.35,1.355,358,1.6334
DiffSBDD,C-O,1.355,1.36,374,1.7064
DiffSBDD,C-O,1.36,1.365,382,1.7429
DiffSBDD,C-O,1.365,1.37,392,1.7885
DiffSBDD,C-O,1.37,1.375,417,1.9025
DiffSBDD,C-O,1.375,1.38,431,1.9664
DiffSBDD,C-O,1.38,1.385,421,1.9208
DiffSBDD,C-O,1.385,1.39,462,2.1079
DiffSBDD,C-O,1.39,1.395,460,2.0987
DiffSBDD,C-O,1.395,1.4,481,2.1945
DiffSBDD,C-O,1.4,1.405,459,2.0942
DiffSBDD,C-O,1.405,1.41,499,2.2767
DiffSBDD,C-O,1.41,1.415,499,2.2767
DiffSBDD,C-O,1.415,1.42,487,2.2219
DiffSBDD,C-O,1.42,1.425,480,2.19
DiffSBDD,C-O,1.425,1.43,486,2.2174
DiffSBDD,C-O,1.43,1.435,489,2.231
DiffSBDD,C-O,1.435,1.44,437,1.9938
DiffSBDD,C-O,1.44,1.445,444,2.0257
DiffSBDD,C-O,1.445,1.45,420,1.9162
DiffSBDD,C-O,1.45,1.455,406,1.8524
DiffSBDD,C-O,1.455,1.46,377,1.72
DiffSBDD,C-O,1.46,1.465,376,1.7155
DiffSBDD,C-O,1.465,1.47,352,1.606
DiffSBDD,C-O,1.47,1.475,312,1.4235
DiffSBDD,C-O,1.475,1.48,281,1.2821
DiffSBDD,C-O,1.48,1.485,281,1.2821
DiffSBDD,C-O,1.485,1.49,249,1.1361
DiffSBDD,C-O,1.49,1.495,263,1.1999
DiffSBDD,C-O,1.495,1.5,240,1.095
DiffSBDD,C-O,1.5,1.505,208,0.949
DiffSBDD,C-O,1.505,1.51,205,0.9353
DiffSBDD,C-O,1.51,1.515,189,0.8623
DiffSBDD,C-O,1.515,1.52,148,0.6752
DiffSBDD,C-O,1.52,1.525,136,0.6205
DiffSBDD,C-O,1.525,1.53,118,0.5384
DiffSBDD,C-O,1.53,1.535,130,0.5931
DiffSBDD,C-O,1.535,1.54,121,0.5521
DiffSBDD,C-O,1.54,1.545,103,0.4699
DiffSBDD,C-O,1.545,1.55,92,0.4197
DiffSBDD,C-O,1.55,1.555,94,0.4289
DiffSBDD,C-O,1.555,1.56,81,0.3696
DiffSBDD,C-O,1.56,1.565,60,0.2737
DiffSBDD,C-O,1.565,1.57,79,0.3604
DiffSBDD,C-O,1.57,1.575,55,0.2509
DiffSBDD,C-O,1.575,1.58,63,0.2874
DiffSBDD,C-O,1.58,1.585,57,0.2601
DiffSBDD,C-O,1.585,1.59,66,0.3011
DiffSBDD,C-O,1.59,1.595,50,0.2281
DiffSBDD,C-O,1.595,1.6,52,0.2372
DiffSBDD,C-O,1.6,1.605,45,0.2053
DiffSBDD,C-O,1.605,1.61,48,0.219
DiffSBDD,C-O,1.61,1.615,27,0.1232
DiffSBDD,C-O,1.615,1.62,30,0.1369
DiffSBDD,C-O,1.62,1.625,34,0.1551
DiffSBDD,C-O,1.625,1.63,34,0.1551
DiffSBDD,C-O,1.63,1.635,40,0.1825
DiffSBDD,C-O,1.635,1.64,25,0.1141
DiffSBDD,C-O,1.64,1.645,20,0.0912
DiffSBDD,C-O,1.645,1.65,22,0.1004
DiffSBDD,C-O,1.65,1.655,17,0.0776
DiffSBDD,C-O,1.655,1.66,19,0.0867
DiffSBDD,C-O,1.66,1.665,20,0.0912
DiffSBDD,C-O,1.665,1.67,26,0.1186
DiffSBDD,C-O,1.67,1.675,23,0.1049
DiffSBDD,C-O,1.675,1.68,22,0.1004
DiffSBDD,C-O,1.68,1.685,26,0.1186
DiffSBDD,C-O,1.685,1.69,27,0.1232
DiffSBDD,C-O,1.69,inf,374,1.7064
DiffSBDD,C=O,-inf,1.1,401,5.1351
DiffSBDD,C=O,1.1,1.105,20,0.2561
DiffSBDD,C=O,1.105,1.11,31,0.397
DiffSBDD,C=O,1.11,1.115,42,0.5378
DiffSBDD,C=O,1.115,1.12,46,0.5891
DiffSBDD,C=O,1.12,1.125,39,0.4994
DiffSBDD,C=O,1.125,1.13,50,0.6403
DiffSBDD,C=O,1.13,1.135,47,0.6019
DiffSBDD,C=O,1.135,1.14,68,0.8708
DiffSBDD,C=O,1.14,1.145,71,0.9092
DiffSBDD,C=O,1.145,1.15,89,1.1397
DiffSBDD,C=O,1.15,1.155,100,1.2806
DiffSBDD,C=O,1.155,1.16,90,1.1525
DiffSBDD,C=O,1.16,1.165,84,1.0757
DiffSBDD,C=O,1.165,1.17,123,1.5751
DiffSBDD,C=O,1.17,1.175,129,1.6519
DiffSBDD,C=O,1.175,1.18,122,1.5623
DiffSBDD,C=O,1.18,1.185,146,1.8696
DiffSBDD,C=O,1.185,1.19,157,2.0105
DiffSBDD,C=O,1.19,1.195,188,2.4075
DiffSBDD,C=O,1.195,1.2,217,2.7788
DiffSBDD,C=O,1.2,1.205,220,2.8173
DiffSBDD,C=O,1.205,1.21,215,2.7532
DiffSBDD,C=O,1.21,1.215,229,2.9325
DiffSBDD,C=O,1.215,1.22,245,3.1374
DiffSBDD,C=O,1.22,1.225,262,3.3551
DiffSBDD,C=O,1.225,1.23,258,3.3039
DiffSBDD,C=O,1.23,1.235,256,3.2783
DiffSBDD,C=O,1.235,1.24,261,3.3423
DiffSBDD,C=O,1.24,1.245,264,3.3807
DiffSBDD,C=O,1.245,1.25,225,2.8813
DiffSBDD,C=O,1.25,1.255,238,3.0478
DiffSBDD,C=O,1.255,1.26,257,3.2911
DiffSBDD,C=O,1.26,1.265,198,2.5355
DiffSBDD,C=O,1.265,1.27,205,2.6252
DiffSBDD,C=O,1.27,1.275,157,2.0105
DiffSBDD,C=O,1.275,1.28,177,2.2666
DiffSBDD,C=O,1.28,1.285,174,2.2282
DiffSBDD,C=O,1.285,1.29,102,1.3062
DiffSBDD,C=O,1.29,1.295,87,1.1141
DiffSBDD,C=O,1.295,1.3,88,1.1269
DiffSBDD,C=O,1.3,1.305,89,1.1397
DiffSBDD,C=O,1.305,1.31,83,1.0629
DiffSBDD,C=O,1.31,1.315,63,0.8068
DiffSBDD,C=O,1.315,1.32,59,0.7555
DiffSBDD,C=O,1.32,1.325,72,0.922
DiffSBDD,C=O,1.325,1.33,64,0.8196
DiffSBDD,C=O,1.33,1.335,56,0.7171
DiffSBDD,C=O,1.335,1.34,49,0.6275
DiffSBDD,C=O,1.34,1.345,59,0.7555
DiffSBDD,C=O,1.345,1.35,46,0.5891
DiffSBDD,C=O,1.35,1.355,30,0.3842
DiffSBDD,C=O,1.355,1.36,39,0.4994
DiffSBDD,C=O,1.36,1.365,38,0.4866
DiffSBDD,C=O,1.365,1.37,36,0.461
DiffSBDD,C=O,1.37,1.375,37,0.4738
DiffSBDD,C=O,1.375,1.38,40,0.5122
DiffSBDD,C=O,1.38,1.385,39,0.4994
DiffSBDD,C=O,1.385,1.39,39,0.4994
DiffSBDD,C=O,1.39,1.395,30,0.3842
DiffSBDD,C=O,1.395,1.4,21,0.2689
DiffSBDD,C=O,1.4,1.405,21,0.2689
DiffSBDD,C=O,1.405,1.41,14,0.1793
DiffSBDD,C=O,1.41,1.415,25,0.3201
DiffSBDD,C=O,1.415,1.42,22,0.2817
DiffSBDD,C=O,1.42,1.425,34,0.4354
DiffSBDD,C=O,1.425,1.43,18,0.2305
DiffSBDD,C=O,1.43,1.435,19,0.2433
DiffSBDD,C=O,1.435,1.44,18,0.2305
DiffSBDD,C=O,1.44,1.445,23,0.2945
DiffSBDD,C=O,1.445,1.45,17,0.2177
DiffSBDD,C=O,1.45,1.455,11,0.1409
DiffSBDD,C=O,1.455,1.46,14,0.1793
DiffSBDD,C=O,1.46,1.465,11,0.1409
DiffSBDD,C=O,1.465,1.47,13,0.1665
DiffSBDD,C=O,1.47,1.475,11,0.1409
DiffSBDD,C=O,1.475,1.48,11,0.1409
DiffSBDD,C=O,1.48,1.485,13,0.1665
DiffSBDD,C=O,1.485,1.49,9,0.1153
DiffSBDD,C=O,1.49,1.495,8,0.1024
DiffSBDD,C=O,1.495,1.5,12,0.1537
DiffSBDD,C=O,1.5,1.505,9,0.1153
DiffSBDD,C=O,1.505,1.51,10,0.1281
DiffSBDD,C=O,1.51,1.515,6,0.0768
DiffSBDD,C=O,1.515,1.52,5,0.064
DiffSBDD,C=O,1.52,1.525,3,0.0384
DiffSBDD,C=O,1.525,1.53,5,0.064
DiffSBDD,C=O,1.53,1.535,5,0.064
DiffSBDD,C=O,1.535,1.54,4,0.0512
DiffSBDD,C=O,1.54,1.545,2,0.0256
DiffSBDD,C=O,1.545,1.55,4,0.0512
DiffSBDD,C=O,1.55,1.555,5,0.064
DiffSBDD,C=O,1.555,1.56,3,0.0384
DiffSBDD,C=O,1.56,1.565,7,0.0896
DiffSBDD,C=O,1.565,1.57,1,0.0128
DiffSBDD,C=O,1.57,1.575,3,0.0384
DiffSBDD,C=O,1.575,1.58,1,0.0128
DiffSBDD,C=O,1.58,1.585,3,0.0384
DiffSBDD,C=O,1.585,1.59,1,0.0128
DiffSBDD,C=O,1.59,1.595,2,0.0256
DiffSBDD,C=O,1.595,1.6,1,0.0128
DiffSBDD,C=O,1.6,1.605,1,0.0128
DiffSBDD,C=O,1.605,1.61,8,0.1024
DiffSBDD,C=O,1.61,1.615,1,0.0128
DiffSBDD,C=O,1.615,1.62,4,0.0512
DiffSBDD,C=O,1.62,1.625,2,0.0256
DiffSBDD,C=O,1.625,1.63,2,0.0256
DiffSBDD,C=O,1.63,1.635,3,0.0384
DiffSBDD,C=O,1.635,1.64,1,0.0128
DiffSBDD,C=O,1.64,1.645,1,0.0128
DiffSBDD,C=O,1.645,1.65,2,0.0256
DiffSBDD,C=O,1.65,1.655,1,0.0128
DiffSBDD,C=O,1.655,1.66,3,0.0384
DiffSBDD,C=O,1.66,1.665,1,0.0128
DiffSBDD,C=O,1.665,1.67,0,0.0
DiffSBDD,C=O,1.67,1.675,1,0.0128
DiffSBDD,C=O,1.675,1.68,0,0.0
DiffSBDD,C=O,1.68,1.685,0,0.0
DiffSBDD,C=O,1.685,1.69,2,0.0256
DiffSBDD,C=O,1.69,inf,5,0.064
DiffSBDD,C:C,-inf,1.1,31,0.1737
DiffSBDD,C:C,1.1,1.105,2,0.0112
DiffSBDD,C:C,1.105,1.11,2,0.0112
DiffSBDD,C:C,1.11,1.115,2,0.0112
DiffSBDD,C:C,1.115,1.12,1,0.0056
DiffSBDD,C:C,1.12,1.125,1,0.0056
DiffSBDD,C:C,1.125,1.13,0,0.0
DiffSBDD,C:C,1.13,1.135,1,0.0056
DiffSBDD,C:C,1.135,1.14,0,0.0
DiffSBDD,C:C,1.14,1.145,3,0.0168
DiffSBDD,C:C,1.145,1.15,4,0.0224
DiffSBDD,C:C,1.15,1.155,5,0.028
DiffSBDD,C:C,1.155,1.16,4,0.0224
DiffSBDD,C:C,1.16,1.165,3,0.0168
DiffSBDD,C:C,1.165,1.17,3,0.0168
DiffSBDD,C:C,1.17,1.175,6,0.0336
DiffSBDD,C:C,1.175,1.18,4,0.0224
DiffSBDD,C:C,1.18,1.185,4,0.0224
DiffSBDD,C:C,1.185,1.19,5,0.028
DiffSBDD,C:C,1.19,1.195,4,0.0224
DiffSBDD,C:C,1.195,1.2,5,0.028
DiffSBDD,C:C,1.2,1.205,8,0.0448
DiffSBDD,C:C,1.205,1.21,4,0.0224
DiffSBDD,C:C,1.21,1.215,9,0.0504
DiffSBDD,C:C,1.215,1.22,12,0.0672
DiffSBDD,C:C,1.22,1.225,6,0.0336
DiffSBDD,C:C,1.225,1.23,11,0.0616
DiffSBDD,C:C,1.23,1.235,14,0.0784
DiffSBDD,C:C,1.235,1.24,13,0.0728
DiffSBDD,C:C,1.24,1.245,23,0.1289
DiffSBDD,C:C,1.245,1.25,20,0.1121
DiffSBDD,C:C,1.25,1.255,18,0.1008
DiffSBDD,C:C,1.255,1.26,27,0.1513
DiffSBDD,C:C,1.26,1.265,44,0.2465
DiffSBDD,C:C,1.265,1.27,34,0.1905
DiffSBDD,C:C,1.27,1.275,42,0.2353
DiffSBDD,C:C,1.275,1.28,40,0.2241
DiffSBDD,C:C,1.28,1.285,55,0.3081
DiffSBDD,C:C,1.285,1.29,64,0.3586
DiffSBDD,C:C,1.29,1.295,91,0.5098
DiffSBDD,C:C,1.295,1.3,96,0.5378
DiffSBDD,C:C,1.3,1.305,106,0.5939
DiffSBDD,C:C,1.305,1.31,137,0.7676
DiffSBDD,C:C,1.31,1.315,157,0.8796
DiffSBDD,C:C,1.315,1.32,178,0.9973
DiffSBDD,C:C,1.32,1.325,203,1.1373
DiffSBDD,C:C,1.325,1.33,231,1.2942
DiffSBDD,C:C,1.33,1.335,288,1.6135
DiffSBDD,C:C,1.335,1.34,286,1.6023
DiffSBDD,C:C,1.34,1.345,365,2.0449
DiffSBDD,C:C,1.345,1.35,430,2.4091
DiffSBDD,C:C,1.35,1.355,442,2.4763
DiffSBDD,C:C,1.355,1.36,503,2.8181
DiffSBDD,C:C,1.36,1.365,547,3.0646
DiffSBDD,C:C,1.365,1.37,588,3.2943
DiffSBDD,C:C,1.37,1.375,625,3.5016
DiffSBDD,C:C,1.375,1.38,658,3.6865
DiffSBDD,C:C,1.38,1.385,703,3.9386
DiffSBDD,C:C,1.385,1.39,681,3.8153
DiffSBDD,C:C,1.39,1.395,700,3.9218
DiffSBDD,C:C,1.395,1.4,749,4.1963
DiffSBDD,C:C,1.4,1.405,723,4.0506
DiffSBDD,C:C,1.405,1.41,666,3.7313
DiffSBDD,C:C,1.41,1.415,680,3.8097
DiffSBDD,C:C,1.415,1.42,623,3.4904
DiffSBDD,C:C,1.42,1.425,584,3.2719
DiffSBDD,C:C,1.425,1.43,540,3.0254
DiffSBDD,C:C,1.43,1.435,499,2.7957
DiffSBDD,C:C,1.435,1.44,473,2.65
DiffSBDD,C:C,1.44,1.445,435,2.4371
DiffSBDD,C:C,1.445,1.45,390,2.185
DiffSBDD,C:C,1.45,1.455,339,1.8993
DiffSBDD,C:C,1.455,1.46,292,1.6359
DiffSBDD,C:C,1.46,1.465,278,1.5575
DiffSBDD,C:C,1.465,1.47,223,1.2494
DiffSBDD,C:C,1.47,1.475,188,1.0533
DiffSBDD,C:C,1.475,1.48,184,1.0309
DiffSBDD,C:C,1.48,1.485,141,0.79
DiffSBDD,C:C,1.485,1.49,135,0.7563
DiffSBDD,C:C,1.49,1.495,123,0.6891
DiffSBDD,C:C,1.495,1.5,112,0.6275
DiffSBDD,C:C,1.5,1.505,101,0.5659
DiffSBDD,C:C,1.505,1.51,92,0.5154
DiffSBDD,C:C,1.51,1.515,81,0.4538
DiffSBDD,C:C,1.515,1.52,58,0.3249
DiffSBDD,C:C,1.52,1.525,62,0.3474
DiffSBDD,C:C,1.525,1.53,55,0.3081
DiffSBDD,C:C,1.53,1.535,52,0.2913
DiffSBDD,C:C,1.535,1.54,39,0.2185
DiffSBDD,C:C,1.54,1.545,34,0.1905
DiffSBDD,C:C,1.545,1.55,33,0.1849
DiffSBDD,C:C,1.55,1.555,39,0.2185
DiffSBDD,C:C,1.555,1.56,26,0.1457
DiffSBDD,C:C,1.56,1.565,21,0.1177
DiffSBDD,C:C,1.565,1.57,22,0.1233
DiffSBDD,C:C,1.57,1.575,16,0.0896
DiffSBDD,C:C,1.575,1.58,15,0.084
DiffSBDD,C:C,1.58,1.585,13,0.0728
DiffSBDD,C:C,1.585,1.59,12,0.0672
DiffSBDD,C:C,1.59,1.595,11,0.0616
DiffSBDD,C:C,1.595,1.6,10,0.056
DiffSBDD,C:C,1.6,1.605,8,0.0448
DiffSBDD,C:C,1.605,1.61,15,0.084
DiffSBDD,C:C,1.61,1.615,6,0.0336
DiffSBDD,C:C,1.615,1.62,5,0.028
DiffSBDD,C:C,1.62,1.625,7,0.0392
DiffSBDD,C:C,1.625,1.63,2,0.0112
DiffSBDD,C:C,1.63,1.635,8,0.0448
DiffSBDD,C:C,1.635,1.64,9,0.0504
DiffSBDD,C:C,1.64,1.645,3,0.0168
DiffSBDD,C:C,1.645,1.65,2,0.0112
DiffSBDD,C:C,1.65,1.655,9,0.0504
DiffSBDD,C:C,1.655,1.66,2,0.0112
DiffSBDD,C:C,1.66,1.665,2,0.0112
DiffSBDD,C:C,1.665,1.67,5,0.028
DiffSBDD,C:C,1.67,1.675,2,0.0112
DiffSBDD,C:C,1.675,1.68,0,0.0
DiffSBDD,C:C,1.68,1.685,1,0.0056
DiffSBDD,C:C,1.685,1.69,6,0.0336
DiffSBDD,C:C,1.69,inf,39,0.2185
DiffSBDD,C:N,-inf,1.1,7,0.2067
DiffSBDD,C:N,1.1,1.105,2,0.059
DiffSBDD,C:N,1.105,1.11,1,0.0295
DiffSBDD,C:N,1.11,1.115,0,0.0
DiffSBDD,C:N,1.115,1.12,0,0.0
DiffSBDD,C:N,1.12,1.125,0,0.0
DiffSBDD,C:N,1.125,1.13,4,0.1181
DiffSBDD,C:N,1.13,1.135,2,0.059
DiffSBDD,C:N,1.135,1.14,1,0.0295
DiffSBDD,C:N,1.14,1.145,4,0.1181
DiffSBDD,C:N,1.145,1.15,0,0.0
DiffSBDD,C:N,1.15,1.155,0,0.0
DiffSBDD,C:N,1.155,1.16,0,0.0
DiffSBDD,C:N,1.16,1.165,0,0.0
DiffSBDD,C:N,1.165,1.17,3,0.0886
DiffSBDD,C:N,1.17,1.175,0,0.0
DiffSBDD,C:N,1.175,1.18,1,0.0295
DiffSBDD,C:N,1.18,1.185,7,0.2067
DiffSBDD,C:N,1.185,1.19,6,0.1771
DiffSBDD,C:N,1.19,1.195,2,0.059
DiffSBDD,C:N,1.195,1.2,4,0.1181
DiffSBDD,C:N,1.2,1.205,5,0.1476
DiffSBDD,C:N,1.205,1.21,3,0.0886
DiffSBDD,C:N,1.21,1.215,6,0.1771
DiffSBDD,C:N,1.215,1.22,4,0.1181
DiffSBDD,C:N,1.22,1.225,5,0.1476
DiffSBDD,C:N,1.225,1.23,8,0.2362
DiffSBDD,C:N,1.23,1.235,12,0.3543
DiffSBDD,C:N,1.235,1.24,14,0.4133
DiffSBDD,C:N,1.24,1.245,12,0.3543
DiffSBDD,C:N,1.245,1.25,13,0.3838
DiffSBDD,C:N,1.25,1.255,13,0.3838
DiffSBDD,C:N,1.255,1.26,20,0.5905
DiffSBDD,C:N,1.26,1.265,30,0.8857
DiffSBDD,C:N,1.265,1.27,30,0.8857
DiffSBDD,C:N,1.27,1.275,39,1.1515
DiffSBDD,C:N,1.275,1.28,33,0.9743
DiffSBDD,C:N,1.28,1.285,65,1.9191
DiffSBDD,C:N,1.285,1.29,57,1.6829
DiffSBDD,C:N,1.29,1.295,85,2.5096
DiffSBDD,C:N,1.295,1.3,80,2.362
DiffSBDD,C:N,1.3,1.305,78,2.3029
DiffSBDD,C:N,1.305,1.31,98,2.8934
DiffSBDD,C:N,1.31,1.315,80,2.362
DiffSBDD,C:N,1.315,1.32,102,3.0115
DiffSBDD,C:N,1.32,1.325,107,3.1591
DiffSBDD,C:N,1.325,1.33,116,3.4249
DiffSBDD,C:N,1.33,1.335,110,3.2477
DiffSBDD,C:N,1.335,1.34,132,3.8973
DiffSBDD,C:N,1.34,1.345,109,3.2182
DiffSBDD,C:N,1.345,1.35,129,3.8087
DiffSBDD,C:N,1.35,1.355,111,3.2772
DiffSBDD,C:N,1.355,1.36,102,3.0115
DiffSBDD,C:N,1.36,1.365,119,3.5134
DiffSBDD,C:N,1.365,1.37,148,4.3696
DiffSBDD,C:N,1.37,1.375,105,3.1001
DiffSBDD,C:N,1.375,1.38,133,3.9268
DiffSBDD,C:N,1.38,1.385,100,2.9525
DiffSBDD,C:N,1.385,1.39,100,2.9525
DiffSBDD,C:N,1.39,1.395,83,2.4505
DiffSBDD,C:N,1.395,1.4,83,2.4505
DiffSBDD,C:N,1.4,1.405,74,2.1848
DiffSBDD,C:N,1.405,1.41,61,1.801
DiffSBDD,C:N,1.41,1.415,60,1.7715
DiffSBDD,C:N,1.415,1.42,48,1.4172
DiffSBDD,C:N,1.42,1.425,50,1.4762
DiffSBDD,C:N,1.425,1.43,50,1.4762
DiffSBDD,C:N,1.43,1.435,43,1.2696
DiffSBDD,C:N,1.435,1.44,31,0.9153
DiffSBDD,C:N,1.44,1.445,35,1.0334
DiffSBDD,C:N,1.445,1.45,17,0.5019
DiffSBDD,C:N,1.45,1.455,24,0.7086
DiffSBDD,C:N,1.455,1.46,15,0.4429
DiffSBDD,C:N,1.46,1.465,20,0.5905
DiffSBDD,C:N,1.465,1.47,14,0.4133
DiffSBDD,C:N,1.47,1.475,16,0.4724
DiffSBDD,C:N,1.475,1.48,9,0.2657
DiffSBDD,C:N,1.48,1.485,9,0.2657
DiffSBDD,C:N,1.485,1.49,6,0.1771
DiffSBDD,C:N,1.49,1.495,11,0.3248
DiffSBDD,C:N,1.495,1.5,4,0.1181
DiffSBDD,C:N,1.5,1.505,6,0.1771
DiffSBDD,C:N,1.505,1.51,6,0.1771
DiffSBDD,C:N,1.51,1.515,7,0.2067
DiffSBDD,C:N,1.515,1.52,6,0.1771
DiffSBDD,C:N,1.52,1.525,7,0.2067
DiffSBDD,C:N,1.525,1.53,2,0.059
DiffSBDD,C:N,1.53,1.535,2,0.059
DiffSBDD,C:N,1.535,1.54,3,0.0886
DiffSBDD,C:N,1.54,1.545,4,0.1181
DiffSBDD,C:N,1.545,1.55,3,0.0886
DiffSBDD,C:N,1.55,1.555,1,0.0295
DiffSBDD,C:N,1.555,1.56,1,0.0295
DiffSBDD,C:N,1.56,1.565,1,0.0295
DiffSBDD,C:N,1.565,1.57,1,0.0295
DiffSBDD,C:N,1.57,1.575,2,0.059
DiffSBDD,C:N,1.575,1.58,1,0.0295
DiffSBDD,C:N,1.58,1.585,2,0.059
DiffSBDD,C:N,1.585,1.59,2,0.059
DiffSBDD,C:N,1.59,1.595,0,0.0
DiffSBDD,C:N,1.595,1.6,1,0.0295
DiffSBDD,C:N,1.6,1.605,0,0.0
DiffSBDD,C:N,1.605,1.61,3,0.0886
DiffSBDD,C:N,1.61,1.615,0,0.0
DiffSBDD,C:N,1.615,1.62,0,0.0
DiffSBDD,C:N,1.62,1.625,1,0.0295
DiffSBDD,C:N,1.625,1.63,1,0.0295
DiffSBDD,C:N,1.63,1.635,0,0.0
DiffSBDD,C:N,1.635,1.64,0,0.0
DiffSBDD,C:N,1.64,1.645,0,0.0
DiffSBDD,C:N,1.645,1.65,0,0.0
DiffSBDD,C:N,1.65,1.655,0,0.0
DiffSBDD,C:N,1.655,1.66,0,0.0
DiffSBDD,C:N,1.66,1.665,1,0.0295
DiffSBDD,C:N,1.665,1.67,0,0.0
DiffSBDD,C:N,1.67,1.675,0,0.0
DiffSBDD,C:N,1.675,1.68,0,0.0
DiffSBDD,C:N,1.68,1.685,0,0.0
DiffSBDD,C:N,1.685,1.69,0,0.0
DiffSBDD,C:N,1.69,inf,3,0.0886
DecompDiff,C-C,-inf,1.1,37,0.064
DecompDiff,C-C,1.1,1.105,0,0.0
DecompDiff,C-C,1.105,1.11,2,0.0035
DecompDiff,C-C,1.11,1.115,1,0.0017
DecompDiff,C-C,1.115,1.12,2,0.0035
DecompDiff,C-C,1.12,1.125,4,0.0069
DecompDiff,C-C,1.125,1.13,4,0.0069
DecompDiff,C-C,1.13,1.135,2,0.0035
DecompDiff,C-C,1.135,1.14,1,0.0017
DecompDiff,C-C,1.14,1.145,3,0.0052
DecompDiff,C-C,1.145,1.15,4,0.0069
DecompDiff,C-C,1.15,1.155,3,0.0052
DecompDiff,C-C,1.155,1.16,6,0.0104
DecompDiff,C-C,1.16,1.165,4,0.0069
DecompDiff,C-C,1.165,1.17,5,0.0086
DecompDiff,C-C,1.17,1.175,7,0.0121
DecompDiff,C-C,1.175,1.18,3,0.0052
DecompDiff,C-C,1.18,1.185,8,0.0138
DecompDiff,C-C,1.185,1.19,7,0.0121
DecompDiff,C-C,1.19,1.195,6,0.0104
DecompDiff,C-C,1.195,1.2,11,0.019
DecompDiff,C-C,1.2,1.205,13,0.0225
DecompDiff,C-C,1.205,1.21,10,0.0173
DecompDiff,C-C,1.21,1.215,3,0.0052
DecompDiff,C-C,1.215,1.22,7,0.0121
DecompDiff,C-C,1.22,1.225,17,0.0294
DecompDiff,C-C,1.225,1.23,9,0.0156
DecompDiff,C-C,1.23,1.235,14,0.0242
DecompDiff,C-C,1.235,1.24,12,0.0207
DecompDiff,C-C,1.24,1.245,15,0.0259
DecompDiff,C-C,1.245,1.25,22,0.038
DecompDiff,C-C,1.25,1.255,13,0.0225
DecompDiff,C-C,1.255,1.26,28,0.0484
DecompDiff,C-C,1.26,1.265,31,0.0536
DecompDiff,C-C,1.265,1.27,29,0.0501
DecompDiff,C-C,1.27,1.275,37,0.064
DecompDiff,C-C,1.275,1.28,41,0.0709
DecompDiff,C-C,1.28,1.285,54,0.0933
DecompDiff,C-C,1.285,1.29,55,0.0951
DecompDiff,C-C,1.29,1.295,59,0.102
DecompDiff,C-C,1.295,1.3,81,0.14
DecompDiff,C-C,1.3,1.305,91,0.1573
DecompDiff,C-C,1.305,1.31,105,0.1815
DecompDiff,C-C,1.31,1.315,138,0.2385
DecompDiff,C-C,1.315,1.32,138,0.2385
DecompDiff,C-C,1.32,1.325,181,0.3128
DecompDiff,C-C,1.325,1.33,221,0.382
DecompDiff,C-C,1.33,1.335,253,0.4373
DecompDiff,C-C,1.335,1.34,298,0.5151
DecompDiff,C-C,1.34,1.345,313,0.541
DecompDiff,C-C,1.345,1.35,405,0.7
DecompDiff,C-C,1.35,1.355,494,0.8538
DecompDiff,C-C,1.355,1.36,503,0.8694
DecompDiff,C-C,1.36,1.365,575,0.9938
DecompDiff,C-C,1.365,1.37,580,1.0025
DecompDiff,C-C,1.37,1.375,628,1.0855
DecompDiff,C-C,1.375,1.38,651,1.1252
DecompDiff,C-C,1.38,1.385,656,1.1338
DecompDiff,C-C,1.385,1.39,693,1.1978
DecompDiff,C-C,1.39,1.395,777,1.343
DecompDiff,C-C,1.395,1.4,727,1.2566
DecompDiff,C-C,1.4,1.405,738,1.2756
DecompDiff,C-C,1.405,1.41,727,1.2566
DecompDiff,C-C,1.41,1.415,776,1.3413
DecompDiff,C-C,1.415,1.42,769,1.3292
DecompDiff,C-C,1.42,1.425,761,1.3153
DecompDiff,C-C,1.425,1.43,790,1.3655
DecompDiff,C-C,1.43,1.435,856,1.4795
DecompDiff,C-C,1.435,1.44,873,1.5089
DecompDiff,C-C,1.44,1.445,924,1.5971
DecompDiff,C-C,1.445,1.45,971,1.6783
DecompDiff,C-C,1.45,1.455,1030,1.7803
DecompDiff,C-C,1.455,1.46,1085,1.8753
DecompDiff,C-C,1.46,1.465,1165,2.0136
DecompDiff,C-C,1.465,1.47,1314,2.2712
DecompDiff,C-C,1.47,1.475,1320,2.2815
DecompDiff,C-C,1.475,1.48,1429,2.4699
DecompDiff,C-C,1.48,1.485,1539,2.6601
DecompDiff,C-C,1.485,1.49,1560,2.6963
DecompDiff,C-C,1.49,1.495,1697,2.9331
DecompDiff,C-C,1.495,1.5,1824,3.1527
DecompDiff,C-C,1.5,1.505,1866,3.2252
DecompDiff,C-C,1.505,1.51,1826,3.1561
DecompDiff,C-C,1.51,1.515,1877,3.2443
DecompDiff,C-C,1.515,1.52,1917,3.3134
DecompDiff,C-C,1.52,1.525,1882,3.2529
DecompDiff,C-C,1.525,1.53,1754,3.0317
DecompDiff,C-C,1.53,1.535,1791,3.0956
DecompDiff,C-C,1.535,1.54,1624,2.807
DecompDiff,C-C,1.54,1.545,1512,2.6134
DecompDiff,C-C,1.545,1.55,1433,2.4768
DecompDiff,C-C,1.55,1.555,1253,2.1657
DecompDiff,C-C,1.555,1.56,1121,1.9376
DecompDiff,C-C,1.56,1.565,960,1.6593
DecompDiff,C-C,1.565,1.57,922,1.5936
DecompDiff,C-C,1.57,1.575,696,1.203
DecompDiff,C-C,1.575,1.58,680,1.1753
DecompDiff,C-C,1.58,1.585,520,0.8988
DecompDiff,C-C,1.585,1.59,402,0.6948
DecompDiff,C-C,1.59,1.595,363,0.6274
DecompDiff,C-C,1.595,1.6,310,0.5358
DecompDiff,C-C,1.6,1.605,242,0.4183
DecompDiff,C-C,1.605,1.61,183,0.3163
DecompDiff,C-C,1.61,1.615,195,0.337
DecompDiff,C-C,1.615,1.62,131,0.2264
DecompDiff,C-C,1.62,1.625,125,0.2161
DecompDiff,C-C,1.625,1.63,107,0.1849
DecompDiff,C-C,1.63,1.635,98,0.1694
DecompDiff,C-C,1.635,1.64,96,0.1659
DecompDiff,C-C,1.64,1.645,59,0.102
DecompDiff,C-C,1.645,1.65,65,0.1123
DecompDiff,C-C,1.65,1.655,50,0.0864
DecompDiff,C-C,1.655,1.66,52,0.0899
DecompDiff,C-C,1.66,1.665,43,0.0743
DecompDiff,C-C,1.665,1.67,36,0.0622
DecompDiff,C-C,1.67,1.675,45,0.0778
DecompDiff,C-C,1.675,1.68,22,0.038
DecompDiff,C-C,1.68,1.685,32,0.0553
DecompDiff,C-C,1.685,1.69,24,0.0415
DecompDiff,C-C,1.69,inf,297,0.5133
DecompDiff,C=C,-inf,1.1,36,1.3269
DecompDiff,C=C,1.1,1.105,1,0.0369
DecompDiff,C=C,1.105,1.11,1,0.0369
DecompDiff,C=C,1.11,1.115,2,0.0737
DecompDiff,C=C,1.115,1.12,2,0.0737
DecompDiff,C=C,1.12,1.125,0,0.0
DecompDiff,C=C,1.125,1.13,2,0.0737
DecompDiff,C=C,1.13,1.135,2,0.0737
DecompDiff,C=C,1.135,1.14,1,0.0369
DecompDiff,C=C,1.14,1.145,2,0.0737
DecompDiff,C=C,1.145,1.15,1,0.0369
DecompDiff,C=C,1.15,1.155,3,0.1106
DecompDiff,C=C,1.155,1.16,2,0.0737
DecompDiff,C=C,1.16,1.165,3,0.1106
DecompDiff,C=C,1.165,1.17,3,0.1106
DecompDiff,C=C,1.17,1.175,6,0.2212
DecompDiff,C=C,1.175,1.18,7,0.258
DecompDiff,C=C,1.18,1.185,7,0.258
DecompDiff,C=C,1.185,1.19,4,0.1474
DecompDiff,C=C,1.19,1.195,3,0.1106
DecompDiff,C=C,1.195,1.2,7,0.258
DecompDiff,C=C,1.2,1.205,5,0.1843
DecompDiff,C=C,1.205,1.21,6,0.2212
DecompDiff,C=C,1.21,1.215,10,0.3686
DecompDiff,C=C,1.215,1.22,12,0.4423
DecompDiff,C=C,1.22,1.225,6,0.2212
DecompDiff,C=C,1.225,1.23,10,0.3686
DecompDiff,C=C,1.23,1.235,8,0.2949
DecompDiff,C=C,1.235,1.24,20,0.7372
DecompDiff,C=C,1.24,1.245,11,0.4055
DecompDiff,C=C,1.245,1.25,15,0.5529
DecompDiff,C=C,1.25,1.255,13,0.4792
DecompDiff,C=C,1.255,1.26,17,0.6266
DecompDiff,C=C,1.26,1.265,21,0.7741
DecompDiff,C=C,1.265,1.27,17,0.6266
DecompDiff,C=C,1.27,1.275,24,0.8846
DecompDiff,C=C,1.275,1.28,22,0.8109
DecompDiff,C=C,1.28,1.285,34,1.2532
DecompDiff,C=C,1.285,1.29,40,1.4744
DecompDiff,C=C,1.29,1.295,34,1.2532
DecompDiff,C=C,1.295,1.3,44,1.6218
DecompDiff,C=C,1.3,1.305,34,1.2532
DecompDiff,C=C,1.305,1.31,41,1.5112
DecompDiff,C=C,1.31,1.315,37,1.3638
DecompDiff,C=C,1.315,1.32,46,1.6955
DecompDiff,C=C,1.32,1.325,53,1.9536
DecompDiff,C=C,1.325,1.33,49,1.8061
DecompDiff,C=C,1.33,1.335,60,2.2116
DecompDiff,C=C,1.335,1.34,69,2.5433
DecompDiff,C=C,1.34,1.345,72,2.6539
DecompDiff,C=C,1.345,1.35,82,3.0225
DecompDiff,C=C,1.35,1.355,88,3.2436
DecompDiff,C=C,1.355,1.36,102,3.7597
DecompDiff,C=C,1.36,1.365,83,3.0593
DecompDiff,C=C,1.365,1.37,86,3.1699
DecompDiff,C=C,1.37,1.375,85,3.1331
DecompDiff,C=C,1.375,1.38,89,3.2805
DecompDiff,C=C,1.38,1.385,83,3.0593
DecompDiff,C=C,1.385,1.39,99,3.6491
DecompDiff,C=C,1.39,1.395,65,2.3959
DecompDiff,C=C,1.395,1.4,81,2.9856
DecompDiff,C=C,1.4,1.405,54,1.9904
DecompDiff,C=C,1.405,1.41,63,2.3222
DecompDiff,C=C,1.41,1.415,75,2.7645
DecompDiff,C=C,1.415,1.42,63,2.3222
DecompDiff,C=C,1.42,1.425,75,2.7645
DecompDiff,C=C,1.425,1.43,61,2.2484
DecompDiff,C=C,1.43,1.435,54,1.9904
DecompDiff,C=C,1.435,1.44,44,1.6218
DecompDiff,C=C,1.44,1.445,42,1.5481
DecompDiff,C=C,1.445,1.45,47,1.7324
DecompDiff,C=C,1.45,1.455,29,1.0689
DecompDiff,C=C,1.455,1.46,23,0.8478
DecompDiff,C=C,1.46,1.465,27,0.9952
DecompDiff,C=C,1.465,1.47,21,0.7741
DecompDiff,C=C,1.47,1.475,20,0.7372
DecompDiff,C=C,1.475,1.48,18,0.6635
DecompDiff,C=C,1.48,1.485,17,0.6266
DecompDiff,C=C,1.485,1.49,13,0.4792
DecompDiff,C=C,1.49,1.495,10,0.3686
DecompDiff,C=C,1.495,1.5,14,0.516
DecompDiff,C=C,1.5,1.505,8,0.2949
DecompDiff,C=C,1.505,1.51,3,0.1106
DecompDiff,C=C,1.51,1.515,9,0.3317
DecompDiff,C=C,1.515,1.52,8,0.2949
DecompDiff,C=C,1.52,1.525,4,0.1474
DecompDiff,C=C,1.525,1.53,3,0.1106
DecompDiff,C=C,1.53,1.535,6,0.2212
DecompDiff,C=C,1.535,1.54,5,0.1843
DecompDiff,C=C,1.54,1.545,3,0.1106
DecompDiff,C=C,1.545,1.55,4,0.1474
DecompDiff,C=C,1.55,1.555,2,0.0737
DecompDiff,C=C,1.555,1.56,1,0.0369
DecompDiff,C=C,1.56,1.565,0,0.0
DecompDiff,C=C,1.565,1.57,1,0.0369
DecompDiff,C=C,1.57,1.575,1,0.0369
DecompDiff,C=C,1.575,1.58,4,0.1474
DecompDiff,C=C,1.58,1.585,1,0.0369
DecompDiff,C=C,1.585,1.59,0,0.0
DecompDiff,C=C,1.59,1.595,0,0.0
DecompDiff,C=C,1.595,1.6,0,0.0
DecompDiff,C=C,1.6,1.605,2,0.0737
DecompDiff,C=C,1.605,1.61,0,0.0
DecompDiff,C=C,1.61,1.615,0,0.0
DecompDiff,C=C,1.615,1.62,2,0.0737
DecompDiff,C=C,1.62,1.625,0,0.0
DecompDiff,C=C,1.625,1.63,0,0.0
DecompDiff,C=C,1.63,1.635,0,0.0
DecompDiff,C=C,1.635,1.64,0,0.0
DecompDiff,C=C,1.64,1.645,1,0.0369
DecompDiff,C=C,1.645,1.65,0,0.0
DecompDiff,C=C,1.65,1.655,0,0.0
DecompDiff,C=C,1.655,1.66,1,0.0369
DecompDiff,C=C,1.66,1.665,0,0.0
DecompDiff,C=C,1.665,1.67,2,0.0737
DecompDiff,C=C,1.67,1.675,0,0.0
DecompDiff,C=C,1.675,1.68,0,0.0
DecompDiff,C=C,1.68,1.685,0,0.0
DecompDiff,C=C,1.685,1.69,1,0.0369
DecompDiff,C=C,1.69,inf,3,0.1106
DecompDiff,C-N,-inf,1.1,52,0.28
DecompDiff,C-N,1.1,1.105,0,0.0
DecompDiff,C-N,1.105,1.11,3,0.0162
DecompDiff,C-N,1.11,1.115,1,0.0054
DecompDiff,C-N,1.115,1.12,4,0.0215
DecompDiff,C-N,1.12,1.125,3,0.0162
DecompDiff,C-N,1.125,1.13,5,0.0269
DecompDiff,C-N,1.13,1.135,1,0.0054
DecompDiff,C-N,1.135,1.14,2,0.0108
DecompDiff,C-N,1.14,1.145,6,0.0323
DecompDiff,C-N,1.145,1.15,3,0.0162
DecompDiff,C-N,1.15,1.155,4,0.0215
DecompDiff,C-N,1.155,1.16,5,0.0269
DecompDiff,C-N,1.16,1.165,4,0.0215
DecompDiff,C-N,1.165,1.17,3,0.0162
DecompDiff,C-N,1.17,1.175,8,0.0431
DecompDiff,C-N,1.175,1.18,2,0.0108
DecompDiff,C-N,1.18,1.185,8,0.0431
DecompDiff,C-N,1.185,1.19,5,0.0269
DecompDiff,C-N,1.19,1.195,5,0.0269
DecompDiff,C-N,1.195,1.2,1,0.0054
DecompDiff,C-N,1.2,1.205,8,0.0431
DecompDiff,C-N,1.205,1.21,10,0.0538
DecompDiff,C-N,1.21,1.215,8,0.0431
DecompDiff,C-N,1.215,1.22,10,0.0538
DecompDiff,C-N,1.22,1.225,10,0.0538
DecompDiff,C-N,1.225,1.23,18,0.0969
DecompDiff,C-N,1.23,1.235,17,0.0915
DecompDiff,C-N,1.235,1.24,27,0.1454
DecompDiff,C-N,1.24,1.245,20,0.1077
DecompDiff,C-N,1.245,1.25,27,0.1454
DecompDiff,C-N,1.25,1.255,36,0.1939
DecompDiff,C-N,1.255,1.26,47,0.2531
DecompDiff,C-N,1.26,1.265,60,0.3231
DecompDiff,C-N,1.265,1.27,63,0.3392
DecompDiff,C-N,1.27,1.275,79,0.4254
DecompDiff,C-N,1.275,1.28,87,0.4685
DecompDiff,C-N,1.28,1.285,77,0.4146
DecompDiff,C-N,1.285,1.29,110,0.5923
DecompDiff,C-N,1.29,1.295,122,0.6569
DecompDiff,C-N,1.295,1.3,165,0.8885
DecompDiff,C-N,1.3,1.305,173,0.9316
DecompDiff,C-N,1.305,1.31,229,1.2331
DecompDiff,C-N,1.31,1.315,267,1.4377
DecompDiff,C-N,1.315,1.32,307,1.6531
DecompDiff,C-N,1.32,1.325,314,1.6908
DecompDiff,C-N,1.325,1.33,317,1.707
DecompDiff,C-N,1.33,1.335,376,2.0247
DecompDiff,C-N,1.335,1.34,485,2.6116
DecompDiff,C-N,1.34,1.345,456,2.4554
DecompDiff,C-N,1.345,1.35,520,2.8001
DecompDiff,C-N,1.35,1.355,556,2.9939
DecompDiff,C-N,1.355,1.36,515,2.7731
DecompDiff,C-N,1.36,1.365,543,2.9239
DecompDiff,C-N,1.365,1.37,502,2.7031
DecompDiff,C-N,1.37,1.375,469,2.5254
DecompDiff,C-N,1.375,1.38,480,2.5847
DecompDiff,C-N,1.38,1.385,481,2.5901
DecompDiff,C-N,1.385,1.39,501,2.6978
DecompDiff,C-N,1.39,1.395,471,2.5362
DecompDiff,C-N,1.395,1.4,417,2.2454
DecompDiff,C-N,1.4,1.405,426,2.2939
DecompDiff,C-N,1.405,1.41,376,2.0247
DecompDiff,C-N,1.41,1.415,396,2.1324
DecompDiff,C-N,1.415,1.42,389,2.0947
DecompDiff,C-N,1.42,1.425,382,2.057
DecompDiff,C-N,1.425,1.43,403,2.1701
DecompDiff,C-N,1.43,1.435,429,2.3101
DecompDiff,C-N,1.435,1.44,376,2.0247
DecompDiff,C-N,1.44,1.445,425,2.2885
DecompDiff,C-N,1.445,1.45,396,2.1324
DecompDiff,C-N,1.45,1.455,415,2.2347
DecompDiff,C-N,1.455,1.46,383,2.0624
DecompDiff,C-N,1.46,1.465,450,2.4231
DecompDiff,C-N,1.465,1.47,431,2.3208
DecompDiff,C-N,1.47,1.475,381,2.0516
DecompDiff,C-N,1.475,1.48,378,2.0354
DecompDiff,C-N,1.48,1.485,354,1.9062
DecompDiff,C-N,1.485,1.49,310,1.6693
DecompDiff,C-N,1.49,1.495,275,1.4808
DecompDiff,C-N,1.495,1.5,252,1.357
DecompDiff,C-N,1.5,1.505,229,1.2331
DecompDiff,C-N,1.505,1.51,190,1.0231
DecompDiff,C-N,1.51,1.515,149,0.8023
DecompDiff,C-N,1.515,1.52,144,0.7754
DecompDiff,C-N,1.52,1.525,118,0.6354
DecompDiff,C-N,1.525,1.53,95,0.5116
DecompDiff,C-N,1.53,1.535,100,0.5385
DecompDiff,C-N,1.535,1.54,76,0.4092
DecompDiff,C-N,1.54,1.545,54,0.2908
DecompDiff,C-N,1.545,1.55,33,0.1777
DecompDiff,C-N,1.55,1.555,36,0.1939
DecompDiff,C-N,1.555,1.56,39,0.21
DecompDiff,C-N,1.56,1.565,29,0.1562
DecompDiff,C-N,1.565,1.57,19,0.1023
DecompDiff,C-N,1.57,1.575,14,0.0754
DecompDiff,C-N,1.575,1.58,9,0.0485
DecompDiff,C-N,1.58,1.585,15,0.0808
DecompDiff,C-N,1.585,1.59,6,0.0323
DecompDiff,C-N,1.59,1.595,6,0.0323
DecompDiff,C-N,1.595,1.6,10,0.0538
DecompDiff,C-N,1.6,1.605,1,0.0054
DecompDiff,C-N,1.605,1.61,8,0.0431
DecompDiff,C-N,1.61,1.615,4,0.0215
DecompDiff,C-N,1.615,1.62,5,0.0269
DecompDiff,C-N,1.62,1.625,5,0.0269
DecompDiff,C-N,1.625,1.63,6,0.0323
DecompDiff,C-N,1.63,1.635,5,0.0269
DecompDiff,C-N,1.635,1.64,2,0.0108
DecompDiff,C-N,1.64,1.645,6,0.0323
DecompDiff,C-N,1.645,1.65,4,0.0215
DecompDiff,C-N,1.65,1.655,2,0.0108
DecompDiff,C-N,1.655,1.66,1,0.0054
DecompDiff,C-N,1.66,1.665,2,0.0108
DecompDiff,C-N,1.665,1.67,0,0.0
DecompDiff,C-N,1.67,1.675,0,0.0
DecompDiff,C-N,1.675,1.68,1,0.0054
DecompDiff,C-N,1.68,1.685,1,0.0054
DecompDiff,C-N,1.685,1.69,2,0.0108
DecompDiff,C-N,1.69,inf,13,0.07
DecompDiff,C=N,-inf,1.1,27,2.6759
DecompDiff,C=N,1.1,1.105,0,0.0
DecompDiff,C=N,1.105,1.11,0,0.0
DecompDiff,C=N,1.11,1.115,2,0.1982
DecompDiff,C=N,1.115,1.12,3,0.2973
DecompDiff,C=N,1.12,1.125,0,0.0
DecompDiff,C=N,1.125,1.13,4,0.3964
DecompDiff,C=N,1.13,1.135,4,0.3964
DecompDiff,C=N,1.135,1.14,2,0.1982
DecompDiff,C=N,1.14,1.145,2,0.1982
DecompDiff,C=N,1.145,1.15,2,0.1982
DecompDiff,C=N,1.15,1.155,4,0.3964
DecompDiff,C=N,1.155,1.16,1,0.0991
DecompDiff,C=N,1.16,1.165,2,0.1982
DecompDiff,C=N,1.165,1.17,3,0.2973
DecompDiff,C=N,1.17,1.175,5,0.4955
DecompDiff,C=N,1.175,1.18,3,0.2973
DecompDiff,C=N,1.18,1.185,4,0.3964
DecompDiff,C=N,1.185,1.19,3,0.2973
DecompDiff,C=N,1.19,1.195,4,0.3964
DecompDiff,C=N,1.195,1.2,2,0.1982
DecompDiff,C=N,1.2,1.205,3,0.2973
DecompDiff,C=N,1.205,1.21,4,0.3964
DecompDiff,C=N,1.21,1.215,4,0.3964
DecompDiff,C=N,1.215,1.22,4,0.3964
DecompDiff,C=N,1.22,1.225,4,0.3964
DecompDiff,C=N,1.225,1.23,8,0.7929
DecompDiff,C=N,1.23,1.235,10,0.9911
DecompDiff,C=N,1.235,1.24,10,0.9911
DecompDiff,C=N,1.24,1.245,11,1.0902
DecompDiff,C=N,1.245,1.25,10,0.9911
DecompDiff,C=N,1.25,1.255,6,0.5946
DecompDiff,C=N,1.255,1.26,13,1.2884
DecompDiff,C=N,1.26,1.265,20,1.9822
DecompDiff,C=N,1.265,1.27,14,1.3875
DecompDiff,C=N,1.27,1.275,15,1.4866
DecompDiff,C=N,1.275,1.28,22,2.1804
DecompDiff,C=N,1.28,1.285,14,1.3875
DecompDiff,C=N,1.285,1.29,22,2.1804
DecompDiff,C=N,1.29,1.295,27,2.6759
DecompDiff,C=N,1.295,1.3,20,1.9822
DecompDiff,C=N,1.3,1.305,23,2.2795
DecompDiff,C=N,1.305,1.31,29,2.8741
DecompDiff,C=N,1.31,1.315,33,3.2706
DecompDiff,C=N,1.315,1.32,38,3.7661
DecompDiff,C=N,1.32,1.325,27,2.6759
DecompDiff,C=N,1.325,1.33,44,4.3608
DecompDiff,C=N,1.33,1.335,39,3.8652
DecompDiff,C=N,1.335,1.34,47,4.6581
DecompDiff,C=N,1.34,1.345,43,4.2616
DecompDiff,C=N,1.345,1.35,38,3.7661
DecompDiff,C=N,1.35,1.355,35,3.4688
DecompDiff,C=N,1.355,1.36,29,2.8741
DecompDiff,C=N,1.36,1.365,33,3.2706
DecompDiff,C=N,1.365,1.37,33,3.2706
DecompDiff,C=N,1.37,1.375,28,2.775
DecompDiff,C=N,1.375,1.38,20,1.9822
DecompDiff,C=N,1.38,1.385,15,1.4866
DecompDiff,C=N,1.385,1.39,19,1.8831
DecompDiff,C=N,1.39,1.395,28,2.775
DecompDiff,C=N,1.395,1.4,14,1.3875
DecompDiff,C=N,1.4,1.405,15,1.4866
DecompDiff,C=N,1.405,1.41,9,0.892
DecompDiff,C=N,1.41,1.415,5,0.4955
DecompDiff,C=N,1.415,1.42,7,0.6938
DecompDiff,C=N,1.42,1.425,9,0.892
DecompDiff,C=N,1.425,1.43,4,0.3964
DecompDiff,C=N,1.43,1.435,1,0.0991
DecompDiff,C=N,1.435,1.44,5,0.4955
DecompDiff,C=N,1.44,1.445,3,0.2973
DecompDiff,C=N,1.445,1.45,2,0.1982
DecompDiff,C=N,1.45,1.455,1,0.0991
DecompDiff,C=N,1.455,1.46,2,0.1982
DecompDiff,C=N,1.46,1.465,1,0.0991
DecompDiff,C=N,1.465,1.47,1,0.0991
DecompDiff,C=N,1.47,1.475,0,0.0
DecompDiff,C=N,1.475,1.48,0,0.0
DecompDiff,C=N,1.48,1.485,0,0.0
DecompDiff,C=N,1.485,1.49,1,0.0991
DecompDiff,C=N,1.49,1.495,0,0.0
DecompDiff,C=N,1.495,1.5,0,0.0
DecompDiff,C=N,1.5,1.505,1,0.0991
DecompDiff,C=N,1.505,1.51,1,0.0991
DecompDiff,C=N,1.51,1.515,1,0.0991
DecompDiff,C=N,1.515,1.52,0,0.0
DecompDiff,C=N,1.52,1.525,1,0.0991
DecompDiff,C=N,1.525,1.53,0,0.0
DecompDiff,C=N,1.53,1.535,0,0.0
DecompDiff,C=N,1.535,1.54,1,0.0991
DecompDiff,C=N,1.54,1.545,0,0.0
DecompDiff,C=N,1.545,1.55,0,0.0
DecompDiff,C=N,1.55,1.555,1,0.0991
DecompDiff,C=N,1.555,1.56,0,0.0
DecompDiff,C=N,1.56,1.565,0,0.0
DecompDiff,C=N,1.565,1.57,0,0.0
DecompDiff,C=N,1.57,1.575,0,0.0
DecompDiff,C=N,1.575,1.58,0,0.0
DecompDiff,C=N,1.58,1.585,0,0.0
DecompDiff,C=N,1.585,1.59,0,0.0
DecompDiff,C=N,1.59,1.595,1,0.0991
DecompDiff,C=N,1.595,1.6,0,0.0
DecompDiff,C=N,1.6,1.605,0,0.0
DecompDiff,C=N,1.605,1.61,0,0.0
DecompDiff,C=N,1.61,1.615,0,0.0
DecompDiff,C=N,1.615,1.62,0,0.0
DecompDiff,C=N,1.62,1.625,0,0.0
DecompDiff,C=N,1.625,1.63,0,0.0
DecompDiff,C=N,1.63,1.635,0,0.0
DecompDiff,C=N,1.635,1.64,0,0.0
DecompDiff,C=N,1.64,1.645,0,0.0
DecompDiff,C=N,1.645,1.65,0,0.0
DecompDiff,C=N,1.65,1.655,0,0.0
DecompDiff,C=N,1.655,1.66,0,0.0
DecompDiff,C=N,1.66,1.665,0,0.0
DecompDiff,C=N,1.665,1.67,0,0.0
DecompDiff,C=N,1.67,1.675,0,0.0
DecompDiff,C=N,1.675,1.68,0,0.0
DecompDiff,C=N,1.68,1.685,0,0.0
DecompDiff,C=N,1.685,1.69,1,0.0991
DecompDiff,C=N,1.69,inf,2,0.1982
DecompDiff,C-O,-inf,1.1,8,0.0464
DecompDiff,C-O,1.1,1.105,2,0.0116
DecompDiff,C-O,1.105,1.11,0,0.0
DecompDiff,C-O,1.11,1.115,0,0.0
DecompDiff,C-O,1.115,1.12,2,0.0116
DecompDiff,C-O,1.12,1.125,4,0.0232
DecompDiff,C-O,1.125,1.13,0,0.0
DecompDiff,C-O,1.13,1.135,0,0.0
DecompDiff,C-O,1.135,1.14,0,0.0
DecompDiff,C-O,1.14,1.145,0,0.0
DecompDiff,C-O,1.145,1.15,1,0.0058
DecompDiff,C-O,1.15,1.155,0,0.0
DecompDiff,C-O,1.155,1.16,0,0.0
DecompDiff,C-O,1.16,1.165,2,0.0116
DecompDiff,C-O,1.165,1.17,0,0.0
DecompDiff,C-O,1.17,1.175,5,0.029
DecompDiff,C-O,1.175,1.18,2,0.0116
DecompDiff,C-O,1.18,1.185,3,0.0174
DecompDiff,C-O,1.185,1.19,1,0.0058
DecompDiff,C-O,1.19,1.195,5,0.029
DecompDiff,C-O,1.195,1.2,5,0.029
DecompDiff,C-O,1.2,1.205,3,0.0174
DecompDiff,C-O,1.205,1.21,7,0.0406
DecompDiff,C-O,1.21,1.215,14,0.0811
DecompDiff,C-O,1.215,1.22,24,0.1391
DecompDiff,C-O,1.22,1.225,24,0.1391
DecompDiff,C-O,1.225,1.23,27,0.1564
DecompDiff,C-O,1.23,1.235,40,0.2318
DecompDiff,C-O,1.235,1.24,85,0.4925
DecompDiff,C-O,1.24,1.245,107,0.62
DecompDiff,C-O,1.245,1.25,107,0.62
DecompDiff,C-O,1.25,1.255,90,0.5215
DecompDiff,C-O,1.255,1.26,114,0.6606
DecompDiff,C-O,1.26,1.265,114,0.6606
DecompDiff,C-O,1.265,1.27,119,0.6895
DecompDiff,C-O,1.27,1.275,117,0.6779
DecompDiff,C-O,1.275,1.28,113,0.6548
DecompDiff,C-O,1.28,1.285,134,0.7765
DecompDiff,C-O,1.285,1.29,118,0.6837
DecompDiff,C-O,1.29,1.295,131,0.7591
DecompDiff,C-O,1.295,1.3,118,0.6837
DecompDiff,C-O,1.3,1.305,116,0.6722
DecompDiff,C-O,1.305,1.31,124,0.7185
DecompDiff,C-O,1.31,1.315,120,0.6953
DecompDiff,C-O,1.315,1.32,139,0.8054
DecompDiff,C-O,1.32,1.325,145,0.8402
DecompDiff,C-O,1.325,1.33,145,0.8402
DecompDiff,C-O,1.33,1.335,166,0.9619
DecompDiff,C-O,1.335,1.34,186,1.0778
DecompDiff,C-O,1.34,1.345,238,1.3791
DecompDiff,C-O,1.345,1.35,219,1.269
DecompDiff,C-O,1.35,1.355,257,1.4892
DecompDiff,C-O,1.355,1.36,247,1.4312
DecompDiff,C-O,1.36,1.365,269,1.5587
DecompDiff,C-O,1.365,1.37,319,1.8484
DecompDiff,C-O,1.37,1.375,321,1.86
DecompDiff,C-O,1.375,1.38,377,2.1845
DecompDiff,C-O,1.38,1.385,330,1.9122
DecompDiff,C-O,1.385,1.39,397,2.3004
DecompDiff,C-O,1.39,1.395,397,2.3004
DecompDiff,C-O,1.395,1.4,464,2.6886
DecompDiff,C-O,1.4,1.405,534,3.0942
DecompDiff,C-O,1.405,1.41,492,2.8509
DecompDiff,C-O,1.41,1.415,567,3.2854
DecompDiff,C-O,1.415,1.42,636,3.6852
DecompDiff,C-O,1.42,1.425,664,3.8475
DecompDiff,C-O,1.425,1.43,656,3.8011
DecompDiff,C-O,1.43,1.435,665,3.8533
DecompDiff,C-O,1.435,1.44,623,3.6099
DecompDiff,C-O,1.44,1.445,672,3.8938
DecompDiff,C-O,1.445,1.45,674,3.9054
DecompDiff,C-O,1.45,1.455,576,3.3376
DecompDiff,C-O,1.455,1.46,494,2.8624
DecompDiff,C-O,1.46,1.465,485,2.8103
DecompDiff,C-O,1.465,1.47,390,2.2598
DecompDiff,C-O,1.47,1.475,375,2.1729
DecompDiff,C-O,1.475,1.48,285,1.6514
DecompDiff,C-O,1.48,1.485,319,1.8484
DecompDiff,C-O,1.485,1.49,210,1.2168
DecompDiff,C-O,1.49,1.495,201,1.1647
DecompDiff,C-O,1.495,1.5,149,0.8634
DecompDiff,C-O,1.5,1.505,151,0.875
DecompDiff,C-O,1.505,1.51,130,0.7533
DecompDiff,C-O,1.51,1.515,100,0.5794
DecompDiff,C-O,1.515,1.52,99,0.5736
DecompDiff,C-O,1.52,1.525,73,0.423
DecompDiff,C-O,1.525,1.53,56,0.3245
DecompDiff,C-O,1.53,1.535,46,0.2665
DecompDiff,C-O,1.535,1.54,45,0.2607
DecompDiff,C-O,1.54,1.545,41,0.2376
DecompDiff,C-O,1.545,1.55,37,0.2144
DecompDiff,C-O,1.55,1.555,21,0.1217
DecompDiff,C-O,1.555,1.56,19,0.1101
DecompDiff,C-O,1.56,1.565,13,0.0753
DecompDiff,C-O,1.565,1.57,14,0.0811
DecompDiff,C-O,1.57,1.575,7,0.0406
DecompDiff,C-O,1.575,1.58,8,0.0464
DecompDiff,C-O,1.58,1.585,7,0.0406
DecompDiff,C-O,1.585,1.59,10,0.0579
DecompDiff,C-O,1.59,1.595,10,0.0579
DecompDiff,C-O,1.595,1.6,4,0.0232
DecompDiff,C-O,1.6,1.605,4,0.0232
DecompDiff,C-O,1.605,1.61,3,0.0174
DecompDiff,C-O,1.61,1.615,10,0.0579
DecompDiff,C-O,1.615,1.62,4,0.0232
DecompDiff,C-O,1.62,1.625,5,0.029
DecompDiff,C-O,1.625,1.63,5,0.029
DecompDiff,C-O,1.63,1.635,2,0.0116
DecompDiff,C-O,1.635,1.64,12,0.0695
DecompDiff,C-O,1.64,1.645,5,0.029
DecompDiff,C-O,1.645,1.65,3,0.0174
DecompDiff,C-O,1.65,1.655,3,0.0174
DecompDiff,C-O,1.655,1.66,2,0.0116
DecompDiff,C-O,1.66,1.665,4,0.0232
DecompDiff,C-O,1.665,1.67,1,0.0058
DecompDiff,C-O,1.67,1.675,0,0.0
DecompDiff,C-O,1.675,1.68,0,0.0
DecompDiff,C-O,1.68,1.685,1,0.0058
DecompDiff,C-O,1.685,1.69,0,0.0
DecompDiff,C-O,1.69,inf,14,0.0811
DecompDiff,C=O,-inf,1.1,61,1.0517
DecompDiff,C=O,1.1,1.105,8,0.1379
DecompDiff,C=O,1.105,1.11,7,0.1207
DecompDiff,C=O,1.11,1.115,10,0.1724
DecompDiff,C=O,1.115,1.12,9,0.1552
DecompDiff,C=O,1.12,1.125,6,0.1034
DecompDiff,C=O,1.125,1.13,13,0.2241
DecompDiff,C=O,1.13,1.135,10,0.1724
DecompDiff,C=O,1.135,1.14,9,0.1552
DecompDiff,C=O,1.14,1.145,5,0.0862
DecompDiff,C=O,1.145,1.15,10,0.1724
DecompDiff,C=O,1.15,1.155,10,0.1724
DecompDiff,C=O,1.155,1.16,11,0.1897
DecompDiff,C=O,1.16,1.165,16,0.2759
DecompDiff,C=O,1.165,1.17,16,0.2759
DecompDiff,C=O,1.17,1.175,11,0.1897
DecompDiff,C=O,1.175,1.18,22,0.3793
DecompDiff,C=O,1.18,1.185,27,0.4655
DecompDiff,C=O,1.185,1.19,36,0.6207
DecompDiff,C=O,1.19,1.195,56,0.9655
DecompDiff,C=O,1.195,1.2,79,1.3621
DecompDiff,C=O,1.2,1.205,88,1.5172
DecompDiff,C=O,1.205,1.21,111,1.9138
DecompDiff,C=O,1.21,1.215,118,2.0345
DecompDiff,C=O,1.215,1.22,153,2.6379
DecompDiff,C=O,1.22,1.225,220,3.7931
DecompDiff,C=O,1.225,1.23,273,4.7069
DecompDiff,C=O,1.23,1.235,271,4.6724
DecompDiff,C=O,1.235,1.24,333,5.7414
DecompDiff,C=O,1.24,1.245,348,6.0
DecompDiff,C=O,1.245,1.25,364,6.2759
DecompDiff,C=O,1.25,1.255,378,6.5172
DecompDiff,C=O,1.255,1.26,359,6.1897
DecompDiff,C=O,1.26,1.265,339,5.8448
DecompDiff,C=O,1.265,1.27,301,5.1897
DecompDiff,C=O,1.27,1.275,258,4.4483
DecompDiff,C=O,1.275,1.28,272,4.6897
DecompDiff,C=O,1.28,1.285,209,3.6034
DecompDiff,C=O,1.285,1.29,186,3.2069
DecompDiff,C=O,1.29,1.295,148,2.5517
DecompDiff,C=O,1.295,1.3,146,2.5172
DecompDiff,C=O,1.3,1.305,109,1.8793
DecompDiff,C=O,1.305,1.31,77,1.3276
DecompDiff,C=O,1.31,1.315,63,1.0862
DecompDiff,C=O,1.315,1.32,42,0.7241
DecompDiff,C=O,1.32,1.325,35,0.6034
DecompDiff,C=O,1.325,1.33,25,0.431
DecompDiff,C=O,1.33,1.335,29,0.5
DecompDiff,C=O,1.335,1.34,27,0.4655
DecompDiff,C=O,1.34,1.345,17,0.2931
DecompDiff,C=O,1.345,1.35,19,0.3276
DecompDiff,C=O,1.35,1.355,12,0.2069
DecompDiff,C=O,1.355,1.36,6,0.1034
DecompDiff,C=O,1.36,1.365,4,0.069
DecompDiff,C=O,1.365,1.37,8,0.1379
DecompDiff,C=O,1.37,1.375,2,0.0345
DecompDiff,C=O,1.375,1.38,2,0.0345
DecompDiff,C=O,1.38,1.385,2,0.0345
DecompDiff,C=O,1.385,1.39,4,0.069
DecompDiff,C=O,1.39,1.395,2,0.0345
DecompDiff,C=O,1.395,1.4,3,0.0517
DecompDiff,C=O,1.4,1.405,0,0.0
DecompDiff,C=O,1.405,1.41,1,0.0172
DecompDiff,C=O,1.41,1.415,2,0.0345
DecompDiff,C=O,1.415,1.42,0,0.0
DecompDiff,C=O,1.42,1.425,1,0.0172
DecompDiff,C=O,1.425,1.43,0,0.0
DecompDiff,C=O,1.43,1.435,0,0.0
DecompDiff,C=O,1.435,1.44,0,0.0
DecompDiff,C=O,1.44,1.445,0,0.0
DecompDiff,C=O,1.445,1.45,1,0.0172
DecompDiff,C=O,1.45,1.455,0,0.0
DecompDiff,C=O,1.455,1.46,0,0.0
DecompDiff,C=O,1.46,1.465,0,0.0
DecompDiff,C=O,1.465,1.47,0,0.0
DecompDiff,C=O,1.47,1.475,0,0.0
DecompDiff,C=O,1.475,1.48,0,0.0
DecompDiff,C=O,1.48,1.485,0,0.0
DecompDiff,C=O,1.485,1.49,0,0.0
DecompDiff,C=O,1.49,1.495,0,0.0
DecompDiff,C=O,1.495,1.5,0,0.0
DecompDiff,C=O,1.5,1.505,0,0.0
DecompDiff,C=O,1.505,1.51,0,0.0
DecompDiff,C=O,1.51,1.515,0,0.0
DecompDiff,C=O,1.515,1.52,0,0.0
DecompDiff,C=O,1.52,1.525,0,0.0
DecompDiff,C=O,1.525,1.53,0,0.0
DecompDiff,C=O,1.53,1.535,0,0.0
DecompDiff,C=O,1.535,1.54,0,0.0
DecompDiff,C=O,1.54,1.545,0,0.0
DecompDiff,C=O,1.545,1.55,0,0.0
DecompDiff,C=O,1.55,1.555,0,0.0
DecompDiff,C=O,1.555,1.56,0,0.0
DecompDiff,C=O,1.56,1.565,0,0.0
DecompDiff,C=O,1.565,1.57,0,0.0
DecompDiff,C=O,1.57,1.575,0,0.0
DecompDiff,C=O,1.575,1.58,0,0.0
DecompDiff,C=O,1.58,1.585,0,0.0
DecompDiff,C=O,1.585,1.59,0,0.0
DecompDiff,C=O,1.59,1.595,0,0.0
DecompDiff,C=O,1.595,1.6,0,0.0
DecompDiff,C=O,1.6,1.605,0,0.0
DecompDiff,C=O,1.605,1.61,0,0.0
DecompDiff,C=O,1.61,1.615,0,0.0
DecompDiff,C=O,1.615,1.62,0,0.0
DecompDiff,C=O,1.62,1.625,0,0.0
DecompDiff,C=O,1.625,1.63,0,0.0
DecompDiff,C=O,1.63,1.635,0,0.0
DecompDiff,C=O,1.635,1.64,0,0.0
DecompDiff,C=O,1.64,1.645,0,0.0
DecompDiff,C=O,1.645,1.65,0,0.0
DecompDiff,C=O,1.65,1.655,0,0.0
DecompDiff,C=O,1.655,1.66,0,0.0
DecompDiff,C=O,1.66,1.665,0,0.0
DecompDiff,C=O,1.665,1.67,0,0.0
DecompDiff,C=O,1.67,1.675,0,0.0
DecompDiff,C=O,1.675,1.68,0,0.0
DecompDiff,C=O,1.68,1.685,0,0.0
DecompDiff,C=O,1.685,1.69,0,0.0
DecompDiff,C=O,1.69,inf,0,0.0
DecompDiff,C:C,-inf,1.1,2,0.0097
DecompDiff,C:C,1.1,1.105,0,0.0
DecompDiff,C:C,1.105,1.11,0,0.0
DecompDiff,C:C,1.11,1.115,0,0.0
DecompDiff,C:C,1.115,1.12,0,0.0
DecompDiff,C:C,1.12,1.125,0,0.0
DecompDiff,C:C,1.125,1.13,1,0.0048
DecompDiff,C:C,1.13,1.135,0,0.0
DecompDiff,C:C,1.135,1.14,0,0.0
DecompDiff,C:C,1.14,1.145,0,0.0
DecompDiff,C:C,1.145,1.15,1,0.0048
DecompDiff,C:C,1.15,1.155,2,0.0097
DecompDiff,C:C,1.155,1.16,2,0.0097
DecompDiff,C:C,1.16,1.165,0,0.0
DecompDiff,C:C,1.165,1.17,0,0.0
DecompDiff,C:C,1.17,1.175,1,0.0048
DecompDiff,C:C,1.175,1.18,0,0.0
DecompDiff,C:C,1.18,1.185,0,0.0
DecompDiff,C:C,1.185,1.19,1,0.0048
DecompDiff,C:C,1.19,1.195,0,0.0
DecompDiff,C:C,1.195,1.2,0,0.0
DecompDiff,C:C,1.2,1.205,1,0.0048
DecompDiff,C:C,1.205,1.21,0,0.0
DecompDiff,C:C,1.21,1.215,2,0.0097
DecompDiff,C:C,1.215,1.22,1,0.0048
DecompDiff,C:C,1.22,1.225,2,0.0097
DecompDiff,C:C,1.225,1.23,3,0.0145
DecompDiff,C:C,1.23,1.235,1,0.0048
DecompDiff,C:C,1.235,1.24,1,0.0048
DecompDiff,C:C,1.24,1.245,0,0.0
DecompDiff,C:C,1.245,1.25,4,0.0194
DecompDiff,C:C,1.25,1.255,7,0.0339
DecompDiff,C:C,1.255,1.26,8,0.0387
DecompDiff,C:C,1.26,1.265,11,0.0533
DecompDiff,C:C,1.265,1.27,9,0.0436
DecompDiff,C:C,1.27,1.275,8,0.0387
DecompDiff,C:C,1.275,1.28,15,0.0726
DecompDiff,C:C,1.28,1.285,16,0.0775
DecompDiff,C:C,1.285,1.29,23,0.1114
DecompDiff,C:C,1.29,1.295,25,0.121
DecompDiff,C:C,1.295,1.3,29,0.1404
DecompDiff,C:C,1.3,1.305,39,0.1888
DecompDiff,C:C,1.305,1.31,47,0.2276
DecompDiff,C:C,1.31,1.315,68,0.3292
DecompDiff,C:C,1.315,1.32,71,0.3438
DecompDiff,C:C,1.32,1.325,106,0.5132
DecompDiff,C:C,1.325,1.33,135,0.6537
DecompDiff,C:C,1.33,1.335,162,0.7844
DecompDiff,C:C,1.335,1.34,205,0.9926
DecompDiff,C:C,1.34,1.345,261,1.2637
DecompDiff,C:C,1.345,1.35,330,1.5978
DecompDiff,C:C,1.35,1.355,389,1.8835
DecompDiff,C:C,1.355,1.36,500,2.421
DecompDiff,C:C,1.36,1.365,666,3.2247
DecompDiff,C:C,1.365,1.37,774,3.7476
DecompDiff,C:C,1.37,1.375,943,4.5659
DecompDiff,C:C,1.375,1.38,1160,5.6166
DecompDiff,C:C,1.38,1.385,1369,6.6286
DecompDiff,C:C,1.385,1.39,1544,7.4759
DecompDiff,C:C,1.39,1.395,1638,7.9311
DecompDiff,C:C,1.395,1.4,1614,7.8148
DecompDiff,C:C,1.4,1.405,1650,7.9892
DecompDiff,C:C,1.405,1.41,1389,6.7254
DecompDiff,C:C,1.41,1.415,1202,5.82
DecompDiff,C:C,1.415,1.42,1024,4.9581
DecompDiff,C:C,1.42,1.425,799,3.8687
DecompDiff,C:C,1.425,1.43,608,2.9439
DecompDiff,C:C,1.43,1.435,458,2.2176
DecompDiff,C:C,1.435,1.44,326,1.5785
DecompDiff,C:C,1.44,1.445,250,1.2105
DecompDiff,C:C,1.445,1.45,190,0.92
DecompDiff,C:C,1.45,1.455,138,0.6682
DecompDiff,C:C,1.455,1.46,90,0.4358
DecompDiff,C:C,1.46,1.465,83,0.4019
DecompDiff,C:C,1.465,1.47,50,0.2421
DecompDiff,C:C,1.47,1.475,30,0.1453
DecompDiff,C:C,1.475,1.48,26,0.1259
DecompDiff,C:C,1.48,1.485,25,0.121
DecompDiff,C:C,1.485,1.49,22,0.1065
DecompDiff,C:C,1.49,1.495,9,0.0436
DecompDiff,C:C,1.495,1.5,12,0.0581
DecompDiff,C:C,1.5,1.505,10,0.0484
DecompDiff,C:C,1.505,1.51,15,0.0726
DecompDiff,C:C,1.51,1.515,6,0.0291
DecompDiff,C:C,1.515,1.52,5,0.0242
DecompDiff,C:C,1.52,1.525,6,0.0291
DecompDiff,C:C,1.525,1.53,6,0.0291
DecompDiff,C:C,1.53,1.535,4,0.0194
DecompDiff,C:C,1.535,1.54,4,0.0194
DecompDiff,C:C,1.54,1.545,3,0.0145
DecompDiff,C:C,1.545,1.55,0,0.0
DecompDiff,C:C,1.55,1.555,1,0.0048
DecompDiff,C:C,1.555,1.56,0,0.0
DecompDiff,C:C,1.56,1.565,0,0.0
DecompDiff,C:C,1.565,1.57,3,0.0145
DecompDiff,C:C,1.57,1.575,1,0.0048
DecompDiff,C:C,1.575,1.58,0,0.0
DecompDiff,C:C,1.58,1.585,0,0.0
DecompDiff,C:C,1.585,1.59,0,0.0
DecompDiff,C:C,1.59,1.595,1,0.0048
DecompDiff,C:C,1.595,1.6,1,0.0048
DecompDiff,C:C,1.6,1.605,0,0.0
DecompDiff,C:C,1.605,1.61,0,0.0
DecompDiff,C:C,1.61,1.615,1,0.0048
DecompDiff,C:C,1.615,1.62,0,0.0
DecompDiff,C:C,1.62,1.625,1,0.0048
DecompDiff,C:C,1.625,1.63,1,0.0048
DecompDiff,C:C,1.63,1.635,0,0.0
DecompDiff,C:C,1.635,1.64,0,0.0
DecompDiff,C:C,1.64,1.645,1,0.0048
DecompDiff,C:C,1.645,1.65,0,0.0
DecompDiff,C:C,1.65,1.655,1,0.0048
DecompDiff,C:C,1.655,1.66,0,0.0
DecompDiff,C:C,1.66,1.665,0,0.0
DecompDiff,C:C,1.665,1.67,1,0.0048
DecompDiff,C:C,1.67,1.675,0,0.0
DecompDiff,C:C,1.675,1.68,0,0.0
DecompDiff,C:C,1.68,1.685,1,0.0048
DecompDiff,C:C,1.685,1.69,1,0.0048
DecompDiff,C:C,1.69,inf,1,0.0048
DecompDiff,C:N,-inf,1.1,3,0.0561
DecompDiff,C:N,1.1,1.105,0,0.0
DecompDiff,C:N,1.105,1.11,0,0.0
DecompDiff,C:N,1.11,1.115,0,0.0
DecompDiff,C:N,1.115,1.12,0,0.0
DecompDiff,C:N,1.12,1.125,0,0.0
DecompDiff,C:N,1.125,1.13,0,0.0
DecompDiff,C:N,1.13,1.135,0,0.0
DecompDiff,C:N,1.135,1.14,0,0.0
DecompDiff,C:N,1.14,1.145,0,0.0
DecompDiff,C:N,1.145,1.15,0,0.0
DecompDiff,C:N,1.15,1.155,0,0.0
DecompDiff,C:N,1.155,1.16,0,0.0
DecompDiff,C:N,1.16,1.165,0,0.0
DecompDiff,C:N,1.165,1.17,0,0.0
DecompDiff,C:N,1.17,1.175,0,0.0
DecompDiff,C:N,1.175,1.18,0,0.0
DecompDiff,C:N,1.18,1.185,2,0.0374
DecompDiff,C:N,1.185,1.19,1,0.0187
DecompDiff,C:N,1.19,1.195,2,0.0374
DecompDiff,C:N,1.195,1.2,1,0.0187
DecompDiff,C:N,1.2,1.205,1,0.0187
DecompDiff,C:N,1.205,1.21,2,0.0374
DecompDiff,C:N,1.21,1.215,0,0.0
DecompDiff,C:N,1.215,1.22,2,0.0374
DecompDiff,C:N,1.22,1.225,5,0.0935
DecompDiff,C:N,1.225,1.23,3,0.0561
DecompDiff,C:N,1.23,1.235,4,0.0748
DecompDiff,C:N,1.235,1.24,4,0.0748
DecompDiff,C:N,1.24,1.245,3,0.0561
DecompDiff,C:N,1.245,1.25,5,0.0935
DecompDiff,C:N,1.25,1.255,12,0.2244
DecompDiff,C:N,1.255,1.26,9,0.1683
DecompDiff,C:N,1.26,1.265,14,0.2618
DecompDiff,C:N,1.265,1.27,17,0.3179
DecompDiff,C:N,1.27,1.275,20,0.374
DecompDiff,C:N,1.275,1.28,25,0.4676
DecompDiff,C:N,1.28,1.285,46,0.8603
DecompDiff,C:N,1.285,1.29,32,0.5985
DecompDiff,C:N,1.29,1.295,38,0.7107
DecompDiff,C:N,1.295,1.3,82,1.5336
DecompDiff,C:N,1.3,1.305,79,1.4775
DecompDiff,C:N,1.305,1.31,93,1.7393
DecompDiff,C:N,1.31,1.315,97,1.8141
DecompDiff,C:N,1.315,1.32,148,2.7679
DecompDiff,C:N,1.32,1.325,188,3.516
DecompDiff,C:N,1.325,1.33,237,4.4324
DecompDiff,C:N,1.33,1.335,280,5.2366
DecompDiff,C:N,1.335,1.34,299,5.5919
DecompDiff,C:N,1.34,1.345,333,6.2278
DecompDiff,C:N,1.345,1.35,337,6.3026
DecompDiff,C:N,1.35,1.355,378,7.0694
DecompDiff,C:N,1.355,1.36,343,6.4148
DecompDiff,C:N,1.36,1.365,375,7.0133
DecompDiff,C:N,1.365,1.37,312,5.835
DecompDiff,C:N,1.37,1.375,261,4.8812
DecompDiff,C:N,1.375,1.38,225,4.208
DecompDiff,C:N,1.38,1.385,205,3.8339
DecompDiff,C:N,1.385,1.39,154,2.8801
DecompDiff,C:N,1.39,1.395,133,2.4874
DecompDiff,C:N,1.395,1.4,114,2.132
DecompDiff,C:N,1.4,1.405,95,1.7767
DecompDiff,C:N,1.405,1.41,77,1.4401
DecompDiff,C:N,1.41,1.415,43,0.8042
DecompDiff,C:N,1.415,1.42,34,0.6359
DecompDiff,C:N,1.42,1.425,37,0.692
DecompDiff,C:N,1.425,1.43,24,0.4488
DecompDiff,C:N,1.43,1.435,27,0.505
DecompDiff,C:N,1.435,1.44,14,0.2618
DecompDiff,C:N,1.44,1.445,9,0.1683
DecompDiff,C:N,1.445,1.45,9,0.1683
DecompDiff,C:N,1.45,1.455,7,0.1309
DecompDiff,C:N,1.455,1.46,2,0.0374
DecompDiff,C:N,1.46,1.465,6,0.1122
DecompDiff,C:N,1.465,1.47,2,0.0374
DecompDiff,C:N,1.47,1.475,4,0.0748
DecompDiff,C:N,1.475,1.48,3,0.0561
DecompDiff,C:N,1.48,1.485,1,0.0187
DecompDiff,C:N,1.485,1.49,1,0.0187
DecompDiff,C:N,1.49,1.495,2,0.0374
DecompDiff,C:N,1.495,1.5,3,0.0561
DecompDiff,C:N,1.5,1.505,2,0.0374
DecompDiff,C:N,1.505,1.51,3,0.0561
DecompDiff,C:N,1.51,1.515,2,0.0374
DecompDiff,C:N,1.515,1.52,0,0.0
DecompDiff,C:N,1.52,1.525,1,0.0187
DecompDiff,C:N,1.525,1.53,1,0.0187
DecompDiff,C:N,1.53,1.535,0,0.0
DecompDiff,C:N,1.535,1.54,2,0.0374
DecompDiff,C:N,1.54,1.545,0,0.0
DecompDiff,C:N,1.545,1.55,0,0.0
DecompDiff,C:N,1.55,1.555,0,0.0
DecompDiff,C:N,1.555,1.56,1,0.0187
DecompDiff,C:N,1.56,1.565,0,0.0
DecompDiff,C:N,1.565,1.57,0,0.0
DecompDiff,C:N,1.57,1.575,0,0.0
DecompDiff,C:N,1.575,1.58,1,0.0187
DecompDiff,C:N,1.58,1.585,3,0.0561
DecompDiff,C:N,1.585,1.59,0,0.0
DecompDiff,C:N,1.59,1.595,1,0.0187
DecompDiff,C:N,1.595,1.6,0,0.0
DecompDiff,C:N,1.6,1.605,0,0.0
DecompDiff,C:N,1.605,1.61,0,0.0
DecompDiff,C:N,1.61,1.615,1,0.0187
DecompDiff,C:N,1.615,1.62,0,0.0
DecompDiff,C:N,1.62,1.625,1,0.0187
DecompDiff,C:N,1.625,1.63,0,0.0
DecompDiff,C:N,1.63,1.635,0,0.0
DecompDiff,C:N,1.635,1.64,0,0.0
DecompDiff,C:N,1.64,1.645,0,0.0
DecompDiff,C:N,1.645,1.65,1,0.0187
DecompDiff,C:N,1.65,1.655,0,0.0
DecompDiff,C:N,1.655,1.66,0,0.0
DecompDiff,C:N,1.66,1.665,1,0.0187
DecompDiff,C:N,1.665,1.67,0,0.0
DecompDiff,C:N,1.67,1.675,1,0.0187
DecompDiff,C:N,1.675,1.68,0,0.0
DecompDiff,C:N,1.68,1.685,0,0.0
DecompDiff,C:N,1.685,1.69,0,0.0
DecompDiff,C:N,1.69,inf,1,0.0187
FuncBind,C-C,-inf,1.1,1173,1.6857
FuncBind,C-C,1.1,1.105,27,0.0388
FuncBind,C-C,1.105,1.11,46,0.0661
FuncBind,C-C,1.11,1.115,44,0.0632
FuncBind,C-C,1.115,1.12,46,0.0661
FuncBind,C-C,1.12,1.125,54,0.0776
FuncBind,C-C,1.125,1.13,52,0.0747
FuncBind,C-C,1.13,1.135,58,0.0834
FuncBind,C-C,1.135,1.14,61,0.0877
FuncBind,C-C,1.14,1.145,50,0.0719
FuncBind,C-C,1.145,1.15,64,0.092
FuncBind,C-C,1.15,1.155,78,0.1121
FuncBind,C-C,1.155,1.16,78,0.1121
FuncBind,C-C,1.16,1.165,76,0.1092
FuncBind,C-C,1.165,1.17,68,0.0977
FuncBind,C-C,1.17,1.175,76,0.1092
FuncBind,C-C,1.175,1.18,87,0.125
FuncBind,C-C,1.18,1.185,75,0.1078
FuncBind,C-C,1.185,1.19,63,0.0905
FuncBind,C-C,1.19,1.195,63,0.0905
FuncBind,C-C,1.195,1.2,47,0.0675
FuncBind,C-C,1.2,1.205,60,0.0862
FuncBind,C-C,1.205,1.21,42,0.0604
FuncBind,C-C,1.21,1.215,60,0.0862
FuncBind,C-C,1.215,1.22,63,0.0905
FuncBind,C-C,1.22,1.225,78,0.1121
FuncBind,C-C,1.225,1.23,71,0.102
FuncBind,C-C,1.23,1.235,118,0.1696
FuncBind,C-C,1.235,1.24,125,0.1796
FuncBind,C-C,1.24,1.245,149,0.2141
FuncBind,C-C,1.245,1.25,158,0.2271
FuncBind,C-C,1.25,1.255,206,0.296
FuncBind,C-C,1.255,1.26,248,0.3564
FuncBind,C-C,1.26,1.265,228,0.3277
FuncBind,C-C,1.265,1.27,300,0.4311
FuncBind,C-C,1.27,1.275,350,0.503
FuncBind,C-C,1.275,1.28,420,0.6036
FuncBind,C-C,1.28,1.285,512,0.7358
FuncBind,C-C,1.285,1.29,515,0.7401
FuncBind,C-C,1.29,1.295,569,0.8177
FuncBind,C-C,1.295,1.3,540,0.776
FuncBind,C-C,1.3,1.305,523,0.7516
FuncBind,C-C,1.305,1.31,508,0.73
FuncBind,C-C,1.31,1.315,504,0.7243
FuncBind,C-C,1.315,1.32,410,0.5892
FuncBind,C-C,1.32,1.325,373,0.536
FuncBind,C-C,1.325,1.33,412,0.5921
FuncBind,C-C,1.33,1.335,499,0.7171
FuncBind,C-C,1.335,1.34,667,0.9585
FuncBind,C-C,1.34,1.345,851,1.2229
FuncBind,C-C,1.345,1.35,1038,1.4917
FuncBind,C-C,1.35,1.355,994,1.4284
FuncBind,C-C,1.355,1.36,1141,1.6397
FuncBind,C-C,1.36,1.365,1116,1.6038
FuncBind,C-C,1.365,1.37,1135,1.6311
FuncBind,C-C,1.37,1.375,982,1.4112
FuncBind,C-C,1.375,1.38,866,1.2445
FuncBind,C-C,1.38,1.385,650,0.9341
FuncBind,C-C,1.385,1.39,652,0.937
FuncBind,C-C,1.39,1.395,531,0.7631
FuncBind,C-C,1.395,1.4,514,0.7387
FuncBind,C-C,1.4,1.405,572,0.822
FuncBind,C-C,1.405,1.41,659,0.947
FuncBind,C-C,1.41,1.415,705,1.0131
FuncBind,C-C,1.415,1.42,814,1.1698
FuncBind,C-C,1.42,1.425,980,1.4083
FuncBind,C-C,1.425,1.43,1130,1.6239
FuncBind,C-C,1.43,1.435,1215,1.746
FuncBind,C-C,1.435,1.44,1252,1.7992
FuncBind,C-C,1.44,1.445,1267,1.8208
FuncBind,C-C,1.445,1.45,1311,1.884
FuncBind,C-C,1.45,1.455,1254,1.8021
FuncBind,C-C,1.455,1.46,1339,1.9242
FuncBind,C-C,1.46,1.465,1293,1.8581
FuncBind,C-C,1.465,1.47,1268,1.8222
FuncBind,C-C,1.47,1.475,1146,1.6469
FuncBind,C-C,1.475,1.48,1178,1.6929
FuncBind,C-C,1.48,1.485,1095,1.5736
FuncBind,C-C,1.485,1.49,1008,1.4486
FuncBind,C-C,1.49,1.495,986,1.417
FuncBind,C-C,1.495,1.5,924,1.3279
FuncBind,C-C,1.5,1.505,843,1.2115
FuncBind,C-C,1.505,1.51,893,1.2833
FuncBind,C-C,1.51,1.515,925,1.3293
FuncBind,C-C,1.515,1.52,913,1.312
FuncBind,C-C,1.52,1.525,930,1.3365
FuncBind,C-C,1.525,1.53,920,1.3221
FuncBind,C-C,1.53,1.535,865,1.2431
FuncBind,C-C,1.535,1.54,768,1.1037
FuncBind,C-C,1.54,1.545,711,1.0218
FuncBind,C-C,1.545,1.55,685,0.9844
FuncBind,C-C,1.55,1.555,612,0.8795
FuncBind,C-C,1.555,1.56,607,0.8723
FuncBind,C-C,1.56,1.565,683,0.9815
FuncBind,C-C,1.565,1.57,687,0.9873
FuncBind,C-C,1.57,1.575,746,1.0721
FuncBind,C-C,1.575,1.58,749,1.0764
FuncBind,C-C,1.58,1.585,851,1.2229
FuncBind,C-C,1.585,1.59,796,1.1439
FuncBind,C-C,1.59,1.595,770,1.1065
FuncBind,C-C,1.595,1.6,720,1.0347
FuncBind,C-C,1.6,1.605,672,0.9657
FuncBind,C-C,1.605,1.61,573,0.8234
FuncBind,C-C,1.61,1.615,469,0.674
FuncBind,C-C,1.615,1.62,450,0.6467
FuncBind,C-C,1.62,1.625,417,0.5993
FuncBind,C-C,1.625,1.63,383,0.5504
FuncBind,C-C,1.63,1.635,421,0.605
FuncBind,C-C,1.635,1.64,369,0.5303
FuncBind,C-C,1.64,1.645,366,0.526
FuncBind,C-C,1.645,1.65,363,0.5217
FuncBind,C-C,1.65,1.655,387,0.5561
FuncBind,C-C,1.655,1.66,386,0.5547
FuncBind,C-C,1.66,1.665,344,0.4944
FuncBind,C-C,1.665,1.67,298,0.4282
FuncBind,C-C,1.67,1.675,265,0.3808
FuncBind,C-C,1.675,1.68,247,0.355
FuncBind,C-C,1.68,1.685,228,0.3277
FuncBind,C-C,1.685,1.69,200,0.2874
FuncBind,C-C,1.69,inf,4114,5.9121
FuncBind,C=C,-inf,1.1,400,2.5543
FuncBind,C=C,1.1,1.105,31,0.198
FuncBind,C=C,1.105,1.11,21,0.1341
FuncBind,C=C,1.11,1.115,19,0.1213
FuncBind,C=C,1.115,1.12,32,0.2043
FuncBind,C=C,1.12,1.125,34,0.2171
FuncBind,C=C,1.125,1.13,35,0.2235
FuncBind,C=C,1.13,1.135,42,0.2682
FuncBind,C=C,1.135,1.14,36,0.2299
FuncBind,C=C,1.14,1.145,35,0.2235
FuncBind,C=C,1.145,1.15,49,0.3129
FuncBind,C=C,1.15,1.155,54,0.3448
FuncBind,C=C,1.155,1.16,64,0.4087
FuncBind,C=C,1.16,1.165,68,0.4342
FuncBind,C=C,1.165,1.17,77,0.4917
FuncBind,C=C,1.17,1.175,83,0.53
FuncBind,C=C,1.175,1.18,80,0.5109
FuncBind,C=C,1.18,1.185,64,0.4087
FuncBind,C=C,1.185,1.19,84,0.5364
FuncBind,C=C,1.19,1.195,86,0.5492
FuncBind,C=C,1.195,1.2,86,0.5492
FuncBind,C=C,1.2,1.205,66,0.4215
FuncBind,C=C,1.205,1.21,72,0.4598
FuncBind,C=C,1.21,1.215,61,0.3895
FuncBind,C=C,1.215,1.22,77,0.4917
FuncBind,C=C,1.22,1.225,71,0.4534
FuncBind,C=C,1.225,1.23,65,0.4151
FuncBind,C=C,1.23,1.235,103,0.6577
FuncBind,C=C,1.235,1.24,123,0.7854
FuncBind,C=C,1.24,1.245,139,0.8876
FuncBind,C=C,1.245,1.25,162,1.0345
FuncBind,C=C,1.25,1.255,177,1.1303
FuncBind,C=C,1.255,1.26,220,1.4049
FuncBind,C=C,1.26,1.265,241,1.539
FuncBind,C=C,1.265,1.27,264,1.6858
FuncBind,C=C,1.27,1.275,305,1.9476
FuncBind,C=C,1.275,1.28,356,2.2733
FuncBind,C=C,1.28,1.285,393,2.5096
FuncBind,C=C,1.285,1.29,431,2.7522
FuncBind,C=C,1.29,1.295,412,2.6309
FuncBind,C=C,1.295,1.3,382,2.4393
FuncBind,C=C,1.3,1.305,371,2.3691
FuncBind,C=C,1.305,1.31,312,1.9923
FuncBind,C=C,1.31,1.315,290,1.8519
FuncBind,C=C,1.315,1.32,250,1.5964
FuncBind,C=C,1.32,1.325,240,1.5326
FuncBind,C=C,1.325,1.33,209,1.3346
FuncBind,C=C,1.33,1.335,212,1.3538
FuncBind,C=C,1.335,1.34,262,1.6731
FuncBind,C=C,1.34,1.345,340,2.1711
FuncBind,C=C,1.345,1.35,396,2.5287
FuncBind,C=C,1.35,1.355,340,2.1711
FuncBind,C=C,1.355,1.36,376,2.401
FuncBind,C=C,1.36,1.365,326,2.0817
FuncBind,C=C,1.365,1.37,331,2.1137
FuncBind,C=C,1.37,1.375,275,1.7561
FuncBind,C=C,1.375,1.38,262,1.6731
FuncBind,C=C,1.38,1.385,186,1.1877
FuncBind,C=C,1.385,1.39,149,0.9515
FuncBind,C=C,1.39,1.395,107,0.6833
FuncBind,C=C,1.395,1.4,120,0.7663
FuncBind,C=C,1.4,1.405,113,0.7216
FuncBind,C=C,1.405,1.41,114,0.728
FuncBind,C=C,1.41,1.415,136,0.8685
FuncBind,C=C,1.415,1.42,138,0.8812
FuncBind,C=C,1.42,1.425,147,0.9387
FuncBind,C=C,1.425,1.43,176,1.1239
FuncBind,C=C,1.43,1.435,207,1.3218
FuncBind,C=C,1.435,1.44,206,1.3155
FuncBind,C=C,1.44,1.445,176,1.1239
FuncBind,C=C,1.445,1.45,210,1.341
FuncBind,C=C,1.45,1.455,185,1.1814
FuncBind,C=C,1.455,1.46,161,1.0281
FuncBind,C=C,1.46,1.465,146,0.9323
FuncBind,C=C,1.465,1.47,187,1.1941
FuncBind,C=C,1.47,1.475,165,1.0536
FuncBind,C=C,1.475,1.48,132,0.8429
FuncBind,C=C,1.48,1.485,144,0.9195
FuncBind,C=C,1.485,1.49,112,0.7152
FuncBind,C=C,1.49,1.495,105,0.6705
FuncBind,C=C,1.495,1.5,87,0.5556
FuncBind,C=C,1.5,1.505,95,0.6066
FuncBind,C=C,1.505,1.51,98,0.6258
FuncBind,C=C,1.51,1.515,84,0.5364
FuncBind,C=C,1.515,1.52,86,0.5492
FuncBind,C=C,1.52,1.525,94,0.6003
FuncBind,C=C,1.525,1.53,77,0.4917
FuncBind,C=C,1.53,1.535,76,0.4853
FuncBind,C=C,1.535,1.54,66,0.4215
FuncBind,C=C,1.54,1.545,49,0.3129
FuncBind,C=C,1.545,1.55,49,0.3129
FuncBind,C=C,1.55,1.555,38,0.2427
FuncBind,C=C,1.555,1.56,38,0.2427
FuncBind,C=C,1.56,1.565,47,0.3001
FuncBind,C=C,1.565,1.57,50,0.3193
FuncBind,C=C,1.57,1.575,51,0.3257
FuncBind,C=C,1.575,1.58,50,0.3193
FuncBind,C=C,1.58,1.585,53,0.3384
FuncBind,C=C,1.585,1.59,50,0.3193
FuncBind,C=C,1.59,1.595,48,0.3065
FuncBind,C=C,1.595,1.6,44,0.281
FuncBind,C=C,1.6,1.605,27,0.1724
FuncBind,C=C,1.605,1.61,26,0.166
FuncBind,C=C,1.61,1.615,27,0.1724
FuncBind,C=C,1.615,1.62,19,0.1213
FuncBind,C=C,1.62,1.625,20,0.1277
FuncBind,C=C,1.625,1.63,19,0.1213
FuncBind,C=C,1.63,1.635,8,0.0511
FuncBind,C=C,1.635,1.64,13,0.083
FuncBind,C=C,1.64,1.645,14,0.0894
FuncBind,C=C,1.645,1.65,28,0.1788
FuncBind,C=C,1.65,1.655,17,0.1086
FuncBind,C=C,1.655,1.66,23,0.1469
FuncBind,C=C,1.66,1.665,15,0.0958
FuncBind,C=C,1.665,1.67,12,0.0766
FuncBind,C=C,1.67,1.675,9,0.0575
FuncBind,C=C,1.675,1.68,10,0.0639
FuncBind,C=C,1.68,1.685,8,0.0511
FuncBind,C=C,1.685,1.69,2,0.0128
FuncBind,C=C,1.69,inf,119,0.7599
FuncBind,C-N,-inf,1.1,49,0.2446
FuncBind,C-N,1.1,1.105,9,0.0449
FuncBind,C-N,1.105,1.11,7,0.0349
FuncBind,C-N,1.11,1.115,4,0.02
FuncBind,C-N,1.115,1.12,11,0.0549
FuncBind,C-N,1.12,1.125,9,0.0449
FuncBind,C-N,1.125,1.13,9,0.0449
FuncBind,C-N,1.13,1.135,13,0.0649
FuncBind,C-N,1.135,1.14,9,0.0449
FuncBind,C-N,1.14,1.145,13,0.0649
FuncBind,C-N,1.145,1.15,18,0.0898
FuncBind,C-N,1.15,1.155,22,0.1098
FuncBind,C-N,1.155,1.16,15,0.0749
FuncBind,C-N,1.16,1.165,31,0.1547
FuncBind,C-N,1.165,1.17,25,0.1248
FuncBind,C-N,1.17,1.175,38,0.1897
FuncBind,C-N,1.175,1.18,27,0.1348
FuncBind,C-N,1.18,1.185,39,0.1947
FuncBind,C-N,1.185,1.19,35,0.1747
FuncBind,C-N,1.19,1.195,34,0.1697
FuncBind,C-N,1.195,1.2,37,0.1847
FuncBind,C-N,1.2,1.205,56,0.2795
FuncBind,C-N,1.205,1.21,26,0.1298
FuncBind,C-N,1.21,1.215,35,0.1747
FuncBind,C-N,1.215,1.22,23,0.1148
FuncBind,C-N,1.22,1.225,25,0.1248
FuncBind,C-N,1.225,1.23,37,0.1847
FuncBind,C-N,1.23,1.235,46,0.2296
FuncBind,C-N,1.235,1.24,52,0.2595
FuncBind,C-N,1.24,1.245,54,0.2695
FuncBind,C-N,1.245,1.25,77,0.3843
FuncBind,C-N,1.25,1.255,78,0.3893
FuncBind,C-N,1.255,1.26,93,0.4642
FuncBind,C-N,1.26,1.265,110,0.549
FuncBind,C-N,1.265,1.27,124,0.6189
FuncBind,C-N,1.27,1.275,172,0.8585
FuncBind,C-N,1.275,1.28,178,0.8884
FuncBind,C-N,1.28,1.285,219,1.0931
FuncBind,C-N,1.285,1.29,224,1.118
FuncBind,C-N,1.29,1.295,257,1.2828
FuncBind,C-N,1.295,1.3,247,1.2328
FuncBind,C-N,1.3,1.305,250,1.2478
FuncBind,C-N,1.305,1.31,209,1.0432
FuncBind,C-N,1.31,1.315,222,1.1081
FuncBind,C-N,1.315,1.32,189,0.9433
FuncBind,C-N,1.32,1.325,171,0.8535
FuncBind,C-N,1.325,1.33,193,0.9633
FuncBind,C-N,1.33,1.335,215,1.0731
FuncBind,C-N,1.335,1.34,252,1.2578
FuncBind,C-N,1.34,1.345,314,1.5673
FuncBind,C-N,1.345,1.35,321,1.6022
FuncBind,C-N,1.35,1.355,334,1.6671
FuncBind,C-N,1.355,1.36,358,1.7869
FuncBind,C-N,1.36,1.365,399,1.9915
FuncBind,C-N,1.365,1.37,373,1.8617
FuncBind,C-N,1.37,1.375,317,1.5822
FuncBind,C-N,1.375,1.38,294,1.4674
FuncBind,C-N,1.38,1.385,299,1.4924
FuncBind,C-N,1.385,1.39,236,1.1779
FuncBind,C-N,1.39,1.395,195,0.9733
FuncBind,C-N,1.395,1.4,192,0.9583
FuncBind,C-N,1.4,1.405,223,1.1131
FuncBind,C-N,1.405,1.41,235,1.1729
FuncBind,C-N,1.41,1.415,245,1.2229
FuncBind,C-N,1.415,1.42,247,1.2328
FuncBind,C-N,1.42,1.425,278,1.3876
FuncBind,C-N,1.425,1.43,318,1.5872
FuncBind,C-N,1.43,1.435,350,1.7469
FuncBind,C-N,1.435,1.44,372,1.8568
FuncBind,C-N,1.44,1.445,343,1.712
FuncBind,C-N,1.445,1.45,397,1.9815
FuncBind,C-N,1.45,1.455,372,1.8568
FuncBind,C-N,1.455,1.46,380,1.8967
FuncBind,C-N,1.46,1.465,359,1.7919
FuncBind,C-N,1.465,1.47,330,1.6471
FuncBind,C-N,1.47,1.475,322,1.6072
FuncBind,C-N,1.475,1.48,318,1.5872
FuncBind,C-N,1.48,1.485,319,1.5922
FuncBind,C-N,1.485,1.49,265,1.3227
FuncBind,C-N,1.49,1.495,267,1.3327
FuncBind,C-N,1.495,1.5,261,1.3027
FuncBind,C-N,1.5,1.505,238,1.1879
FuncBind,C-N,1.505,1.51,224,1.118
FuncBind,C-N,1.51,1.515,237,1.1829
FuncBind,C-N,1.515,1.52,249,1.2428
FuncBind,C-N,1.52,1.525,241,1.2029
FuncBind,C-N,1.525,1.53,243,1.2129
FuncBind,C-N,1.53,1.535,200,0.9983
FuncBind,C-N,1.535,1.54,176,0.8785
FuncBind,C-N,1.54,1.545,206,1.0282
FuncBind,C-N,1.545,1.55,142,0.7088
FuncBind,C-N,1.55,1.555,183,0.9134
FuncBind,C-N,1.555,1.56,175,0.8735
FuncBind,C-N,1.56,1.565,182,0.9084
FuncBind,C-N,1.565,1.57,175,0.8735
FuncBind,C-N,1.57,1.575,193,0.9633
FuncBind,C-N,1.575,1.58,157,0.7836
FuncBind,C-N,1.58,1.585,186,0.9284
FuncBind,C-N,1.585,1.59,170,0.8485
FuncBind,C-N,1.59,1.595,149,0.7437
FuncBind,C-N,1.595,1.6,139,0.6938
FuncBind,C-N,1.6,1.605,132,0.6588
FuncBind,C-N,1.605,1.61,121,0.6039
FuncBind,C-N,1.61,1.615,113,0.564
FuncBind,C-N,1.615,1.62,108,0.5391
FuncBind,C-N,1.62,1.625,90,0.4492
FuncBind,C-N,1.625,1.63,88,0.4392
FuncBind,C-N,1.63,1.635,80,0.3993
FuncBind,C-N,1.635,1.64,77,0.3843
FuncBind,C-N,1.64,1.645,77,0.3843
FuncBind,C-N,1.645,1.65,60,0.2995
FuncBind,C-N,1.65,1.655,77,0.3843
FuncBind,C-N,1.655,1.66,73,0.3644
FuncBind,C-N,1.66,1.665,52,0.2595
FuncBind,C-N,1.665,1.67,57,0.2845
FuncBind,C-N,1.67,1.675,52,0.2595
FuncBind,C-N,1.675,1.68,33,0.1647
FuncBind,C-N,1.68,1.685,47,0.2346
FuncBind,C-N,1.685,1.69,50,0.2496
FuncBind,C-N,1.69,inf,662,3.3042
FuncBind,C=N,-inf,1.1,24,0.8046
FuncBind,C=N,1.1,1.105,6,0.2011
FuncBind,C=N,1.105,1.11,5,0.1676
FuncBind,C=N,1.11,1.115,4,0.1341
FuncBind,C=N,1.115,1.12,1,0.0335
FuncBind,C=N,1.12,1.125,4,0.1341
FuncBind,C=N,1.125,1.13,4,0.1341
FuncBind,C=N,1.13,1.135,3,0.1006
FuncBind,C=N,1.135,1.14,4,0.1341
FuncBind,C=N,1.14,1.145,8,0.2682
FuncBind,C=N,1.145,1.15,5,0.1676
FuncBind,C=N,1.15,1.155,13,0.4358
FuncBind,C=N,1.155,1.16,13,0.4358
FuncBind,C=N,1.16,1.165,12,0.4023
FuncBind,C=N,1.165,1.17,12,0.4023
FuncBind,C=N,1.17,1.175,13,0.4358
FuncBind,C=N,1.175,1.18,15,0.5028
FuncBind,C=N,1.18,1.185,15,0.5028
FuncBind,C=N,1.185,1.19,14,0.4693
FuncBind,C=N,1.19,1.195,8,0.2682
FuncBind,C=N,1.195,1.2,18,0.6034
FuncBind,C=N,1.2,1.205,22,0.7375
FuncBind,C=N,1.205,1.21,17,0.5699
FuncBind,C=N,1.21,1.215,16,0.5364
FuncBind,C=N,1.215,1.22,6,0.2011
FuncBind,C=N,1.22,1.225,15,0.5028
FuncBind,C=N,1.225,1.23,17,0.5699
FuncBind,C=N,1.23,1.235,11,0.3688
FuncBind,C=N,1.235,1.24,21,0.704
FuncBind,C=N,1.24,1.245,23,0.771
FuncBind,C=N,1.245,1.25,25,0.8381
FuncBind,C=N,1.25,1.255,33,1.1063
FuncBind,C=N,1.255,1.26,32,1.0727
FuncBind,C=N,1.26,1.265,48,1.6091
FuncBind,C=N,1.265,1.27,56,1.8773
FuncBind,C=N,1.27,1.275,61,2.0449
FuncBind,C=N,1.275,1.28,49,1.6426
FuncBind,C=N,1.28,1.285,64,2.1455
FuncBind,C=N,1.285,1.29,88,2.9501
FuncBind,C=N,1.29,1.295,73,2.4472
FuncBind,C=N,1.295,1.3,72,2.4137
FuncBind,C=N,1.3,1.305,80,2.6819
FuncBind,C=N,1.305,1.31,66,2.2125
FuncBind,C=N,1.31,1.315,58,1.9444
FuncBind,C=N,1.315,1.32,50,1.6762
FuncBind,C=N,1.32,1.325,53,1.7767
FuncBind,C=N,1.325,1.33,45,1.5085
FuncBind,C=N,1.33,1.335,54,1.8103
FuncBind,C=N,1.335,1.34,55,1.8438
FuncBind,C=N,1.34,1.345,61,2.0449
FuncBind,C=N,1.345,1.35,59,1.9779
FuncBind,C=N,1.35,1.355,68,2.2796
FuncBind,C=N,1.355,1.36,67,2.2461
FuncBind,C=N,1.36,1.365,52,1.7432
FuncBind,C=N,1.365,1.37,50,1.6762
FuncBind,C=N,1.37,1.375,37,1.2404
FuncBind,C=N,1.375,1.38,40,1.3409
FuncBind,C=N,1.38,1.385,36,1.2068
FuncBind,C=N,1.385,1.39,30,1.0057
FuncBind,C=N,1.39,1.395,31,1.0392
FuncBind,C=N,1.395,1.4,32,1.0727
FuncBind,C=N,1.4,1.405,17,0.5699
FuncBind,C=N,1.405,1.41,33,1.1063
FuncBind,C=N,1.41,1.415,42,1.408
FuncBind,C=N,1.415,1.42,33,1.1063
FuncBind,C=N,1.42,1.425,48,1.6091
FuncBind,C=N,1.425,1.43,37,1.2404
FuncBind,C=N,1.43,1.435,43,1.4415
FuncBind,C=N,1.435,1.44,32,1.0727
FuncBind,C=N,1.44,1.445,39,1.3074
FuncBind,C=N,1.445,1.45,33,1.1063
FuncBind,C=N,1.45,1.455,35,1.1733
FuncBind,C=N,1.455,1.46,41,1.3745
FuncBind,C=N,1.46,1.465,35,1.1733
FuncBind,C=N,1.465,1.47,32,1.0727
FuncBind,C=N,1.47,1.475,30,1.0057
FuncBind,C=N,1.475,1.48,32,1.0727
FuncBind,C=N,1.48,1.485,26,0.8716
FuncBind,C=N,1.485,1.49,28,0.9387
FuncBind,C=N,1.49,1.495,24,0.8046
FuncBind,C=N,1.495,1.5,18,0.6034
FuncBind,C=N,1.5,1.505,17,0.5699
FuncBind,C=N,1.505,1.51,15,0.5028
FuncBind,C=N,1.51,1.515,15,0.5028
FuncBind,C=N,1.515,1.52,17,0.5699
FuncBind,C=N,1.52,1.525,17,0.5699
FuncBind,C=N,1.525,1.53,17,0.5699
FuncBind,C=N,1.53,1.535,12,0.4023
FuncBind,C=N,1.535,1.54,16,0.5364
FuncBind,C=N,1.54,1.545,13,0.4358
FuncBind,C=N,1.545,1.55,12,0.4023
FuncBind,C=N,1.55,1.555,14,0.4693
FuncBind,C=N,1.555,1.56,12,0.4023
FuncBind,C=N,1.56,1.565,9,0.3017
FuncBind,C=N,1.565,1.57,10,0.3352
FuncBind,C=N,1.57,1.575,6,0.2011
FuncBind,C=N,1.575,1.58,12,0.4023
FuncBind,C=N,1.58,1.585,15,0.5028
FuncBind,C=N,1.585,1.59,12,0.4023
FuncBind,C=N,1.59,1.595,9,0.3017
FuncBind,C=N,1.595,1.6,9,0.3017
FuncBind,C=N,1.6,1.605,6,0.2011
FuncBind,C=N,1.605,1.61,10,0.3352
FuncBind,C=N,1.61,1.615,6,0.2011
FuncBind,C=N,1.615,1.62,7,0.2347
FuncBind,C=N,1.62,1.625,3,0.1006
FuncBind,C=N,1.625,1.63,2,0.067
FuncBind,C=N,1.63,1.635,5,0.1676
FuncBind,C=N,1.635,1.64,2,0.067
FuncBind,C=N,1.64,1.645,8,0.2682
FuncBind,C=N,1.645,1.65,5,0.1676
FuncBind,C=N,1.65,1.655,1,0.0335
FuncBind,C=N,1.655,1.66,2,0.067
FuncBind,C=N,1.66,1.665,1,0.0335
FuncBind,C=N,1.665,1.67,4,0.1341
FuncBind,C=N,1.67,1.675,1,0.0335
FuncBind,C=N,1.675,1.68,3,0.1006
FuncBind,C=N,1.68,1.685,1,0.0335
FuncBind,C=N,1.685,1.69,2,0.067
FuncBind,C=N,1.69,inf,23,0.771
FuncBind,C-O,-inf,1.1,131,0.8539
FuncBind,C-O,1.1,1.105,15,0.0978
FuncBind,C-O,1.105,1.11,17,0.1108
FuncBind,C-O,1.11,1.115,20,0.1304
FuncBind,C-O,1.115,1.12,23,0.1499
FuncBind,C-O,1.12,1.125,25,0.163
FuncBind,C-O,1.125,1.13,29,0.189
FuncBind,C-O,1.13,1.135,20,0.1304
FuncBind,C-O,1.135,1.14,25,0.163
FuncBind,C-O,1.14,1.145,29,0.189
FuncBind,C-O,1.145,1.15,38,0.2477
FuncBind,C-O,1.15,1.155,33,0.2151
FuncBind,C-O,1.155,1.16,38,0.2477
FuncBind,C-O,1.16,1.165,38,0.2477
FuncBind,C-O,1.165,1.17,55,0.3585
FuncBind,C-O,1.17,1.175,45,0.2933
FuncBind,C-O,1.175,1.18,50,0.3259
FuncBind,C-O,1.18,1.185,49,0.3194
FuncBind,C-O,1.185,1.19,48,0.3129
FuncBind,C-O,1.19,1.195,43,0.2803
FuncBind,C-O,1.195,1.2,35,0.2281
FuncBind,C-O,1.2,1.205,47,0.3063
FuncBind,C-O,1.205,1.21,46,0.2998
FuncBind,C-O,1.21,1.215,41,0.2672
FuncBind,C-O,1.215,1.22,39,0.2542
FuncBind,C-O,1.22,1.225,37,0.2412
FuncBind,C-O,1.225,1.23,46,0.2998
FuncBind,C-O,1.23,1.235,59,0.3846
FuncBind,C-O,1.235,1.24,63,0.4106
FuncBind,C-O,1.24,1.245,92,0.5997
FuncBind,C-O,1.245,1.25,105,0.6844
FuncBind,C-O,1.25,1.255,104,0.6779
FuncBind,C-O,1.255,1.26,118,0.7691
FuncBind,C-O,1.26,1.265,142,0.9256
FuncBind,C-O,1.265,1.27,149,0.9712
FuncBind,C-O,1.27,1.275,158,1.0299
FuncBind,C-O,1.275,1.28,185,1.2058
FuncBind,C-O,1.28,1.285,194,1.2645
FuncBind,C-O,1.285,1.29,236,1.5383
FuncBind,C-O,1.29,1.295,260,1.6947
FuncBind,C-O,1.295,1.3,244,1.5904
FuncBind,C-O,1.3,1.305,225,1.4666
FuncBind,C-O,1.305,1.31,224,1.46
FuncBind,C-O,1.31,1.315,206,1.3427
FuncBind,C-O,1.315,1.32,201,1.3101
FuncBind,C-O,1.32,1.325,203,1.3232
FuncBind,C-O,1.325,1.33,209,1.3623
FuncBind,C-O,1.33,1.335,242,1.5774
FuncBind,C-O,1.335,1.34,207,1.3492
FuncBind,C-O,1.34,1.345,268,1.7468
FuncBind,C-O,1.345,1.35,285,1.8576
FuncBind,C-O,1.35,1.355,288,1.8772
FuncBind,C-O,1.355,1.36,314,2.0467
FuncBind,C-O,1.36,1.365,292,1.9033
FuncBind,C-O,1.365,1.37,266,1.7338
FuncBind,C-O,1.37,1.375,222,1.447
FuncBind,C-O,1.375,1.38,187,1.2189
FuncBind,C-O,1.38,1.385,180,1.1732
FuncBind,C-O,1.385,1.39,138,0.8995
FuncBind,C-O,1.39,1.395,117,0.7626
FuncBind,C-O,1.395,1.4,110,0.717
FuncBind,C-O,1.4,1.405,133,0.8669
FuncBind,C-O,1.405,1.41,131,0.8539
FuncBind,C-O,1.41,1.415,167,1.0885
FuncBind,C-O,1.415,1.42,154,1.0038
FuncBind,C-O,1.42,1.425,178,1.1602
FuncBind,C-O,1.425,1.43,204,1.3297
FuncBind,C-O,1.43,1.435,210,1.3688
FuncBind,C-O,1.435,1.44,243,1.5839
FuncBind,C-O,1.44,1.445,224,1.46
FuncBind,C-O,1.445,1.45,260,1.6947
FuncBind,C-O,1.45,1.455,212,1.3818
FuncBind,C-O,1.455,1.46,234,1.5252
FuncBind,C-O,1.46,1.465,214,1.3949
FuncBind,C-O,1.465,1.47,226,1.4731
FuncBind,C-O,1.47,1.475,209,1.3623
FuncBind,C-O,1.475,1.48,190,1.2384
FuncBind,C-O,1.48,1.485,190,1.2384
FuncBind,C-O,1.485,1.49,172,1.1211
FuncBind,C-O,1.49,1.495,170,1.1081
FuncBind,C-O,1.495,1.5,161,1.0494
FuncBind,C-O,1.5,1.505,142,0.9256
FuncBind,C-O,1.505,1.51,145,0.9451
FuncBind,C-O,1.51,1.515,142,0.9256
FuncBind,C-O,1.515,1.52,167,1.0885
FuncBind,C-O,1.52,1.525,147,0.9582
FuncBind,C-O,1.525,1.53,145,0.9451
FuncBind,C-O,1.53,1.535,134,0.8734
FuncBind,C-O,1.535,1.54,96,0.6257
FuncBind,C-O,1.54,1.545,103,0.6714
FuncBind,C-O,1.545,1.55,100,0.6518
FuncBind,C-O,1.55,1.555,90,0.5866
FuncBind,C-O,1.555,1.56,97,0.6323
FuncBind,C-O,1.56,1.565,86,0.5606
FuncBind,C-O,1.565,1.57,112,0.73
FuncBind,C-O,1.57,1.575,105,0.6844
FuncBind,C-O,1.575,1.58,93,0.6062
FuncBind,C-O,1.58,1.585,111,0.7235
FuncBind,C-O,1.585,1.59,112,0.73
FuncBind,C-O,1.59,1.595,93,0.6062
FuncBind,C-O,1.595,1.6,103,0.6714
FuncBind,C-O,1.6,1.605,98,0.6388
FuncBind,C-O,1.605,1.61,86,0.5606
FuncBind,C-O,1.61,1.615,89,0.5801
FuncBind,C-O,1.615,1.62,76,0.4954
FuncBind,C-O,1.62,1.625,65,0.4237
FuncBind,C-O,1.625,1.63,58,0.378
FuncBind,C-O,1.63,1.635,59,0.3846
FuncBind,C-O,1.635,1.64,57,0.3715
FuncBind,C-O,1.64,1.645,61,0.3976
FuncBind,C-O,1.645,1.65,53,0.3455
FuncBind,C-O,1.65,1.655,49,0.3194
FuncBind,C-O,1.655,1.66,50,0.3259
FuncBind,C-O,1.66,1.665,45,0.2933
FuncBind,C-O,1.665,1.67,46,0.2998
FuncBind,C-O,1.67,1.675,36,0.2346
FuncBind,C-O,1.675,1.68,47,0.3063
FuncBind,C-O,1.68,1.685,46,0.2998
FuncBind,C-O,1.685,1.69,26,0.1695
FuncBind,C-O,1.69,inf,535,3.4872
FuncBind,C=O,-inf,1.1,265,3.6913
FuncBind,C=O,1.1,1.105,31,0.4318
FuncBind,C=O,1.105,1.11,39,0.5433
FuncBind,C=O,1.11,1.115,36,0.5015
FuncBind,C=O,1.115,1.12,44,0.6129
FuncBind,C=O,1.12,1.125,45,0.6268
FuncBind,C=O,1.125,1.13,54,0.7522
FuncBind,C=O,1.13,1.135,60,0.8358
FuncBind,C=O,1.135,1.14,52,0.7243
FuncBind,C=O,1.14,1.145,48,0.6686
FuncBind,C=O,1.145,1.15,73,1.0169
FuncBind,C=O,1.15,1.155,86,1.1979
FuncBind,C=O,1.155,1.16,94,1.3094
FuncBind,C=O,1.16,1.165,106,1.4765
FuncBind,C=O,1.165,1.17,112,1.5601
FuncBind,C=O,1.17,1.175,94,1.3094
FuncBind,C=O,1.175,1.18,89,1.2397
FuncBind,C=O,1.18,1.185,106,1.4765
FuncBind,C=O,1.185,1.19,94,1.3094
FuncBind,C=O,1.19,1.195,69,0.9611
FuncBind,C=O,1.195,1.2,81,1.1283
FuncBind,C=O,1.2,1.205,58,0.8079
FuncBind,C=O,1.205,1.21,72,1.0029
FuncBind,C=O,1.21,1.215,76,1.0586
FuncBind,C=O,1.215,1.22,68,0.9472
FuncBind,C=O,1.22,1.225,87,1.2119
FuncBind,C=O,1.225,1.23,96,1.3372
FuncBind,C=O,1.23,1.235,113,1.574
FuncBind,C=O,1.235,1.24,141,1.9641
FuncBind,C=O,1.24,1.245,149,2.0755
FuncBind,C=O,1.245,1.25,171,2.3819
FuncBind,C=O,1.25,1.255,179,2.4934
FuncBind,C=O,1.255,1.26,200,2.7859
FuncBind,C=O,1.26,1.265,253,3.5242
FuncBind,C=O,1.265,1.27,257,3.5799
FuncBind,C=O,1.27,1.275,269,3.747
FuncBind,C=O,1.275,1.28,266,3.7053
FuncBind,C=O,1.28,1.285,255,3.552
FuncBind,C=O,1.285,1.29,190,2.6466
FuncBind,C=O,1.29,1.295,155,2.1591
FuncBind,C=O,1.295,1.3,127,1.769
FuncBind,C=O,1.3,1.305,107,1.4905
FuncBind,C=O,1.305,1.31,99,1.379
FuncBind,C=O,1.31,1.315,108,1.5044
FuncBind,C=O,1.315,1.32,89,1.2397
FuncBind,C=O,1.32,1.325,118,1.6437
FuncBind,C=O,1.325,1.33,121,1.6855
FuncBind,C=O,1.33,1.335,154,2.1451
FuncBind,C=O,1.335,1.34,145,2.0198
FuncBind,C=O,1.34,1.345,126,1.7551
FuncBind,C=O,1.345,1.35,108,1.5044
FuncBind,C=O,1.35,1.355,94,1.3094
FuncBind,C=O,1.355,1.36,75,1.0447
FuncBind,C=O,1.36,1.365,60,0.8358
FuncBind,C=O,1.365,1.37,62,0.8636
FuncBind,C=O,1.37,1.375,33,0.4597
FuncBind,C=O,1.375,1.38,42,0.585
FuncBind,C=O,1.38,1.385,41,0.5711
FuncBind,C=O,1.385,1.39,49,0.6825
FuncBind,C=O,1.39,1.395,33,0.4597
FuncBind,C=O,1.395,1.4,38,0.5293
FuncBind,C=O,1.4,1.405,40,0.5572
FuncBind,C=O,1.405,1.41,37,0.5154
FuncBind,C=O,1.41,1.415,40,0.5572
FuncBind,C=O,1.415,1.42,56,0.7801
FuncBind,C=O,1.42,1.425,45,0.6268
FuncBind,C=O,1.425,1.43,40,0.5572
FuncBind,C=O,1.43,1.435,37,0.5154
FuncBind,C=O,1.435,1.44,39,0.5433
FuncBind,C=O,1.44,1.445,26,0.3622
FuncBind,C=O,1.445,1.45,26,0.3622
FuncBind,C=O,1.45,1.455,19,0.2647
FuncBind,C=O,1.455,1.46,13,0.1811
FuncBind,C=O,1.46,1.465,16,0.2229
FuncBind,C=O,1.465,1.47,10,0.1393
FuncBind,C=O,1.47,1.475,19,0.2647
FuncBind,C=O,1.475,1.48,18,0.2507
FuncBind,C=O,1.48,1.485,13,0.1811
FuncBind,C=O,1.485,1.49,7,0.0975
FuncBind,C=O,1.49,1.495,9,0.1254
FuncBind,C=O,1.495,1.5,10,0.1393
FuncBind,C=O,1.5,1.505,5,0.0696
FuncBind,C=O,1.505,1.51,10,0.1393
FuncBind,C=O,1.51,1.515,8,0.1114
FuncBind,C=O,1.515,1.52,1,0.0139
FuncBind,C=O,1.52,1.525,6,0.0836
FuncBind,C=O,1.525,1.53,5,0.0696
FuncBind,C=O,1.53,1.535,5,0.0696
FuncBind,C=O,1.535,1.54,3,0.0418
FuncBind,C=O,1.54,1.545,4,0.0557
FuncBind,C=O,1.545,1.55,4,0.0557
FuncBind,C=O,1.55,1.555,3,0.0418
FuncBind,C=O,1.555,1.56,0,0.0
FuncBind,C=O,1.56,1.565,5,0.0696
FuncBind,C=O,1.565,1.57,3,0.0418
FuncBind,C=O,1.57,1.575,0,0.0
FuncBind,C=O,1.575,1.58,0,0.0
FuncBind,C=O,1.58,1.585,1,0.0139
FuncBind,C=O,1.585,1.59,4,0.0557
FuncBind,C=O,1.59,1.595,0,0.0
FuncBind,C=O,1.595,1.6,5,0.0696
FuncBind,C=O,1.6,1.605,1,0.0139
FuncBind,C=O,1.605,1.61,1,0.0139
FuncBind,C=O,1.61,1.615,3,0.0418
FuncBind,C=O,1.615,1.62,1,0.0139
FuncBind,C=O,1.62,1.625,3,0.0418
FuncBind,C=O,1.625,1.63,0,0.0
FuncBind,C=O,1.63,1.635,1,0.0139
FuncBind,C=O,1.635,1.64,3,0.0418
FuncBind,C=O,1.64,1.645,1,0.0139
FuncBind,C=O,1.645,1.65,0,0.0
FuncBind,C=O,1.65,1.655,0,0.0
FuncBind,C=O,1.655,1.66,2,0.0279
FuncBind,C=O,1.66,1.665,1,0.0139
FuncBind,C=O,1.665,1.67,0,0.0
FuncBind,C=O,1.67,1.675,1,0.0139
FuncBind,C=O,1.675,1.68,0,0.0
FuncBind,C=O,1.68,1.685,1,0.0139
FuncBind,C=O,1.685,1.69,0,0.0
FuncBind,C=O,1.69,inf,6,0.0836
FuncBind,C:C,-inf,1.1,82,0.6264
FuncBind,C:C,1.1,1.105,9,0.0688
FuncBind,C:C,1.105,1.11,7,0.0535
FuncBind,C:C,1.11,1.115,12,0.0917
FuncBind,C:C,1.115,1.12,5,0.0382
FuncBind,C:C,1.12,1.125,9,0.0688
FuncBind,C:C,1.125,1.13,12,0.0917
FuncBind,C:C,1.13,1.135,6,0.0458
FuncBind,C:C,1.135,1.14,12,0.0917
FuncBind,C:C,1.14,1.145,14,0.107
FuncBind,C:C,1.145,1.15,16,0.1222
FuncBind,C:C,1.15,1.155,14,0.107
FuncBind,C:C,1.155,1.16,28,0.2139
FuncBind,C:C,1.16,1.165,15,0.1146
FuncBind,C:C,1.165,1.17,28,0.2139
FuncBind,C:C,1.17,1.175,29,0.2215
FuncBind,C:C,1.175,1.18,36,0.275
FuncBind,C:C,1.18,1.185,15,0.1146
FuncBind,C:C,1.185,1.19,30,0.2292
FuncBind,C:C,1.19,1.195,29,0.2215
FuncBind,C:C,1.195,1.2,17,0.1299
FuncBind,C:C,1.2,1.205,31,0.2368
FuncBind,C:C,1.205,1.21,18,0.1375
FuncBind,C:C,1.21,1.215,23,0.1757
FuncBind,C:C,1.215,1.22,20,0.1528
FuncBind,C:C,1.22,1.225,29,0.2215
FuncBind,C:C,1.225,1.23,28,0.2139
FuncBind,C:C,1.23,1.235,40,0.3056
FuncBind,C:C,1.235,1.24,47,0.3591
FuncBind,C:C,1.24,1.245,52,0.3972
FuncBind,C:C,1.245,1.25,59,0.4507
FuncBind,C:C,1.25,1.255,74,0.5653
FuncBind,C:C,1.255,1.26,93,0.7105
FuncBind,C:C,1.26,1.265,87,0.6646
FuncBind,C:C,1.265,1.27,114,0.8709
FuncBind,C:C,1.27,1.275,116,0.8862
FuncBind,C:C,1.275,1.28,162,1.2376
FuncBind,C:C,1.28,1.285,192,1.4668
FuncBind,C:C,1.285,1.29,200,1.5279
FuncBind,C:C,1.29,1.295,175,1.3369
FuncBind,C:C,1.295,1.3,177,1.3522
FuncBind,C:C,1.3,1.305,196,1.4973
FuncBind,C:C,1.305,1.31,187,1.4286
FuncBind,C:C,1.31,1.315,185,1.4133
FuncBind,C:C,1.315,1.32,162,1.2376
FuncBind,C:C,1.32,1.325,143,1.0924
FuncBind,C:C,1.325,1.33,157,1.1994
FuncBind,C:C,1.33,1.335,167,1.2758
FuncBind,C:C,1.335,1.34,207,1.5814
FuncBind,C:C,1.34,1.345,248,1.8946
FuncBind,C:C,1.345,1.35,287,2.1925
FuncBind,C:C,1.35,1.355,280,2.139
FuncBind,C:C,1.355,1.36,314,2.3988
FuncBind,C:C,1.36,1.365,277,2.1161
FuncBind,C:C,1.365,1.37,250,1.9099
FuncBind,C:C,1.37,1.375,256,1.9557
FuncBind,C:C,1.375,1.38,247,1.8869
FuncBind,C:C,1.38,1.385,209,1.5966
FuncBind,C:C,1.385,1.39,188,1.4362
FuncBind,C:C,1.39,1.395,141,1.0772
FuncBind,C:C,1.395,1.4,152,1.1612
FuncBind,C:C,1.4,1.405,144,1.1001
FuncBind,C:C,1.405,1.41,190,1.4515
FuncBind,C:C,1.41,1.415,209,1.5966
FuncBind,C:C,1.415,1.42,216,1.6501
FuncBind,C:C,1.42,1.425,239,1.8258
FuncBind,C:C,1.425,1.43,255,1.9481
FuncBind,C:C,1.43,1.435,268,2.0474
FuncBind,C:C,1.435,1.44,274,2.0932
FuncBind,C:C,1.44,1.445,266,2.0321
FuncBind,C:C,1.445,1.45,267,2.0397
FuncBind,C:C,1.45,1.455,265,2.0244
FuncBind,C:C,1.455,1.46,267,2.0397
FuncBind,C:C,1.46,1.465,240,1.8335
FuncBind,C:C,1.465,1.47,238,1.8182
FuncBind,C:C,1.47,1.475,182,1.3904
FuncBind,C:C,1.475,1.48,196,1.4973
FuncBind,C:C,1.48,1.485,149,1.1383
FuncBind,C:C,1.485,1.49,182,1.3904
FuncBind,C:C,1.49,1.495,158,1.207
FuncBind,C:C,1.495,1.5,143,1.0924
FuncBind,C:C,1.5,1.505,145,1.1077
FuncBind,C:C,1.505,1.51,134,1.0237
FuncBind,C:C,1.51,1.515,142,1.0848
FuncBind,C:C,1.515,1.52,120,0.9167
FuncBind,C:C,1.52,1.525,132,1.0084
FuncBind,C:C,1.525,1.53,118,0.9015
FuncBind,C:C,1.53,1.535,141,1.0772
FuncBind,C:C,1.535,1.54,100,0.7639
FuncBind,C:C,1.54,1.545,107,0.8174
FuncBind,C:C,1.545,1.55,81,0.6188
FuncBind,C:C,1.55,1.555,83,0.6341
FuncBind,C:C,1.555,1.56,72,0.55
FuncBind,C:C,1.56,1.565,63,0.4813
FuncBind,C:C,1.565,1.57,70,0.5348
FuncBind,C:C,1.57,1.575,78,0.5959
FuncBind,C:C,1.575,1.58,83,0.6341
FuncBind,C:C,1.58,1.585,84,0.6417
FuncBind,C:C,1.585,1.59,71,0.5424
FuncBind,C:C,1.59,1.595,57,0.4354
FuncBind,C:C,1.595,1.6,45,0.3438
FuncBind,C:C,1.6,1.605,37,0.2827
FuncBind,C:C,1.605,1.61,30,0.2292
FuncBind,C:C,1.61,1.615,34,0.2597
FuncBind,C:C,1.615,1.62,29,0.2215
FuncBind,C:C,1.62,1.625,26,0.1986
FuncBind,C:C,1.625,1.63,34,0.2597
FuncBind,C:C,1.63,1.635,20,0.1528
FuncBind,C:C,1.635,1.64,22,0.1681
FuncBind,C:C,1.64,1.645,24,0.1833
FuncBind,C:C,1.645,1.65,19,0.1451
FuncBind,C:C,1.65,1.655,19,0.1451
FuncBind,C:C,1.655,1.66,10,0.0764
FuncBind,C:C,1.66,1.665,10,0.0764
FuncBind,C:C,1.665,1.67,10,0.0764
FuncBind,C:C,1.67,1.675,12,0.0917
FuncBind,C:C,1.675,1.68,5,0.0382
FuncBind,C:C,1.68,1.685,7,0.0535
FuncBind,C:C,1.685,1.69,6,0.0458
FuncBind,C:C,1.69,inf,47,0.3591
FuncBind,C:N,-inf,1.1,5,0.1778
FuncBind,C:N,1.1,1.105,0,0.0
FuncBind,C:N,1.105,1.11,1,0.0356
FuncBind,C:N,1.11,1.115,0,0.0
FuncBind,C:N,1.115,1.12,2,0.0711
FuncBind,C:N,1.12,1.125,1,0.0356
FuncBind,C:N,1.125,1.13,3,0.1067
FuncBind,C:N,1.13,1.135,2,0.0711
FuncBind,C:N,1.135,1.14,4,0.1422
FuncBind,C:N,1.14,1.145,2,0.0711
FuncBind,C:N,1.145,1.15,4,0.1422
FuncBind,C:N,1.15,1.155,4,0.1422
FuncBind,C:N,1.155,1.16,9,0.3201
FuncBind,C:N,1.16,1.165,9,0.3201
FuncBind,C:N,1.165,1.17,3,0.1067
FuncBind,C:N,1.17,1.175,7,0.2489
FuncBind,C:N,1.175,1.18,14,0.4979
FuncBind,C:N,1.18,1.185,10,0.3556
FuncBind,C:N,1.185,1.19,7,0.2489
FuncBind,C:N,1.19,1.195,11,0.3912
FuncBind,C:N,1.195,1.2,7,0.2489
FuncBind,C:N,1.2,1.205,8,0.2845
FuncBind,C:N,1.205,1.21,12,0.4267
FuncBind,C:N,1.21,1.215,3,0.1067
FuncBind,C:N,1.215,1.22,7,0.2489
FuncBind,C:N,1.22,1.225,4,0.1422
FuncBind,C:N,1.225,1.23,9,0.3201
FuncBind,C:N,1.23,1.235,7,0.2489
FuncBind,C:N,1.235,1.24,8,0.2845
FuncBind,C:N,1.24,1.245,15,0.5334
FuncBind,C:N,1.245,1.25,14,0.4979
FuncBind,C:N,1.25,1.255,12,0.4267
FuncBind,C:N,1.255,1.26,19,0.6757
FuncBind,C:N,1.26,1.265,13,0.4623
FuncBind,C:N,1.265,1.27,27,0.9602
FuncBind,C:N,1.27,1.275,21,0.7468
FuncBind,C:N,1.275,1.28,41,1.458
FuncBind,C:N,1.28,1.285,44,1.5647
FuncBind,C:N,1.285,1.29,43,1.5292
FuncBind,C:N,1.29,1.295,44,1.5647
FuncBind,C:N,1.295,1.3,43,1.5292
FuncBind,C:N,1.3,1.305,36,1.2802
FuncBind,C:N,1.305,1.31,51,1.8137
FuncBind,C:N,1.31,1.315,32,1.138
FuncBind,C:N,1.315,1.32,40,1.4225
FuncBind,C:N,1.32,1.325,35,1.2447
FuncBind,C:N,1.325,1.33,36,1.2802
FuncBind,C:N,1.33,1.335,34,1.2091
FuncBind,C:N,1.335,1.34,43,1.5292
FuncBind,C:N,1.34,1.345,50,1.7781
FuncBind,C:N,1.345,1.35,56,1.9915
FuncBind,C:N,1.35,1.355,48,1.707
FuncBind,C:N,1.355,1.36,70,2.4893
FuncBind,C:N,1.36,1.365,60,2.1337
FuncBind,C:N,1.365,1.37,67,2.3826
FuncBind,C:N,1.37,1.375,64,2.276
FuncBind,C:N,1.375,1.38,50,1.7781
FuncBind,C:N,1.38,1.385,44,1.5647
FuncBind,C:N,1.385,1.39,43,1.5292
FuncBind,C:N,1.39,1.395,34,1.2091
FuncBind,C:N,1.395,1.4,20,0.7112
FuncBind,C:N,1.4,1.405,35,1.2447
FuncBind,C:N,1.405,1.41,32,1.138
FuncBind,C:N,1.41,1.415,30,1.0669
FuncBind,C:N,1.415,1.42,47,1.6714
FuncBind,C:N,1.42,1.425,51,1.8137
FuncBind,C:N,1.425,1.43,59,2.0982
FuncBind,C:N,1.43,1.435,45,1.6003
FuncBind,C:N,1.435,1.44,46,1.6358
FuncBind,C:N,1.44,1.445,68,2.4182
FuncBind,C:N,1.445,1.45,41,1.458
FuncBind,C:N,1.45,1.455,53,1.8848
FuncBind,C:N,1.455,1.46,52,1.8492
FuncBind,C:N,1.46,1.465,34,1.2091
FuncBind,C:N,1.465,1.47,38,1.3514
FuncBind,C:N,1.47,1.475,47,1.6714
FuncBind,C:N,1.475,1.48,34,1.2091
FuncBind,C:N,1.48,1.485,39,1.3869
FuncBind,C:N,1.485,1.49,28,0.9957
FuncBind,C:N,1.49,1.495,38,1.3514
FuncBind,C:N,1.495,1.5,35,1.2447
FuncBind,C:N,1.5,1.505,17,0.6046
FuncBind,C:N,1.505,1.51,25,0.889
FuncBind,C:N,1.51,1.515,19,0.6757
FuncBind,C:N,1.515,1.52,31,1.1024
FuncBind,C:N,1.52,1.525,23,0.8179
FuncBind,C:N,1.525,1.53,32,1.138
FuncBind,C:N,1.53,1.535,25,0.889
FuncBind,C:N,1.535,1.54,35,1.2447
FuncBind,C:N,1.54,1.545,18,0.6401
FuncBind,C:N,1.545,1.55,12,0.4267
FuncBind,C:N,1.55,1.555,25,0.889
FuncBind,C:N,1.555,1.56,28,0.9957
FuncBind,C:N,1.56,1.565,18,0.6401
FuncBind,C:N,1.565,1.57,12,0.4267
FuncBind,C:N,1.57,1.575,16,0.569
FuncBind,C:N,1.575,1.58,16,0.569
FuncBind,C:N,1.58,1.585,24,0.8535
FuncBind,C:N,1.585,1.59,11,0.3912
FuncBind,C:N,1.59,1.595,16,0.569
FuncBind,C:N,1.595,1.6,12,0.4267
FuncBind,C:N,1.6,1.605,15,0.5334
FuncBind,C:N,1.605,1.61,7,0.2489
FuncBind,C:N,1.61,1.615,10,0.3556
FuncBind,C:N,1.615,1.62,10,0.3556
FuncBind,C:N,1.62,1.625,11,0.3912
FuncBind,C:N,1.625,1.63,9,0.3201
FuncBind,C:N,1.63,1.635,4,0.1422
FuncBind,C:N,1.635,1.64,5,0.1778
FuncBind,C:N,1.64,1.645,4,0.1422
FuncBind,C:N,1.645,1.65,3,0.1067
FuncBind,C:N,1.65,1.655,8,0.2845
FuncBind,C:N,1.655,1.66,6,0.2134
FuncBind,C:N,1.66,1.665,5,0.1778
FuncBind,C:N,1.665,1.67,4,0.1422
FuncBind,C:N,1.67,1.675,3,0.1067
FuncBind,C:N,1.675,1.68,3,0.1067
FuncBind,C:N,1.68,1.685,2,0.0711
FuncBind,C:N,1.685,1.69,4,0.1422
FuncBind,C:N,1.69,inf,20,0.7112
TargetDiff,C-C,-inf,1.1,5,0.0061
TargetDiff,C-C,1.1,1.105,1,0.0012
TargetDiff,C-C,1.105,1.11,0,0.0
TargetDiff,C-C,1.11,1.115,0,0.0
TargetDiff,C-C,1.115,1.12,1,0.0012
TargetDiff,C-C,1.12,1.125,1,0.0012
TargetDiff,C-C,1.125,1.13,2,0.0024
TargetDiff,C-C,1.13,1.135,3,0.0037
TargetDiff,C-C,1.135,1.14,3,0.0037
TargetDiff,C-C,1.14,1.145,2,0.0024
TargetDiff,C-C,1.145,1.15,1,0.0012
TargetDiff,C-C,1.15,1.155,4,0.0049
TargetDiff,C-C,1.155,1.16,3,0.0037
TargetDiff,C-C,1.16,1.165,6,0.0073
TargetDiff,C-C,1.165,1.17,6,0.0073
TargetDiff,C-C,1.17,1.175,4,0.0049
TargetDiff,C-C,1.175,1.18,7,0.0086
TargetDiff,C-C,1.18,1.185,6,0.0073
TargetDiff,C-C,1.185,1.19,5,0.0061
TargetDiff,C-C,1.19,1.195,6,0.0073
TargetDiff,C-C,1.195,1.2,5,0.0061
TargetDiff,C-C,1.2,1.205,7,0.0086
TargetDiff,C-C,1.205,1.21,6,0.0073
TargetDiff,C-C,1.21,1.215,9,0.011
TargetDiff,C-C,1.215,1.22,12,0.0147
TargetDiff,C-C,1.22,1.225,7,0.0086
TargetDiff,C-C,1.225,1.23,5,0.0061
TargetDiff,C-C,1.23,1.235,8,0.0098
TargetDiff,C-C,1.235,1.24,15,0.0184
TargetDiff,C-C,1.24,1.245,8,0.0098
TargetDiff,C-C,1.245,1.25,8,0.0098
TargetDiff,C-C,1.25,1.255,19,0.0233
TargetDiff,C-C,1.255,1.26,20,0.0245
TargetDiff,C-C,1.26,1.265,17,0.0208
TargetDiff,C-C,1.265,1.27,15,0.0184
TargetDiff,C-C,1.27,1.275,23,0.0282
TargetDiff,C-C,1.275,1.28,22,0.0269
TargetDiff,C-C,1.28,1.285,35,0.0429
TargetDiff,C-C,1.285,1.29,30,0.0367
TargetDiff,C-C,1.29,1.295,40,0.049
TargetDiff,C-C,1.295,1.3,47,0.0575
TargetDiff,C-C,1.3,1.305,49,0.06
TargetDiff,C-C,1.305,1.31,55,0.0673
TargetDiff,C-C,1.31,1.315,59,0.0722
TargetDiff,C-C,1.315,1.32,81,0.0992
TargetDiff,C-C,1.32,1.325,121,0.1482
TargetDiff,C-C,1.325,1.33,139,0.1702
TargetDiff,C-C,1.33,1.335,195,0.2388
TargetDiff,C-C,1.335,1.34,219,0.2681
TargetDiff,C-C,1.34,1.345,257,0.3147
TargetDiff,C-C,1.345,1.35,318,0.3894
TargetDiff,C-C,1.35,1.355,435,0.5326
TargetDiff,C-C,1.355,1.36,517,0.633
TargetDiff,C-C,1.36,1.365,658,0.8057
TargetDiff,C-C,1.365,1.37,729,0.8926
TargetDiff,C-C,1.37,1.375,900,1.102
TargetDiff,C-C,1.375,1.38,1080,1.3224
TargetDiff,C-C,1.38,1.385,1358,1.6627
TargetDiff,C-C,1.385,1.39,1469,1.7987
TargetDiff,C-C,1.39,1.395,1550,1.8978
TargetDiff,C-C,1.395,1.4,1578,1.9321
TargetDiff,C-C,1.4,1.405,1610,1.9713
TargetDiff,C-C,1.405,1.41,1576,1.9297
TargetDiff,C-C,1.41,1.415,1499,1.8354
TargetDiff,C-C,1.415,1.42,1522,1.8636
TargetDiff,C-C,1.42,1.425,1449,1.7742
TargetDiff,C-C,1.425,1.43,1392,1.7044
TargetDiff,C-C,1.43,1.435,1482,1.8146
TargetDiff,C-C,1.435,1.44,1448,1.7729
TargetDiff,C-C,1.44,1.445,1549,1.8966
TargetDiff,C-C,1.445,1.45,1579,1.9333
TargetDiff,C-C,1.45,1.455,1651,2.0215
TargetDiff,C-C,1.455,1.46,1707,2.0901
TargetDiff,C-C,1.46,1.465,1836,2.248
TargetDiff,C-C,1.465,1.47,1854,2.2701
TargetDiff,C-C,1.47,1.475,1923,2.3545
TargetDiff,C-C,1.475,1.48,1901,2.3276
TargetDiff,C-C,1.48,1.485,2040,2.4978
TargetDiff,C-C,1.485,1.49,2107,2.5798
TargetDiff,C-C,1.49,1.495,2073,2.5382
TargetDiff,C-C,1.495,1.5,2227,2.7268
TargetDiff,C-C,1.5,1.505,2182,2.6717
TargetDiff,C-C,1.505,1.51,2153,2.6362
TargetDiff,C-C,1.51,1.515,2162,2.6472
TargetDiff,C-C,1.515,1.52,2135,2.6141
TargetDiff,C-C,1.52,1.525,2071,2.5358
TargetDiff,C-C,1.525,1.53,2091,2.5602
TargetDiff,C-C,1.53,1.535,2004,2.4537
TargetDiff,C-C,1.535,1.54,1883,2.3056
TargetDiff,C-C,1.54,1.545,1778,2.177
TargetDiff,C-C,1.545,1.55,1724,2.1109
TargetDiff,C-C,1.55,1.555,1578,1.9321
TargetDiff,C-C,1.555,1.56,1419,1.7374
TargetDiff,C-C,1.56,1.565,1307,1.6003
TargetDiff,C-C,1.565,1.57,1155,1.4142
TargetDiff,C-C,1.57,1.575,1045,1.2795
TargetDiff,C-C,1.575,1.58,975,1.1938
TargetDiff,C-C,1.58,1.585,876,1.0726
TargetDiff,C-C,1.585,1.59,790,0.9673
TargetDiff,C-C,1.59,1.595,660,0.8081
TargetDiff,C-C,1.595,1.6,621,0.7604
TargetDiff,C-C,1.6,1.605,579,0.7089
TargetDiff,C-C,1.605,1.61,472,0.5779
TargetDiff,C-C,1.61,1.615,402,0.4922
TargetDiff,C-C,1.615,1.62,358,0.4383
TargetDiff,C-C,1.62,1.625,293,0.3588
TargetDiff,C-C,1.625,1.63,269,0.3294
TargetDiff,C-C,1.63,1.635,242,0.2963
TargetDiff,C-C,1.635,1.64,170,0.2081
TargetDiff,C-C,1.64,1.645,179,0.2192
TargetDiff,C-C,1.645,1.65,152,0.1861
TargetDiff,C-C,1.65,1.655,151,0.1849
TargetDiff,C-C,1.655,1.66,119,0.1457
TargetDiff,C-C,1.66,1.665,105,0.1286
TargetDiff,C-C,1.665,1.67,99,0.1212
TargetDiff,C-C,1.67,1.675,80,0.098
TargetDiff,C-C,1.675,1.68,73,0.0894
TargetDiff,C-C,1.68,1.685,70,0.0857
TargetDiff,C-C,1.685,1.69,55,0.0673
TargetDiff,C-C,1.69,inf,579,0.7089
TargetDiff,C=C,-inf,1.1,5,0.0509
TargetDiff,C=C,1.1,1.105,0,0.0
TargetDiff,C=C,1.105,1.11,1,0.0102
TargetDiff,C=C,1.11,1.115,1,0.0102
TargetDiff,C=C,1.115,1.12,2,0.0204
TargetDiff,C=C,1.12,1.125,3,0.0305
TargetDiff,C=C,1.125,1.13,1,0.0102
TargetDiff,C=C,1.13,1.135,3,0.0305
TargetDiff,C=C,1.135,1.14,0,0.0
TargetDiff,C=C,1.14,1.145,3,0.0305
TargetDiff,C=C,1.145,1.15,1,0.0102
TargetDiff,C=C,1.15,1.155,1,0.0102
TargetDiff,C=C,1.155,1.16,3,0.0305
TargetDiff,C=C,1.16,1.165,7,0.0713
TargetDiff,C=C,1.165,1.17,5,0.0509
TargetDiff,C=C,1.17,1.175,4,0.0407
TargetDiff,C=C,1.175,1.18,5,0.0509
TargetDiff,C=C,1.18,1.185,3,0.0305
TargetDiff,C=C,1.185,1.19,3,0.0305
TargetDiff,C=C,1.19,1.195,8,0.0815
TargetDiff,C=C,1.195,1.2,3,0.0305
TargetDiff,C=C,1.2,1.205,5,0.0509
TargetDiff,C=C,1.205,1.21,13,0.1324
TargetDiff,C=C,1.21,1.215,13,0.1324
TargetDiff,C=C,1.215,1.22,5,0.0509
TargetDiff,C=C,1.22,1.225,22,0.224
TargetDiff,C=C,1.225,1.23,12,0.1222
TargetDiff,C=C,1.23,1.235,11,0.112
TargetDiff,C=C,1.235,1.24,14,0.1426
TargetDiff,C=C,1.24,1.245,15,0.1527
TargetDiff,C=C,1.245,1.25,18,0.1833
TargetDiff,C=C,1.25,1.255,27,0.2749
TargetDiff,C=C,1.255,1.26,19,0.1935
TargetDiff,C=C,1.26,1.265,26,0.2648
TargetDiff,C=C,1.265,1.27,32,0.3259
TargetDiff,C=C,1.27,1.275,26,0.2648
TargetDiff,C=C,1.275,1.28,43,0.4379
TargetDiff,C=C,1.28,1.285,31,0.3157
TargetDiff,C=C,1.285,1.29,49,0.499
TargetDiff,C=C,1.29,1.295,48,0.4888
TargetDiff,C=C,1.295,1.3,57,0.5804
TargetDiff,C=C,1.3,1.305,67,0.6823
TargetDiff,C=C,1.305,1.31,102,1.0387
TargetDiff,C=C,1.31,1.315,112,1.1405
TargetDiff,C=C,1.315,1.32,149,1.5173
TargetDiff,C=C,1.32,1.325,134,1.3646
TargetDiff,C=C,1.325,1.33,149,1.5173
TargetDiff,C=C,1.33,1.335,179,1.8228
TargetDiff,C=C,1.335,1.34,213,2.169
TargetDiff,C=C,1.34,1.345,240,2.444
TargetDiff,C=C,1.345,1.35,288,2.9328
TargetDiff,C=C,1.35,1.355,307,3.1263
TargetDiff,C=C,1.355,1.36,372,3.7882
TargetDiff,C=C,1.36,1.365,447,4.5519
TargetDiff,C=C,1.365,1.37,487,4.9593
TargetDiff,C=C,1.37,1.375,460,4.6843
TargetDiff,C=C,1.375,1.38,470,4.7862
TargetDiff,C=C,1.38,1.385,434,4.4196
TargetDiff,C=C,1.385,1.39,425,4.3279
TargetDiff,C=C,1.39,1.395,407,4.1446
TargetDiff,C=C,1.395,1.4,356,3.6253
TargetDiff,C=C,1.4,1.405,329,3.3503
TargetDiff,C=C,1.405,1.41,291,2.9633
TargetDiff,C=C,1.41,1.415,246,2.5051
TargetDiff,C=C,1.415,1.42,232,2.3625
TargetDiff,C=C,1.42,1.425,204,2.0774
TargetDiff,C=C,1.425,1.43,149,1.5173
TargetDiff,C=C,1.43,1.435,159,1.6191
TargetDiff,C=C,1.435,1.44,150,1.5275
TargetDiff,C=C,1.44,1.445,121,1.2322
TargetDiff,C=C,1.445,1.45,122,1.2424
TargetDiff,C=C,1.45,1.455,125,1.2729
TargetDiff,C=C,1.455,1.46,121,1.2322
TargetDiff,C=C,1.46,1.465,100,1.0183
TargetDiff,C=C,1.465,1.47,101,1.0285
TargetDiff,C=C,1.47,1.475,106,1.0794
TargetDiff,C=C,1.475,1.48,79,0.8045
TargetDiff,C=C,1.48,1.485,62,0.6314
TargetDiff,C=C,1.485,1.49,65,0.6619
TargetDiff,C=C,1.49,1.495,76,0.7739
TargetDiff,C=C,1.495,1.5,69,0.7026
TargetDiff,C=C,1.5,1.505,44,0.4481
TargetDiff,C=C,1.505,1.51,43,0.4379
TargetDiff,C=C,1.51,1.515,37,0.3768
TargetDiff,C=C,1.515,1.52,39,0.3971
TargetDiff,C=C,1.52,1.525,45,0.4582
TargetDiff,C=C,1.525,1.53,34,0.3462
TargetDiff,C=C,1.53,1.535,27,0.2749
TargetDiff,C=C,1.535,1.54,29,0.2953
TargetDiff,C=C,1.54,1.545,31,0.3157
TargetDiff,C=C,1.545,1.55,25,0.2546
TargetDiff,C=C,1.55,1.555,23,0.2342
TargetDiff,C=C,1.555,1.56,20,0.2037
TargetDiff,C=C,1.56,1.565,15,0.1527
TargetDiff,C=C,1.565,1.57,15,0.1527
TargetDiff,C=C,1.57,1.575,16,0.1629
TargetDiff,C=C,1.575,1.58,8,0.0815
TargetDiff,C=C,1.58,1.585,9,0.0916
TargetDiff,C=C,1.585,1.59,13,0.1324
TargetDiff,C=C,1.59,1.595,4,0.0407
TargetDiff,C=C,1.595,1.6,10,0.1018
TargetDiff,C=C,1.6,1.605,6,0.0611
TargetDiff,C=C,1.605,1.61,8,0.0815
TargetDiff,C=C,1.61,1.615,5,0.0509
TargetDiff,C=C,1.615,1.62,3,0.0305
TargetDiff,C=C,1.62,1.625,8,0.0815
TargetDiff,C=C,1.625,1.63,1,0.0102
TargetDiff,C=C,1.63,1.635,3,0.0305
TargetDiff,C=C,1.635,1.64,2,0.0204
TargetDiff,C=C,1.64,1.645,5,0.0509
TargetDiff,C=C,1.645,1.65,1,0.0102
TargetDiff,C=C,1.65,1.655,4,0.0407
TargetDiff,C=C,1.655,1.66,4,0.0407
TargetDiff,C=C,1.66,1.665,3,0.0305
TargetDiff,C=C,1.665,1.67,2,0.0204
TargetDiff,C=C,1.67,1.675,1,0.0102
TargetDiff,C=C,1.675,1.68,4,0.0407
TargetDiff,C=C,1.68,1.685,1,0.0102
TargetDiff,C=C,1.685,1.69,1,0.0102
TargetDiff,C=C,1.69,inf,18,0.1833
TargetDiff,C-N,-inf,1.1,23,0.1077
TargetDiff,C-N,1.1,1.105,3,0.014
TargetDiff,C-N,1.105,1.11,1,0.0047
TargetDiff,C-N,1.11,1.115,3,0.014
TargetDiff,C-N,1.115,1.12,0,0.0
TargetDiff,C-N,1.12,1.125,1,0.0047
TargetDiff,C-N,1.125,1.13,4,0.0187
TargetDiff,C-N,1.13,1.135,3,0.014
TargetDiff,C-N,1.135,1.14,2,0.0094
TargetDiff,C-N,1.14,1.145,2,0.0094
TargetDiff,C-N,1.145,1.15,6,0.0281
TargetDiff,C-N,1.15,1.155,2,0.0094
TargetDiff,C-N,1.155,1.16,4,0.0187
TargetDiff,C-N,1.16,1.165,8,0.0374
TargetDiff,C-N,1.165,1.17,2,0.0094
TargetDiff,C-N,1.17,1.175,3,0.014
TargetDiff,C-N,1.175,1.18,7,0.0328
TargetDiff,C-N,1.18,1.185,3,0.014
TargetDiff,C-N,1.185,1.19,3,0.014
TargetDiff,C-N,1.19,1.195,6,0.0281
TargetDiff,C-N,1.195,1.2,4,0.0187
TargetDiff,C-N,1.2,1.205,9,0.0421
TargetDiff,C-N,1.205,1.21,10,0.0468
TargetDiff,C-N,1.21,1.215,11,0.0515
TargetDiff,C-N,1.215,1.22,12,0.0562
TargetDiff,C-N,1.22,1.225,7,0.0328
TargetDiff,C-N,1.225,1.23,18,0.0842
TargetDiff,C-N,1.23,1.235,18,0.0842
TargetDiff,C-N,1.235,1.24,16,0.0749
TargetDiff,C-N,1.24,1.245,17,0.0796
TargetDiff,C-N,1.245,1.25,24,0.1123
TargetDiff,C-N,1.25,1.255,21,0.0983
TargetDiff,C-N,1.255,1.26,27,0.1264
TargetDiff,C-N,1.26,1.265,35,0.1638
TargetDiff,C-N,1.265,1.27,38,0.1779
TargetDiff,C-N,1.27,1.275,26,0.1217
TargetDiff,C-N,1.275,1.28,50,0.234
TargetDiff,C-N,1.28,1.285,61,0.2855
TargetDiff,C-N,1.285,1.29,71,0.3323
TargetDiff,C-N,1.29,1.295,66,0.3089
TargetDiff,C-N,1.295,1.3,103,0.4821
TargetDiff,C-N,1.3,1.305,125,0.5851
TargetDiff,C-N,1.305,1.31,140,0.6553
TargetDiff,C-N,1.31,1.315,172,0.8051
TargetDiff,C-N,1.315,1.32,170,0.7957
TargetDiff,C-N,1.32,1.325,244,1.1421
TargetDiff,C-N,1.325,1.33,304,1.4229
TargetDiff,C-N,1.33,1.335,316,1.4791
TargetDiff,C-N,1.335,1.34,397,1.8582
TargetDiff,C-N,1.34,1.345,424,1.9846
TargetDiff,C-N,1.345,1.35,467,2.1858
TargetDiff,C-N,1.35,1.355,555,2.5977
TargetDiff,C-N,1.355,1.36,565,2.6445
TargetDiff,C-N,1.36,1.365,627,2.9347
TargetDiff,C-N,1.365,1.37,645,3.019
TargetDiff,C-N,1.37,1.375,694,3.2483
TargetDiff,C-N,1.375,1.38,682,3.1921
TargetDiff,C-N,1.38,1.385,735,3.4402
TargetDiff,C-N,1.385,1.39,664,3.1079
TargetDiff,C-N,1.39,1.395,671,3.1407
TargetDiff,C-N,1.395,1.4,645,3.019
TargetDiff,C-N,1.4,1.405,651,3.047
TargetDiff,C-N,1.405,1.41,601,2.813
TargetDiff,C-N,1.41,1.415,572,2.6773
TargetDiff,C-N,1.415,1.42,533,2.4947
TargetDiff,C-N,1.42,1.425,589,2.7568
TargetDiff,C-N,1.425,1.43,557,2.6071
TargetDiff,C-N,1.43,1.435,498,2.3309
TargetDiff,C-N,1.435,1.44,476,2.2279
TargetDiff,C-N,1.44,1.445,517,2.4198
TargetDiff,C-N,1.445,1.45,497,2.3262
TargetDiff,C-N,1.45,1.455,453,2.1203
TargetDiff,C-N,1.455,1.46,421,1.9705
TargetDiff,C-N,1.46,1.465,449,2.1016
TargetDiff,C-N,1.465,1.47,393,1.8395
TargetDiff,C-N,1.47,1.475,383,1.7927
TargetDiff,C-N,1.475,1.48,376,1.7599
TargetDiff,C-N,1.48,1.485,395,1.8488
TargetDiff,C-N,1.485,1.49,292,1.3667
TargetDiff,C-N,1.49,1.495,278,1.3012
TargetDiff,C-N,1.495,1.5,282,1.3199
TargetDiff,C-N,1.5,1.505,221,1.0344
TargetDiff,C-N,1.505,1.51,183,0.8565
TargetDiff,C-N,1.51,1.515,197,0.9221
TargetDiff,C-N,1.515,1.52,181,0.8472
TargetDiff,C-N,1.52,1.525,156,0.7302
TargetDiff,C-N,1.525,1.53,147,0.688
TargetDiff,C-N,1.53,1.535,113,0.5289
TargetDiff,C-N,1.535,1.54,112,0.5242
TargetDiff,C-N,1.54,1.545,119,0.557
TargetDiff,C-N,1.545,1.55,84,0.3932
TargetDiff,C-N,1.55,1.555,70,0.3276
TargetDiff,C-N,1.555,1.56,74,0.3464
TargetDiff,C-N,1.56,1.565,68,0.3183
TargetDiff,C-N,1.565,1.57,46,0.2153
TargetDiff,C-N,1.57,1.575,45,0.2106
TargetDiff,C-N,1.575,1.58,31,0.1451
TargetDiff,C-N,1.58,1.585,27,0.1264
TargetDiff,C-N,1.585,1.59,31,0.1451
TargetDiff,C-N,1.59,1.595,36,0.1685
TargetDiff,C-N,1.595,1.6,26,0.1217
TargetDiff,C-N,1.6,1.605,24,0.1123
TargetDiff,C-N,1.605,1.61,13,0.0608
TargetDiff,C-N,1.61,1.615,17,0.0796
TargetDiff,C-N,1.615,1.62,11,0.0515
TargetDiff,C-N,1.62,1.625,11,0.0515
TargetDiff,C-N,1.625,1.63,15,0.0702
TargetDiff,C-N,1.63,1.635,10,0.0468
TargetDiff,C-N,1.635,1.64,13,0.0608
TargetDiff,C-N,1.64,1.645,1,0.0047
TargetDiff,C-N,1.645,1.65,12,0.0562
TargetDiff,C-N,1.65,1.655,12,0.0562
TargetDiff,C-N,1.655,1.66,9,0.0421
TargetDiff,C-N,1.66,1.665,3,0.014
TargetDiff,C-N,1.665,1.67,4,0.0187
TargetDiff,C-N,1.67,1.675,6,0.0281
TargetDiff,C-N,1.675,1.68,5,0.0234
TargetDiff,C-N,1.68,1.685,4,0.0187
TargetDiff,C-N,1.685,1.69,4,0.0187
TargetDiff,C-N,1.69,inf,39,0.1825
TargetDiff,C=N,-inf,1.1,2,0.0572
TargetDiff,C=N,1.1,1.105,0,0.0
TargetDiff,C=N,1.105,1.11,1,0.0286
TargetDiff,C=N,1.11,1.115,0,0.0
TargetDiff,C=N,1.115,1.12,1,0.0286
TargetDiff,C=N,1.12,1.125,1,0.0286
TargetDiff,C=N,1.125,1.13,0,0.0
TargetDiff,C=N,1.13,1.135,1,0.0286
TargetDiff,C=N,1.135,1.14,1,0.0286
TargetDiff,C=N,1.14,1.145,0,0.0
TargetDiff,C=N,1.145,1.15,1,0.0286
TargetDiff,C=N,1.15,1.155,2,0.0572
TargetDiff,C=N,1.155,1.16,1,0.0286
TargetDiff,C=N,1.16,1.165,1,0.0286
TargetDiff,C=N,1.165,1.17,1,0.0286
TargetDiff,C=N,1.17,1.175,1,0.0286
TargetDiff,C=N,1.175,1.18,7,0.2001
TargetDiff,C=N,1.18,1.185,3,0.0857
TargetDiff,C=N,1.185,1.19,2,0.0572
TargetDiff,C=N,1.19,1.195,3,0.0857
TargetDiff,C=N,1.195,1.2,3,0.0857
TargetDiff,C=N,1.2,1.205,4,0.1143
TargetDiff,C=N,1.205,1.21,5,0.1429
TargetDiff,C=N,1.21,1.215,3,0.0857
TargetDiff,C=N,1.215,1.22,10,0.2858
TargetDiff,C=N,1.22,1.225,7,0.2001
TargetDiff,C=N,1.225,1.23,7,0.2001
TargetDiff,C=N,1.23,1.235,6,0.1715
TargetDiff,C=N,1.235,1.24,11,0.3144
TargetDiff,C=N,1.24,1.245,15,0.4287
TargetDiff,C=N,1.245,1.25,17,0.4859
TargetDiff,C=N,1.25,1.255,20,0.5716
TargetDiff,C=N,1.255,1.26,18,0.5144
TargetDiff,C=N,1.26,1.265,19,0.543
TargetDiff,C=N,1.265,1.27,26,0.7431
TargetDiff,C=N,1.27,1.275,41,1.1718
TargetDiff,C=N,1.275,1.28,39,1.1146
TargetDiff,C=N,1.28,1.285,39,1.1146
TargetDiff,C=N,1.285,1.29,53,1.5147
TargetDiff,C=N,1.29,1.295,61,1.7434
TargetDiff,C=N,1.295,1.3,78,2.2292
TargetDiff,C=N,1.3,1.305,66,1.8863
TargetDiff,C=N,1.305,1.31,103,2.9437
TargetDiff,C=N,1.31,1.315,102,2.9151
TargetDiff,C=N,1.315,1.32,99,2.8294
TargetDiff,C=N,1.32,1.325,148,4.2298
TargetDiff,C=N,1.325,1.33,158,4.5156
TargetDiff,C=N,1.33,1.335,154,4.4013
TargetDiff,C=N,1.335,1.34,153,4.3727
TargetDiff,C=N,1.34,1.345,149,4.2584
TargetDiff,C=N,1.345,1.35,167,4.7728
TargetDiff,C=N,1.35,1.355,143,4.0869
TargetDiff,C=N,1.355,1.36,181,5.1729
TargetDiff,C=N,1.36,1.365,170,4.8585
TargetDiff,C=N,1.365,1.37,137,3.9154
TargetDiff,C=N,1.37,1.375,126,3.601
TargetDiff,C=N,1.375,1.38,118,3.3724
TargetDiff,C=N,1.38,1.385,88,2.515
TargetDiff,C=N,1.385,1.39,101,2.8865
TargetDiff,C=N,1.39,1.395,81,2.3149
TargetDiff,C=N,1.395,1.4,81,2.3149
TargetDiff,C=N,1.4,1.405,50,1.429
TargetDiff,C=N,1.405,1.41,46,1.3147
TargetDiff,C=N,1.41,1.415,59,1.6862
TargetDiff,C=N,1.415,1.42,40,1.1432
TargetDiff,C=N,1.42,1.425,35,1.0003
TargetDiff,C=N,1.425,1.43,27,0.7716
TargetDiff,C=N,1.43,1.435,34,0.9717
TargetDiff,C=N,1.435,1.44,27,0.7716
TargetDiff,C=N,1.44,1.445,22,0.6288
TargetDiff,C=N,1.445,1.45,10,0.2858
TargetDiff,C=N,1.45,1.455,6,0.1715
TargetDiff,C=N,1.455,1.46,10,0.2858
TargetDiff,C=N,1.46,1.465,9,0.2572
TargetDiff,C=N,1.465,1.47,9,0.2572
TargetDiff,C=N,1.47,1.475,8,0.2286
TargetDiff,C=N,1.475,1.48,7,0.2001
TargetDiff,C=N,1.48,1.485,3,0.0857
TargetDiff,C=N,1.485,1.49,9,0.2572
TargetDiff,C=N,1.49,1.495,5,0.1429
TargetDiff,C=N,1.495,1.5,5,0.1429
TargetDiff,C=N,1.5,1.505,4,0.1143
TargetDiff,C=N,1.505,1.51,4,0.1143
TargetDiff,C=N,1.51,1.515,3,0.0857
TargetDiff,C=N,1.515,1.52,3,0.0857
TargetDiff,C=N,1.52,1.525,1,0.0286
TargetDiff,C=N,1.525,1.53,3,0.0857
TargetDiff,C=N,1.53,1.535,2,0.0572
TargetDiff,C=N,1.535,1.54,1,0.0286
TargetDiff,C=N,1.54,1.545,2,0.0572
TargetDiff,C=N,1.545,1.55,2,0.0572
TargetDiff,C=N,1.55,1.555,2,0.0572
TargetDiff,C=N,1.555,1.56,4,0.1143
TargetDiff,C=N,1.56,1.565,2,0.0572
TargetDiff,C=N,1.565,1.57,2,0.0572
TargetDiff,C=N,1.57,1.575,0,0.0
TargetDiff,C=N,1.575,1.58,1,0.0286
TargetDiff,C=N,1.58,1.585,1,0.0286
TargetDiff,C=N,1.585,1.59,0,0.0
TargetDiff,C=N,1.59,1.595,0,0.0
TargetDiff,C=N,1.595,1.6,1,0.0286
TargetDiff,C=N,1.6,1.605,0,0.0
TargetDiff,C=N,1.605,1.61,2,0.0572
TargetDiff,C=N,1.61,1.615,0,0.0
TargetDiff,C=N,1.615,1.62,0,0.0
TargetDiff,C=N,1.62,1.625,0,0.0
TargetDiff,C=N,1.625,1.63,0,0.0
TargetDiff,C=N,1.63,1.635,1,0.0286
TargetDiff,C=N,1.635,1.64,0,0.0
TargetDiff,C=N,1.64,1.645,0,0.0
TargetDiff,C=N,1.645,1.65,0,0.0
TargetDiff,C=N,1.65,1.655,0,0.0
TargetDiff,C=N,1.655,1.66,0,0.0
TargetDiff,C=N,1.66,1.665,0,0.0
TargetDiff,C=N,1.665,1.67,0,0.0
TargetDiff,C=N,1.67,1.675,0,0.0
TargetDiff,C=N,1.675,1.68,0,0.0
TargetDiff,C=N,1.68,1.685,0,0.0
TargetDiff,C=N,1.685,1.69,0,0.0
TargetDiff,C=N,1.69,inf,1,0.0286
TargetDiff,C-O,-inf,1.1,1,0.0046
TargetDiff,C-O,1.1,1.105,1,0.0046
TargetDiff,C-O,1.105,1.11,1,0.0046
TargetDiff,C-O,1.11,1.115,0,0.0
TargetDiff,C-O,1.115,1.12,1,0.0046
TargetDiff,C-O,1.12,1.125,0,0.0
TargetDiff,C-O,1.125,1.13,1,0.0046
TargetDiff,C-O,1.13,1.135,0,0.0
TargetDiff,C-O,1.135,1.14,1,0.0046
TargetDiff,C-O,1.14,1.145,1,0.0046
TargetDiff,C-O,1.145,1.15,1,0.0046
TargetDiff,C-O,1.15,1.155,0,0.0
TargetDiff,C-O,1.155,1.16,1,0.0046
TargetDiff,C-O,1.16,1.165,3,0.0138
TargetDiff,C-O,1.165,1.17,0,0.0
TargetDiff,C-O,1.17,1.175,4,0.0183
TargetDiff,C-O,1.175,1.18,6,0.0275
TargetDiff,C-O,1.18,1.185,1,0.0046
TargetDiff,C-O,1.185,1.19,2,0.0092
TargetDiff,C-O,1.19,1.195,9,0.0413
TargetDiff,C-O,1.195,1.2,9,0.0413
TargetDiff,C-O,1.2,1.205,7,0.0321
TargetDiff,C-O,1.205,1.21,23,0.1055
TargetDiff,C-O,1.21,1.215,22,0.1009
TargetDiff,C-O,1.215,1.22,42,0.1926
TargetDiff,C-O,1.22,1.225,32,0.1467
TargetDiff,C-O,1.225,1.23,46,0.2109
TargetDiff,C-O,1.23,1.235,75,0.3439
TargetDiff,C-O,1.235,1.24,93,0.4265
TargetDiff,C-O,1.24,1.245,111,0.509
TargetDiff,C-O,1.245,1.25,114,0.5228
TargetDiff,C-O,1.25,1.255,154,0.7062
TargetDiff,C-O,1.255,1.26,131,0.6007
TargetDiff,C-O,1.26,1.265,144,0.6603
TargetDiff,C-O,1.265,1.27,156,0.7154
TargetDiff,C-O,1.27,1.275,182,0.8346
TargetDiff,C-O,1.275,1.28,143,0.6558
TargetDiff,C-O,1.28,1.285,125,0.5732
TargetDiff,C-O,1.285,1.29,259,1.1877
TargetDiff,C-O,1.29,1.295,277,1.2702
TargetDiff,C-O,1.295,1.3,260,1.1923
TargetDiff,C-O,1.3,1.305,255,1.1693
TargetDiff,C-O,1.305,1.31,301,1.3803
TargetDiff,C-O,1.31,1.315,301,1.3803
TargetDiff,C-O,1.315,1.32,346,1.5866
TargetDiff,C-O,1.32,1.325,340,1.5591
TargetDiff,C-O,1.325,1.33,340,1.5591
TargetDiff,C-O,1.33,1.335,394,1.8068
TargetDiff,C-O,1.335,1.34,356,1.6325
TargetDiff,C-O,1.34,1.345,378,1.7334
TargetDiff,C-O,1.345,1.35,413,1.8939
TargetDiff,C-O,1.35,1.355,476,2.1828
TargetDiff,C-O,1.355,1.36,482,2.2103
TargetDiff,C-O,1.36,1.365,504,2.3112
TargetDiff,C-O,1.365,1.37,495,2.2699
TargetDiff,C-O,1.37,1.375,513,2.3525
TargetDiff,C-O,1.375,1.38,558,2.5588
TargetDiff,C-O,1.38,1.385,561,2.5726
TargetDiff,C-O,1.385,1.39,574,2.6322
TargetDiff,C-O,1.39,1.395,595,2.7285
TargetDiff,C-O,1.395,1.4,619,2.8385
TargetDiff,C-O,1.4,1.405,606,2.7789
TargetDiff,C-O,1.405,1.41,601,2.756
TargetDiff,C-O,1.41,1.415,594,2.7239
TargetDiff,C-O,1.415,1.42,585,2.6826
TargetDiff,C-O,1.42,1.425,600,2.7514
TargetDiff,C-O,1.425,1.43,547,2.5084
TargetDiff,C-O,1.43,1.435,546,2.5038
TargetDiff,C-O,1.435,1.44,542,2.4854
TargetDiff,C-O,1.44,1.445,482,2.2103
TargetDiff,C-O,1.445,1.45,515,2.3616
TargetDiff,C-O,1.45,1.455,496,2.2745
TargetDiff,C-O,1.455,1.46,442,2.0269
TargetDiff,C-O,1.46,1.465,424,1.9443
TargetDiff,C-O,1.465,1.47,356,1.6325
TargetDiff,C-O,1.47,1.475,338,1.55
TargetDiff,C-O,1.475,1.48,310,1.4216
TargetDiff,C-O,1.48,1.485,294,1.3482
TargetDiff,C-O,1.485,1.49,257,1.1785
TargetDiff,C-O,1.49,1.495,266,1.2198
TargetDiff,C-O,1.495,1.5,219,1.0043
TargetDiff,C-O,1.5,1.505,197,0.9034
TargetDiff,C-O,1.505,1.51,171,0.7842
TargetDiff,C-O,1.51,1.515,157,0.72
TargetDiff,C-O,1.515,1.52,122,0.5595
TargetDiff,C-O,1.52,1.525,123,0.564
TargetDiff,C-O,1.525,1.53,99,0.454
TargetDiff,C-O,1.53,1.535,91,0.4173
TargetDiff,C-O,1.535,1.54,80,0.3669
TargetDiff,C-O,1.54,1.545,59,0.2706
TargetDiff,C-O,1.545,1.55,60,0.2751
TargetDiff,C-O,1.55,1.555,54,0.2476
TargetDiff,C-O,1.555,1.56,47,0.2155
TargetDiff,C-O,1.56,1.565,33,0.1513
TargetDiff,C-O,1.565,1.57,25,0.1146
TargetDiff,C-O,1.57,1.575,22,0.1009
TargetDiff,C-O,1.575,1.58,34,0.1559
TargetDiff,C-O,1.58,1.585,22,0.1009
TargetDiff,C-O,1.585,1.59,19,0.0871
TargetDiff,C-O,1.59,1.595,18,0.0825
TargetDiff,C-O,1.595,1.6,12,0.055
TargetDiff,C-O,1.6,1.605,8,0.0367
TargetDiff,C-O,1.605,1.61,17,0.078
TargetDiff,C-O,1.61,1.615,9,0.0413
TargetDiff,C-O,1.615,1.62,7,0.0321
TargetDiff,C-O,1.62,1.625,11,0.0504
TargetDiff,C-O,1.625,1.63,5,0.0229
TargetDiff,C-O,1.63,1.635,4,0.0183
TargetDiff,C-O,1.635,1.64,4,0.0183
TargetDiff,C-O,1.64,1.645,3,0.0138
TargetDiff,C-O,1.645,1.65,6,0.0275
TargetDiff,C-O,1.65,1.655,4,0.0183
TargetDiff,C-O,1.655,1.66,3,0.0138
TargetDiff,C-O,1.66,1.665,0,0.0
TargetDiff,C-O,1.665,1.67,5,0.0229
TargetDiff,C-O,1.67,1.675,0,0.0
TargetDiff,C-O,1.675,1.68,2,0.0092
TargetDiff,C-O,1.68,1.685,2,0.0092
TargetDiff,C-O,1.685,1.69,5,0.0229
TargetDiff,C-O,1.69,inf,7,0.0321
TargetDiff,C=O,-inf,1.1,1,0.0147
TargetDiff,C=O,1.1,1.105,0,0.0
TargetDiff,C=O,1.105,1.11,0,0.0
TargetDiff,C=O,1.11,1.115,0,0.0
TargetDiff,C=O,1.115,1.12,1,0.0147
TargetDiff,C=O,1.12,1.125,0,0.0
TargetDiff,C=O,1.125,1.13,0,0.0
TargetDiff,C=O,1.13,1.135,1,0.0147
TargetDiff,C=O,1.135,1.14,4,0.0589
TargetDiff,C=O,1.14,1.145,3,0.0442
TargetDiff,C=O,1.145,1.15,3,0.0442
TargetDiff,C=O,1.15,1.155,8,0.1178
TargetDiff,C=O,1.155,1.16,6,0.0883
TargetDiff,C=O,1.16,1.165,9,0.1325
TargetDiff,C=O,1.165,1.17,7,0.1031
TargetDiff,C=O,1.17,1.175,8,0.1178
TargetDiff,C=O,1.175,1.18,9,0.1325
TargetDiff,C=O,1.18,1.185,11,0.162
TargetDiff,C=O,1.185,1.19,21,0.3092
TargetDiff,C=O,1.19,1.195,39,0.5742
TargetDiff,C=O,1.195,1.2,56,0.8245
TargetDiff,C=O,1.2,1.205,58,0.8539
TargetDiff,C=O,1.205,1.21,76,1.119
TargetDiff,C=O,1.21,1.215,98,1.4429
TargetDiff,C=O,1.215,1.22,118,1.7373
TargetDiff,C=O,1.22,1.225,142,2.0907
TargetDiff,C=O,1.225,1.23,198,2.9152
TargetDiff,C=O,1.23,1.235,212,3.1213
TargetDiff,C=O,1.235,1.24,264,3.8869
TargetDiff,C=O,1.24,1.245,273,4.0194
TargetDiff,C=O,1.245,1.25,319,4.6967
TargetDiff,C=O,1.25,1.255,326,4.7998
TargetDiff,C=O,1.255,1.26,369,5.4329
TargetDiff,C=O,1.26,1.265,376,5.5359
TargetDiff,C=O,1.265,1.27,386,5.6832
TargetDiff,C=O,1.27,1.275,387,5.6979
TargetDiff,C=O,1.275,1.28,376,5.5359
TargetDiff,C=O,1.28,1.285,379,5.5801
TargetDiff,C=O,1.285,1.29,230,3.3863
TargetDiff,C=O,1.29,1.295,217,3.1949
TargetDiff,C=O,1.295,1.3,199,2.9299
TargetDiff,C=O,1.3,1.305,158,2.3263
TargetDiff,C=O,1.305,1.31,173,2.5471
TargetDiff,C=O,1.31,1.315,138,2.0318
TargetDiff,C=O,1.315,1.32,146,2.1496
TargetDiff,C=O,1.32,1.325,116,1.7079
TargetDiff,C=O,1.325,1.33,111,1.6343
TargetDiff,C=O,1.33,1.335,99,1.4576
TargetDiff,C=O,1.335,1.34,92,1.3545
TargetDiff,C=O,1.34,1.345,69,1.0159
TargetDiff,C=O,1.345,1.35,52,0.7656
TargetDiff,C=O,1.35,1.355,63,0.9276
TargetDiff,C=O,1.355,1.36,53,0.7803
TargetDiff,C=O,1.36,1.365,37,0.5448
TargetDiff,C=O,1.365,1.37,39,0.5742
TargetDiff,C=O,1.37,1.375,31,0.4564
TargetDiff,C=O,1.375,1.38,29,0.427
TargetDiff,C=O,1.38,1.385,22,0.3239
TargetDiff,C=O,1.385,1.39,20,0.2945
TargetDiff,C=O,1.39,1.395,26,0.3828
TargetDiff,C=O,1.395,1.4,17,0.2503
TargetDiff,C=O,1.4,1.405,9,0.1325
TargetDiff,C=O,1.405,1.41,7,0.1031
TargetDiff,C=O,1.41,1.415,13,0.1914
TargetDiff,C=O,1.415,1.42,10,0.1472
TargetDiff,C=O,1.42,1.425,8,0.1178
TargetDiff,C=O,1.425,1.43,6,0.0883
TargetDiff,C=O,1.43,1.435,4,0.0589
TargetDiff,C=O,1.435,1.44,4,0.0589
TargetDiff,C=O,1.44,1.445,7,0.1031
TargetDiff,C=O,1.445,1.45,4,0.0589
TargetDiff,C=O,1.45,1.455,6,0.0883
TargetDiff,C=O,1.455,1.46,5,0.0736
TargetDiff,C=O,1.46,1.465,2,0.0294
TargetDiff,C=O,1.465,1.47,2,0.0294
TargetDiff,C=O,1.47,1.475,3,0.0442
TargetDiff,C=O,1.475,1.48,2,0.0294
TargetDiff,C=O,1.48,1.485,1,0.0147
TargetDiff,C=O,1.485,1.49,2,0.0294
TargetDiff,C=O,1.49,1.495,2,0.0294
TargetDiff,C=O,1.495,1.5,0,0.0
TargetDiff,C=O,1.5,1.505,1,0.0147
TargetDiff,C=O,1.505,1.51,1,0.0147
TargetDiff,C=O,1.51,1.515,1,0.0147
TargetDiff,C=O,1.515,1.52,3,0.0442
TargetDiff,C=O,1.52,1.525,3,0.0442
TargetDiff,C=O,1.525,1.53,1,0.0147
TargetDiff,C=O,1.53,1.535,1,0.0147
TargetDiff,C=O,1.535,1.54,0,0.0
TargetDiff,C=O,1.54,1.545,0,0.0
TargetDiff,C=O,1.545,1.55,0,0.0
TargetDiff,C=O,1.55,1.555,0,0.0
TargetDiff,C=O,1.555,1.56,0,0.0
TargetDiff,C=O,1.56,1.565,0,0.0
TargetDiff,C=O,1.565,1.57,1,0.0147
TargetDiff,C=O,1.57,1.575,0,0.0
TargetDiff,C=O,1.575,1.58,0,0.0
TargetDiff,C=O,1.58,1.585,0,0.0
TargetDiff,C=O,1.585,1.59,0,0.0
TargetDiff,C=O,1.59,1.595,1,0.0147
TargetDiff,C=O,1.595,1.6,0,0.0
TargetDiff,C=O,1.6,1.605,0,0.0
TargetDiff,C=O,1.605,1.61,0,0.0
TargetDiff,C=O,1.61,1.615,0,0.0
TargetDiff,C=O,1.615,1.62,0,0.0
TargetDiff,C=O,1.62,1.625,0,0.0
TargetDiff,C=O,1.625,1.63,0,0.0
TargetDiff,C=O,1.63,1.635,0,0.0
TargetDiff,C=O,1.635,1.64,0,0.0
TargetDiff,C=O,1.64,1.645,0,0.0
TargetDiff,C=O,1.645,1.65,0,0.0
TargetDiff,C=O,1.65,1.655,0,0.0
TargetDiff,C=O,1.655,1.66,1,0.0147
TargetDiff,C=O,1.66,1.665,0,0.0
TargetDiff,C=O,1.665,1.67,0,0.0
TargetDiff,C=O,1.67,1.675,0,0.0
TargetDiff,C=O,1.675,1.68,0,0.0
TargetDiff,C=O,1.68,1.685,0,0.0
TargetDiff,C=O,1.685,1.69,0,0.0
TargetDiff,C=O,1.69,inf,0,0.0
TargetDiff,C:C,-inf,1.1,0,0.0
TargetDiff,C:C,1.1,1.105,0,0.0
TargetDiff,C:C,1.105,1.11,0,0.0
TargetDiff,C:C,1.11,1.115,0,0.0
TargetDiff,C:C,1.115,1.12,0,0.0
TargetDiff,C:C,1.12,1.125,0,0.0
TargetDiff,C:C,1.125,1.13,1,0.0057
TargetDiff,C:C,1.13,1.135,0,0.0
TargetDiff,C:C,1.135,1.14,0,0.0
TargetDiff,C:C,1.14,1.145,1,0.0057
TargetDiff,C:C,1.145,1.15,0,0.0
TargetDiff,C:C,1.15,1.155,2,0.0113
TargetDiff,C:C,1.155,1.16,0,0.0
TargetDiff,C:C,1.16,1.165,0,0.0
TargetDiff,C:C,1.165,1.17,0,0.0
TargetDiff,C:C,1.17,1.175,0,0.0
TargetDiff,C:C,1.175,1.18,1,0.0057
TargetDiff,C:C,1.18,1.185,0,0.0
TargetDiff,C:C,1.185,1.19,1,0.0057
TargetDiff,C:C,1.19,1.195,0,0.0
TargetDiff,C:C,1.195,1.2,1,0.0057
TargetDiff,C:C,1.2,1.205,1,0.0057
TargetDiff,C:C,1.205,1.21,0,0.0
TargetDiff,C:C,1.21,1.215,3,0.017
TargetDiff,C:C,1.215,1.22,0,0.0
TargetDiff,C:C,1.22,1.225,1,0.0057
TargetDiff,C:C,1.225,1.23,1,0.0057
TargetDiff,C:C,1.23,1.235,3,0.017
TargetDiff,C:C,1.235,1.24,1,0.0057
TargetDiff,C:C,1.24,1.245,0,0.0
TargetDiff,C:C,1.245,1.25,1,0.0057
TargetDiff,C:C,1.25,1.255,0,0.0
TargetDiff,C:C,1.255,1.26,4,0.0227
TargetDiff,C:C,1.26,1.265,3,0.017
TargetDiff,C:C,1.265,1.27,3,0.017
TargetDiff,C:C,1.27,1.275,4,0.0227
TargetDiff,C:C,1.275,1.28,1,0.0057
TargetDiff,C:C,1.28,1.285,6,0.034
TargetDiff,C:C,1.285,1.29,7,0.0397
TargetDiff,C:C,1.29,1.295,8,0.0454
TargetDiff,C:C,1.295,1.3,12,0.0681
TargetDiff,C:C,1.3,1.305,13,0.0738
TargetDiff,C:C,1.305,1.31,17,0.0964
TargetDiff,C:C,1.31,1.315,32,0.1815
TargetDiff,C:C,1.315,1.32,33,0.1872
TargetDiff,C:C,1.32,1.325,53,0.3007
TargetDiff,C:C,1.325,1.33,56,0.3177
TargetDiff,C:C,1.33,1.335,101,0.573
TargetDiff,C:C,1.335,1.34,126,0.7148
TargetDiff,C:C,1.34,1.345,187,1.0609
TargetDiff,C:C,1.345,1.35,277,1.5715
TargetDiff,C:C,1.35,1.355,350,1.9856
TargetDiff,C:C,1.355,1.36,560,3.1769
TargetDiff,C:C,1.36,1.365,722,4.096
TargetDiff,C:C,1.365,1.37,982,5.571
TargetDiff,C:C,1.37,1.375,1093,6.2007
TargetDiff,C:C,1.375,1.38,1298,7.3637
TargetDiff,C:C,1.38,1.385,1472,8.3508
TargetDiff,C:C,1.385,1.39,1565,8.8784
TargetDiff,C:C,1.39,1.395,1525,8.6515
TargetDiff,C:C,1.395,1.4,1389,7.88
TargetDiff,C:C,1.4,1.405,1235,7.0063
TargetDiff,C:C,1.405,1.41,1031,5.849
TargetDiff,C:C,1.41,1.415,782,4.4364
TargetDiff,C:C,1.415,1.42,650,3.6875
TargetDiff,C:C,1.42,1.425,504,2.8593
TargetDiff,C:C,1.425,1.43,383,2.1728
TargetDiff,C:C,1.43,1.435,258,1.4637
TargetDiff,C:C,1.435,1.44,187,1.0609
TargetDiff,C:C,1.44,1.445,152,0.8623
TargetDiff,C:C,1.445,1.45,117,0.6638
TargetDiff,C:C,1.45,1.455,78,0.4425
TargetDiff,C:C,1.455,1.46,67,0.3801
TargetDiff,C:C,1.46,1.465,47,0.2666
TargetDiff,C:C,1.465,1.47,51,0.2893
TargetDiff,C:C,1.47,1.475,29,0.1645
TargetDiff,C:C,1.475,1.48,26,0.1475
TargetDiff,C:C,1.48,1.485,19,0.1078
TargetDiff,C:C,1.485,1.49,21,0.1191
TargetDiff,C:C,1.49,1.495,14,0.0794
TargetDiff,C:C,1.495,1.5,8,0.0454
TargetDiff,C:C,1.5,1.505,2,0.0113
TargetDiff,C:C,1.505,1.51,2,0.0113
TargetDiff,C:C,1.51,1.515,4,0.0227
TargetDiff,C:C,1.515,1.52,8,0.0454
TargetDiff,C:C,1.52,1.525,6,0.034
TargetDiff,C:C,1.525,1.53,1,0.0057
TargetDiff,C:C,1.53,1.535,2,0.0113
TargetDiff,C:C,1.535,1.54,3,0.017
TargetDiff,C:C,1.54,1.545,2,0.0113
TargetDiff,C:C,1.545,1.55,3,0.017
TargetDiff,C:C,1.55,1.555,2,0.0113
TargetDiff,C:C,1.555,1.56,0,0.0
TargetDiff,C:C,1.56,1.565,1,0.0057
TargetDiff,C:C,1.565,1.57,2,0.0113
TargetDiff,C:C,1.57,1.575,2,0.0113
TargetDiff,C:C,1.575,1.58,2,0.0113
TargetDiff,C:C,1.58,1.585,1,0.0057
TargetDiff,C:C,1.585,1.59,0,0.0
TargetDiff,C:C,1.59,1.595,1,0.0057
TargetDiff,C:C,1.595,1.6,1,0.0057
TargetDiff,C:C,1.6,1.605,0,0.0
TargetDiff,C:C,1.605,1.61,1,0.0057
TargetDiff,C:C,1.61,1.615,0,0.0
TargetDiff,C:C,1.615,1.62,0,0.0
TargetDiff,C:C,1.62,1.625,0,0.0
TargetDiff,C:C,1.625,1.63,0,0.0
TargetDiff,C:C,1.63,1.635,1,0.0057
TargetDiff,C:C,1.635,1.64,0,0.0
TargetDiff,C:C,1.64,1.645,1,0.0057
TargetDiff,C:C,1.645,1.65,0,0.0
TargetDiff,C:C,1.65,1.655,0,0.0
TargetDiff,C:C,1.655,1.66,0,0.0
TargetDiff,C:C,1.66,1.665,0,0.0
TargetDiff,C:C,1.665,1.67,1,0.0057
TargetDiff,C:C,1.67,1.675,0,0.0
TargetDiff,C:C,1.675,1.68,0,0.0
TargetDiff,C:C,1.68,1.685,0,0.0
TargetDiff,C:C,1.685,1.69,0,0.0
TargetDiff,C:C,1.69,inf,2,0.0113
TargetDiff,C:N,-inf,1.1,0,0.0
TargetDiff,C:N,1.1,1.105,0,0.0
TargetDiff,C:N,1.105,1.11,0,0.0
TargetDiff,C:N,1.11,1.115,0,0.0
TargetDiff,C:N,1.115,1.12,0,0.0
TargetDiff,C:N,1.12,1.125,0,0.0
TargetDiff,C:N,1.125,1.13,0,0.0
TargetDiff,C:N,1.13,1.135,0,0.0
TargetDiff,C:N,1.135,1.14,0,0.0
TargetDiff,C:N,1.14,1.145,0,0.0
TargetDiff,C:N,1.145,1.15,0,0.0
TargetDiff,C:N,1.15,1.155,0,0.0
TargetDiff,C:N,1.155,1.16,0,0.0
TargetDiff,C:N,1.16,1.165,0,0.0
TargetDiff,C:N,1.165,1.17,0,0.0
TargetDiff,C:N,1.17,1.175,0,0.0
TargetDiff,C:N,1.175,1.18,0,0.0
TargetDiff,C:N,1.18,1.185,0,0.0
TargetDiff,C:N,1.185,1.19,0,0.0
TargetDiff,C:N,1.19,1.195,0,0.0
TargetDiff,C:N,1.195,1.2,0,0.0
TargetDiff,C:N,1.2,1.205,0,0.0
TargetDiff,C:N,1.205,1.21,0,0.0
TargetDiff,C:N,1.21,1.215,1,0.0306
TargetDiff,C:N,1.215,1.22,0,0.0
TargetDiff,C:N,1.22,1.225,0,0.0
TargetDiff,C:N,1.225,1.23,0,0.0
TargetDiff,C:N,1.23,1.235,1,0.0306
TargetDiff,C:N,1.235,1.24,1,0.0306
TargetDiff,C:N,1.24,1.245,0,0.0
TargetDiff,C:N,1.245,1.25,0,0.0
TargetDiff,C:N,1.25,1.255,5,0.1529
TargetDiff,C:N,1.255,1.26,3,0.0917
TargetDiff,C:N,1.26,1.265,7,0.2141
TargetDiff,C:N,1.265,1.27,3,0.0917
TargetDiff,C:N,1.27,1.275,8,0.2446
TargetDiff,C:N,1.275,1.28,6,0.1835
TargetDiff,C:N,1.28,1.285,14,0.4281
TargetDiff,C:N,1.285,1.29,12,0.367
TargetDiff,C:N,1.29,1.295,21,0.6422
TargetDiff,C:N,1.295,1.3,27,0.8257
TargetDiff,C:N,1.3,1.305,34,1.0398
TargetDiff,C:N,1.305,1.31,49,1.4985
TargetDiff,C:N,1.31,1.315,56,1.7125
TargetDiff,C:N,1.315,1.32,60,1.8349
TargetDiff,C:N,1.32,1.325,86,2.63
TargetDiff,C:N,1.325,1.33,90,2.7523
TargetDiff,C:N,1.33,1.335,124,3.792
TargetDiff,C:N,1.335,1.34,139,4.2508
TargetDiff,C:N,1.34,1.345,163,4.9847
TargetDiff,C:N,1.345,1.35,194,5.9327
TargetDiff,C:N,1.35,1.355,214,6.5443
TargetDiff,C:N,1.355,1.36,204,6.2385
TargetDiff,C:N,1.36,1.365,201,6.1468
TargetDiff,C:N,1.365,1.37,191,5.841
TargetDiff,C:N,1.37,1.375,205,6.2691
TargetDiff,C:N,1.375,1.38,152,4.6483
TargetDiff,C:N,1.38,1.385,143,4.3731
TargetDiff,C:N,1.385,1.39,151,4.6177
TargetDiff,C:N,1.39,1.395,134,4.0979
TargetDiff,C:N,1.395,1.4,94,2.8746
TargetDiff,C:N,1.4,1.405,86,2.63
TargetDiff,C:N,1.405,1.41,59,1.8043
TargetDiff,C:N,1.41,1.415,55,1.682
TargetDiff,C:N,1.415,1.42,50,1.5291
TargetDiff,C:N,1.42,1.425,31,0.948
TargetDiff,C:N,1.425,1.43,33,1.0092
TargetDiff,C:N,1.43,1.435,31,0.948
TargetDiff,C:N,1.435,1.44,19,0.581
TargetDiff,C:N,1.44,1.445,16,0.4893
TargetDiff,C:N,1.445,1.45,12,0.367
TargetDiff,C:N,1.45,1.455,3,0.0917
TargetDiff,C:N,1.455,1.46,10,0.3058
TargetDiff,C:N,1.46,1.465,8,0.2446
TargetDiff,C:N,1.465,1.47,9,0.2752
TargetDiff,C:N,1.47,1.475,4,0.1223
TargetDiff,C:N,1.475,1.48,7,0.2141
TargetDiff,C:N,1.48,1.485,4,0.1223
TargetDiff,C:N,1.485,1.49,8,0.2446
TargetDiff,C:N,1.49,1.495,2,0.0612
TargetDiff,C:N,1.495,1.5,4,0.1223
TargetDiff,C:N,1.5,1.505,1,0.0306
TargetDiff,C:N,1.505,1.51,6,0.1835
TargetDiff,C:N,1.51,1.515,3,0.0917
TargetDiff,C:N,1.515,1.52,5,0.1529
TargetDiff,C:N,1.52,1.525,0,0.0
TargetDiff,C:N,1.525,1.53,1,0.0306
TargetDiff,C:N,1.53,1.535,1,0.0306
TargetDiff,C:N,1.535,1.54,1,0.0306
TargetDiff,C:N,1.54,1.545,0,0.0
TargetDiff,C:N,1.545,1.55,1,0.0306
TargetDiff,C:N,1.55,1.555,0,0.0
TargetDiff,C:N,1.555,1.56,1,0.0306
TargetDiff,C:N,1.56,1.565,0,0.0
TargetDiff,C:N,1.565,1.57,1,0.0306
TargetDiff,C:N,1.57,1.575,0,0.0
TargetDiff,C:N,1.575,1.58,0,0.0
TargetDiff,C:N,1.58,1.585,0,0.0
TargetDiff,C:N,1.585,1.59,0,0.0
TargetDiff,C:N,1.59,1.595,0,0.0
TargetDiff,C:N,1.595,1.6,1,0.0306
TargetDiff,C:N,1.6,1.605,0,0.0
TargetDiff,C:N,1.605,1.61,1,0.0306
TargetDiff,C:N,1.61,1.615,0,0.0
TargetDiff,C:N,1.615,1.62,0,0.0
TargetDiff,C:N,1.62,1.625,0,0.0
TargetDiff,C:N,1.625,1.63,0,0.0
TargetDiff,C:N,1.63,1.635,1,0.0306
TargetDiff,C:N,1.635,1.64,1,0.0306
TargetDiff,C:N,1.64,1.645,0,0.0
TargetDiff,C:N,1.645,1.65,0,0.0
TargetDiff,C:N,1.65,1.655,0,0.0
TargetDiff,C:N,1.655,1.66,0,0.0
TargetDiff,C:N,1.66,1.665,0,0.0
TargetDiff,C:N,1.665,1.67,0,0.0
TargetDiff,C:N,1.67,1.675,0,0.0
TargetDiff,C:N,1.675,1.68,0,0.0
TargetDiff,C:N,1.68,1.685,0,0.0
TargetDiff,C:N,1.685,1.69,1,0.0306
TargetDiff,C:N,1.69,inf,0,0.0
VoxBind,C-C,-inf,1.1,30,0.0436
VoxBind,C-C,1.1,1.105,1,0.0015
VoxBind,C-C,1.105,1.11,3,0.0044
VoxBind,C-C,1.11,1.115,1,0.0015
VoxBind,C-C,1.115,1.12,2,0.0029
VoxBind,C-C,1.12,1.125,1,0.0015
VoxBind,C-C,1.125,1.13,0,0.0
VoxBind,C-C,1.13,1.135,2,0.0029
VoxBind,C-C,1.135,1.14,1,0.0015
VoxBind,C-C,1.14,1.145,1,0.0015
VoxBind,C-C,1.145,1.15,4,0.0058
VoxBind,C-C,1.15,1.155,3,0.0044
VoxBind,C-C,1.155,1.16,0,0.0
VoxBind,C-C,1.16,1.165,2,0.0029
VoxBind,C-C,1.165,1.17,0,0.0
VoxBind,C-C,1.17,1.175,3,0.0044
VoxBind,C-C,1.175,1.18,3,0.0044
VoxBind,C-C,1.18,1.185,2,0.0029
VoxBind,C-C,1.185,1.19,3,0.0044
VoxBind,C-C,1.19,1.195,0,0.0
VoxBind,C-C,1.195,1.2,1,0.0015
VoxBind,C-C,1.2,1.205,2,0.0029
VoxBind,C-C,1.205,1.21,3,0.0044
VoxBind,C-C,1.21,1.215,2,0.0029
VoxBind,C-C,1.215,1.22,4,0.0058
VoxBind,C-C,1.22,1.225,0,0.0
VoxBind,C-C,1.225,1.23,3,0.0044
VoxBind,C-C,1.23,1.235,4,0.0058
VoxBind,C-C,1.235,1.24,1,0.0015
VoxBind,C-C,1.24,1.245,6,0.0087
VoxBind,C-C,1.245,1.25,5,0.0073
VoxBind,C-C,1.25,1.255,8,0.0116
VoxBind,C-C,1.255,1.26,8,0.0116
VoxBind,C-C,1.26,1.265,7,0.0102
VoxBind,C-C,1.265,1.27,3,0.0044
VoxBind,C-C,1.27,1.275,6,0.0087
VoxBind,C-C,1.275,1.28,6,0.0087
VoxBind,C-C,1.28,1.285,1,0.0015
VoxBind,C-C,1.285,1.29,6,0.0087
VoxBind,C-C,1.29,1.295,13,0.0189
VoxBind,C-C,1.295,1.3,13,0.0189
VoxBind,C-C,1.3,1.305,10,0.0145
VoxBind,C-C,1.305,1.31,7,0.0102
VoxBind,C-C,1.31,1.315,11,0.016
VoxBind,C-C,1.315,1.32,23,0.0334
VoxBind,C-C,1.32,1.325,21,0.0305
VoxBind,C-C,1.325,1.33,28,0.0407
VoxBind,C-C,1.33,1.335,36,0.0523
VoxBind,C-C,1.335,1.34,45,0.0654
VoxBind,C-C,1.34,1.345,58,0.0843
VoxBind,C-C,1.345,1.35,83,0.1206
VoxBind,C-C,1.35,1.355,79,0.1148
VoxBind,C-C,1.355,1.36,132,0.1918
VoxBind,C-C,1.36,1.365,191,0.2775
VoxBind,C-C,1.365,1.37,278,0.4039
VoxBind,C-C,1.37,1.375,458,0.6653
VoxBind,C-C,1.375,1.38,643,0.9341
VoxBind,C-C,1.38,1.385,1023,1.4861
VoxBind,C-C,1.385,1.39,1341,1.9481
VoxBind,C-C,1.39,1.395,1734,2.519
VoxBind,C-C,1.395,1.4,2007,2.9156
VoxBind,C-C,1.4,1.405,2058,2.9897
VoxBind,C-C,1.405,1.41,1989,2.8895
VoxBind,C-C,1.41,1.415,1872,2.7195
VoxBind,C-C,1.415,1.42,1636,2.3767
VoxBind,C-C,1.42,1.425,1373,1.9946
VoxBind,C-C,1.425,1.43,1229,1.7854
VoxBind,C-C,1.43,1.435,1013,1.4716
VoxBind,C-C,1.435,1.44,1014,1.4731
VoxBind,C-C,1.44,1.445,968,1.4062
VoxBind,C-C,1.445,1.45,1000,1.4527
VoxBind,C-C,1.45,1.455,965,1.4019
VoxBind,C-C,1.455,1.46,1034,1.5021
VoxBind,C-C,1.46,1.465,1116,1.6212
VoxBind,C-C,1.465,1.47,1177,1.7099
VoxBind,C-C,1.47,1.475,1299,1.8871
VoxBind,C-C,1.475,1.48,1505,2.1864
VoxBind,C-C,1.48,1.485,1677,2.4362
VoxBind,C-C,1.485,1.49,1823,2.6483
VoxBind,C-C,1.49,1.495,2044,2.9694
VoxBind,C-C,1.495,1.5,2195,3.1887
VoxBind,C-C,1.5,1.505,2498,3.6289
VoxBind,C-C,1.505,1.51,2615,3.7989
VoxBind,C-C,1.51,1.515,2901,4.2144
VoxBind,C-C,1.515,1.52,2899,4.2115
VoxBind,C-C,1.52,1.525,2976,4.3233
VoxBind,C-C,1.525,1.53,2778,4.0357
VoxBind,C-C,1.53,1.535,2650,3.8497
VoxBind,C-C,1.535,1.54,2276,3.3064
VoxBind,C-C,1.54,1.545,2009,2.9185
VoxBind,C-C,1.545,1.55,1630,2.3679
VoxBind,C-C,1.55,1.555,1362,1.9786
VoxBind,C-C,1.555,1.56,1074,1.5602
VoxBind,C-C,1.56,1.565,822,1.1941
VoxBind,C-C,1.565,1.57,590,0.8571
VoxBind,C-C,1.57,1.575,464,0.6741
VoxBind,C-C,1.575,1.58,323,0.4692
VoxBind,C-C,1.58,1.585,232,0.337
VoxBind,C-C,1.585,1.59,228,0.3312
VoxBind,C-C,1.59,1.595,173,0.2513
VoxBind,C-C,1.595,1.6,100,0.1453
VoxBind,C-C,1.6,1.605,101,0.1467
VoxBind,C-C,1.605,1.61,83,0.1206
VoxBind,C-C,1.61,1.615,55,0.0799
VoxBind,C-C,1.615,1.62,57,0.0828
VoxBind,C-C,1.62,1.625,57,0.0828
VoxBind,C-C,1.625,1.63,45,0.0654
VoxBind,C-C,1.63,1.635,37,0.0538
VoxBind,C-C,1.635,1.64,28,0.0407
VoxBind,C-C,1.64,1.645,27,0.0392
VoxBind,C-C,1.645,1.65,20,0.0291
VoxBind,C-C,1.65,1.655,27,0.0392
VoxBind,C-C,1.655,1.66,28,0.0407
VoxBind,C-C,1.66,1.665,18,0.0261
VoxBind,C-C,1.665,1.67,13,0.0189
VoxBind,C-C,1.67,1.675,14,0.0203
VoxBind,C-C,1.675,1.68,18,0.0261
VoxBind,C-C,1.68,1.685,22,0.032
VoxBind,C-C,1.685,1.69,11,0.016
VoxBind,C-C,1.69,inf,216,0.3138
VoxBind,C=C,-inf,1.1,7,0.0758
VoxBind,C=C,1.1,1.105,0,0.0
VoxBind,C=C,1.105,1.11,0,0.0
VoxBind,C=C,1.11,1.115,0,0.0
VoxBind,C=C,1.115,1.12,0,0.0
VoxBind,C=C,1.12,1.125,0,0.0
VoxBind,C=C,1.125,1.13,0,0.0
VoxBind,C=C,1.13,1.135,1,0.0108
VoxBind,C=C,1.135,1.14,1,0.0108
VoxBind,C=C,1.14,1.145,0,0.0
VoxBind,C=C,1.145,1.15,2,0.0217
VoxBind,C=C,1.15,1.155,1,0.0108
VoxBind,C=C,1.155,1.16,1,0.0108
VoxBind,C=C,1.16,1.165,2,0.0217
VoxBind,C=C,1.165,1.17,2,0.0217
VoxBind,C=C,1.17,1.175,2,0.0217
VoxBind,C=C,1.175,1.18,1,0.0108
VoxBind,C=C,1.18,1.185,1,0.0108
VoxBind,C=C,1.185,1.19,1,0.0108
VoxBind,C=C,1.19,1.195,1,0.0108
VoxBind,C=C,1.195,1.2,0,0.0
VoxBind,C=C,1.2,1.205,1,0.0108
VoxBind,C=C,1.205,1.21,2,0.0217
VoxBind,C=C,1.21,1.215,1,0.0108
VoxBind,C=C,1.215,1.22,1,0.0108
VoxBind,C=C,1.22,1.225,1,0.0108
VoxBind,C=C,1.225,1.23,2,0.0217
VoxBind,C=C,1.23,1.235,1,0.0108
VoxBind,C=C,1.235,1.24,1,0.0108
VoxBind,C=C,1.24,1.245,1,0.0108
VoxBind,C=C,1.245,1.25,2,0.0217
VoxBind,C=C,1.25,1.255,4,0.0433
VoxBind,C=C,1.255,1.26,1,0.0108
VoxBind,C=C,1.26,1.265,1,0.0108
VoxBind,C=C,1.265,1.27,4,0.0433
VoxBind,C=C,1.27,1.275,4,0.0433
VoxBind,C=C,1.275,1.28,6,0.065
VoxBind,C=C,1.28,1.285,7,0.0758
VoxBind,C=C,1.285,1.29,4,0.0433
VoxBind,C=C,1.29,1.295,6,0.065
VoxBind,C=C,1.295,1.3,8,0.0866
VoxBind,C=C,1.3,1.305,13,0.1407
VoxBind,C=C,1.305,1.31,8,0.0866
VoxBind,C=C,1.31,1.315,6,0.065
VoxBind,C=C,1.315,1.32,18,0.1949
VoxBind,C=C,1.32,1.325,25,0.2707
VoxBind,C=C,1.325,1.33,21,0.2273
VoxBind,C=C,1.33,1.335,24,0.2598
VoxBind,C=C,1.335,1.34,36,0.3897
VoxBind,C=C,1.34,1.345,47,0.5088
VoxBind,C=C,1.345,1.35,72,0.7795
VoxBind,C=C,1.35,1.355,124,1.3424
VoxBind,C=C,1.355,1.36,164,1.7755
VoxBind,C=C,1.36,1.365,260,2.8148
VoxBind,C=C,1.365,1.37,355,3.8432
VoxBind,C=C,1.37,1.375,564,6.1059
VoxBind,C=C,1.375,1.38,684,7.405
VoxBind,C=C,1.38,1.385,766,8.2927
VoxBind,C=C,1.385,1.39,855,9.2563
VoxBind,C=C,1.39,1.395,801,8.6716
VoxBind,C=C,1.395,1.4,797,8.6283
VoxBind,C=C,1.4,1.405,617,6.6797
VoxBind,C=C,1.405,1.41,490,5.3048
VoxBind,C=C,1.41,1.415,372,4.0273
VoxBind,C=C,1.415,1.42,311,3.3669
VoxBind,C=C,1.42,1.425,249,2.6957
VoxBind,C=C,1.425,1.43,192,2.0786
VoxBind,C=C,1.43,1.435,154,1.6672
VoxBind,C=C,1.435,1.44,160,1.7322
VoxBind,C=C,1.44,1.445,125,1.3533
VoxBind,C=C,1.445,1.45,105,1.1367
VoxBind,C=C,1.45,1.455,96,1.0393
VoxBind,C=C,1.455,1.46,81,0.8769
VoxBind,C=C,1.46,1.465,63,0.682
VoxBind,C=C,1.465,1.47,66,0.7145
VoxBind,C=C,1.47,1.475,60,0.6496
VoxBind,C=C,1.475,1.48,50,0.5413
VoxBind,C=C,1.48,1.485,47,0.5088
VoxBind,C=C,1.485,1.49,41,0.4439
VoxBind,C=C,1.49,1.495,27,0.2923
VoxBind,C=C,1.495,1.5,33,0.3573
VoxBind,C=C,1.5,1.505,33,0.3573
VoxBind,C=C,1.505,1.51,30,0.3248
VoxBind,C=C,1.51,1.515,24,0.2598
VoxBind,C=C,1.515,1.52,13,0.1407
VoxBind,C=C,1.52,1.525,18,0.1949
VoxBind,C=C,1.525,1.53,9,0.0974
VoxBind,C=C,1.53,1.535,4,0.0433
VoxBind,C=C,1.535,1.54,3,0.0325
VoxBind,C=C,1.54,1.545,6,0.065
VoxBind,C=C,1.545,1.55,6,0.065
VoxBind,C=C,1.55,1.555,4,0.0433
VoxBind,C=C,1.555,1.56,2,0.0217
VoxBind,C=C,1.56,1.565,5,0.0541
VoxBind,C=C,1.565,1.57,2,0.0217
VoxBind,C=C,1.57,1.575,1,0.0108
VoxBind,C=C,1.575,1.58,5,0.0541
VoxBind,C=C,1.58,1.585,0,0.0
VoxBind,C=C,1.585,1.59,2,0.0217
VoxBind,C=C,1.59,1.595,1,0.0108
VoxBind,C=C,1.595,1.6,1,0.0108
VoxBind,C=C,1.6,1.605,0,0.0
VoxBind,C=C,1.605,1.61,0,0.0
VoxBind,C=C,1.61,1.615,0,0.0
VoxBind,C=C,1.615,1.62,0,0.0
VoxBind,C=C,1.62,1.625,2,0.0217
VoxBind,C=C,1.625,1.63,0,0.0
VoxBind,C=C,1.63,1.635,0,0.0
VoxBind,C=C,1.635,1.64,0,0.0
VoxBind,C=C,1.64,1.645,0,0.0
VoxBind,C=C,1.645,1.65,1,0.0108
VoxBind,C=C,1.65,1.655,0,0.0
VoxBind,C=C,1.655,1.66,0,0.0
VoxBind,C=C,1.66,1.665,0,0.0
VoxBind,C=C,1.665,1.67,0,0.0
VoxBind,C=C,1.67,1.675,0,0.0
VoxBind,C=C,1.675,1.68,1,0.0108
VoxBind,C=C,1.68,1.685,0,0.0
VoxBind,C=C,1.685,1.69,0,0.0
VoxBind,C=C,1.69,inf,4,0.0433
VoxBind,C-N,-inf,1.1,43,0.1619
VoxBind,C-N,1.1,1.105,1,0.0038
VoxBind,C-N,1.105,1.11,0,0.0
VoxBind,C-N,1.11,1.115,1,0.0038
VoxBind,C-N,1.115,1.12,2,0.0075
VoxBind,C-N,1.12,1.125,1,0.0038
VoxBind,C-N,1.125,1.13,1,0.0038
VoxBind,C-N,1.13,1.135,0,0.0
VoxBind,C-N,1.135,1.14,0,0.0
VoxBind,C-N,1.14,1.145,1,0.0038
VoxBind,C-N,1.145,1.15,0,0.0
VoxBind,C-N,1.15,1.155,0,0.0
VoxBind,C-N,1.155,1.16,2,0.0075
VoxBind,C-N,1.16,1.165,1,0.0038
VoxBind,C-N,1.165,1.17,0,0.0
VoxBind,C-N,1.17,1.175,7,0.0264
VoxBind,C-N,1.175,1.18,0,0.0
VoxBind,C-N,1.18,1.185,1,0.0038
VoxBind,C-N,1.185,1.19,2,0.0075
VoxBind,C-N,1.19,1.195,1,0.0038
VoxBind,C-N,1.195,1.2,4,0.0151
VoxBind,C-N,1.2,1.205,0,0.0
VoxBind,C-N,1.205,1.21,2,0.0075
VoxBind,C-N,1.21,1.215,3,0.0113
VoxBind,C-N,1.215,1.22,3,0.0113
VoxBind,C-N,1.22,1.225,3,0.0113
VoxBind,C-N,1.225,1.23,4,0.0151
VoxBind,C-N,1.23,1.235,4,0.0151
VoxBind,C-N,1.235,1.24,4,0.0151
VoxBind,C-N,1.24,1.245,7,0.0264
VoxBind,C-N,1.245,1.25,5,0.0188
VoxBind,C-N,1.25,1.255,8,0.0301
VoxBind,C-N,1.255,1.26,14,0.0527
VoxBind,C-N,1.26,1.265,12,0.0452
VoxBind,C-N,1.265,1.27,18,0.0678
VoxBind,C-N,1.27,1.275,20,0.0753
VoxBind,C-N,1.275,1.28,24,0.0904
VoxBind,C-N,1.28,1.285,31,0.1168
VoxBind,C-N,1.285,1.29,34,0.1281
VoxBind,C-N,1.29,1.295,56,0.2109
VoxBind,C-N,1.295,1.3,79,0.2975
VoxBind,C-N,1.3,1.305,97,0.3653
VoxBind,C-N,1.305,1.31,149,0.5612
VoxBind,C-N,1.31,1.315,175,0.6591
VoxBind,C-N,1.315,1.32,272,1.0244
VoxBind,C-N,1.32,1.325,319,1.2014
VoxBind,C-N,1.325,1.33,459,1.7287
VoxBind,C-N,1.33,1.335,569,2.143
VoxBind,C-N,1.335,1.34,782,2.9452
VoxBind,C-N,1.34,1.345,893,3.3632
VoxBind,C-N,1.345,1.35,1026,3.8641
VoxBind,C-N,1.35,1.355,1059,3.9884
VoxBind,C-N,1.355,1.36,1089,4.1014
VoxBind,C-N,1.36,1.365,1066,4.0148
VoxBind,C-N,1.365,1.37,1073,4.0411
VoxBind,C-N,1.37,1.375,1096,4.1277
VoxBind,C-N,1.375,1.38,1015,3.8227
VoxBind,C-N,1.38,1.385,854,3.2163
VoxBind,C-N,1.385,1.39,877,3.303
VoxBind,C-N,1.39,1.395,794,2.9904
VoxBind,C-N,1.395,1.4,715,2.6928
VoxBind,C-N,1.4,1.405,698,2.6288
VoxBind,C-N,1.405,1.41,703,2.6476
VoxBind,C-N,1.41,1.415,639,2.4066
VoxBind,C-N,1.415,1.42,593,2.2334
VoxBind,C-N,1.42,1.425,567,2.1354
VoxBind,C-N,1.425,1.43,615,2.3162
VoxBind,C-N,1.43,1.435,589,2.2183
VoxBind,C-N,1.435,1.44,633,2.384
VoxBind,C-N,1.44,1.445,613,2.3087
VoxBind,C-N,1.445,1.45,667,2.5121
VoxBind,C-N,1.45,1.455,638,2.4028
VoxBind,C-N,1.455,1.46,648,2.4405
VoxBind,C-N,1.46,1.465,645,2.4292
VoxBind,C-N,1.465,1.47,560,2.1091
VoxBind,C-N,1.47,1.475,540,2.0337
VoxBind,C-N,1.475,1.48,457,1.7212
VoxBind,C-N,1.48,1.485,381,1.4349
VoxBind,C-N,1.485,1.49,344,1.2956
VoxBind,C-N,1.49,1.495,243,0.9152
VoxBind,C-N,1.495,1.5,202,0.7608
VoxBind,C-N,1.5,1.505,137,0.516
VoxBind,C-N,1.505,1.51,106,0.3992
VoxBind,C-N,1.51,1.515,113,0.4256
VoxBind,C-N,1.515,1.52,70,0.2636
VoxBind,C-N,1.52,1.525,49,0.1845
VoxBind,C-N,1.525,1.53,51,0.1921
VoxBind,C-N,1.53,1.535,39,0.1469
VoxBind,C-N,1.535,1.54,38,0.1431
VoxBind,C-N,1.54,1.545,22,0.0829
VoxBind,C-N,1.545,1.55,13,0.049
VoxBind,C-N,1.55,1.555,14,0.0527
VoxBind,C-N,1.555,1.56,21,0.0791
VoxBind,C-N,1.56,1.565,10,0.0377
VoxBind,C-N,1.565,1.57,10,0.0377
VoxBind,C-N,1.57,1.575,15,0.0565
VoxBind,C-N,1.575,1.58,8,0.0301
VoxBind,C-N,1.58,1.585,6,0.0226
VoxBind,C-N,1.585,1.59,7,0.0264
VoxBind,C-N,1.59,1.595,3,0.0113
VoxBind,C-N,1.595,1.6,5,0.0188
VoxBind,C-N,1.6,1.605,8,0.0301
VoxBind,C-N,1.605,1.61,0,0.0
VoxBind,C-N,1.61,1.615,8,0.0301
VoxBind,C-N,1.615,1.62,3,0.0113
VoxBind,C-N,1.62,1.625,2,0.0075
VoxBind,C-N,1.625,1.63,3,0.0113
VoxBind,C-N,1.63,1.635,4,0.0151
VoxBind,C-N,1.635,1.64,2,0.0075
VoxBind,C-N,1.64,1.645,3,0.0113
VoxBind,C-N,1.645,1.65,2,0.0075
VoxBind,C-N,1.65,1.655,0,0.0
VoxBind,C-N,1.655,1.66,0,0.0
VoxBind,C-N,1.66,1.665,1,0.0038
VoxBind,C-N,1.665,1.67,0,0.0
VoxBind,C-N,1.67,1.675,0,0.0
VoxBind,C-N,1.675,1.68,3,0.0113
VoxBind,C-N,1.68,1.685,1,0.0038
VoxBind,C-N,1.685,1.69,1,0.0038
VoxBind,C-N,1.69,inf,21,0.0791
VoxBind,C=N,-inf,1.1,4,0.1225
VoxBind,C=N,1.1,1.105,1,0.0306
VoxBind,C=N,1.105,1.11,0,0.0
VoxBind,C=N,1.11,1.115,0,0.0
VoxBind,C=N,1.115,1.12,2,0.0613
VoxBind,C=N,1.12,1.125,1,0.0306
VoxBind,C=N,1.125,1.13,0,0.0
VoxBind,C=N,1.13,1.135,0,0.0
VoxBind,C=N,1.135,1.14,0,0.0
VoxBind,C=N,1.14,1.145,0,0.0
VoxBind,C=N,1.145,1.15,1,0.0306
VoxBind,C=N,1.15,1.155,0,0.0
VoxBind,C=N,1.155,1.16,1,0.0306
VoxBind,C=N,1.16,1.165,1,0.0306
VoxBind,C=N,1.165,1.17,0,0.0
VoxBind,C=N,1.17,1.175,0,0.0
VoxBind,C=N,1.175,1.18,2,0.0613
VoxBind,C=N,1.18,1.185,0,0.0
VoxBind,C=N,1.185,1.19,1,0.0306
VoxBind,C=N,1.19,1.195,0,0.0
VoxBind,C=N,1.195,1.2,1,0.0306
VoxBind,C=N,1.2,1.205,1,0.0306
VoxBind,C=N,1.205,1.21,1,0.0306
VoxBind,C=N,1.21,1.215,1,0.0306
VoxBind,C=N,1.215,1.22,1,0.0306
VoxBind,C=N,1.22,1.225,1,0.0306
VoxBind,C=N,1.225,1.23,2,0.0613
VoxBind,C=N,1.23,1.235,4,0.1225
VoxBind,C=N,1.235,1.24,6,0.1838
VoxBind,C=N,1.24,1.245,2,0.0613
VoxBind,C=N,1.245,1.25,5,0.1532
VoxBind,C=N,1.25,1.255,1,0.0306
VoxBind,C=N,1.255,1.26,6,0.1838
VoxBind,C=N,1.26,1.265,11,0.337
VoxBind,C=N,1.265,1.27,13,0.3983
VoxBind,C=N,1.27,1.275,18,0.5515
VoxBind,C=N,1.275,1.28,17,0.5208
VoxBind,C=N,1.28,1.285,29,0.8885
VoxBind,C=N,1.285,1.29,21,0.6434
VoxBind,C=N,1.29,1.295,32,0.9804
VoxBind,C=N,1.295,1.3,28,0.8578
VoxBind,C=N,1.3,1.305,65,1.9914
VoxBind,C=N,1.305,1.31,61,1.8689
VoxBind,C=N,1.31,1.315,91,2.788
VoxBind,C=N,1.315,1.32,123,3.7684
VoxBind,C=N,1.32,1.325,146,4.473
VoxBind,C=N,1.325,1.33,176,5.3922
VoxBind,C=N,1.33,1.335,190,5.8211
VoxBind,C=N,1.335,1.34,220,6.7402
VoxBind,C=N,1.34,1.345,240,7.3529
VoxBind,C=N,1.345,1.35,241,7.3836
VoxBind,C=N,1.35,1.355,196,6.0049
VoxBind,C=N,1.355,1.36,207,6.3419
VoxBind,C=N,1.36,1.365,167,5.1164
VoxBind,C=N,1.365,1.37,147,4.5037
VoxBind,C=N,1.37,1.375,145,4.4424
VoxBind,C=N,1.375,1.38,131,4.0135
VoxBind,C=N,1.38,1.385,77,2.3591
VoxBind,C=N,1.385,1.39,77,2.3591
VoxBind,C=N,1.39,1.395,50,1.5319
VoxBind,C=N,1.395,1.4,54,1.6544
VoxBind,C=N,1.4,1.405,39,1.1949
VoxBind,C=N,1.405,1.41,33,1.011
VoxBind,C=N,1.41,1.415,29,0.8885
VoxBind,C=N,1.415,1.42,25,0.7659
VoxBind,C=N,1.42,1.425,19,0.5821
VoxBind,C=N,1.425,1.43,20,0.6127
VoxBind,C=N,1.43,1.435,14,0.4289
VoxBind,C=N,1.435,1.44,11,0.337
VoxBind,C=N,1.44,1.445,10,0.3064
VoxBind,C=N,1.445,1.45,8,0.2451
VoxBind,C=N,1.45,1.455,5,0.1532
VoxBind,C=N,1.455,1.46,4,0.1225
VoxBind,C=N,1.46,1.465,3,0.0919
VoxBind,C=N,1.465,1.47,2,0.0613
VoxBind,C=N,1.47,1.475,4,0.1225
VoxBind,C=N,1.475,1.48,4,0.1225
VoxBind,C=N,1.48,1.485,2,0.0613
VoxBind,C=N,1.485,1.49,1,0.0306
VoxBind,C=N,1.49,1.495,4,0.1225
VoxBind,C=N,1.495,1.5,0,0.0
VoxBind,C=N,1.5,1.505,1,0.0306
VoxBind,C=N,1.505,1.51,2,0.0613
VoxBind,C=N,1.51,1.515,0,0.0
VoxBind,C=N,1.515,1.52,1,0.0306
VoxBind,C=N,1.52,1.525,2,0.0613
VoxBind,C=N,1.525,1.53,0,0.0
VoxBind,C=N,1.53,1.535,0,0.0
VoxBind,C=N,1.535,1.54,0,0.0
VoxBind,C=N,1.54,1.545,0,0.0
VoxBind,C=N,1.545,1.55,0,0.0
VoxBind,C=N,1.55,1.555,0,0.0
VoxBind,C=N,1.555,1.56,0,0.0
VoxBind,C=N,1.56,1.565,0,0.0
VoxBind,C=N,1.565,1.57,0,0.0
VoxBind,C=N,1.57,1.575,0,0.0
VoxBind,C=N,1.575,1.58,1,0.0306
VoxBind,C=N,1.58,1.585,0,0.0
VoxBind,C=N,1.585,1.59,0,0.0
VoxBind,C=N,1.59,1.595,0,0.0
VoxBind,C=N,1.595,1.6,0,0.0
VoxBind,C=N,1.6,1.605,0,0.0
VoxBind,C=N,1.605,1.61,0,0.0
VoxBind,C=N,1.61,1.615,0,0.0
VoxBind,C=N,1.615,1.62,0,0.0
VoxBind,C=N,1.62,1.625,0,0.0
VoxBind,C=N,1.625,1.63,0,0.0
VoxBind,C=N,1.63,1.635,0,0.0
VoxBind,C=N,1.635,1.64,0,0.0
VoxBind,C=N,1.64,1.645,0,0.0
VoxBind,C=N,1.645,1.65,0,0.0
VoxBind,C=N,1.65,1.655,0,0.0
VoxBind,C=N,1.655,1.66,0,0.0
VoxBind,C=N,1.66,1.665,0,0.0
VoxBind,C=N,1.665,1.67,0,0.0
VoxBind,C=N,1.67,1.675,0,0.0
VoxBind,C=N,1.675,1.68,0,0.0
VoxBind,C=N,1.68,1.685,0,0.0
VoxBind,C=N,1.685,1.69,0,0.0
VoxBind,C=N,1.69,inf,1,0.0306
VoxBind,C-O,-inf,1.1,56,0.3259
VoxBind,C-O,1.1,1.105,2,0.0116
VoxBind,C-O,1.105,1.11,3,0.0175
VoxBind,C-O,1.11,1.115,0,0.0
VoxBind,C-O,1.115,1.12,3,0.0175
VoxBind,C-O,1.12,1.125,0,0.0
VoxBind,C-O,1.125,1.13,4,0.0233
VoxBind,C-O,1.13,1.135,3,0.0175
VoxBind,C-O,1.135,1.14,3,0.0175
VoxBind,C-O,1.14,1.145,3,0.0175
VoxBind,C-O,1.145,1.15,11,0.064
VoxBind,C-O,1.15,1.155,3,0.0175
VoxBind,C-O,1.155,1.16,5,0.0291
VoxBind,C-O,1.16,1.165,6,0.0349
VoxBind,C-O,1.165,1.17,13,0.0756
VoxBind,C-O,1.17,1.175,8,0.0466
VoxBind,C-O,1.175,1.18,4,0.0233
VoxBind,C-O,1.18,1.185,8,0.0466
VoxBind,C-O,1.185,1.19,9,0.0524
VoxBind,C-O,1.19,1.195,17,0.0989
VoxBind,C-O,1.195,1.2,15,0.0873
VoxBind,C-O,1.2,1.205,26,0.1513
VoxBind,C-O,1.205,1.21,38,0.2211
VoxBind,C-O,1.21,1.215,56,0.3259
VoxBind,C-O,1.215,1.22,67,0.3899
VoxBind,C-O,1.22,1.225,71,0.4132
VoxBind,C-O,1.225,1.23,107,0.6226
VoxBind,C-O,1.23,1.235,109,0.6343
VoxBind,C-O,1.235,1.24,130,0.7565
VoxBind,C-O,1.24,1.245,140,0.8147
VoxBind,C-O,1.245,1.25,173,1.0067
VoxBind,C-O,1.25,1.255,152,0.8845
VoxBind,C-O,1.255,1.26,174,1.0125
VoxBind,C-O,1.26,1.265,149,0.867
VoxBind,C-O,1.265,1.27,173,1.0067
VoxBind,C-O,1.27,1.275,125,0.7274
VoxBind,C-O,1.275,1.28,101,0.5877
VoxBind,C-O,1.28,1.285,117,0.6808
VoxBind,C-O,1.285,1.29,151,0.8787
VoxBind,C-O,1.29,1.295,174,1.0125
VoxBind,C-O,1.295,1.3,144,0.8379
VoxBind,C-O,1.3,1.305,137,0.7972
VoxBind,C-O,1.305,1.31,153,0.8903
VoxBind,C-O,1.31,1.315,149,0.867
VoxBind,C-O,1.315,1.32,183,1.0649
VoxBind,C-O,1.32,1.325,172,1.0009
VoxBind,C-O,1.325,1.33,218,1.2685
VoxBind,C-O,1.33,1.335,240,1.3966
VoxBind,C-O,1.335,1.34,246,1.4315
VoxBind,C-O,1.34,1.345,278,1.6177
VoxBind,C-O,1.345,1.35,353,2.0541
VoxBind,C-O,1.35,1.355,402,2.3392
VoxBind,C-O,1.355,1.36,375,2.1821
VoxBind,C-O,1.36,1.365,434,2.5255
VoxBind,C-O,1.365,1.37,496,2.8862
VoxBind,C-O,1.37,1.375,543,3.1597
VoxBind,C-O,1.375,1.38,497,2.8921
VoxBind,C-O,1.38,1.385,530,3.0841
VoxBind,C-O,1.385,1.39,557,3.2412
VoxBind,C-O,1.39,1.395,560,3.2587
VoxBind,C-O,1.395,1.4,518,3.0143
VoxBind,C-O,1.4,1.405,617,3.5903
VoxBind,C-O,1.405,1.41,618,3.5962
VoxBind,C-O,1.41,1.415,691,4.0209
VoxBind,C-O,1.415,1.42,719,4.1839
VoxBind,C-O,1.42,1.425,655,3.8115
VoxBind,C-O,1.425,1.43,631,3.6718
VoxBind,C-O,1.43,1.435,626,3.6427
VoxBind,C-O,1.435,1.44,534,3.1074
VoxBind,C-O,1.44,1.445,408,2.3742
VoxBind,C-O,1.445,1.45,367,2.1356
VoxBind,C-O,1.45,1.455,322,1.8737
VoxBind,C-O,1.455,1.46,220,1.2802
VoxBind,C-O,1.46,1.465,170,0.9892
VoxBind,C-O,1.465,1.47,154,0.8961
VoxBind,C-O,1.47,1.475,120,0.6983
VoxBind,C-O,1.475,1.48,97,0.5644
VoxBind,C-O,1.48,1.485,69,0.4015
VoxBind,C-O,1.485,1.49,62,0.3608
VoxBind,C-O,1.49,1.495,53,0.3084
VoxBind,C-O,1.495,1.5,44,0.256
VoxBind,C-O,1.5,1.505,37,0.2153
VoxBind,C-O,1.505,1.51,46,0.2677
VoxBind,C-O,1.51,1.515,33,0.192
VoxBind,C-O,1.515,1.52,26,0.1513
VoxBind,C-O,1.52,1.525,16,0.0931
VoxBind,C-O,1.525,1.53,21,0.1222
VoxBind,C-O,1.53,1.535,17,0.0989
VoxBind,C-O,1.535,1.54,21,0.1222
VoxBind,C-O,1.54,1.545,11,0.064
VoxBind,C-O,1.545,1.55,16,0.0931
VoxBind,C-O,1.55,1.555,13,0.0756
VoxBind,C-O,1.555,1.56,12,0.0698
VoxBind,C-O,1.56,1.565,13,0.0756
VoxBind,C-O,1.565,1.57,5,0.0291
VoxBind,C-O,1.57,1.575,8,0.0466
VoxBind,C-O,1.575,1.58,10,0.0582
VoxBind,C-O,1.58,1.585,8,0.0466
VoxBind,C-O,1.585,1.59,9,0.0524
VoxBind,C-O,1.59,1.595,6,0.0349
VoxBind,C-O,1.595,1.6,0,0.0
VoxBind,C-O,1.6,1.605,8,0.0466
VoxBind,C-O,1.605,1.61,6,0.0349
VoxBind,C-O,1.61,1.615,6,0.0349
VoxBind,C-O,1.615,1.62,3,0.0175
VoxBind,C-O,1.62,1.625,0,0.0
VoxBind,C-O,1.625,1.63,0,0.0
VoxBind,C-O,1.63,1.635,2,0.0116
VoxBind,C-O,1.635,1.64,7,0.0407
VoxBind,C-O,1.64,1.645,0,0.0
VoxBind,C-O,1.645,1.65,1,0.0058
VoxBind,C-O,1.65,1.655,3,0.0175
VoxBind,C-O,1.655,1.66,6,0.0349
VoxBind,C-O,1.66,1.665,3,0.0175
VoxBind,C-O,1.665,1.67,5,0.0291
VoxBind,C-O,1.67,1.675,0,0.0
VoxBind,C-O,1.675,1.68,0,0.0
VoxBind,C-O,1.68,1.685,5,0.0291
VoxBind,C-O,1.685,1.69,1,0.0058
VoxBind,C-O,1.69,inf,30,0.1746
VoxBind,C=O,-inf,1.1,25,0.2998
VoxBind,C=O,1.1,1.105,2,0.024
VoxBind,C=O,1.105,1.11,6,0.072
VoxBind,C=O,1.11,1.115,4,0.048
VoxBind,C=O,1.115,1.12,7,0.0839
VoxBind,C=O,1.12,1.125,2,0.024
VoxBind,C=O,1.125,1.13,6,0.072
VoxBind,C=O,1.13,1.135,6,0.072
VoxBind,C=O,1.135,1.14,7,0.0839
VoxBind,C=O,1.14,1.145,7,0.0839
VoxBind,C=O,1.145,1.15,20,0.2398
VoxBind,C=O,1.15,1.155,17,0.2039
VoxBind,C=O,1.155,1.16,14,0.1679
VoxBind,C=O,1.16,1.165,37,0.4437
VoxBind,C=O,1.165,1.17,28,0.3358
VoxBind,C=O,1.17,1.175,53,0.6356
VoxBind,C=O,1.175,1.18,79,0.9474
VoxBind,C=O,1.18,1.185,74,0.8874
VoxBind,C=O,1.185,1.19,127,1.523
VoxBind,C=O,1.19,1.195,162,1.9427
VoxBind,C=O,1.195,1.2,222,2.6622
VoxBind,C=O,1.2,1.205,286,3.4297
VoxBind,C=O,1.205,1.21,342,4.1012
VoxBind,C=O,1.21,1.215,426,5.1085
VoxBind,C=O,1.215,1.22,452,5.4203
VoxBind,C=O,1.22,1.225,496,5.948
VoxBind,C=O,1.225,1.23,544,6.5236
VoxBind,C=O,1.23,1.235,546,6.5475
VoxBind,C=O,1.235,1.24,541,6.4876
VoxBind,C=O,1.24,1.245,510,6.1158
VoxBind,C=O,1.245,1.25,484,5.8041
VoxBind,C=O,1.25,1.255,416,4.9886
VoxBind,C=O,1.255,1.26,422,5.0606
VoxBind,C=O,1.26,1.265,312,3.7415
VoxBind,C=O,1.265,1.27,289,3.4656
VoxBind,C=O,1.27,1.275,282,3.3817
VoxBind,C=O,1.275,1.28,206,2.4703
VoxBind,C=O,1.28,1.285,179,2.1465
VoxBind,C=O,1.285,1.29,116,1.3911
VoxBind,C=O,1.29,1.295,85,1.0193
VoxBind,C=O,1.295,1.3,77,0.9234
VoxBind,C=O,1.3,1.305,58,0.6955
VoxBind,C=O,1.305,1.31,42,0.5037
VoxBind,C=O,1.31,1.315,51,0.6116
VoxBind,C=O,1.315,1.32,36,0.4317
VoxBind,C=O,1.32,1.325,26,0.3118
VoxBind,C=O,1.325,1.33,20,0.2398
VoxBind,C=O,1.33,1.335,20,0.2398
VoxBind,C=O,1.335,1.34,14,0.1679
VoxBind,C=O,1.34,1.345,14,0.1679
VoxBind,C=O,1.345,1.35,18,0.2159
VoxBind,C=O,1.35,1.355,15,0.1799
VoxBind,C=O,1.355,1.36,11,0.1319
VoxBind,C=O,1.36,1.365,13,0.1559
VoxBind,C=O,1.365,1.37,14,0.1679
VoxBind,C=O,1.37,1.375,8,0.0959
VoxBind,C=O,1.375,1.38,3,0.036
VoxBind,C=O,1.38,1.385,6,0.072
VoxBind,C=O,1.385,1.39,8,0.0959
VoxBind,C=O,1.39,1.395,5,0.06
VoxBind,C=O,1.395,1.4,4,0.048
VoxBind,C=O,1.4,1.405,5,0.06
VoxBind,C=O,1.405,1.41,6,0.072
VoxBind,C=O,1.41,1.415,3,0.036
VoxBind,C=O,1.415,1.42,0,0.0
VoxBind,C=O,1.42,1.425,2,0.024
VoxBind,C=O,1.425,1.43,0,0.0
VoxBind,C=O,1.43,1.435,4,0.048
VoxBind,C=O,1.435,1.44,1,0.012
VoxBind,C=O,1.44,1.445,1,0.012
VoxBind,C=O,1.445,1.45,0,0.0
VoxBind,C=O,1.45,1.455,2,0.024
VoxBind,C=O,1.455,1.46,2,0.024
VoxBind,C=O,1.46,1.465,2,0.024
VoxBind,C=O,1.465,1.47,1,0.012
VoxBind,C=O,1.47,1.475,0,0.0
VoxBind,C=O,1.475,1.48,1,0.012
VoxBind,C=O,1.48,1.485,0,0.0
VoxBind,C=O,1.485,1.49,1,0.012
VoxBind,C=O,1.49,1.495,0,0.0
VoxBind,C=O,1.495,1.5,1,0.012
VoxBind,C=O,1.5,1.505,1,0.012
VoxBind,C=O,1.505,1.51,0,0.0
VoxBind,C=O,1.51,1.515,1,0.012
VoxBind,C=O,1.515,1.52,0,0.0
VoxBind,C=O,1.52,1.525,0,0.0
VoxBind,C=O,1.525,1.53,1,0.012
VoxBind,C=O,1.53,1.535,0,0.0
VoxBind,C=O,1.535,1.54,0,0.0
VoxBind,C=O,1.54,1.545,0,0.0
VoxBind,C=O,1.545,1.55,0,0.0
VoxBind,C=O,1.55,1.555,0,0.0
VoxBind,C=O,1.555,1.56,0,0.0
VoxBind,C=O,1.56,1.565,0,0.0
VoxBind,C=O,1.565,1.57,0,0.0
VoxBind,C=O,1.57,1.575,0,0.0
VoxBind,C=O,1.575,1.58,0,0.0
VoxBind,C=O,1.58,1.585,0,0.0
VoxBind,C=O,1.585,1.59,0,0.0
VoxBind,C=O,1.59,1.595,0,0.0
VoxBind,C=O,1.595,1.6,0,0.0
VoxBind,C=O,1.6,1.605,1,0.012
VoxBind,C=O,1.605,1.61,0,0.0
VoxBind,C=O,1.61,1.615,0,0.0
VoxBind,C=O,1.615,1.62,0,0.0
VoxBind,C=O,1.62,1.625,0,0.0
VoxBind,C=O,1.625,1.63,0,0.0
VoxBind,C=O,1.63,1.635,0,0.0
VoxBind,C=O,1.635,1.64,0,0.0
VoxBind,C=O,1.64,1.645,0,0.0
VoxBind,C=O,1.645,1.65,0,0.0
VoxBind,C=O,1.65,1.655,0,0.0
VoxBind,C=O,1.655,1.66,0,0.0
VoxBind,C=O,1.66,1.665,0,0.0
VoxBind,C=O,1.665,1.67,0,0.0
VoxBind,C=O,1.67,1.675,0,0.0
VoxBind,C=O,1.675,1.68,0,0.0
VoxBind,C=O,1.68,1.685,0,0.0
VoxBind,C=O,1.685,1.69,0,0.0
VoxBind,C=O,1.69,inf,1,0.012
VoxBind,C:C,-inf,1.1,1,0.0019
VoxBind,C:C,1.1,1.105,0,0.0
VoxBind,C:C,1.105,1.11,0,0.0
VoxBind,C:C,1.11,1.115,0,0.0
VoxBind,C:C,1.115,1.12,0,0.0
VoxBind,C:C,1.12,1.125,0,0.0
VoxBind,C:C,1.125,1.13,0,0.0
VoxBind,C:C,1.13,1.135,0,0.0
VoxBind,C:C,1.135,1.14,0,0.0
VoxBind,C:C,1.14,1.145,0,0.0
VoxBind,C:C,1.145,1.15,0,0.0
VoxBind,C:C,1.15,1.155,0,0.0
VoxBind,C:C,1.155,1.16,1,0.0019
VoxBind,C:C,1.16,1.165,0,0.0
VoxBind,C:C,1.165,1.17,0,0.0
VoxBind,C:C,1.17,1.175,0,0.0
VoxBind,C:C,1.175,1.18,0,0.0
VoxBind,C:C,1.18,1.185,0,0.0
VoxBind,C:C,1.185,1.19,0,0.0
VoxBind,C:C,1.19,1.195,0,0.0
VoxBind,C:C,1.195,1.2,0,0.0
VoxBind,C:C,1.2,1.205,0,0.0
VoxBind,C:C,1.205,1.21,0,0.0
VoxBind,C:C,1.21,1.215,0,0.0
VoxBind,C:C,1.215,1.22,0,0.0
VoxBind,C:C,1.22,1.225,0,0.0
VoxBind,C:C,1.225,1.23,0,0.0
VoxBind,C:C,1.23,1.235,0,0.0
VoxBind,C:C,1.235,1.24,0,0.0
VoxBind,C:C,1.24,1.245,0,0.0
VoxBind,C:C,1.245,1.25,0,0.0
VoxBind,C:C,1.25,1.255,0,0.0
VoxBind,C:C,1.255,1.26,0,0.0
VoxBind,C:C,1.26,1.265,1,0.0019
VoxBind,C:C,1.265,1.27,1,0.0019
VoxBind,C:C,1.27,1.275,1,0.0019
VoxBind,C:C,1.275,1.28,1,0.0019
VoxBind,C:C,1.28,1.285,1,0.0019
VoxBind,C:C,1.285,1.29,0,0.0
VoxBind,C:C,1.29,1.295,1,0.0019
VoxBind,C:C,1.295,1.3,3,0.0056
VoxBind,C:C,1.3,1.305,4,0.0074
VoxBind,C:C,1.305,1.31,2,0.0037
VoxBind,C:C,1.31,1.315,4,0.0074
VoxBind,C:C,1.315,1.32,5,0.0093
VoxBind,C:C,1.32,1.325,6,0.0112
VoxBind,C:C,1.325,1.33,11,0.0205
VoxBind,C:C,1.33,1.335,17,0.0316
VoxBind,C:C,1.335,1.34,35,0.0651
VoxBind,C:C,1.34,1.345,57,0.1061
VoxBind,C:C,1.345,1.35,106,0.1972
VoxBind,C:C,1.35,1.355,236,0.4392
VoxBind,C:C,1.355,1.36,380,0.7071
VoxBind,C:C,1.36,1.365,730,1.3584
VoxBind,C:C,1.365,1.37,1179,2.1939
VoxBind,C:C,1.37,1.375,1971,3.6677
VoxBind,C:C,1.375,1.38,2907,5.4095
VoxBind,C:C,1.38,1.385,3988,7.4211
VoxBind,C:C,1.385,1.39,5037,9.3731
VoxBind,C:C,1.39,1.395,5884,10.9492
VoxBind,C:C,1.395,1.4,5839,10.8655
VoxBind,C:C,1.4,1.405,5560,10.3463
VoxBind,C:C,1.405,1.41,5025,9.3508
VoxBind,C:C,1.41,1.415,4071,7.5755
VoxBind,C:C,1.415,1.42,3188,5.9324
VoxBind,C:C,1.42,1.425,2242,4.172
VoxBind,C:C,1.425,1.43,1682,3.1299
VoxBind,C:C,1.43,1.435,1104,2.0544
VoxBind,C:C,1.435,1.44,779,1.4496
VoxBind,C:C,1.44,1.445,459,0.8541
VoxBind,C:C,1.445,1.45,362,0.6736
VoxBind,C:C,1.45,1.455,240,0.4466
VoxBind,C:C,1.455,1.46,160,0.2977
VoxBind,C:C,1.46,1.465,121,0.2252
VoxBind,C:C,1.465,1.47,88,0.1638
VoxBind,C:C,1.47,1.475,56,0.1042
VoxBind,C:C,1.475,1.48,47,0.0875
VoxBind,C:C,1.48,1.485,41,0.0763
VoxBind,C:C,1.485,1.49,30,0.0558
VoxBind,C:C,1.49,1.495,21,0.0391
VoxBind,C:C,1.495,1.5,13,0.0242
VoxBind,C:C,1.5,1.505,6,0.0112
VoxBind,C:C,1.505,1.51,5,0.0093
VoxBind,C:C,1.51,1.515,9,0.0167
VoxBind,C:C,1.515,1.52,6,0.0112
VoxBind,C:C,1.52,1.525,3,0.0056
VoxBind,C:C,1.525,1.53,5,0.0093
VoxBind,C:C,1.53,1.535,2,0.0037
VoxBind,C:C,1.535,1.54,1,0.0019
VoxBind,C:C,1.54,1.545,1,0.0019
VoxBind,C:C,1.545,1.55,1,0.0019
VoxBind,C:C,1.55,1.555,0,0.0
VoxBind,C:C,1.555,1.56,0,0.0
VoxBind,C:C,1.56,1.565,0,0.0
VoxBind,C:C,1.565,1.57,0,0.0
VoxBind,C:C,1.57,1.575,0,0.0
VoxBind,C:C,1.575,1.58,0,0.0
VoxBind,C:C,1.58,1.585,0,0.0
VoxBind,C:C,1.585,1.59,0,0.0
VoxBind,C:C,1.59,1.595,0,0.0
VoxBind,C:C,1.595,1.6,0,0.0
VoxBind,C:C,1.6,1.605,0,0.0
VoxBind,C:C,1.605,1.61,1,0.0019
VoxBind,C:C,1.61,1.615,0,0.0
VoxBind,C:C,1.615,1.62,0,0.0
VoxBind,C:C,1.62,1.625,0,0.0
VoxBind,C:C,1.625,1.63,0,0.0
VoxBind,C:C,1.63,1.635,0,0.0
VoxBind,C:C,1.635,1.64,0,0.0
VoxBind,C:C,1.64,1.645,0,0.0
VoxBind,C:C,1.645,1.65,0,0.0
VoxBind,C:C,1.65,1.655,0,0.0
VoxBind,C:C,1.655,1.66,0,0.0
VoxBind,C:C,1.66,1.665,0,0.0
VoxBind,C:C,1.665,1.67,0,0.0
VoxBind,C:C,1.67,1.675,0,0.0
VoxBind,C:C,1.675,1.68,0,0.0
VoxBind,C:C,1.68,1.685,0,0.0
VoxBind,C:C,1.685,1.69,0,0.0
VoxBind,C:C,1.69,inf,1,0.0019
VoxBind,C:N,-inf,1.1,1,0.0149
VoxBind,C:N,1.1,1.105,0,0.0
VoxBind,C:N,1.105,1.11,0,0.0
VoxBind,C:N,1.11,1.115,0,0.0
VoxBind,C:N,1.115,1.12,0,0.0
VoxBind,C:N,1.12,1.125,0,0.0
VoxBind,C:N,1.125,1.13,0,0.0
VoxBind,C:N,1.13,1.135,0,0.0
VoxBind,C:N,1.135,1.14,0,0.0
VoxBind,C:N,1.14,1.145,0,0.0
VoxBind,C:N,1.145,1.15,0,0.0
VoxBind,C:N,1.15,1.155,0,0.0
VoxBind,C:N,1.155,1.16,0,0.0
VoxBind,C:N,1.16,1.165,0,0.0
VoxBind,C:N,1.165,1.17,0,0.0
VoxBind,C:N,1.17,1.175,0,0.0
VoxBind,C:N,1.175,1.18,0,0.0
VoxBind,C:N,1.18,1.185,0,0.0
VoxBind,C:N,1.185,1.19,0,0.0
VoxBind,C:N,1.19,1.195,0,0.0
VoxBind,C:N,1.195,1.2,1,0.0149
VoxBind,C:N,1.2,1.205,1,0.0149
VoxBind,C:N,1.205,1.21,0,0.0
VoxBind,C:N,1.21,1.215,0,0.0
VoxBind,C:N,1.215,1.22,0,0.0
VoxBind,C:N,1.22,1.225,0,0.0
VoxBind,C:N,1.225,1.23,0,0.0
VoxBind,C:N,1.23,1.235,0,0.0
VoxBind,C:N,1.235,1.24,0,0.0
VoxBind,C:N,1.24,1.245,0,0.0
VoxBind,C:N,1.245,1.25,1,0.0149
VoxBind,C:N,1.25,1.255,2,0.0298
VoxBind,C:N,1.255,1.26,0,0.0
VoxBind,C:N,1.26,1.265,1,0.0149
VoxBind,C:N,1.265,1.27,1,0.0149
VoxBind,C:N,1.27,1.275,3,0.0447
VoxBind,C:N,1.275,1.28,2,0.0298
VoxBind,C:N,1.28,1.285,10,0.149
VoxBind,C:N,1.285,1.29,6,0.0894
VoxBind,C:N,1.29,1.295,6,0.0894
VoxBind,C:N,1.295,1.3,34,0.5067
VoxBind,C:N,1.3,1.305,42,0.6259
VoxBind,C:N,1.305,1.31,66,0.9836
VoxBind,C:N,1.31,1.315,117,1.7437
VoxBind,C:N,1.315,1.32,171,2.5484
VoxBind,C:N,1.32,1.325,238,3.5469
VoxBind,C:N,1.325,1.33,343,5.1118
VoxBind,C:N,1.33,1.335,423,6.304
VoxBind,C:N,1.335,1.34,561,8.3607
VoxBind,C:N,1.34,1.345,581,8.6587
VoxBind,C:N,1.345,1.35,618,9.2101
VoxBind,C:N,1.35,1.355,619,9.225
VoxBind,C:N,1.355,1.36,589,8.7779
VoxBind,C:N,1.36,1.365,477,7.1088
VoxBind,C:N,1.365,1.37,382,5.693
VoxBind,C:N,1.37,1.375,327,4.8733
VoxBind,C:N,1.375,1.38,240,3.5768
VoxBind,C:N,1.38,1.385,184,2.7422
VoxBind,C:N,1.385,1.39,188,2.8018
VoxBind,C:N,1.39,1.395,124,1.848
VoxBind,C:N,1.395,1.4,94,1.4009
VoxBind,C:N,1.4,1.405,64,0.9538
VoxBind,C:N,1.405,1.41,47,0.7004
VoxBind,C:N,1.41,1.415,42,0.6259
VoxBind,C:N,1.415,1.42,31,0.462
VoxBind,C:N,1.42,1.425,14,0.2086
VoxBind,C:N,1.425,1.43,15,0.2235
VoxBind,C:N,1.43,1.435,8,0.1192
VoxBind,C:N,1.435,1.44,4,0.0596
VoxBind,C:N,1.44,1.445,9,0.1341
VoxBind,C:N,1.445,1.45,5,0.0745
VoxBind,C:N,1.45,1.455,3,0.0447
VoxBind,C:N,1.455,1.46,3,0.0447
VoxBind,C:N,1.46,1.465,1,0.0149
VoxBind,C:N,1.465,1.47,3,0.0447
VoxBind,C:N,1.47,1.475,0,0.0
VoxBind,C:N,1.475,1.48,0,0.0
VoxBind,C:N,1.48,1.485,1,0.0149
VoxBind,C:N,1.485,1.49,0,0.0
VoxBind,C:N,1.49,1.495,0,0.0
VoxBind,C:N,1.495,1.5,2,0.0298
VoxBind,C:N,1.5,1.505,1,0.0149
VoxBind,C:N,1.505,1.51,0,0.0
VoxBind,C:N,1.51,1.515,1,0.0149
VoxBind,C:N,1.515,1.52,0,0.0
VoxBind,C:N,1.52,1.525,1,0.0149
VoxBind,C:N,1.525,1.53,0,0.0
VoxBind,C:N,1.53,1.535,0,0.0
VoxBind,C:N,1.535,1.54,0,0.0
VoxBind,C:N,1.54,1.545,0,0.0
VoxBind,C:N,1.545,1.55,0,0.0
VoxBind,C:N,1.55,1.555,0,0.0
VoxBind,C:N,1.555,1.56,0,0.0
VoxBind,C:N,1.56,1.565,0,0.0
VoxBind,C:N,1.565,1.57,1,0.0149
VoxBind,C:N,1.57,1.575,0,0.0
VoxBind,C:N,1.575,1.58,0,0.0
VoxBind,C:N,1.58,1.585,0,0.0
VoxBind,C:N,1.585,1.59,0,0.0
VoxBind,C:N,1.59,1.595,0,0.0
VoxBind,C:N,1.595,1.6,0,0.0
VoxBind,C:N,1.6,1.605,0,0.0
VoxBind,C:N,1.605,1.61,0,0.0
VoxBind,C:N,1.61,1.615,0,0.0
VoxBind,C:N,1.615,1.62,0,0.0
VoxBind,C:N,1.62,1.625,0,0.0
VoxBind,C:N,1.625,1.63,0,0.0
VoxBind,C:N,1.63,1.635,0,0.0
VoxBind,C:N,1.635,1.64,0,0.0
VoxBind,C:N,1.64,1.645,1,0.0149
VoxBind,C:N,1.645,1.65,0,0.0
VoxBind,C:N,1.65,1.655,0,0.0
VoxBind,C:N,1.655,1.66,0,0.0
VoxBind,C:N,1.66,1.665,0,0.0
VoxBind,C:N,1.665,1.67,0,0.0
VoxBind,C:N,1.67,1.675,0,0.0
VoxBind,C:N,1.675,1.68,0,0.0
VoxBind,C:N,1.68,1.685,0,0.0
VoxBind,C:N,1.685,1.69,0,0.0
VoxBind,C:N,1.69,inf,0,0.0
CoDE,C-C,-inf,1.1,34,0.0524
CoDE,C-C,1.1,1.105,1,0.0015
CoDE,C-C,1.105,1.11,1,0.0015
CoDE,C-C,1.11,1.115,1,0.0015
CoDE,C-C,1.115,1.12,0,0.0
CoDE,C-C,1.12,1.125,2,0.0031
CoDE,C-C,1.125,1.13,1,0.0015
CoDE,C-C,1.13,1.135,3,0.0046
CoDE,C-C,1.135,1.14,2,0.0031
CoDE,C-C,1.14,1.145,3,0.0046
CoDE,C-C,1.145,1.15,3,0.0046
CoDE,C-C,1.15,1.155,3,0.0046
CoDE,C-C,1.155,1.16,2,0.0031
CoDE,C-C,1.16,1.165,2,0.0031
CoDE,C-C,1.165,1.17,2,0.0031
CoDE,C-C,1.17,1.175,3,0.0046
CoDE,C-C,1.175,1.18,1,0.0015
CoDE,C-C,1.18,1.185,2,0.0031
CoDE,C-C,1.185,1.19,5,0.0077
CoDE,C-C,1.19,1.195,3,0.0046
CoDE,C-C,1.195,1.2,4,0.0062
CoDE,C-C,1.2,1.205,3,0.0046
CoDE,C-C,1.205,1.21,3,0.0046
CoDE,C-C,1.21,1.215,5,0.0077
CoDE,C-C,1.215,1.22,4,0.0062
CoDE,C-C,1.22,1.225,5,0.0077
CoDE,C-C,1.225,1.23,6,0.0092
CoDE,C-C,1.23,1.235,3,0.0046
CoDE,C-C,1.235,1.24,4,0.0062
CoDE,C-C,1.24,1.245,3,0.0046
CoDE,C-C,1.245,1.25,3,0.0046
CoDE,C-C,1.25,1.255,7,0.0108
CoDE,C-C,1.255,1.26,5,0.0077
CoDE,C-C,1.26,1.265,5,0.0077
CoDE,C-C,1.265,1.27,4,0.0062
CoDE,C-C,1.27,1.275,17,0.0262
CoDE,C-C,1.275,1.28,6,0.0092
CoDE,C-C,1.28,1.285,10,0.0154
CoDE,C-C,1.285,1.29,7,0.0108
CoDE,C-C,1.29,1.295,8,0.0123
CoDE,C-C,1.295,1.3,11,0.0169
CoDE,C-C,1.3,1.305,12,0.0185
CoDE,C-C,1.305,1.31,14,0.0216
CoDE,C-C,1.31,1.315,13,0.02
CoDE,C-C,1.315,1.32,17,0.0262
CoDE,C-C,1.32,1.325,12,0.0185
CoDE,C-C,1.325,1.33,22,0.0339
CoDE,C-C,1.33,1.335,29,0.0447
CoDE,C-C,1.335,1.34,43,0.0662
CoDE,C-C,1.34,1.345,62,0.0955
CoDE,C-C,1.345,1.35,74,0.1139
CoDE,C-C,1.35,1.355,107,0.1648
CoDE,C-C,1.355,1.36,202,0.311
CoDE,C-C,1.36,1.365,288,0.4435
CoDE,C-C,1.365,1.37,405,0.6236
CoDE,C-C,1.37,1.375,638,0.9824
CoDE,C-C,1.375,1.38,880,1.355
CoDE,C-C,1.38,1.385,1207,1.8585
CoDE,C-C,1.385,1.39,1629,2.5083
CoDE,C-C,1.39,1.395,1934,2.978
CoDE,C-C,1.395,1.4,2143,3.2998
CoDE,C-C,1.4,1.405,2311,3.5585
CoDE,C-C,1.405,1.41,2210,3.4029
CoDE,C-C,1.41,1.415,2197,3.3829
CoDE,C-C,1.415,1.42,1964,3.0241
CoDE,C-C,1.42,1.425,1743,2.6839
CoDE,C-C,1.425,1.43,1527,2.3513
CoDE,C-C,1.43,1.435,1417,2.1819
CoDE,C-C,1.435,1.44,1363,2.0987
CoDE,C-C,1.44,1.445,1258,1.9371
CoDE,C-C,1.445,1.45,1174,1.8077
CoDE,C-C,1.45,1.455,1217,1.8739
CoDE,C-C,1.455,1.46,1266,1.9494
CoDE,C-C,1.46,1.465,1406,2.1649
CoDE,C-C,1.465,1.47,1517,2.3359
CoDE,C-C,1.47,1.475,1486,2.2881
CoDE,C-C,1.475,1.48,1617,2.4898
CoDE,C-C,1.48,1.485,1655,2.5483
CoDE,C-C,1.485,1.49,1760,2.71
CoDE,C-C,1.49,1.495,1824,2.8086
CoDE,C-C,1.495,1.5,1856,2.8578
CoDE,C-C,1.5,1.505,1954,3.0087
CoDE,C-C,1.505,1.51,1941,2.9887
CoDE,C-C,1.51,1.515,1973,3.038
CoDE,C-C,1.515,1.52,1961,3.0195
CoDE,C-C,1.52,1.525,1948,2.9995
CoDE,C-C,1.525,1.53,1809,2.7855
CoDE,C-C,1.53,1.535,1718,2.6454
CoDE,C-C,1.535,1.54,1496,2.3035
CoDE,C-C,1.54,1.545,1331,2.0495
CoDE,C-C,1.545,1.55,1105,1.7015
CoDE,C-C,1.55,1.555,968,1.4905
CoDE,C-C,1.555,1.56,761,1.1718
CoDE,C-C,1.56,1.565,630,0.9701
CoDE,C-C,1.565,1.57,484,0.7453
CoDE,C-C,1.57,1.575,352,0.542
CoDE,C-C,1.575,1.58,303,0.4666
CoDE,C-C,1.58,1.585,220,0.3388
CoDE,C-C,1.585,1.59,210,0.3234
CoDE,C-C,1.59,1.595,159,0.2448
CoDE,C-C,1.595,1.6,114,0.1755
CoDE,C-C,1.6,1.605,106,0.1632
CoDE,C-C,1.605,1.61,78,0.1201
CoDE,C-C,1.61,1.615,63,0.097
CoDE,C-C,1.615,1.62,51,0.0785
CoDE,C-C,1.62,1.625,49,0.0754
CoDE,C-C,1.625,1.63,38,0.0585
CoDE,C-C,1.63,1.635,34,0.0524
CoDE,C-C,1.635,1.64,27,0.0416
CoDE,C-C,1.64,1.645,38,0.0585
CoDE,C-C,1.645,1.65,25,0.0385
CoDE,C-C,1.65,1.655,18,0.0277
CoDE,C-C,1.655,1.66,21,0.0323
CoDE,C-C,1.66,1.665,6,0.0092
CoDE,C-C,1.665,1.67,7,0.0108
CoDE,C-C,1.67,1.675,20,0.0308
CoDE,C-C,1.675,1.68,8,0.0123
CoDE,C-C,1.68,1.685,17,0.0262
CoDE,C-C,1.685,1.69,8,0.0123
CoDE,C-C,1.69,inf,197,0.3033
CoDE,C=C,-inf,1.1,6,0.0546
CoDE,C=C,1.1,1.105,0,0.0
CoDE,C=C,1.105,1.11,0,0.0
CoDE,C=C,1.11,1.115,2,0.0182
CoDE,C=C,1.115,1.12,0,0.0
CoDE,C=C,1.12,1.125,1,0.0091
CoDE,C=C,1.125,1.13,0,0.0
CoDE,C=C,1.13,1.135,0,0.0
CoDE,C=C,1.135,1.14,1,0.0091
CoDE,C=C,1.14,1.145,0,0.0
CoDE,C=C,1.145,1.15,0,0.0
CoDE,C=C,1.15,1.155,1,0.0091
CoDE,C=C,1.155,1.16,3,0.0273
CoDE,C=C,1.16,1.165,0,0.0
CoDE,C=C,1.165,1.17,1,0.0091
CoDE,C=C,1.17,1.175,1,0.0091
CoDE,C=C,1.175,1.18,0,0.0
CoDE,C=C,1.18,1.185,1,0.0091
CoDE,C=C,1.185,1.19,0,0.0
CoDE,C=C,1.19,1.195,1,0.0091
CoDE,C=C,1.195,1.2,0,0.0
CoDE,C=C,1.2,1.205,0,0.0
CoDE,C=C,1.205,1.21,3,0.0273
CoDE,C=C,1.21,1.215,3,0.0273
CoDE,C=C,1.215,1.22,0,0.0
CoDE,C=C,1.22,1.225,2,0.0182
CoDE,C=C,1.225,1.23,0,0.0
CoDE,C=C,1.23,1.235,1,0.0091
CoDE,C=C,1.235,1.24,2,0.0182
CoDE,C=C,1.24,1.245,1,0.0091
CoDE,C=C,1.245,1.25,5,0.0455
CoDE,C=C,1.25,1.255,1,0.0091
CoDE,C=C,1.255,1.26,0,0.0
CoDE,C=C,1.26,1.265,1,0.0091
CoDE,C=C,1.265,1.27,5,0.0455
CoDE,C=C,1.27,1.275,6,0.0546
CoDE,C=C,1.275,1.28,1,0.0091
CoDE,C=C,1.28,1.285,3,0.0273
CoDE,C=C,1.285,1.29,6,0.0546
CoDE,C=C,1.29,1.295,2,0.0182
CoDE,C=C,1.295,1.3,4,0.0364
CoDE,C=C,1.3,1.305,9,0.0819
CoDE,C=C,1.305,1.31,4,0.0364
CoDE,C=C,1.31,1.315,9,0.0819
CoDE,C=C,1.315,1.32,9,0.0819
CoDE,C=C,1.32,1.325,23,0.2092
CoDE,C=C,1.325,1.33,29,0.2638
CoDE,C=C,1.33,1.335,38,0.3456
CoDE,C=C,1.335,1.34,42,0.382
CoDE,C=C,1.34,1.345,86,0.7822
CoDE,C=C,1.345,1.35,121,1.1006
CoDE,C=C,1.35,1.355,186,1.6918
CoDE,C=C,1.355,1.36,286,2.6014
CoDE,C=C,1.36,1.365,408,3.7111
CoDE,C=C,1.365,1.37,551,5.0118
CoDE,C=C,1.37,1.375,639,5.8123
CoDE,C=C,1.375,1.38,817,7.4313
CoDE,C=C,1.38,1.385,866,7.877
CoDE,C=C,1.385,1.39,866,7.877
CoDE,C=C,1.39,1.395,816,7.4222
CoDE,C=C,1.395,1.4,752,6.8401
CoDE,C=C,1.4,1.405,640,5.8214
CoDE,C=C,1.405,1.41,614,5.5849
CoDE,C=C,1.41,1.415,456,4.1477
CoDE,C=C,1.415,1.42,372,3.3837
CoDE,C=C,1.42,1.425,339,3.0835
CoDE,C=C,1.425,1.43,300,2.7288
CoDE,C=C,1.43,1.435,242,2.2012
CoDE,C=C,1.435,1.44,203,1.8465
CoDE,C=C,1.44,1.445,177,1.61
CoDE,C=C,1.445,1.45,143,1.3007
CoDE,C=C,1.45,1.455,100,0.9096
CoDE,C=C,1.455,1.46,103,0.9369
CoDE,C=C,1.46,1.465,81,0.7368
CoDE,C=C,1.465,1.47,94,0.855
CoDE,C=C,1.47,1.475,68,0.6185
CoDE,C=C,1.475,1.48,72,0.6549
CoDE,C=C,1.48,1.485,52,0.473
CoDE,C=C,1.485,1.49,58,0.5276
CoDE,C=C,1.49,1.495,44,0.4002
CoDE,C=C,1.495,1.5,36,0.3275
CoDE,C=C,1.5,1.505,33,0.3002
CoDE,C=C,1.505,1.51,38,0.3456
CoDE,C=C,1.51,1.515,23,0.2092
CoDE,C=C,1.515,1.52,17,0.1546
CoDE,C=C,1.52,1.525,12,0.1092
CoDE,C=C,1.525,1.53,9,0.0819
CoDE,C=C,1.53,1.535,12,0.1092
CoDE,C=C,1.535,1.54,5,0.0455
CoDE,C=C,1.54,1.545,9,0.0819
CoDE,C=C,1.545,1.55,3,0.0273
CoDE,C=C,1.55,1.555,4,0.0364
CoDE,C=C,1.555,1.56,2,0.0182
CoDE,C=C,1.56,1.565,1,0.0091
CoDE,C=C,1.565,1.57,1,0.0091
CoDE,C=C,1.57,1.575,0,0.0
CoDE,C=C,1.575,1.58,2,0.0182
CoDE,C=C,1.58,1.585,0,0.0
CoDE,C=C,1.585,1.59,2,0.0182
CoDE,C=C,1.59,1.595,1,0.0091
CoDE,C=C,1.595,1.6,0,0.0
CoDE,C=C,1.6,1.605,0,0.0
CoDE,C=C,1.605,1.61,0,0.0
CoDE,C=C,1.61,1.615,0,0.0
CoDE,C=C,1.615,1.62,1,0.0091
CoDE,C=C,1.62,1.625,0,0.0
CoDE,C=C,1.625,1.63,0,0.0
CoDE,C=C,1.63,1.635,0,0.0
CoDE,C=C,1.635,1.64,0,0.0
CoDE,C=C,1.64,1.645,0,0.0
CoDE,C=C,1.645,1.65,1,0.0091
CoDE,C=C,1.65,1.655,0,0.0
CoDE,C=C,1.655,1.66,0,0.0
CoDE,C=C,1.66,1.665,1,0.0091
CoDE,C=C,1.665,1.67,1,0.0091
CoDE,C=C,1.67,1.675,0,0.0
CoDE,C=C,1.675,1.68,0,0.0
CoDE,C=C,1.68,1.685,0,0.0
CoDE,C=C,1.685,1.69,0,0.0
CoDE,C=C,1.69,inf,1,0.0091
CoDE,C-N,-inf,1.1,46,0.143
CoDE,C-N,1.1,1.105,2,0.0062
CoDE,C-N,1.105,1.11,3,0.0093
CoDE,C-N,1.11,1.115,2,0.0062
CoDE,C-N,1.115,1.12,2,0.0062
CoDE,C-N,1.12,1.125,2,0.0062
CoDE,C-N,1.125,1.13,0,0.0
CoDE,C-N,1.13,1.135,4,0.0124
CoDE,C-N,1.135,1.14,1,0.0031
CoDE,C-N,1.14,1.145,0,0.0
CoDE,C-N,1.145,1.15,1,0.0031
CoDE,C-N,1.15,1.155,3,0.0093
CoDE,C-N,1.155,1.16,2,0.0062
CoDE,C-N,1.16,1.165,1,0.0031
CoDE,C-N,1.165,1.17,0,0.0
CoDE,C-N,1.17,1.175,2,0.0062
CoDE,C-N,1.175,1.18,2,0.0062
CoDE,C-N,1.18,1.185,1,0.0031
CoDE,C-N,1.185,1.19,5,0.0155
CoDE,C-N,1.19,1.195,2,0.0062
CoDE,C-N,1.195,1.2,3,0.0093
CoDE,C-N,1.2,1.205,5,0.0155
CoDE,C-N,1.205,1.21,3,0.0093
CoDE,C-N,1.21,1.215,2,0.0062
CoDE,C-N,1.215,1.22,2,0.0062
CoDE,C-N,1.22,1.225,6,0.0186
CoDE,C-N,1.225,1.23,7,0.0218
CoDE,C-N,1.23,1.235,10,0.0311
CoDE,C-N,1.235,1.24,11,0.0342
CoDE,C-N,1.24,1.245,14,0.0435
CoDE,C-N,1.245,1.25,14,0.0435
CoDE,C-N,1.25,1.255,20,0.0622
CoDE,C-N,1.255,1.26,17,0.0528
CoDE,C-N,1.26,1.265,15,0.0466
CoDE,C-N,1.265,1.27,27,0.0839
CoDE,C-N,1.27,1.275,29,0.0901
CoDE,C-N,1.275,1.28,24,0.0746
CoDE,C-N,1.28,1.285,29,0.0901
CoDE,C-N,1.285,1.29,43,0.1336
CoDE,C-N,1.29,1.295,63,0.1958
CoDE,C-N,1.295,1.3,85,0.2642
CoDE,C-N,1.3,1.305,129,0.4009
CoDE,C-N,1.305,1.31,162,0.5035
CoDE,C-N,1.31,1.315,239,0.7428
CoDE,C-N,1.315,1.32,298,0.9262
CoDE,C-N,1.32,1.325,381,1.1841
CoDE,C-N,1.325,1.33,487,1.5136
CoDE,C-N,1.33,1.335,639,1.986
CoDE,C-N,1.335,1.34,781,2.4274
CoDE,C-N,1.34,1.345,888,2.7599
CoDE,C-N,1.345,1.35,1095,3.4033
CoDE,C-N,1.35,1.355,1211,3.7638
CoDE,C-N,1.355,1.36,1294,4.0218
CoDE,C-N,1.36,1.365,1271,3.9503
CoDE,C-N,1.365,1.37,1264,3.9285
CoDE,C-N,1.37,1.375,1313,4.0808
CoDE,C-N,1.375,1.38,1241,3.857
CoDE,C-N,1.38,1.385,1215,3.7762
CoDE,C-N,1.385,1.39,1143,3.5524
CoDE,C-N,1.39,1.395,1059,3.2914
CoDE,C-N,1.395,1.4,1063,3.3038
CoDE,C-N,1.4,1.405,1024,3.1826
CoDE,C-N,1.405,1.41,995,3.0925
CoDE,C-N,1.41,1.415,914,2.8407
CoDE,C-N,1.415,1.42,866,2.6915
CoDE,C-N,1.42,1.425,819,2.5455
CoDE,C-N,1.425,1.43,826,2.5672
CoDE,C-N,1.43,1.435,845,2.6263
CoDE,C-N,1.435,1.44,783,2.4336
CoDE,C-N,1.44,1.445,797,2.4771
CoDE,C-N,1.445,1.45,719,2.2347
CoDE,C-N,1.45,1.455,715,2.2222
CoDE,C-N,1.455,1.46,718,2.2315
CoDE,C-N,1.46,1.465,601,1.8679
CoDE,C-N,1.465,1.47,550,1.7094
CoDE,C-N,1.47,1.475,490,1.5229
CoDE,C-N,1.475,1.48,482,1.4981
CoDE,C-N,1.48,1.485,377,1.1717
CoDE,C-N,1.485,1.49,347,1.0785
CoDE,C-N,1.49,1.495,274,0.8516
CoDE,C-N,1.495,1.5,224,0.6962
CoDE,C-N,1.5,1.505,183,0.5688
CoDE,C-N,1.505,1.51,173,0.5377
CoDE,C-N,1.51,1.515,110,0.3419
CoDE,C-N,1.515,1.52,98,0.3046
CoDE,C-N,1.52,1.525,82,0.2549
CoDE,C-N,1.525,1.53,64,0.1989
CoDE,C-N,1.53,1.535,51,0.1585
CoDE,C-N,1.535,1.54,46,0.143
CoDE,C-N,1.54,1.545,31,0.0963
CoDE,C-N,1.545,1.55,31,0.0963
CoDE,C-N,1.55,1.555,21,0.0653
CoDE,C-N,1.555,1.56,22,0.0684
CoDE,C-N,1.56,1.565,13,0.0404
CoDE,C-N,1.565,1.57,12,0.0373
CoDE,C-N,1.57,1.575,11,0.0342
CoDE,C-N,1.575,1.58,11,0.0342
CoDE,C-N,1.58,1.585,14,0.0435
CoDE,C-N,1.585,1.59,6,0.0186
CoDE,C-N,1.59,1.595,13,0.0404
CoDE,C-N,1.595,1.6,8,0.0249
CoDE,C-N,1.6,1.605,10,0.0311
CoDE,C-N,1.605,1.61,1,0.0031
CoDE,C-N,1.61,1.615,7,0.0218
CoDE,C-N,1.615,1.62,7,0.0218
CoDE,C-N,1.62,1.625,5,0.0155
CoDE,C-N,1.625,1.63,6,0.0186
CoDE,C-N,1.63,1.635,4,0.0124
CoDE,C-N,1.635,1.64,6,0.0186
CoDE,C-N,1.64,1.645,3,0.0093
CoDE,C-N,1.645,1.65,3,0.0093
CoDE,C-N,1.65,1.655,3,0.0093
CoDE,C-N,1.655,1.66,3,0.0093
CoDE,C-N,1.66,1.665,7,0.0218
CoDE,C-N,1.665,1.67,4,0.0124
CoDE,C-N,1.67,1.675,2,0.0062
CoDE,C-N,1.675,1.68,1,0.0031
CoDE,C-N,1.68,1.685,2,0.0062
CoDE,C-N,1.685,1.69,2,0.0062
CoDE,C-N,1.69,inf,50,0.1554
CoDE,C=N,-inf,1.1,6,0.1183
CoDE,C=N,1.1,1.105,0,0.0
CoDE,C=N,1.105,1.11,0,0.0
CoDE,C=N,1.11,1.115,0,0.0
CoDE,C=N,1.115,1.12,1,0.0197
CoDE,C=N,1.12,1.125,0,0.0
CoDE,C=N,1.125,1.13,2,0.0394
CoDE,C=N,1.13,1.135,0,0.0
CoDE,C=N,1.135,1.14,1,0.0197
CoDE,C=N,1.14,1.145,2,0.0394
CoDE,C=N,1.145,1.15,0,0.0
CoDE,C=N,1.15,1.155,0,0.0
CoDE,C=N,1.155,1.16,1,0.0197
CoDE,C=N,1.16,1.165,0,0.0
CoDE,C=N,1.165,1.17,1,0.0197
CoDE,C=N,1.17,1.175,0,0.0
CoDE,C=N,1.175,1.18,0,0.0
CoDE,C=N,1.18,1.185,4,0.0789
CoDE,C=N,1.185,1.19,2,0.0394
CoDE,C=N,1.19,1.195,6,0.1183
CoDE,C=N,1.195,1.2,2,0.0394
CoDE,C=N,1.2,1.205,6,0.1183
CoDE,C=N,1.205,1.21,3,0.0591
CoDE,C=N,1.21,1.215,3,0.0591
CoDE,C=N,1.215,1.22,8,0.1577
CoDE,C=N,1.22,1.225,3,0.0591
CoDE,C=N,1.225,1.23,2,0.0394
CoDE,C=N,1.23,1.235,8,0.1577
CoDE,C=N,1.235,1.24,3,0.0591
CoDE,C=N,1.24,1.245,9,0.1774
CoDE,C=N,1.245,1.25,8,0.1577
CoDE,C=N,1.25,1.255,8,0.1577
CoDE,C=N,1.255,1.26,9,0.1774
CoDE,C=N,1.26,1.265,14,0.276
CoDE,C=N,1.265,1.27,13,0.2563
CoDE,C=N,1.27,1.275,16,0.3155
CoDE,C=N,1.275,1.28,21,0.414
CoDE,C=N,1.28,1.285,44,0.8675
CoDE,C=N,1.285,1.29,28,0.5521
CoDE,C=N,1.29,1.295,58,1.1435
CoDE,C=N,1.295,1.3,65,1.2815
CoDE,C=N,1.3,1.305,81,1.597
CoDE,C=N,1.305,1.31,108,2.1293
CoDE,C=N,1.31,1.315,129,2.5434
CoDE,C=N,1.315,1.32,176,3.47
CoDE,C=N,1.32,1.325,215,4.239
CoDE,C=N,1.325,1.33,245,4.8304
CoDE,C=N,1.33,1.335,304,5.9937
CoDE,C=N,1.335,1.34,321,6.3289
CoDE,C=N,1.34,1.345,335,6.6049
CoDE,C=N,1.345,1.35,343,6.7626
CoDE,C=N,1.35,1.355,337,6.6443
CoDE,C=N,1.355,1.36,299,5.8951
CoDE,C=N,1.36,1.365,264,5.205
CoDE,C=N,1.365,1.37,284,5.5994
CoDE,C=N,1.37,1.375,239,4.7121
CoDE,C=N,1.375,1.38,199,3.9235
CoDE,C=N,1.38,1.385,147,2.8983
CoDE,C=N,1.385,1.39,138,2.7208
CoDE,C=N,1.39,1.395,116,2.2871
CoDE,C=N,1.395,1.4,81,1.597
CoDE,C=N,1.4,1.405,66,1.3013
CoDE,C=N,1.405,1.41,66,1.3013
CoDE,C=N,1.41,1.415,44,0.8675
CoDE,C=N,1.415,1.42,29,0.5718
CoDE,C=N,1.42,1.425,24,0.4732
CoDE,C=N,1.425,1.43,20,0.3943
CoDE,C=N,1.43,1.435,18,0.3549
CoDE,C=N,1.435,1.44,10,0.1972
CoDE,C=N,1.44,1.445,14,0.276
CoDE,C=N,1.445,1.45,13,0.2563
CoDE,C=N,1.45,1.455,10,0.1972
CoDE,C=N,1.455,1.46,7,0.138
CoDE,C=N,1.46,1.465,8,0.1577
CoDE,C=N,1.465,1.47,4,0.0789
CoDE,C=N,1.47,1.475,3,0.0591
CoDE,C=N,1.475,1.48,4,0.0789
CoDE,C=N,1.48,1.485,3,0.0591
CoDE,C=N,1.485,1.49,1,0.0197
CoDE,C=N,1.49,1.495,1,0.0197
CoDE,C=N,1.495,1.5,1,0.0197
CoDE,C=N,1.5,1.505,1,0.0197
CoDE,C=N,1.505,1.51,0,0.0
CoDE,C=N,1.51,1.515,0,0.0
CoDE,C=N,1.515,1.52,0,0.0
CoDE,C=N,1.52,1.525,0,0.0
CoDE,C=N,1.525,1.53,1,0.0197
CoDE,C=N,1.53,1.535,0,0.0
CoDE,C=N,1.535,1.54,0,0.0
CoDE,C=N,1.54,1.545,0,0.0
CoDE,C=N,1.545,1.55,1,0.0197
CoDE,C=N,1.55,1.555,0,0.0
CoDE,C=N,1.555,1.56,0,0.0
CoDE,C=N,1.56,1.565,0,0.0
CoDE,C=N,1.565,1.57,0,0.0
CoDE,C=N,1.57,1.575,0,0.0
CoDE,C=N,1.575,1.58,0,0.0
CoDE,C=N,1.58,1.585,0,0.0
CoDE,C=N,1.585,1.59,0,0.0
CoDE,C=N,1.59,1.595,0,0.0
CoDE,C=N,1.595,1.6,0,0.0
CoDE,C=N,1.6,1.605,1,0.0197
CoDE,C=N,1.605,1.61,1,0.0197
CoDE,C=N,1.61,1.615,0,0.0
CoDE,C=N,1.615,1.62,0,0.0
CoDE,C=N,1.62,1.625,0,0.0
CoDE,C=N,1.625,1.63,0,0.0
CoDE,C=N,1.63,1.635,0,0.0
CoDE,C=N,1.635,1.64,0,0.0
CoDE,C=N,1.64,1.645,0,0.0
CoDE,C=N,1.645,1.65,0,0.0
CoDE,C=N,1.65,1.655,0,0.0
CoDE,C=N,1.655,1.66,0,0.0
CoDE,C=N,1.66,1.665,0,0.0
CoDE,C=N,1.665,1.67,0,0.0
CoDE,C=N,1.67,1.675,0,0.0
CoDE,C=N,1.675,1.68,0,0.0
CoDE,C=N,1.68,1.685,0,0.0
CoDE,C=N,1.685,1.69,0,0.0
CoDE,C=N,1.69,inf,3,0.0591
CoDE,C-O,-inf,1.1,74,0.5272
CoDE,C-O,1.1,1.105,6,0.0427
CoDE,C-O,1.105,1.11,3,0.0214
CoDE,C-O,1.11,1.115,2,0.0142
CoDE,C-O,1.115,1.12,0,0.0
CoDE,C-O,1.12,1.125,2,0.0142
CoDE,C-O,1.125,1.13,0,0.0
CoDE,C-O,1.13,1.135,1,0.0071
CoDE,C-O,1.135,1.14,1,0.0071
CoDE,C-O,1.14,1.145,2,0.0142
CoDE,C-O,1.145,1.15,0,0.0
CoDE,C-O,1.15,1.155,2,0.0142
CoDE,C-O,1.155,1.16,4,0.0285
CoDE,C-O,1.16,1.165,6,0.0427
CoDE,C-O,1.165,1.17,9,0.0641
CoDE,C-O,1.17,1.175,11,0.0784
CoDE,C-O,1.175,1.18,11,0.0784
CoDE,C-O,1.18,1.185,16,0.114
CoDE,C-O,1.185,1.19,5,0.0356
CoDE,C-O,1.19,1.195,15,0.1069
CoDE,C-O,1.195,1.2,8,0.057
CoDE,C-O,1.2,1.205,15,0.1069
CoDE,C-O,1.205,1.21,24,0.171
CoDE,C-O,1.21,1.215,32,0.228
CoDE,C-O,1.215,1.22,27,0.1923
CoDE,C-O,1.22,1.225,57,0.4061
CoDE,C-O,1.225,1.23,57,0.4061
CoDE,C-O,1.23,1.235,84,0.5984
CoDE,C-O,1.235,1.24,89,0.634
CoDE,C-O,1.24,1.245,111,0.7908
CoDE,C-O,1.245,1.25,116,0.8264
CoDE,C-O,1.25,1.255,134,0.9546
CoDE,C-O,1.255,1.26,130,0.9261
CoDE,C-O,1.26,1.265,129,0.919
CoDE,C-O,1.265,1.27,143,1.0187
CoDE,C-O,1.27,1.275,138,0.9831
CoDE,C-O,1.275,1.28,102,0.7267
CoDE,C-O,1.28,1.285,106,0.7551
CoDE,C-O,1.285,1.29,171,1.2182
CoDE,C-O,1.29,1.295,191,1.3607
CoDE,C-O,1.295,1.3,171,1.2182
CoDE,C-O,1.3,1.305,195,1.3892
CoDE,C-O,1.305,1.31,196,1.3963
CoDE,C-O,1.31,1.315,191,1.3607
CoDE,C-O,1.315,1.32,247,1.7596
CoDE,C-O,1.32,1.325,269,1.9164
CoDE,C-O,1.325,1.33,249,1.7739
CoDE,C-O,1.33,1.335,302,2.1515
CoDE,C-O,1.335,1.34,328,2.3367
CoDE,C-O,1.34,1.345,344,2.4507
CoDE,C-O,1.345,1.35,386,2.7499
CoDE,C-O,1.35,1.355,382,2.7214
CoDE,C-O,1.355,1.36,378,2.6929
CoDE,C-O,1.36,1.365,395,2.814
CoDE,C-O,1.365,1.37,420,2.9921
CoDE,C-O,1.37,1.375,421,2.9992
CoDE,C-O,1.375,1.38,457,3.2557
CoDE,C-O,1.38,1.385,450,3.2058
CoDE,C-O,1.385,1.39,438,3.1203
CoDE,C-O,1.39,1.395,440,3.1346
CoDE,C-O,1.395,1.4,450,3.2058
CoDE,C-O,1.4,1.405,414,2.9493
CoDE,C-O,1.405,1.41,428,3.0491
CoDE,C-O,1.41,1.415,410,2.9209
CoDE,C-O,1.415,1.42,416,2.9636
CoDE,C-O,1.42,1.425,368,2.6216
CoDE,C-O,1.425,1.43,376,2.6786
CoDE,C-O,1.43,1.435,315,2.2441
CoDE,C-O,1.435,1.44,304,2.1657
CoDE,C-O,1.44,1.445,270,1.9235
CoDE,C-O,1.445,1.45,211,1.5032
CoDE,C-O,1.45,1.455,198,1.4106
CoDE,C-O,1.455,1.46,173,1.2325
CoDE,C-O,1.46,1.465,134,0.9546
CoDE,C-O,1.465,1.47,114,0.8121
CoDE,C-O,1.47,1.475,88,0.6269
CoDE,C-O,1.475,1.48,78,0.5557
CoDE,C-O,1.48,1.485,76,0.5414
CoDE,C-O,1.485,1.49,47,0.3348
CoDE,C-O,1.49,1.495,46,0.3277
CoDE,C-O,1.495,1.5,48,0.342
CoDE,C-O,1.5,1.505,44,0.3135
CoDE,C-O,1.505,1.51,27,0.1923
CoDE,C-O,1.51,1.515,29,0.2066
CoDE,C-O,1.515,1.52,16,0.114
CoDE,C-O,1.52,1.525,15,0.1069
CoDE,C-O,1.525,1.53,15,0.1069
CoDE,C-O,1.53,1.535,21,0.1496
CoDE,C-O,1.535,1.54,16,0.114
CoDE,C-O,1.54,1.545,13,0.0926
CoDE,C-O,1.545,1.55,9,0.0641
CoDE,C-O,1.55,1.555,10,0.0712
CoDE,C-O,1.555,1.56,7,0.0499
CoDE,C-O,1.56,1.565,11,0.0784
CoDE,C-O,1.565,1.57,8,0.057
CoDE,C-O,1.57,1.575,8,0.057
CoDE,C-O,1.575,1.58,6,0.0427
CoDE,C-O,1.58,1.585,7,0.0499
CoDE,C-O,1.585,1.59,8,0.057
CoDE,C-O,1.59,1.595,10,0.0712
CoDE,C-O,1.595,1.6,6,0.0427
CoDE,C-O,1.6,1.605,6,0.0427
CoDE,C-O,1.605,1.61,5,0.0356
CoDE,C-O,1.61,1.615,2,0.0142
CoDE,C-O,1.615,1.62,3,0.0214
CoDE,C-O,1.62,1.625,10,0.0712
CoDE,C-O,1.625,1.63,4,0.0285
CoDE,C-O,1.63,1.635,2,0.0142
CoDE,C-O,1.635,1.64,3,0.0214
CoDE,C-O,1.64,1.645,3,0.0214
CoDE,C-O,1.645,1.65,5,0.0356
CoDE,C-O,1.65,1.655,3,0.0214
CoDE,C-O,1.655,1.66,4,0.0285
CoDE,C-O,1.66,1.665,5,0.0356
CoDE,C-O,1.665,1.67,0,0.0
CoDE,C-O,1.67,1.675,0,0.0
CoDE,C-O,1.675,1.68,1,0.0071
CoDE,C-O,1.68,1.685,5,0.0356
CoDE,C-O,1.685,1.69,1,0.0071
CoDE,C-O,1.69,inf,32,0.228
CoDE,C=O,-inf,1.1,32,0.4179
CoDE,C=O,1.1,1.105,3,0.0392
CoDE,C=O,1.105,1.11,1,0.0131
CoDE,C=O,1.11,1.115,4,0.0522
CoDE,C=O,1.115,1.12,5,0.0653
CoDE,C=O,1.12,1.125,1,0.0131
CoDE,C=O,1.125,1.13,9,0.1175
CoDE,C=O,1.13,1.135,5,0.0653
CoDE,C=O,1.135,1.14,15,0.1959
CoDE,C=O,1.14,1.145,6,0.0783
CoDE,C=O,1.145,1.15,17,0.222
CoDE,C=O,1.15,1.155,19,0.2481
CoDE,C=O,1.155,1.16,19,0.2481
CoDE,C=O,1.16,1.165,29,0.3787
CoDE,C=O,1.165,1.17,32,0.4179
CoDE,C=O,1.17,1.175,40,0.5223
CoDE,C=O,1.175,1.18,60,0.7835
CoDE,C=O,1.18,1.185,74,0.9663
CoDE,C=O,1.185,1.19,88,1.1491
CoDE,C=O,1.19,1.195,131,1.7106
CoDE,C=O,1.195,1.2,143,1.8673
CoDE,C=O,1.2,1.205,197,2.5725
CoDE,C=O,1.205,1.21,226,2.9512
CoDE,C=O,1.21,1.215,285,3.7216
CoDE,C=O,1.215,1.22,323,4.2178
CoDE,C=O,1.22,1.225,368,4.8054
CoDE,C=O,1.225,1.23,419,5.4714
CoDE,C=O,1.23,1.235,469,6.1243
CoDE,C=O,1.235,1.24,410,5.3539
CoDE,C=O,1.24,1.245,438,5.7195
CoDE,C=O,1.245,1.25,447,5.837
CoDE,C=O,1.25,1.255,425,5.5498
CoDE,C=O,1.255,1.26,376,4.9099
CoDE,C=O,1.26,1.265,392,5.1188
CoDE,C=O,1.265,1.27,356,4.6487
CoDE,C=O,1.27,1.275,307,4.0089
CoDE,C=O,1.275,1.28,268,3.4996
CoDE,C=O,1.28,1.285,262,3.4213
CoDE,C=O,1.285,1.29,154,2.011
CoDE,C=O,1.29,1.295,120,1.567
CoDE,C=O,1.295,1.3,108,1.4103
CoDE,C=O,1.3,1.305,81,1.0577
CoDE,C=O,1.305,1.31,77,1.0055
CoDE,C=O,1.31,1.315,50,0.6529
CoDE,C=O,1.315,1.32,57,0.7443
CoDE,C=O,1.32,1.325,49,0.6399
CoDE,C=O,1.325,1.33,41,0.5354
CoDE,C=O,1.33,1.335,30,0.3917
CoDE,C=O,1.335,1.34,34,0.444
CoDE,C=O,1.34,1.345,20,0.2612
CoDE,C=O,1.345,1.35,17,0.222
CoDE,C=O,1.35,1.355,19,0.2481
CoDE,C=O,1.355,1.36,13,0.1698
CoDE,C=O,1.36,1.365,11,0.1436
CoDE,C=O,1.365,1.37,8,0.1045
CoDE,C=O,1.37,1.375,5,0.0653
CoDE,C=O,1.375,1.38,10,0.1306
CoDE,C=O,1.38,1.385,4,0.0522
CoDE,C=O,1.385,1.39,7,0.0914
CoDE,C=O,1.39,1.395,2,0.0261
CoDE,C=O,1.395,1.4,1,0.0131
CoDE,C=O,1.4,1.405,3,0.0392
CoDE,C=O,1.405,1.41,2,0.0261
CoDE,C=O,1.41,1.415,2,0.0261
CoDE,C=O,1.415,1.42,5,0.0653
CoDE,C=O,1.42,1.425,1,0.0131
CoDE,C=O,1.425,1.43,1,0.0131
CoDE,C=O,1.43,1.435,0,0.0
CoDE,C=O,1.435,1.44,4,0.0522
CoDE,C=O,1.44,1.445,1,0.0131
CoDE,C=O,1.445,1.45,2,0.0261
CoDE,C=O,1.45,1.455,0,0.0
CoDE,C=O,1.455,1.46,1,0.0131
CoDE,C=O,1.46,1.465,0,0.0
CoDE,C=O,1.465,1.47,0,0.0
CoDE,C=O,1.47,1.475,1,0.0131
CoDE,C=O,1.475,1.48,3,0.0392
CoDE,C=O,1.48,1.485,0,0.0
CoDE,C=O,1.485,1.49,1,0.0131
CoDE,C=O,1.49,1.495,0,0.0
CoDE,C=O,1.495,1.5,0,0.0
CoDE,C=O,1.5,1.505,1,0.0131
CoDE,C=O,1.505,1.51,1,0.0131
CoDE,C=O,1.51,1.515,0,0.0
CoDE,C=O,1.515,1.52,0,0.0
CoDE,C=O,1.52,1.525,0,0.0
CoDE,C=O,1.525,1.53,0,0.0
CoDE,C=O,1.53,1.535,1,0.0131
CoDE,C=O,1.535,1.54,0,0.0
CoDE,C=O,1.54,1.545,0,0.0
CoDE,C=O,1.545,1.55,0,0.0
CoDE,C=O,1.55,1.555,1,0.0131
CoDE,C=O,1.555,1.56,0,0.0
CoDE,C=O,1.56,1.565,0,0.0
CoDE,C=O,1.565,1.57,0,0.0
CoDE,C=O,1.57,1.575,0,0.0
CoDE,C=O,1.575,1.58,0,0.0
CoDE,C=O,1.58,1.585,0,0.0
CoDE,C=O,1.585,1.59,0,0.0
CoDE,C=O,1.59,1.595,1,0.0131
CoDE,C=O,1.595,1.6,0,0.0
CoDE,C=O,1.6,1.605,0,0.0
CoDE,C=O,1.605,1.61,0,0.0
CoDE,C=O,1.61,1.615,0,0.0
CoDE,C=O,1.615,1.62,1,0.0131
CoDE,C=O,1.62,1.625,0,0.0
CoDE,C=O,1.625,1.63,0,0.0
CoDE,C=O,1.63,1.635,0,0.0
CoDE,C=O,1.635,1.64,1,0.0131
CoDE,C=O,1.64,1.645,0,0.0
CoDE,C=O,1.645,1.65,0,0.0
CoDE,C=O,1.65,1.655,1,0.0131
CoDE,C=O,1.655,1.66,0,0.0
CoDE,C=O,1.66,1.665,1,0.0131
CoDE,C=O,1.665,1.67,0,0.0
CoDE,C=O,1.67,1.675,0,0.0
CoDE,C=O,1.675,1.68,0,0.0
CoDE,C=O,1.68,1.685,0,0.0
CoDE,C=O,1.685,1.69,0,0.0
CoDE,C=O,1.69,inf,3,0.0392
CoDE,C:C,-inf,1.1,1,0.0017
CoDE,C:C,1.1,1.105,0,0.0
CoDE,C:C,1.105,1.11,0,0.0
CoDE,C:C,1.11,1.115,0,0.0
CoDE,C:C,1.115,1.12,0,0.0
CoDE,C:C,1.12,1.125,0,0.0
CoDE,C:C,1.125,1.13,0,0.0
CoDE,C:C,1.13,1.135,0,0.0
CoDE,C:C,1.135,1.14,0,0.0
CoDE,C:C,1.14,1.145,0,0.0
CoDE,C:C,1.145,1.15,0,0.0
CoDE,C:C,1.15,1.155,0,0.0
CoDE,C:C,1.155,1.16,0,0.0
CoDE,C:C,1.16,1.165,1,0.0017
CoDE,C:C,1.165,1.17,1,0.0017
CoDE,C:C,1.17,1.175,0,0.0
CoDE,C:C,1.175,1.18,0,0.0
CoDE,C:C,1.18,1.185,1,0.0017
CoDE,C:C,1.185,1.19,0,0.0
CoDE,C:C,1.19,1.195,0,0.0
CoDE,C:C,1.195,1.2,2,0.0034
CoDE,C:C,1.2,1.205,1,0.0017
CoDE,C:C,1.205,1.21,0,0.0
CoDE,C:C,1.21,1.215,0,0.0
CoDE,C:C,1.215,1.22,0,0.0
CoDE,C:C,1.22,1.225,1,0.0017
CoDE,C:C,1.225,1.23,0,0.0
CoDE,C:C,1.23,1.235,2,0.0034
CoDE,C:C,1.235,1.24,0,0.0
CoDE,C:C,1.24,1.245,1,0.0017
CoDE,C:C,1.245,1.25,1,0.0017
CoDE,C:C,1.25,1.255,0,0.0
CoDE,C:C,1.255,1.26,1,0.0017
CoDE,C:C,1.26,1.265,3,0.0051
CoDE,C:C,1.265,1.27,1,0.0017
CoDE,C:C,1.27,1.275,2,0.0034
CoDE,C:C,1.275,1.28,2,0.0034
CoDE,C:C,1.28,1.285,0,0.0
CoDE,C:C,1.285,1.29,6,0.0102
CoDE,C:C,1.29,1.295,5,0.0085
CoDE,C:C,1.295,1.3,6,0.0102
CoDE,C:C,1.3,1.305,12,0.0203
CoDE,C:C,1.305,1.31,9,0.0152
CoDE,C:C,1.31,1.315,11,0.0186
CoDE,C:C,1.315,1.32,15,0.0254
CoDE,C:C,1.32,1.325,32,0.0542
CoDE,C:C,1.325,1.33,42,0.0712
CoDE,C:C,1.33,1.335,61,0.1034
CoDE,C:C,1.335,1.34,108,0.183
CoDE,C:C,1.34,1.345,186,0.3151
CoDE,C:C,1.345,1.35,272,0.4609
CoDE,C:C,1.35,1.355,484,0.8201
CoDE,C:C,1.355,1.36,740,1.2538
CoDE,C:C,1.36,1.365,1185,2.0078
CoDE,C:C,1.365,1.37,1756,2.9753
CoDE,C:C,1.37,1.375,2539,4.3019
CoDE,C:C,1.375,1.38,3313,5.6134
CoDE,C:C,1.38,1.385,4174,7.0722
CoDE,C:C,1.385,1.39,4997,8.4666
CoDE,C:C,1.39,1.395,5396,9.1427
CoDE,C:C,1.395,1.4,5417,9.1782
CoDE,C:C,1.4,1.405,5506,9.329
CoDE,C:C,1.405,1.41,4862,8.2379
CoDE,C:C,1.41,1.415,4191,7.101
CoDE,C:C,1.415,1.42,3424,5.8014
CoDE,C:C,1.42,1.425,2819,4.7763
CoDE,C:C,1.425,1.43,2052,3.4768
CoDE,C:C,1.43,1.435,1523,2.5805
CoDE,C:C,1.435,1.44,1155,1.957
CoDE,C:C,1.44,1.445,783,1.3267
CoDE,C:C,1.445,1.45,536,0.9082
CoDE,C:C,1.45,1.455,440,0.7455
CoDE,C:C,1.455,1.46,272,0.4609
CoDE,C:C,1.46,1.465,184,0.3118
CoDE,C:C,1.465,1.47,120,0.2033
CoDE,C:C,1.47,1.475,109,0.1847
CoDE,C:C,1.475,1.48,81,0.1372
CoDE,C:C,1.48,1.485,50,0.0847
CoDE,C:C,1.485,1.49,35,0.0593
CoDE,C:C,1.49,1.495,17,0.0288
CoDE,C:C,1.495,1.5,23,0.039
CoDE,C:C,1.5,1.505,12,0.0203
CoDE,C:C,1.505,1.51,10,0.0169
CoDE,C:C,1.51,1.515,9,0.0152
CoDE,C:C,1.515,1.52,3,0.0051
CoDE,C:C,1.52,1.525,3,0.0051
CoDE,C:C,1.525,1.53,1,0.0017
CoDE,C:C,1.53,1.535,5,0.0085
CoDE,C:C,1.535,1.54,1,0.0017
CoDE,C:C,1.54,1.545,1,0.0017
CoDE,C:C,1.545,1.55,2,0.0034
CoDE,C:C,1.55,1.555,1,0.0017
CoDE,C:C,1.555,1.56,0,0.0
CoDE,C:C,1.56,1.565,0,0.0
CoDE,C:C,1.565,1.57,0,0.0
CoDE,C:C,1.57,1.575,0,0.0
CoDE,C:C,1.575,1.58,0,0.0
CoDE,C:C,1.58,1.585,0,0.0
CoDE,C:C,1.585,1.59,0,0.0
CoDE,C:C,1.59,1.595,0,0.0
CoDE,C:C,1.595,1.6,1,0.0017
CoDE,C:C,1.6,1.605,0,0.0
CoDE,C:C,1.605,1.61,0,0.0
CoDE,C:C,1.61,1.615,0,0.0
CoDE,C:C,1.615,1.62,0,0.0
CoDE,C:C,1.62,1.625,0,0.0
CoDE,C:C,1.625,1.63,0,0.0
CoDE,C:C,1.63,1.635,0,0.0
CoDE,C:C,1.635,1.64,0,0.0
CoDE,C:C,1.64,1.645,1,0.0017
CoDE,C:C,1.645,1.65,0,0.0
CoDE,C:C,1.65,1.655,0,0.0
CoDE,C:C,1.655,1.66,0,0.0
CoDE,C:C,1.66,1.665,0,0.0
CoDE,C:C,1.665,1.67,0,0.0
CoDE,C:C,1.67,1.675,0,0.0
CoDE,C:C,1.675,1.68,0,0.0
CoDE,C:C,1.68,1.685,0,0.0
CoDE,C:C,1.685,1.69,0,0.0
CoDE,C:C,1.69,inf,1,0.0017
CoDE,C:N,-inf,1.1,0,0.0
CoDE,C:N,1.1,1.105,0,0.0
CoDE,C:N,1.105,1.11,0,0.0
CoDE,C:N,1.11,1.115,0,0.0
CoDE,C:N,1.115,1.12,0,0.0
CoDE,C:N,1.12,1.125,1,0.0125
CoDE,C:N,1.125,1.13,0,0.0
CoDE,C:N,1.13,1.135,0,0.0
CoDE,C:N,1.135,1.14,0,0.0
CoDE,C:N,1.14,1.145,0,0.0
CoDE,C:N,1.145,1.15,0,0.0
CoDE,C:N,1.15,1.155,0,0.0
CoDE,C:N,1.155,1.16,0,0.0
CoDE,C:N,1.16,1.165,1,0.0125
CoDE,C:N,1.165,1.17,0,0.0
CoDE,C:N,1.17,1.175,0,0.0
CoDE,C:N,1.175,1.18,0,0.0
CoDE,C:N,1.18,1.185,0,0.0
CoDE,C:N,1.185,1.19,0,0.0
CoDE,C:N,1.19,1.195,0,0.0
CoDE,C:N,1.195,1.2,0,0.0
CoDE,C:N,1.2,1.205,0,0.0
CoDE,C:N,1.205,1.21,2,0.0251
CoDE,C:N,1.21,1.215,0,0.0
CoDE,C:N,1.215,1.22,1,0.0125
CoDE,C:N,1.22,1.225,1,0.0125
CoDE,C:N,1.225,1.23,2,0.0251
CoDE,C:N,1.23,1.235,2,0.0251
CoDE,C:N,1.235,1.24,1,0.0125
CoDE,C:N,1.24,1.245,1,0.0125
CoDE,C:N,1.245,1.25,1,0.0125
CoDE,C:N,1.25,1.255,2,0.0251
CoDE,C:N,1.255,1.26,5,0.0627
CoDE,C:N,1.26,1.265,3,0.0376
CoDE,C:N,1.265,1.27,7,0.0878
CoDE,C:N,1.27,1.275,5,0.0627
CoDE,C:N,1.275,1.28,14,0.1755
CoDE,C:N,1.28,1.285,4,0.0501
CoDE,C:N,1.285,1.29,9,0.1128
CoDE,C:N,1.29,1.295,34,0.4262
CoDE,C:N,1.295,1.3,53,0.6644
CoDE,C:N,1.3,1.305,60,0.7522
CoDE,C:N,1.305,1.31,96,1.2035
CoDE,C:N,1.31,1.315,165,2.0684
CoDE,C:N,1.315,1.32,198,2.4821
CoDE,C:N,1.32,1.325,263,3.297
CoDE,C:N,1.325,1.33,359,4.5004
CoDE,C:N,1.33,1.335,451,5.6538
CoDE,C:N,1.335,1.34,521,6.5313
CoDE,C:N,1.34,1.345,594,7.4464
CoDE,C:N,1.345,1.35,673,8.4368
CoDE,C:N,1.35,1.355,623,7.81
CoDE,C:N,1.355,1.36,592,7.4213
CoDE,C:N,1.36,1.365,589,7.3837
CoDE,C:N,1.365,1.37,516,6.4686
CoDE,C:N,1.37,1.375,463,5.8042
CoDE,C:N,1.375,1.38,348,4.3625
CoDE,C:N,1.38,1.385,276,3.4599
CoDE,C:N,1.385,1.39,234,2.9334
CoDE,C:N,1.39,1.395,210,2.6326
CoDE,C:N,1.395,1.4,154,1.9306
CoDE,C:N,1.4,1.405,121,1.5169
CoDE,C:N,1.405,1.41,81,1.0154
CoDE,C:N,1.41,1.415,64,0.8023
CoDE,C:N,1.415,1.42,33,0.4137
CoDE,C:N,1.42,1.425,31,0.3886
CoDE,C:N,1.425,1.43,22,0.2758
CoDE,C:N,1.43,1.435,18,0.2256
CoDE,C:N,1.435,1.44,20,0.2507
CoDE,C:N,1.44,1.445,12,0.1504
CoDE,C:N,1.445,1.45,8,0.1003
CoDE,C:N,1.45,1.455,6,0.0752
CoDE,C:N,1.455,1.46,3,0.0376
CoDE,C:N,1.46,1.465,5,0.0627
CoDE,C:N,1.465,1.47,4,0.0501
CoDE,C:N,1.47,1.475,3,0.0376
CoDE,C:N,1.475,1.48,2,0.0251
CoDE,C:N,1.48,1.485,1,0.0125
CoDE,C:N,1.485,1.49,1,0.0125
CoDE,C:N,1.49,1.495,1,0.0125
CoDE,C:N,1.495,1.5,0,0.0
CoDE,C:N,1.5,1.505,0,0.0
CoDE,C:N,1.505,1.51,0,0.0
CoDE,C:N,1.51,1.515,1,0.0125
CoDE,C:N,1.515,1.52,0,0.0
CoDE,C:N,1.52,1.525,0,0.0
CoDE,C:N,1.525,1.53,1,0.0125
CoDE,C:N,1.53,1.535,1,0.0125
CoDE,C:N,1.535,1.54,0,0.0
CoDE,C:N,1.54,1.545,0,0.0
CoDE,C:N,1.545,1.55,0,0.0
CoDE,C:N,1.55,1.555,0,0.0
CoDE,C:N,1.555,1.56,0,0.0
CoDE,C:N,1.56,1.565,0,0.0
CoDE,C:N,1.565,1.57,1,0.0125
CoDE,C:N,1.57,1.575,0,0.0
CoDE,C:N,1.575,1.58,1,0.0125
CoDE,C:N,1.58,1.585,1,0.0125
CoDE,C:N,1.585,1.59,0,0.0
CoDE,C:N,1.59,1.595,0,0.0
CoDE,C:N,1.595,1.6,0,0.0
CoDE,C:N,1.6,1.605,0,0.0
CoDE,C:N,1.605,1.61,0,0.0
CoDE,C:N,1.61,1.615,0,0.0
CoDE,C:N,1.615,1.62,1,0.0125
CoDE,C:N,1.62,1.625,0,0.0
CoDE,C:N,1.625,1.63,0,0.0
CoDE,C:N,1.63,1.635,0,0.0
CoDE,C:N,1.635,1.64,0,0.0
CoDE,C:N,1.64,1.645,0,0.0
CoDE,C:N,1.645,1.65,0,0.0
CoDE,C:N,1.65,1.655,0,0.0
CoDE,C:N,1.655,1.66,0,0.0
CoDE,C:N,1.66,1.665,0,0.0
CoDE,C:N,1.665,1.67,0,0.0
CoDE,C:N,1.67,1.675,0,0.0
CoDE,C:N,1.675,1.68,0,0.0
CoDE,C:N,1.68,1.685,0,0.0
CoDE,C:N,1.685,1.69,0,0.0
CoDE,C:N,1.69,inf,0,0.0
