set,pairs,dist_lo,dist_hi,n,pct
Reference ligand (train+test),All_12A,0.0,0.1212,0,0.0
Reference ligand (train+test),All_12A,0.1212,0.2424,0,0.0
Reference ligand (train+test),All_12A,0.2424,0.3636,0,0.0
Reference ligand (train+test),All_12A,0.3636,0.4848,13,0.0005
Reference ligand (train+test),All_12A,0.4848,0.6061,8.0,0.0003
Reference ligand (train+test),All_12A,0.6061,0.7273,21.0,0.0007
Reference ligand (train+test),All_12A,0.7273,0.8485,36.4,0.0013
Reference ligand (train+test),All_12A,0.8485,0.9697,47.8667,0.0017
Reference ligand (train+test),All_12A,0.9697,1.0909,71.8693,0.0025
Reference ligand (train+test),All_12A,1.0909,1.2121,1856.746,0.065
Reference ligand (train+test),All_12A,1.2121,1.3333,21084.2537,0.7384
Reference ligand (train+test),All_12A,1.3333,1.4545,124511.4619,4.3604
Reference ligand (train+test),All_12A,1.4545,1.5758,76298.7054,2.672
Reference ligand (train+test),All_12A,1.5758,1.697,6327.5668,0.2216
Reference ligand (train+test),All_12A,1.697,1.8182,4769.0563,0.167
Reference ligand (train+test),All_12A,1.8182,1.9394,829.0655,0.029
Reference ligand (train+test),All_12A,1.9394,2.0606,460.1565,0.0161
Reference ligand (train+test),All_12A,2.0606,2.1818,6969.1617,0.2441
Reference ligand (train+test),All_12A,2.1818,2.303,28120.5174,0.9848
Reference ligand (train+test),All_12A,2.303,2.4242,113498.4773,3.9747
Reference ligand (train+test),All_12A,2.4242,2.5455,128966.9685,4.5165
Reference ligand (train+test),All_12A,2.5455,2.6667,47246.9003,1.6546
Reference ligand (train+test),All_12A,2.6667,2.7879,43794.5606,1.5337
Reference ligand (train+test),All_12A,2.7879,2.9091,44548.7805,1.5601
Reference ligand (train+test),All_12A,2.9091,3.0303,27775.2069,0.9727
Reference ligand (train+test),All_12A,3.0303,3.1515,23590.6281,0.8261
Reference ligand (train+test),All_12A,3.1515,3.2727,22039.0006,0.7718
Reference ligand (train+test),All_12A,3.2727,3.3939,22864.9508,0.8007
Reference ligand (train+test),All_12A,3.3939,3.5152,30496.0858,1.068
Reference ligand (train+test),All_12A,3.5152,3.6364,54405.1277,1.9053
Reference ligand (train+test),All_12A,3.6364,3.7576,72616.251,2.543
Reference ligand (train+test),All_12A,3.7576,3.8788,56781.6152,1.9885
Reference ligand (train+test),All_12A,3.8788,4.0,30656.8923,1.0736
Reference ligand (train+test),All_12A,4.0,4.1212,32516.7472,1.1387
Reference ligand (train+test),All_12A,4.1212,4.2424,44457.3933,1.5569
Reference ligand (train+test),All_12A,4.2424,4.3636,48345.2843,1.6931
Reference ligand (train+test),All_12A,4.3636,4.4848,44572.1991,1.5609
Reference ligand (train+test),All_12A,4.4848,4.6061,47187.8006,1.6525
Reference ligand (train+test),All_12A,4.6061,4.7273,48516.0594,1.699
Reference ligand (train+test),All_12A,4.7273,4.8485,52387.1421,1.8346
Reference ligand (train+test),All_12A,4.8485,4.9697,53732.0262,1.8817
Reference ligand (train+test),All_12A,4.9697,5.0909,51328.9411,1.7976
Reference ligand (train+test),All_12A,5.0909,5.2121,44996.3757,1.5758
Reference ligand (train+test),All_12A,5.2121,5.3333,37415.6899,1.3103
Reference ligand (train+test),All_12A,5.3333,5.4545,35154.4705,1.2311
Reference ligand (train+test),All_12A,5.4545,5.5758,36101.5442,1.2643
Reference ligand (train+test),All_12A,5.5758,5.697,38504.5409,1.3484
Reference ligand (train+test),All_12A,5.697,5.8182,40314.4893,1.4118
Reference ligand (train+test),All_12A,5.8182,5.9394,41318.0108,1.447
Reference ligand (train+test),All_12A,5.9394,6.0606,41649.4107,1.4586
Reference ligand (train+test),All_12A,6.0606,6.1818,39254.9716,1.3747
Reference ligand (train+test),All_12A,6.1818,6.303,37757.559,1.3223
Reference ligand (train+test),All_12A,6.303,6.4242,40740.853,1.4268
Reference ligand (train+test),All_12A,6.4242,6.5455,42768.2098,1.4978
Reference ligand (train+test),All_12A,6.5455,6.6667,39669.218,1.3892
Reference ligand (train+test),All_12A,6.6667,6.7879,37200.3145,1.3028
Reference ligand (train+test),All_12A,6.7879,6.9091,35598.9758,1.2467
Reference ligand (train+test),All_12A,6.9091,7.0303,35352.0744,1.238
Reference ligand (train+test),All_12A,7.0303,7.1515,35296.2551,1.2361
Reference ligand (train+test),All_12A,7.1515,7.2727,34867.6914,1.2211
Reference ligand (train+test),All_12A,7.2727,7.3939,33382.5901,1.1691
Reference ligand (train+test),All_12A,7.3939,7.5152,31886.6581,1.1167
Reference ligand (train+test),All_12A,7.5152,7.6364,30380.6882,1.0639
Reference ligand (train+test),All_12A,7.6364,7.7576,29554.0119,1.035
Reference ligand (train+test),All_12A,7.7576,7.8788,29404.8588,1.0298
Reference ligand (train+test),All_12A,7.8788,8.0,28285.1316,0.9906
Reference ligand (train+test),All_12A,8.0,8.1212,26811.4052,0.9389
Reference ligand (train+test),All_12A,8.1212,8.2424,26720.0955,0.9357
Reference ligand (train+test),All_12A,8.2424,8.3636,26521.5133,0.9288
Reference ligand (train+test),All_12A,8.3636,8.4848,26360.3627,0.9231
Reference ligand (train+test),All_12A,8.4848,8.6061,25987.9458,0.9101
Reference ligand (train+test),All_12A,8.6061,8.7273,25674.9393,0.8991
Reference ligand (train+test),All_12A,8.7273,8.8485,24722.3312,0.8658
Reference ligand (train+test),All_12A,8.8485,8.9697,23272.6773,0.815
Reference ligand (train+test),All_12A,8.9697,9.0909,22212.2631,0.7779
Reference ligand (train+test),All_12A,9.0909,9.2121,21129.753,0.74
Reference ligand (train+test),All_12A,9.2121,9.3333,20069.4193,0.7028
Reference ligand (train+test),All_12A,9.3333,9.4545,19247.1791,0.674
Reference ligand (train+test),All_12A,9.4545,9.5758,18493.0452,0.6476
Reference ligand (train+test),All_12A,9.5758,9.697,18164.3593,0.6361
Reference ligand (train+test),All_12A,9.697,9.8182,17549.5519,0.6146
Reference ligand (train+test),All_12A,9.8182,9.9394,17037.4786,0.5967
Reference ligand (train+test),All_12A,9.9394,10.0606,16353.3716,0.5727
Reference ligand (train+test),All_12A,10.0606,10.1818,15558.3311,0.5449
Reference ligand (train+test),All_12A,10.1818,10.303,14996.3417,0.5252
Reference ligand (train+test),All_12A,10.303,10.4242,14341.1991,0.5022
Reference ligand (train+test),All_12A,10.4242,10.5455,13975.0399,0.4894
Reference ligand (train+test),All_12A,10.5455,10.6667,13506.4591,0.473
Reference ligand (train+test),All_12A,10.6667,10.7879,13038.8189,0.4566
Reference ligand (train+test),All_12A,10.7879,10.9091,12672.6955,0.4438
Reference ligand (train+test),All_12A,10.9091,11.0303,12172.4787,0.4263
Reference ligand (train+test),All_12A,11.0303,11.1515,11712.2168,0.4102
Reference ligand (train+test),All_12A,11.1515,11.2727,11032.4018,0.3864
Reference ligand (train+test),All_12A,11.2727,11.3939,10490.2648,0.3674
Reference ligand (train+test),All_12A,11.3939,11.5152,9794.7982,0.343
Reference ligand (train+test),All_12A,11.5152,11.6364,9299.0747,0.3257
Reference ligand (train+test),All_12A,11.6364,11.7576,9019.4424,0.3159
Reference ligand (train+test),All_12A,11.7576,11.8788,8730.5329,0.3057
Reference ligand (train+test),All_12A,11.8788,12.0,8220.5483,0.2879
Reference ligand (train+test),CC_2A,0.0,0.0202,0,0.0
Reference ligand (train+test),CC_2A,0.0202,0.0404,0,0.0
Reference ligand (train+test),CC_2A,0.0404,0.0606,0,0.0
Reference ligand (train+test),CC_2A,0.0606,0.0808,0,0.0
Reference ligand (train+test),CC_2A,0.0808,0.101,0,0.0
Reference ligand (train+test),CC_2A,0.101,0.1212,0,0.0
Reference ligand (train+test),CC_2A,0.1212,0.1414,0,0.0
Reference ligand (train+test),CC_2A,0.1414,0.1616,0,0.0
Reference ligand (train+test),CC_2A,0.1616,0.1818,0,0.0
Reference ligand (train+test),CC_2A,0.1818,0.202,0,0.0
Reference ligand (train+test),CC_2A,0.202,0.2222,0,0.0
Reference ligand (train+test),CC_2A,0.2222,0.2424,0,0.0
Reference ligand (train+test),CC_2A,0.2424,0.2626,0,0.0
Reference ligand (train+test),CC_2A,0.2626,0.2828,0,0.0
Reference ligand (train+test),CC_2A,0.2828,0.303,0,0.0
Reference ligand (train+test),CC_2A,0.303,0.3232,0,0.0
Reference ligand (train+test),CC_2A,0.3232,0.3434,0,0.0
Reference ligand (train+test),CC_2A,0.3434,0.3636,0,0.0
Reference ligand (train+test),CC_2A,0.3636,0.3838,0,0.0
Reference ligand (train+test),CC_2A,0.3838,0.404,0,0.0
Reference ligand (train+test),CC_2A,0.404,0.4242,4.0,0.0029
Reference ligand (train+test),CC_2A,0.4242,0.4444,0,0.0
Reference ligand (train+test),CC_2A,0.4444,0.4646,2.0,0.0015
Reference ligand (train+test),CC_2A,0.4646,0.4848,1,0.0007
Reference ligand (train+test),CC_2A,0.4848,0.5051,0,0.0
Reference ligand (train+test),CC_2A,0.5051,0.5253,0,0.0
Reference ligand (train+test),CC_2A,0.5253,0.5455,3.0,0.0022
Reference ligand (train+test),CC_2A,0.5455,0.5657,1,0.0007
Reference ligand (train+test),CC_2A,0.5657,0.5859,1,0.0007
Reference ligand (train+test),CC_2A,0.5859,0.6061,2,0.0015
Reference ligand (train+test),CC_2A,0.6061,0.6263,0,0.0
Reference ligand (train+test),CC_2A,0.6263,0.6465,2.0,0.0015
Reference ligand (train+test),CC_2A,0.6465,0.6667,2,0.0015
Reference ligand (train+test),CC_2A,0.6667,0.6869,3.0,0.0022
Reference ligand (train+test),CC_2A,0.6869,0.7071,5,0.0037
Reference ligand (train+test),CC_2A,0.7071,0.7273,0,0.0
Reference ligand (train+test),CC_2A,0.7273,0.7475,6.0,0.0044
Reference ligand (train+test),CC_2A,0.7475,0.7677,5.0,0.0037
Reference ligand (train+test),CC_2A,0.7677,0.7879,5.0,0.0037
Reference ligand (train+test),CC_2A,0.7879,0.8081,0,0.0
Reference ligand (train+test),CC_2A,0.8081,0.8283,4.0,0.0029
Reference ligand (train+test),CC_2A,0.8283,0.8485,7.0,0.0051
Reference ligand (train+test),CC_2A,0.8485,0.8687,7.0,0.0051
Reference ligand (train+test),CC_2A,0.8687,0.8889,0,0.0
Reference ligand (train+test),CC_2A,0.8889,0.9091,4.6667,0.0034
Reference ligand (train+test),CC_2A,0.9091,0.9293,4,0.0029
Reference ligand (train+test),CC_2A,0.9293,0.9495,12,0.0088
Reference ligand (train+test),CC_2A,0.9495,0.9697,7.0,0.0051
Reference ligand (train+test),CC_2A,0.9697,0.9899,0.4262,0.0003
Reference ligand (train+test),CC_2A,0.9899,1.0101,9,0.0066
Reference ligand (train+test),CC_2A,1.0101,1.0303,3.0,0.0022
Reference ligand (train+test),CC_2A,1.0303,1.0505,7.0,0.0051
Reference ligand (train+test),CC_2A,1.0505,1.0707,5.0,0.0037
Reference ligand (train+test),CC_2A,1.0707,1.0909,11.1667,0.0082
Reference ligand (train+test),CC_2A,1.0909,1.1111,6.9048,0.0051
Reference ligand (train+test),CC_2A,1.1111,1.1313,8.9286,0.0065
Reference ligand (train+test),CC_2A,1.1313,1.1515,11,0.008
Reference ligand (train+test),CC_2A,1.1515,1.1717,20.8667,0.0153
Reference ligand (train+test),CC_2A,1.1717,1.1919,70.9922,0.0519
Reference ligand (train+test),CC_2A,1.1919,1.2121,69.8542,0.0511
Reference ligand (train+test),CC_2A,1.2121,1.2323,51.9003,0.038
Reference ligand (train+test),CC_2A,1.2323,1.2525,31.7822,0.0232
Reference ligand (train+test),CC_2A,1.2525,1.2727,46.7614,0.0342
Reference ligand (train+test),CC_2A,1.2727,1.2929,107.1925,0.0784
Reference ligand (train+test),CC_2A,1.2929,1.3131,216.82,0.1586
Reference ligand (train+test),CC_2A,1.3131,1.3333,937.3332,0.6856
Reference ligand (train+test),CC_2A,1.3333,1.3535,2371.5248,1.7346
Reference ligand (train+test),CC_2A,1.3535,1.3737,4670.9713,3.4166
Reference ligand (train+test),CC_2A,1.3737,1.3939,28539.2375,20.8749
Reference ligand (train+test),CC_2A,1.3939,1.4141,25284.265,18.494
Reference ligand (train+test),CC_2A,1.4141,1.4343,9045.9556,6.6166
Reference ligand (train+test),CC_2A,1.4343,1.4545,4177.7407,3.0558
Reference ligand (train+test),CC_2A,1.4545,1.4747,4247.3547,3.1067
Reference ligand (train+test),CC_2A,1.4747,1.4949,6317.3879,4.6208
Reference ligand (train+test),CC_2A,1.4949,1.5152,11989.5356,8.7697
Reference ligand (train+test),CC_2A,1.5152,1.5354,20745.472,15.1742
Reference ligand (train+test),CC_2A,1.5354,1.5556,11264.8002,8.2396
Reference ligand (train+test),CC_2A,1.5556,1.5758,3708.9323,2.7129
Reference ligand (train+test),CC_2A,1.5758,1.596,1264.2347,0.9247
Reference ligand (train+test),CC_2A,1.596,1.6162,531.0303,0.3884
Reference ligand (train+test),CC_2A,1.6162,1.6364,268.4263,0.1963
Reference ligand (train+test),CC_2A,1.6364,1.6566,134.8789,0.0987
Reference ligand (train+test),CC_2A,1.6566,1.6768,83.5204,0.0611
Reference ligand (train+test),CC_2A,1.6768,1.697,86.9777,0.0636
Reference ligand (train+test),CC_2A,1.697,1.7172,35.1914,0.0257
Reference ligand (train+test),CC_2A,1.7172,1.7374,23.9673,0.0175
Reference ligand (train+test),CC_2A,1.7374,1.7576,19.9773,0.0146
Reference ligand (train+test),CC_2A,1.7576,1.7778,15.1061,0.011
Reference ligand (train+test),CC_2A,1.7778,1.798,15.1667,0.0111
Reference ligand (train+test),CC_2A,1.798,1.8182,12.75,0.0093
Reference ligand (train+test),CC_2A,1.8182,1.8384,23.0029,0.0168
Reference ligand (train+test),CC_2A,1.8384,1.8586,19.0988,0.014
Reference ligand (train+test),CC_2A,1.8586,1.8788,7.837,0.0057
Reference ligand (train+test),CC_2A,1.8788,1.899,19.7207,0.0144
Reference ligand (train+test),CC_2A,1.899,1.9192,19.4074,0.0142
Reference ligand (train+test),CC_2A,1.9192,1.9394,13.2003,0.0097
Reference ligand (train+test),CC_2A,1.9394,1.9596,24.3997,0.0178
Reference ligand (train+test),CC_2A,1.9596,1.9798,17.5631,0.0128
Reference ligand (train+test),CC_2A,1.9798,2.0,13.5038,0.0099
"Reference ligand (train+test, pose-weighted)",All_12A,0.0,0.1212,0,0.0
"Reference ligand (train+test, pose-weighted)",All_12A,0.1212,0.2424,0,0.0
"Reference ligand (train+test, pose-weighted)",All_12A,0.2424,0.3636,0,0.0
"Reference ligand (train+test, pose-weighted)",All_12A,0.3636,0.4848,53,0.0002
"Reference ligand (train+test, pose-weighted)",All_12A,0.4848,0.6061,51,0.0002
"Reference ligand (train+test, pose-weighted)",All_12A,0.6061,0.7273,105,0.0004
"Reference ligand (train+test, pose-weighted)",All_12A,0.7273,0.8485,236,0.0008
"Reference ligand (train+test, pose-weighted)",All_12A,0.8485,0.9697,286,0.001
"Reference ligand (train+test, pose-weighted)",All_12A,0.9697,1.0909,607,0.0021
"Reference ligand (train+test, pose-weighted)",All_12A,1.0909,1.2121,18071,0.0617
"Reference ligand (train+test, pose-weighted)",All_12A,1.2121,1.3333,226923,0.7743
"Reference ligand (train+test, pose-weighted)",All_12A,1.3333,1.4545,1359057,4.6372
"Reference ligand (train+test, pose-weighted)",All_12A,1.4545,1.5758,802630,2.7386
"Reference ligand (train+test, pose-weighted)",All_12A,1.5758,1.697,74039,0.2526
"Reference ligand (train+test, pose-weighted)",All_12A,1.697,1.8182,46179,0.1576
"Reference ligand (train+test, pose-weighted)",All_12A,1.8182,1.9394,8739,0.0298
"Reference ligand (train+test, pose-weighted)",All_12A,1.9394,2.0606,4400,0.015
"Reference ligand (train+test, pose-weighted)",All_12A,2.0606,2.1818,72973,0.249
"Reference ligand (train+test, pose-weighted)",All_12A,2.1818,2.303,315520,1.0766
"Reference ligand (train+test, pose-weighted)",All_12A,2.303,2.4242,1243884,4.2442
"Reference ligand (train+test, pose-weighted)",All_12A,2.4242,2.5455,1391593,4.7482
"Reference ligand (train+test, pose-weighted)",All_12A,2.5455,2.6667,502767,1.7155
"Reference ligand (train+test, pose-weighted)",All_12A,2.6667,2.7879,456469,1.5575
"Reference ligand (train+test, pose-weighted)",All_12A,2.7879,2.9091,466244,1.5908
"Reference ligand (train+test, pose-weighted)",All_12A,2.9091,3.0303,290601,0.9915
"Reference ligand (train+test, pose-weighted)",All_12A,3.0303,3.1515,252979,0.8632
"Reference ligand (train+test, pose-weighted)",All_12A,3.1515,3.2727,235265,0.8027
"Reference ligand (train+test, pose-weighted)",All_12A,3.2727,3.3939,236986,0.8086
"Reference ligand (train+test, pose-weighted)",All_12A,3.3939,3.5152,323031,1.1022
"Reference ligand (train+test, pose-weighted)",All_12A,3.5152,3.6364,606836,2.0706
"Reference ligand (train+test, pose-weighted)",All_12A,3.6364,3.7576,778764,2.6572
"Reference ligand (train+test, pose-weighted)",All_12A,3.7576,3.8788,581579,1.9844
"Reference ligand (train+test, pose-weighted)",All_12A,3.8788,4.0,313124,1.0684
"Reference ligand (train+test, pose-weighted)",All_12A,4.0,4.1212,348240,1.1882
"Reference ligand (train+test, pose-weighted)",All_12A,4.1212,4.2424,472085,1.6108
"Reference ligand (train+test, pose-weighted)",All_12A,4.2424,4.3636,511090,1.7439
"Reference ligand (train+test, pose-weighted)",All_12A,4.3636,4.4848,474515,1.6191
"Reference ligand (train+test, pose-weighted)",All_12A,4.4848,4.6061,493026,1.6822
"Reference ligand (train+test, pose-weighted)",All_12A,4.6061,4.7273,502351,1.714
"Reference ligand (train+test, pose-weighted)",All_12A,4.7273,4.8485,542385,1.8506
"Reference ligand (train+test, pose-weighted)",All_12A,4.8485,4.9697,554059,1.8905
"Reference ligand (train+test, pose-weighted)",All_12A,4.9697,5.0909,528184,1.8022
"Reference ligand (train+test, pose-weighted)",All_12A,5.0909,5.2121,467779,1.5961
"Reference ligand (train+test, pose-weighted)",All_12A,5.2121,5.3333,388026,1.324
"Reference ligand (train+test, pose-weighted)",All_12A,5.3333,5.4545,360707,1.2307
"Reference ligand (train+test, pose-weighted)",All_12A,5.4545,5.5758,371120,1.2663
"Reference ligand (train+test, pose-weighted)",All_12A,5.5758,5.697,397080,1.3549
"Reference ligand (train+test, pose-weighted)",All_12A,5.697,5.8182,414587,1.4146
"Reference ligand (train+test, pose-weighted)",All_12A,5.8182,5.9394,422043,1.44
"Reference ligand (train+test, pose-weighted)",All_12A,5.9394,6.0606,421816,1.4393
"Reference ligand (train+test, pose-weighted)",All_12A,6.0606,6.1818,397742,1.3571
"Reference ligand (train+test, pose-weighted)",All_12A,6.1818,6.303,384921,1.3134
"Reference ligand (train+test, pose-weighted)",All_12A,6.303,6.4242,416196,1.4201
"Reference ligand (train+test, pose-weighted)",All_12A,6.4242,6.5455,442175,1.5087
"Reference ligand (train+test, pose-weighted)",All_12A,6.5455,6.6667,405929,1.385
"Reference ligand (train+test, pose-weighted)",All_12A,6.6667,6.7879,377259,1.2872
"Reference ligand (train+test, pose-weighted)",All_12A,6.7879,6.9091,356578,1.2167
"Reference ligand (train+test, pose-weighted)",All_12A,6.9091,7.0303,349608,1.1929
"Reference ligand (train+test, pose-weighted)",All_12A,7.0303,7.1515,351668,1.1999
"Reference ligand (train+test, pose-weighted)",All_12A,7.1515,7.2727,346131,1.181
"Reference ligand (train+test, pose-weighted)",All_12A,7.2727,7.3939,333756,1.1388
"Reference ligand (train+test, pose-weighted)",All_12A,7.3939,7.5152,317443,1.0831
"Reference ligand (train+test, pose-weighted)",All_12A,7.5152,7.6364,302669,1.0327
"Reference ligand (train+test, pose-weighted)",All_12A,7.6364,7.7576,294149,1.0037
"Reference ligand (train+test, pose-weighted)",All_12A,7.7576,7.8788,292699,0.9987
"Reference ligand (train+test, pose-weighted)",All_12A,7.8788,8.0,279065,0.9522
"Reference ligand (train+test, pose-weighted)",All_12A,8.0,8.1212,263526,0.8992
"Reference ligand (train+test, pose-weighted)",All_12A,8.1212,8.2424,263245,0.8982
"Reference ligand (train+test, pose-weighted)",All_12A,8.2424,8.3636,259254,0.8846
"Reference ligand (train+test, pose-weighted)",All_12A,8.3636,8.4848,258746,0.8829
"Reference ligand (train+test, pose-weighted)",All_12A,8.4848,8.6061,254107,0.867
"Reference ligand (train+test, pose-weighted)",All_12A,8.6061,8.7273,248383,0.8475
"Reference ligand (train+test, pose-weighted)",All_12A,8.7273,8.8485,244031,0.8326
"Reference ligand (train+test, pose-weighted)",All_12A,8.8485,8.9697,227984,0.7779
"Reference ligand (train+test, pose-weighted)",All_12A,8.9697,9.0909,214920,0.7333
"Reference ligand (train+test, pose-weighted)",All_12A,9.0909,9.2121,202826,0.6921
"Reference ligand (train+test, pose-weighted)",All_12A,9.2121,9.3333,189702,0.6473
"Reference ligand (train+test, pose-weighted)",All_12A,9.3333,9.4545,182256,0.6219
"Reference ligand (train+test, pose-weighted)",All_12A,9.4545,9.5758,176198,0.6012
"Reference ligand (train+test, pose-weighted)",All_12A,9.5758,9.697,170775,0.5827
"Reference ligand (train+test, pose-weighted)",All_12A,9.697,9.8182,166375,0.5677
"Reference ligand (train+test, pose-weighted)",All_12A,9.8182,9.9394,160370,0.5472
"Reference ligand (train+test, pose-weighted)",All_12A,9.9394,10.0606,153732,0.5245
"Reference ligand (train+test, pose-weighted)",All_12A,10.0606,10.1818,147352,0.5028
"Reference ligand (train+test, pose-weighted)",All_12A,10.1818,10.303,139480,0.4759
"Reference ligand (train+test, pose-weighted)",All_12A,10.303,10.4242,133726,0.4563
"Reference ligand (train+test, pose-weighted)",All_12A,10.4242,10.5455,129554,0.442
"Reference ligand (train+test, pose-weighted)",All_12A,10.5455,10.6667,124958,0.4264
"Reference ligand (train+test, pose-weighted)",All_12A,10.6667,10.7879,122444,0.4178
"Reference ligand (train+test, pose-weighted)",All_12A,10.7879,10.9091,118418,0.404
"Reference ligand (train+test, pose-weighted)",All_12A,10.9091,11.0303,112823,0.385
"Reference ligand (train+test, pose-weighted)",All_12A,11.0303,11.1515,109389,0.3732
"Reference ligand (train+test, pose-weighted)",All_12A,11.1515,11.2727,101569,0.3466
"Reference ligand (train+test, pose-weighted)",All_12A,11.2727,11.3939,95849,0.327
"Reference ligand (train+test, pose-weighted)",All_12A,11.3939,11.5152,89758,0.3063
"Reference ligand (train+test, pose-weighted)",All_12A,11.5152,11.6364,84845,0.2895
"Reference ligand (train+test, pose-weighted)",All_12A,11.6364,11.7576,81515,0.2781
"Reference ligand (train+test, pose-weighted)",All_12A,11.7576,11.8788,78287,0.2671
"Reference ligand (train+test, pose-weighted)",All_12A,11.8788,12.0,74453,0.254
"Reference ligand (train+test, pose-weighted)",CC_2A,0.0,0.0202,0,0.0
"Reference ligand (train+test, pose-weighted)",CC_2A,0.0202,0.0404,0,0.0
"Reference ligand (train+test, pose-weighted)",CC_2A,0.0404,0.0606,0,0.0
"Reference ligand (train+test, pose-weighted)",CC_2A,0.0606,0.0808,0,0.0
"Reference ligand (train+test, pose-weighted)",CC_2A,0.0808,0.101,0,0.0
"Reference ligand (train+test, pose-weighted)",CC_2A,0.101,0.1212,0,0.0
"Reference ligand (train+test, pose-weighted)",CC_2A,0.1212,0.1414,0,0.0
"Reference ligand (train+test, pose-weighted)",CC_2A,0.1414,0.1616,0,0.0
"Reference ligand (train+test, pose-weighted)",CC_2A,0.1616,0.1818,0,0.0
"Reference ligand (train+test, pose-weighted)",CC_2A,0.1818,0.202,0,0.0
"Reference ligand (train+test, pose-weighted)",CC_2A,0.202,0.2222,0,0.0
"Reference ligand (train+test, pose-weighted)",CC_2A,0.2222,0.2424,0,0.0
"Reference ligand (train+test, pose-weighted)",CC_2A,0.2424,0.2626,0,0.0
"Reference ligand (train+test, pose-weighted)",CC_2A,0.2626,0.2828,0,0.0
"Reference ligand (train+test, pose-weighted)",CC_2A,0.2828,0.303,0,0.0
"Reference ligand (train+test, pose-weighted)",CC_2A,0.303,0.3232,0,0.0
"Reference ligand (train+test, pose-weighted)",CC_2A,0.3232,0.3434,0,0.0
"Reference ligand (train+test, pose-weighted)",CC_2A,0.3434,0.3636,0,0.0
"Reference ligand (train+test, pose-weighted)",CC_2A,0.3636,0.3838,0,0.0
"Reference ligand (train+test, pose-weighted)",CC_2A,0.3838,0.404,0,0.0
"Reference ligand (train+test, pose-weighted)",CC_2A,0.404,0.4242,23,0.0016
"Reference ligand (train+test, pose-weighted)",CC_2A,0.4242,0.4444,0,0.0
"Reference ligand (train+test, pose-weighted)",CC_2A,0.4444,0.4646,12,0.0008
"Reference ligand (train+test, pose-weighted)",CC_2A,0.4646,0.4848,3,0.0002
"Reference ligand (train+test, pose-weighted)",CC_2A,0.4848,0.5051,0,0.0
"Reference ligand (train+test, pose-weighted)",CC_2A,0.5051,0.5253,0,0.0
"Reference ligand (train+test, pose-weighted)",CC_2A,0.5253,0.5455,21,0.0015
"Reference ligand (train+test, pose-weighted)",CC_2A,0.5455,0.5657,1,0.0001
"Reference ligand (train+test, pose-weighted)",CC_2A,0.5657,0.5859,4,0.0003
"Reference ligand (train+test, pose-weighted)",CC_2A,0.5859,0.6061,18,0.0013
"Reference ligand (train+test, pose-weighted)",CC_2A,0.6061,0.6263,0,0.0
"Reference ligand (train+test, pose-weighted)",CC_2A,0.6263,0.6465,19,0.0013
"Reference ligand (train+test, pose-weighted)",CC_2A,0.6465,0.6667,18,0.0013
"Reference ligand (train+test, pose-weighted)",CC_2A,0.6667,0.6869,15,0.0011
"Reference ligand (train+test, pose-weighted)",CC_2A,0.6869,0.7071,20,0.0014
"Reference ligand (train+test, pose-weighted)",CC_2A,0.7071,0.7273,0,0.0
"Reference ligand (train+test, pose-weighted)",CC_2A,0.7273,0.7475,41,0.0029
"Reference ligand (train+test, pose-weighted)",CC_2A,0.7475,0.7677,29,0.002
"Reference ligand (train+test, pose-weighted)",CC_2A,0.7677,0.7879,42,0.003
"Reference ligand (train+test, pose-weighted)",CC_2A,0.7879,0.8081,0,0.0
"Reference ligand (train+test, pose-weighted)",CC_2A,0.8081,0.8283,36,0.0025
"Reference ligand (train+test, pose-weighted)",CC_2A,0.8283,0.8485,46,0.0032
"Reference ligand (train+test, pose-weighted)",CC_2A,0.8485,0.8687,42,0.003
"Reference ligand (train+test, pose-weighted)",CC_2A,0.8687,0.8889,0,0.0
"Reference ligand (train+test, pose-weighted)",CC_2A,0.8889,0.9091,19,0.0013
"Reference ligand (train+test, pose-weighted)",CC_2A,0.9091,0.9293,25,0.0018
"Reference ligand (train+test, pose-weighted)",CC_2A,0.9293,0.9495,49,0.0035
"Reference ligand (train+test, pose-weighted)",CC_2A,0.9495,0.9697,28,0.002
"Reference ligand (train+test, pose-weighted)",CC_2A,0.9697,0.9899,36,0.0025
"Reference ligand (train+test, pose-weighted)",CC_2A,0.9899,1.0101,51,0.0036
"Reference ligand (train+test, pose-weighted)",CC_2A,1.0101,1.0303,19,0.0013
"Reference ligand (train+test, pose-weighted)",CC_2A,1.0303,1.0505,32,0.0023
"Reference ligand (train+test, pose-weighted)",CC_2A,1.0505,1.0707,45,0.0032
"Reference ligand (train+test, pose-weighted)",CC_2A,1.0707,1.0909,128,0.009
"Reference ligand (train+test, pose-weighted)",CC_2A,1.0909,1.1111,69,0.0049
"Reference ligand (train+test, pose-weighted)",CC_2A,1.1111,1.1313,54,0.0038
"Reference ligand (train+test, pose-weighted)",CC_2A,1.1313,1.1515,60,0.0042
"Reference ligand (train+test, pose-weighted)",CC_2A,1.1515,1.1717,113,0.008
"Reference ligand (train+test, pose-weighted)",CC_2A,1.1717,1.1919,571,0.0403
"Reference ligand (train+test, pose-weighted)",CC_2A,1.1919,1.2121,710,0.0501
"Reference ligand (train+test, pose-weighted)",CC_2A,1.2121,1.2323,547,0.0386
"Reference ligand (train+test, pose-weighted)",CC_2A,1.2323,1.2525,210,0.0148
"Reference ligand (train+test, pose-weighted)",CC_2A,1.2525,1.2727,360,0.0254
"Reference ligand (train+test, pose-weighted)",CC_2A,1.2727,1.2929,1092,0.077
"Reference ligand (train+test, pose-weighted)",CC_2A,1.2929,1.3131,2106,0.1485
"Reference ligand (train+test, pose-weighted)",CC_2A,1.3131,1.3333,9373,0.661
"Reference ligand (train+test, pose-weighted)",CC_2A,1.3333,1.3535,24319,1.715
"Reference ligand (train+test, pose-weighted)",CC_2A,1.3535,1.3737,50869,3.5873
"Reference ligand (train+test, pose-weighted)",CC_2A,1.3737,1.3939,290574,20.4912
"Reference ligand (train+test, pose-weighted)",CC_2A,1.3939,1.4141,265563,18.7275
"Reference ligand (train+test, pose-weighted)",CC_2A,1.4141,1.4343,99273,7.0007
"Reference ligand (train+test, pose-weighted)",CC_2A,1.4343,1.4545,47082,3.3202
"Reference ligand (train+test, pose-weighted)",CC_2A,1.4545,1.4747,48314,3.4071
"Reference ligand (train+test, pose-weighted)",CC_2A,1.4747,1.4949,67598,4.767
"Reference ligand (train+test, pose-weighted)",CC_2A,1.4949,1.5152,123370,8.7
"Reference ligand (train+test, pose-weighted)",CC_2A,1.5152,1.5354,209201,14.7528
"Reference ligand (train+test, pose-weighted)",CC_2A,1.5354,1.5556,112852,7.9583
"Reference ligand (train+test, pose-weighted)",CC_2A,1.5556,1.5758,37263,2.6278
"Reference ligand (train+test, pose-weighted)",CC_2A,1.5758,1.596,12989,0.916
"Reference ligand (train+test, pose-weighted)",CC_2A,1.596,1.6162,5462,0.3852
"Reference ligand (train+test, pose-weighted)",CC_2A,1.6162,1.6364,2685,0.1893
"Reference ligand (train+test, pose-weighted)",CC_2A,1.6364,1.6566,1226,0.0865
"Reference ligand (train+test, pose-weighted)",CC_2A,1.6566,1.6768,765,0.0539
"Reference ligand (train+test, pose-weighted)",CC_2A,1.6768,1.697,587,0.0414
"Reference ligand (train+test, pose-weighted)",CC_2A,1.697,1.7172,234,0.0165
"Reference ligand (train+test, pose-weighted)",CC_2A,1.7172,1.7374,164,0.0116
"Reference ligand (train+test, pose-weighted)",CC_2A,1.7374,1.7576,204,0.0144
"Reference ligand (train+test, pose-weighted)",CC_2A,1.7576,1.7778,76,0.0054
"Reference ligand (train+test, pose-weighted)",CC_2A,1.7778,1.798,80,0.0056
"Reference ligand (train+test, pose-weighted)",CC_2A,1.798,1.8182,74,0.0052
"Reference ligand (train+test, pose-weighted)",CC_2A,1.8182,1.8384,168,0.0118
"Reference ligand (train+test, pose-weighted)",CC_2A,1.8384,1.8586,153,0.0108
"Reference ligand (train+test, pose-weighted)",CC_2A,1.8586,1.8788,60,0.0042
"Reference ligand (train+test, pose-weighted)",CC_2A,1.8788,1.899,124,0.0087
"Reference ligand (train+test, pose-weighted)",CC_2A,1.899,1.9192,119,0.0084
"Reference ligand (train+test, pose-weighted)",CC_2A,1.9192,1.9394,109,0.0077
"Reference ligand (train+test, pose-weighted)",CC_2A,1.9394,1.9596,143,0.0101
"Reference ligand (train+test, pose-weighted)",CC_2A,1.9596,1.9798,110,0.0078
"Reference ligand (train+test, pose-weighted)",CC_2A,1.9798,2.0,143,0.0101
Reference ligand (test),All_12A,0.0,0.1212,0,0.0
Reference ligand (test),All_12A,0.1212,0.2424,0,0.0
Reference ligand (test),All_12A,0.2424,0.3636,0,0.0
Reference ligand (test),All_12A,0.3636,0.4848,0,0.0
Reference ligand (test),All_12A,0.4848,0.6061,0,0.0
Reference ligand (test),All_12A,0.6061,0.7273,0,0.0
Reference ligand (test),All_12A,0.7273,0.8485,0,0.0
Reference ligand (test),All_12A,0.8485,0.9697,0,0.0
Reference ligand (test),All_12A,0.9697,1.0909,0,0.0
Reference ligand (test),All_12A,1.0909,1.2121,17,0.0605
Reference ligand (test),All_12A,1.2121,1.3333,203,0.723
Reference ligand (test),All_12A,1.3333,1.4545,1124,4.0034
Reference ligand (test),All_12A,1.4545,1.5758,911,3.2448
Reference ligand (test),All_12A,1.5758,1.697,120,0.4274
Reference ligand (test),All_12A,1.697,1.8182,36,0.1282
Reference ligand (test),All_12A,1.8182,1.9394,9,0.0321
Reference ligand (test),All_12A,1.9394,2.0606,3,0.0107
Reference ligand (test),All_12A,2.0606,2.1818,60,0.2137
Reference ligand (test),All_12A,2.1818,2.303,254,0.9047
Reference ligand (test),All_12A,2.303,2.4242,1110,3.9536
Reference ligand (test),All_12A,2.4242,2.5455,1354,4.8226
Reference ligand (test),All_12A,2.5455,2.6667,580,2.0658
Reference ligand (test),All_12A,2.6667,2.7879,434,1.5458
Reference ligand (test),All_12A,2.7879,2.9091,417,1.4853
Reference ligand (test),All_12A,2.9091,3.0303,277,0.9866
Reference ligand (test),All_12A,3.0303,3.1515,268,0.9546
Reference ligand (test),All_12A,3.1515,3.2727,271,0.9652
Reference ligand (test),All_12A,3.2727,3.3939,236,0.8406
Reference ligand (test),All_12A,3.3939,3.5152,312,1.1113
Reference ligand (test),All_12A,3.5152,3.6364,549,1.9554
Reference ligand (test),All_12A,3.6364,3.7576,663,2.3614
Reference ligand (test),All_12A,3.7576,3.8788,619,2.2047
Reference ligand (test),All_12A,3.8788,4.0,352,1.2537
Reference ligand (test),All_12A,4.0,4.1212,337,1.2003
Reference ligand (test),All_12A,4.1212,4.2424,413,1.471
Reference ligand (test),All_12A,4.2424,4.3636,452,1.6099
Reference ligand (test),All_12A,4.3636,4.4848,460,1.6384
Reference ligand (test),All_12A,4.4848,4.6061,511,1.8201
Reference ligand (test),All_12A,4.6061,4.7273,484,1.7239
Reference ligand (test),All_12A,4.7273,4.8485,545,1.9412
Reference ligand (test),All_12A,4.8485,4.9697,541,1.9269
Reference ligand (test),All_12A,4.9697,5.0909,494,1.7595
Reference ligand (test),All_12A,5.0909,5.2121,430,1.5316
Reference ligand (test),All_12A,5.2121,5.3333,398,1.4176
Reference ligand (test),All_12A,5.3333,5.4545,339,1.2074
Reference ligand (test),All_12A,5.4545,5.5758,388,1.382
Reference ligand (test),All_12A,5.5758,5.697,388,1.382
Reference ligand (test),All_12A,5.697,5.8182,408,1.4532
Reference ligand (test),All_12A,5.8182,5.9394,407,1.4496
Reference ligand (test),All_12A,5.9394,6.0606,418,1.4888
Reference ligand (test),All_12A,6.0606,6.1818,368,1.3107
Reference ligand (test),All_12A,6.1818,6.303,365,1.3
Reference ligand (test),All_12A,6.303,6.4242,357,1.2715
Reference ligand (test),All_12A,6.4242,6.5455,364,1.2965
Reference ligand (test),All_12A,6.5455,6.6667,375,1.3357
Reference ligand (test),All_12A,6.6667,6.7879,383,1.3642
Reference ligand (test),All_12A,6.7879,6.9091,340,1.211
Reference ligand (test),All_12A,6.9091,7.0303,351,1.2502
Reference ligand (test),All_12A,7.0303,7.1515,321,1.1433
Reference ligand (test),All_12A,7.1515,7.2727,332,1.1825
Reference ligand (test),All_12A,7.2727,7.3939,296,1.0543
Reference ligand (test),All_12A,7.3939,7.5152,297,1.0578
Reference ligand (test),All_12A,7.5152,7.6364,283,1.008
Reference ligand (test),All_12A,7.6364,7.7576,296,1.0543
Reference ligand (test),All_12A,7.7576,7.8788,255,0.9082
Reference ligand (test),All_12A,7.8788,8.0,273,0.9724
Reference ligand (test),All_12A,8.0,8.1212,244,0.8691
Reference ligand (test),All_12A,8.1212,8.2424,275,0.9795
Reference ligand (test),All_12A,8.2424,8.3636,239,0.8513
Reference ligand (test),All_12A,8.3636,8.4848,212,0.7551
Reference ligand (test),All_12A,8.4848,8.6061,243,0.8655
Reference ligand (test),All_12A,8.6061,8.7273,228,0.8121
Reference ligand (test),All_12A,8.7273,8.8485,220,0.7836
Reference ligand (test),All_12A,8.8485,8.9697,192,0.6839
Reference ligand (test),All_12A,8.9697,9.0909,223,0.7943
Reference ligand (test),All_12A,9.0909,9.2121,197,0.7017
Reference ligand (test),All_12A,9.2121,9.3333,198,0.7052
Reference ligand (test),All_12A,9.3333,9.4545,150,0.5343
Reference ligand (test),All_12A,9.4545,9.5758,154,0.5485
Reference ligand (test),All_12A,9.5758,9.697,153,0.5449
Reference ligand (test),All_12A,9.697,9.8182,162,0.577
Reference ligand (test),All_12A,9.8182,9.9394,139,0.4951
Reference ligand (test),All_12A,9.9394,10.0606,163,0.5806
Reference ligand (test),All_12A,10.0606,10.1818,147,0.5236
Reference ligand (test),All_12A,10.1818,10.303,149,0.5307
Reference ligand (test),All_12A,10.303,10.4242,144,0.5129
Reference ligand (test),All_12A,10.4242,10.5455,126,0.4488
Reference ligand (test),All_12A,10.5455,10.6667,136,0.4844
Reference ligand (test),All_12A,10.6667,10.7879,130,0.463
Reference ligand (test),All_12A,10.7879,10.9091,113,0.4025
Reference ligand (test),All_12A,10.9091,11.0303,101,0.3597
Reference ligand (test),All_12A,11.0303,11.1515,112,0.3989
Reference ligand (test),All_12A,11.1515,11.2727,104,0.3704
Reference ligand (test),All_12A,11.2727,11.3939,118,0.4203
Reference ligand (test),All_12A,11.3939,11.5152,105,0.374
Reference ligand (test),All_12A,11.5152,11.6364,91,0.3241
Reference ligand (test),All_12A,11.6364,11.7576,95,0.3384
Reference ligand (test),All_12A,11.7576,11.8788,76,0.2707
Reference ligand (test),All_12A,11.8788,12.0,89,0.317
Reference ligand (test),CC_2A,0.0,0.0202,0,0.0
Reference ligand (test),CC_2A,0.0202,0.0404,0,0.0
Reference ligand (test),CC_2A,0.0404,0.0606,0,0.0
Reference ligand (test),CC_2A,0.0606,0.0808,0,0.0
Reference ligand (test),CC_2A,0.0808,0.101,0,0.0
Reference ligand (test),CC_2A,0.101,0.1212,0,0.0
Reference ligand (test),CC_2A,0.1212,0.1414,0,0.0
Reference ligand (test),CC_2A,0.1414,0.1616,0,0.0
Reference ligand (test),CC_2A,0.1616,0.1818,0,0.0
Reference ligand (test),CC_2A,0.1818,0.202,0,0.0
Reference ligand (test),CC_2A,0.202,0.2222,0,0.0
Reference ligand (test),CC_2A,0.2222,0.2424,0,0.0
Reference ligand (test),CC_2A,0.2424,0.2626,0,0.0
Reference ligand (test),CC_2A,0.2626,0.2828,0,0.0
Reference ligand (test),CC_2A,0.2828,0.303,0,0.0
Reference ligand (test),CC_2A,0.303,0.3232,0,0.0
Reference ligand (test),CC_2A,0.3232,0.3434,0,0.0
Reference ligand (test),CC_2A,0.3434,0.3636,0,0.0
Reference ligand (test),CC_2A,0.3636,0.3838,0,0.0
Reference ligand (test),CC_2A,0.3838,0.404,0,0.0
Reference ligand (test),CC_2A,0.404,0.4242,0,0.0
Reference ligand (test),CC_2A,0.4242,0.4444,0,0.0
Reference ligand (test),CC_2A,0.4444,0.4646,0,0.0
Reference ligand (test),CC_2A,0.4646,0.4848,0,0.0
Reference ligand (test),CC_2A,0.4848,0.5051,0,0.0
Reference ligand (test),CC_2A,0.5051,0.5253,0,0.0
Reference ligand (test),CC_2A,0.5253,0.5455,0,0.0
Reference ligand (test),CC_2A,0.5455,0.5657,0,0.0
Reference ligand (test),CC_2A,0.5657,0.5859,0,0.0
Reference ligand (test),CC_2A,0.5859,0.6061,0,0.0
Reference ligand (test),CC_2A,0.6061,0.6263,0,0.0
Reference ligand (test),CC_2A,0.6263,0.6465,0,0.0
Reference ligand (test),CC_2A,0.6465,0.6667,0,0.0
Reference ligand (test),CC_2A,0.6667,0.6869,0,0.0
Reference ligand (test),CC_2A,0.6869,0.7071,0,0.0
Reference ligand (test),CC_2A,0.7071,0.7273,0,0.0
Reference ligand (test),CC_2A,0.7273,0.7475,0,0.0
Reference ligand (test),CC_2A,0.7475,0.7677,0,0.0
Reference ligand (test),CC_2A,0.7677,0.7879,0,0.0
Reference ligand (test),CC_2A,0.7879,0.8081,0,0.0
Reference ligand (test),CC_2A,0.8081,0.8283,0,0.0
Reference ligand (test),CC_2A,0.8283,0.8485,0,0.0
Reference ligand (test),CC_2A,0.8485,0.8687,0,0.0
Reference ligand (test),CC_2A,0.8687,0.8889,0,0.0
Reference ligand (test),CC_2A,0.8889,0.9091,0,0.0
Reference ligand (test),CC_2A,0.9091,0.9293,0,0.0
Reference ligand (test),CC_2A,0.9293,0.9495,0,0.0
Reference ligand (test),CC_2A,0.9495,0.9697,0,0.0
Reference ligand (test),CC_2A,0.9697,0.9899,0,0.0
Reference ligand (test),CC_2A,0.9899,1.0101,0,0.0
Reference ligand (test),CC_2A,1.0101,1.0303,0,0.0
Reference ligand (test),CC_2A,1.0303,1.0505,0,0.0
Reference ligand (test),CC_2A,1.0505,1.0707,0,0.0
Reference ligand (test),CC_2A,1.0707,1.0909,0,0.0
Reference ligand (test),CC_2A,1.0909,1.1111,0,0.0
Reference ligand (test),CC_2A,1.1111,1.1313,0,0.0
Reference ligand (test),CC_2A,1.1313,1.1515,0,0.0
Reference ligand (test),CC_2A,1.1515,1.1717,0,0.0
Reference ligand (test),CC_2A,1.1717,1.1919,0,0.0
Reference ligand (test),CC_2A,1.1919,1.2121,0,0.0
Reference ligand (test),CC_2A,1.2121,1.2323,1,0.0795
Reference ligand (test),CC_2A,1.2323,1.2525,0,0.0
Reference ligand (test),CC_2A,1.2525,1.2727,1,0.0795
Reference ligand (test),CC_2A,1.2727,1.2929,1,0.0795
Reference ligand (test),CC_2A,1.2929,1.3131,2,0.159
Reference ligand (test),CC_2A,1.3131,1.3333,15,1.1924
Reference ligand (test),CC_2A,1.3333,1.3535,16,1.2719
Reference ligand (test),CC_2A,1.3535,1.3737,32,2.5437
Reference ligand (test),CC_2A,1.3737,1.3939,192,15.2623
Reference ligand (test),CC_2A,1.3939,1.4141,171,13.593
Reference ligand (test),CC_2A,1.4141,1.4343,71,5.6439
Reference ligand (test),CC_2A,1.4343,1.4545,36,2.8617
Reference ligand (test),CC_2A,1.4545,1.4747,35,2.7822
Reference ligand (test),CC_2A,1.4747,1.4949,71,5.6439
Reference ligand (test),CC_2A,1.4949,1.5152,128,10.1749
Reference ligand (test),CC_2A,1.5152,1.5354,283,22.496
Reference ligand (test),CC_2A,1.5354,1.5556,119,9.4595
Reference ligand (test),CC_2A,1.5556,1.5758,50,3.9746
Reference ligand (test),CC_2A,1.5758,1.596,12,0.9539
Reference ligand (test),CC_2A,1.596,1.6162,9,0.7154
Reference ligand (test),CC_2A,1.6162,1.6364,4,0.318
Reference ligand (test),CC_2A,1.6364,1.6566,3,0.2385
Reference ligand (test),CC_2A,1.6566,1.6768,3,0.2385
Reference ligand (test),CC_2A,1.6768,1.697,3,0.2385
Reference ligand (test),CC_2A,1.697,1.7172,0,0.0
Reference ligand (test),CC_2A,1.7172,1.7374,0,0.0
Reference ligand (test),CC_2A,1.7374,1.7576,0,0.0
Reference ligand (test),CC_2A,1.7576,1.7778,0,0.0
Reference ligand (test),CC_2A,1.7778,1.798,0,0.0
Reference ligand (test),CC_2A,1.798,1.8182,0,0.0
Reference ligand (test),CC_2A,1.8182,1.8384,0,0.0
Reference ligand (test),CC_2A,1.8384,1.8586,0,0.0
Reference ligand (test),CC_2A,1.8586,1.8788,0,0.0
Reference ligand (test),CC_2A,1.8788,1.899,0,0.0
Reference ligand (test),CC_2A,1.899,1.9192,0,0.0
Reference ligand (test),CC_2A,1.9192,1.9394,0,0.0
Reference ligand (test),CC_2A,1.9394,1.9596,0,0.0
Reference ligand (test),CC_2A,1.9596,1.9798,0,0.0
Reference ligand (test),CC_2A,1.9798,2.0,0,0.0
AR,All_12A,0.0,0.1212,0,0.0
AR,All_12A,0.1212,0.2424,0,0.0
AR,All_12A,0.2424,0.3636,0,0.0
AR,All_12A,0.3636,0.4848,0,0.0
AR,All_12A,0.4848,0.6061,2,0.0002
AR,All_12A,0.6061,0.7273,2,0.0002
AR,All_12A,0.7273,0.8485,0,0.0
AR,All_12A,0.8485,0.9697,7,0.0006
AR,All_12A,0.9697,1.0909,217,0.0175
AR,All_12A,1.0909,1.2121,2035,0.164
AR,All_12A,1.2121,1.3333,16042,1.2929
AR,All_12A,1.3333,1.4545,73508,5.9242
AR,All_12A,1.4545,1.5758,49699,4.0054
AR,All_12A,1.5758,1.697,3987,0.3213
AR,All_12A,1.697,1.8182,638,0.0514
AR,All_12A,1.8182,1.9394,135,0.0109
AR,All_12A,1.9394,2.0606,829,0.0668
AR,All_12A,2.0606,2.1818,5394,0.4347
AR,All_12A,2.1818,2.303,25037,2.0178
AR,All_12A,2.303,2.4242,73548,5.9274
AR,All_12A,2.4242,2.5455,77202,6.2219
AR,All_12A,2.5455,2.6667,40887,3.2952
AR,All_12A,2.6667,2.7879,21059,1.6972
AR,All_12A,2.7879,2.9091,19258,1.5521
AR,All_12A,2.9091,3.0303,14245,1.148
AR,All_12A,3.0303,3.1515,10165,0.8192
AR,All_12A,3.1515,3.2727,7024,0.5661
AR,All_12A,3.2727,3.3939,8205,0.6613
AR,All_12A,3.3939,3.5152,17831,1.437
AR,All_12A,3.5152,3.6364,38371,3.0924
AR,All_12A,3.6364,3.7576,48108,3.8771
AR,All_12A,3.7576,3.8788,30123,2.4277
AR,All_12A,3.8788,4.0,14610,1.1775
AR,All_12A,4.0,4.1212,14844,1.1963
AR,All_12A,4.1212,4.2424,21189,1.7077
AR,All_12A,4.2424,4.3636,21735,1.7517
AR,All_12A,4.3636,4.4848,18097,1.4585
AR,All_12A,4.4848,4.6061,17854,1.4389
AR,All_12A,4.6061,4.7273,23094,1.8612
AR,All_12A,4.7273,4.8485,30240,2.4371
AR,All_12A,4.8485,4.9697,28847,2.3249
AR,All_12A,4.9697,5.0909,21246,1.7123
AR,All_12A,5.0909,5.2121,15624,1.2592
AR,All_12A,5.2121,5.3333,11249,0.9066
AR,All_12A,5.3333,5.4545,10736,0.8652
AR,All_12A,5.4545,5.5758,12715,1.0247
AR,All_12A,5.5758,5.697,14603,1.1769
AR,All_12A,5.697,5.8182,16007,1.29
AR,All_12A,5.8182,5.9394,17199,1.3861
AR,All_12A,5.9394,6.0606,19451,1.5676
AR,All_12A,6.0606,6.1818,18018,1.4521
AR,All_12A,6.1818,6.303,15962,1.2864
AR,All_12A,6.303,6.4242,15136,1.2198
AR,All_12A,6.4242,6.5455,13937,1.1232
AR,All_12A,6.5455,6.6667,11687,0.9419
AR,All_12A,6.6667,6.7879,11770,0.9486
AR,All_12A,6.7879,6.9091,11686,0.9418
AR,All_12A,6.9091,7.0303,12078,0.9734
AR,All_12A,7.0303,7.1515,13046,1.0514
AR,All_12A,7.1515,7.2727,12544,1.011
AR,All_12A,7.2727,7.3939,11261,0.9076
AR,All_12A,7.3939,7.5152,9818,0.7913
AR,All_12A,7.5152,7.6364,8484,0.6837
AR,All_12A,7.6364,7.7576,8619,0.6946
AR,All_12A,7.7576,7.8788,8243,0.6643
AR,All_12A,7.8788,8.0,7990,0.6439
AR,All_12A,8.0,8.1212,8373,0.6748
AR,All_12A,8.1212,8.2424,8807,0.7098
AR,All_12A,8.2424,8.3636,8523,0.6869
AR,All_12A,8.3636,8.4848,8048,0.6486
AR,All_12A,8.4848,8.6061,7449,0.6003
AR,All_12A,8.6061,8.7273,6898,0.5559
AR,All_12A,8.7273,8.8485,5920,0.4771
AR,All_12A,8.8485,8.9697,5516,0.4445
AR,All_12A,8.9697,9.0909,5281,0.4256
AR,All_12A,9.0909,9.2121,5099,0.4109
AR,All_12A,9.2121,9.3333,4916,0.3962
AR,All_12A,9.3333,9.4545,4522,0.3644
AR,All_12A,9.4545,9.5758,4652,0.3749
AR,All_12A,9.5758,9.697,4415,0.3558
AR,All_12A,9.697,9.8182,3968,0.3198
AR,All_12A,9.8182,9.9394,3858,0.3109
AR,All_12A,9.9394,10.0606,3366,0.2713
AR,All_12A,10.0606,10.1818,3257,0.2625
AR,All_12A,10.1818,10.303,3366,0.2713
AR,All_12A,10.303,10.4242,3123,0.2517
AR,All_12A,10.4242,10.5455,3115,0.251
AR,All_12A,10.5455,10.6667,2873,0.2315
AR,All_12A,10.6667,10.7879,2676,0.2157
AR,All_12A,10.7879,10.9091,2619,0.2111
AR,All_12A,10.9091,11.0303,2371,0.1911
AR,All_12A,11.0303,11.1515,2177,0.1754
AR,All_12A,11.1515,11.2727,2151,0.1734
AR,All_12A,11.2727,11.3939,1902,0.1533
AR,All_12A,11.3939,11.5152,1933,0.1558
AR,All_12A,11.5152,11.6364,1739,0.1402
AR,All_12A,11.6364,11.7576,1548,0.1248
AR,All_12A,11.7576,11.8788,1683,0.1356
AR,All_12A,11.8788,12.0,1489,0.12
AR,CC_2A,0.0,0.0202,0,0.0
AR,CC_2A,0.0202,0.0404,0,0.0
AR,CC_2A,0.0404,0.0606,0,0.0
AR,CC_2A,0.0606,0.0808,0,0.0
AR,CC_2A,0.0808,0.101,0,0.0
AR,CC_2A,0.101,0.1212,0,0.0
AR,CC_2A,0.1212,0.1414,0,0.0
AR,CC_2A,0.1414,0.1616,0,0.0
AR,CC_2A,0.1616,0.1818,0,0.0
AR,CC_2A,0.1818,0.202,0,0.0
AR,CC_2A,0.202,0.2222,0,0.0
AR,CC_2A,0.2222,0.2424,0,0.0
AR,CC_2A,0.2424,0.2626,0,0.0
AR,CC_2A,0.2626,0.2828,0,0.0
AR,CC_2A,0.2828,0.303,0,0.0
AR,CC_2A,0.303,0.3232,0,0.0
AR,CC_2A,0.3232,0.3434,0,0.0
AR,CC_2A,0.3434,0.3636,0,0.0
AR,CC_2A,0.3636,0.3838,0,0.0
AR,CC_2A,0.3838,0.404,0,0.0
AR,CC_2A,0.404,0.4242,0,0.0
AR,CC_2A,0.4242,0.4444,0,0.0
AR,CC_2A,0.4444,0.4646,0,0.0
AR,CC_2A,0.4646,0.4848,0,0.0
AR,CC_2A,0.4848,0.5051,0,0.0
AR,CC_2A,0.5051,0.5253,0,0.0
AR,CC_2A,0.5253,0.5455,0,0.0
AR,CC_2A,0.5455,0.5657,0,0.0
AR,CC_2A,0.5657,0.5859,1,0.0012
AR,CC_2A,0.5859,0.6061,0,0.0
AR,CC_2A,0.6061,0.6263,1,0.0012
AR,CC_2A,0.6263,0.6465,0,0.0
AR,CC_2A,0.6465,0.6667,1,0.0012
AR,CC_2A,0.6667,0.6869,0,0.0
AR,CC_2A,0.6869,0.7071,0,0.0
AR,CC_2A,0.7071,0.7273,0,0.0
AR,CC_2A,0.7273,0.7475,0,0.0
AR,CC_2A,0.7475,0.7677,0,0.0
AR,CC_2A,0.7677,0.7879,0,0.0
AR,CC_2A,0.7879,0.8081,0,0.0
AR,CC_2A,0.8081,0.8283,0,0.0
AR,CC_2A,0.8283,0.8485,0,0.0
AR,CC_2A,0.8485,0.8687,0,0.0
AR,CC_2A,0.8687,0.8889,0,0.0
AR,CC_2A,0.8889,0.9091,0,0.0
AR,CC_2A,0.9091,0.9293,1,0.0012
AR,CC_2A,0.9293,0.9495,0,0.0
AR,CC_2A,0.9495,0.9697,0,0.0
AR,CC_2A,0.9697,0.9899,4,0.0049
AR,CC_2A,0.9899,1.0101,1,0.0012
AR,CC_2A,1.0101,1.0303,0,0.0
AR,CC_2A,1.0303,1.0505,13,0.0158
AR,CC_2A,1.0505,1.0707,3,0.0037
AR,CC_2A,1.0707,1.0909,5,0.0061
AR,CC_2A,1.0909,1.1111,7,0.0085
AR,CC_2A,1.1111,1.1313,2,0.0024
AR,CC_2A,1.1313,1.1515,16,0.0195
AR,CC_2A,1.1515,1.1717,17,0.0207
AR,CC_2A,1.1717,1.1919,25,0.0304
AR,CC_2A,1.1919,1.2121,45,0.0548
AR,CC_2A,1.2121,1.2323,58,0.0706
AR,CC_2A,1.2323,1.2525,128,0.1558
AR,CC_2A,1.2525,1.2727,214,0.2604
AR,CC_2A,1.2727,1.2929,521,0.6341
AR,CC_2A,1.2929,1.3131,871,1.06
AR,CC_2A,1.3131,1.3333,1311,1.5955
AR,CC_2A,1.3333,1.3535,2589,3.1508
AR,CC_2A,1.3535,1.3737,3224,3.9236
AR,CC_2A,1.3737,1.3939,5595,6.8091
AR,CC_2A,1.3939,1.4141,5408,6.5816
AR,CC_2A,1.4141,1.4343,8201,9.9806
AR,CC_2A,1.4343,1.4545,14254,17.3472
AR,CC_2A,1.4545,1.4747,11262,13.7059
AR,CC_2A,1.4747,1.4949,16393,19.9503
AR,CC_2A,1.4949,1.5152,5653,6.8797
AR,CC_2A,1.5152,1.5354,941,1.1452
AR,CC_2A,1.5354,1.5556,698,0.8495
AR,CC_2A,1.5556,1.5758,934,1.1367
AR,CC_2A,1.5758,1.596,800,0.9736
AR,CC_2A,1.596,1.6162,733,0.8921
AR,CC_2A,1.6162,1.6364,560,0.6815
AR,CC_2A,1.6364,1.6566,507,0.617
AR,CC_2A,1.6566,1.6768,385,0.4685
AR,CC_2A,1.6768,1.697,174,0.2118
AR,CC_2A,1.697,1.7172,205,0.2495
AR,CC_2A,1.7172,1.7374,142,0.1728
AR,CC_2A,1.7374,1.7576,63,0.0767
AR,CC_2A,1.7576,1.7778,48,0.0584
AR,CC_2A,1.7778,1.798,43,0.0523
AR,CC_2A,1.798,1.8182,38,0.0462
AR,CC_2A,1.8182,1.8384,14,0.017
AR,CC_2A,1.8384,1.8586,18,0.0219
AR,CC_2A,1.8586,1.8788,2,0.0024
AR,CC_2A,1.8788,1.899,3,0.0037
AR,CC_2A,1.899,1.9192,6,0.0073
AR,CC_2A,1.9192,1.9394,6,0.0073
AR,CC_2A,1.9394,1.9596,9,0.011
AR,CC_2A,1.9596,1.9798,8,0.0097
AR,CC_2A,1.9798,2.0,8,0.0097
Pocket2Mol,All_12A,0.0,0.1212,0,0.0
Pocket2Mol,All_12A,0.1212,0.2424,0,0.0
Pocket2Mol,All_12A,0.2424,0.3636,0,0.0
Pocket2Mol,All_12A,0.3636,0.4848,0,0.0
Pocket2Mol,All_12A,0.4848,0.6061,0,0.0
Pocket2Mol,All_12A,0.6061,0.7273,0,0.0
Pocket2Mol,All_12A,0.7273,0.8485,1,0.0001
Pocket2Mol,All_12A,0.8485,0.9697,110,0.007
Pocket2Mol,All_12A,0.9697,1.0909,709,0.045
Pocket2Mol,All_12A,1.0909,1.2121,6595,0.4189
Pocket2Mol,All_12A,1.2121,1.3333,34080,2.1649
Pocket2Mol,All_12A,1.3333,1.4545,77202,4.9042
Pocket2Mol,All_12A,1.4545,1.5758,34198,2.1724
Pocket2Mol,All_12A,1.5758,1.697,4457,0.2831
Pocket2Mol,All_12A,1.697,1.8182,1060,0.0673
Pocket2Mol,All_12A,1.8182,1.9394,712,0.0452
Pocket2Mol,All_12A,1.9394,2.0606,1889,0.12
Pocket2Mol,All_12A,2.0606,2.1818,8748,0.5557
Pocket2Mol,All_12A,2.1818,2.303,35743,2.2705
Pocket2Mol,All_12A,2.303,2.4242,95860,6.0894
Pocket2Mol,All_12A,2.4242,2.5455,72652,4.6151
Pocket2Mol,All_12A,2.5455,2.6667,27362,1.7381
Pocket2Mol,All_12A,2.6667,2.7879,34071,2.1643
Pocket2Mol,All_12A,2.7879,2.9091,29967,1.9036
Pocket2Mol,All_12A,2.9091,3.0303,14642,0.9301
Pocket2Mol,All_12A,3.0303,3.1515,10317,0.6554
Pocket2Mol,All_12A,3.1515,3.2727,9477,0.602
Pocket2Mol,All_12A,3.2727,3.3939,11607,0.7373
Pocket2Mol,All_12A,3.3939,3.5152,20526,1.3039
Pocket2Mol,All_12A,3.5152,3.6364,42346,2.69
Pocket2Mol,All_12A,3.6364,3.7576,56157,3.5673
Pocket2Mol,All_12A,3.7576,3.8788,27217,1.7289
Pocket2Mol,All_12A,3.8788,4.0,15860,1.0075
Pocket2Mol,All_12A,4.0,4.1212,25888,1.6445
Pocket2Mol,All_12A,4.1212,4.2424,40012,2.5417
Pocket2Mol,All_12A,4.2424,4.3636,28099,1.785
Pocket2Mol,All_12A,4.3636,4.4848,20710,1.3156
Pocket2Mol,All_12A,4.4848,4.6061,22664,1.4397
Pocket2Mol,All_12A,4.6061,4.7273,29050,1.8454
Pocket2Mol,All_12A,4.7273,4.8485,36961,2.3479
Pocket2Mol,All_12A,4.8485,4.9697,36389,2.3116
Pocket2Mol,All_12A,4.9697,5.0909,29802,1.8931
Pocket2Mol,All_12A,5.0909,5.2121,20393,1.2954
Pocket2Mol,All_12A,5.2121,5.3333,15403,0.9785
Pocket2Mol,All_12A,5.3333,5.4545,15003,0.953
Pocket2Mol,All_12A,5.4545,5.5758,18547,1.1782
Pocket2Mol,All_12A,5.5758,5.697,20132,1.2789
Pocket2Mol,All_12A,5.697,5.8182,18107,1.1502
Pocket2Mol,All_12A,5.8182,5.9394,20148,1.2799
Pocket2Mol,All_12A,5.9394,6.0606,21357,1.3567
Pocket2Mol,All_12A,6.0606,6.1818,22119,1.4051
Pocket2Mol,All_12A,6.1818,6.303,22868,1.4527
Pocket2Mol,All_12A,6.303,6.4242,25357,1.6108
Pocket2Mol,All_12A,6.4242,6.5455,21245,1.3496
Pocket2Mol,All_12A,6.5455,6.6667,15289,0.9712
Pocket2Mol,All_12A,6.6667,6.7879,14442,0.9174
Pocket2Mol,All_12A,6.7879,6.9091,15042,0.9555
Pocket2Mol,All_12A,6.9091,7.0303,16841,1.0698
Pocket2Mol,All_12A,7.0303,7.1515,16372,1.04
Pocket2Mol,All_12A,7.1515,7.2727,16710,1.0615
Pocket2Mol,All_12A,7.2727,7.3939,15271,0.9701
Pocket2Mol,All_12A,7.3939,7.5152,12607,0.8008
Pocket2Mol,All_12A,7.5152,7.6364,12225,0.7766
Pocket2Mol,All_12A,7.6364,7.7576,12732,0.8088
Pocket2Mol,All_12A,7.7576,7.8788,11545,0.7334
Pocket2Mol,All_12A,7.8788,8.0,10500,0.667
Pocket2Mol,All_12A,8.0,8.1212,10028,0.637
Pocket2Mol,All_12A,8.1212,8.2424,10981,0.6976
Pocket2Mol,All_12A,8.2424,8.3636,12515,0.795
Pocket2Mol,All_12A,8.3636,8.4848,12433,0.7898
Pocket2Mol,All_12A,8.4848,8.6061,12459,0.7914
Pocket2Mol,All_12A,8.6061,8.7273,11162,0.7091
Pocket2Mol,All_12A,8.7273,8.8485,8660,0.5501
Pocket2Mol,All_12A,8.8485,8.9697,8534,0.5421
Pocket2Mol,All_12A,8.9697,9.0909,8115,0.5155
Pocket2Mol,All_12A,9.0909,9.2121,8029,0.51
Pocket2Mol,All_12A,9.2121,9.3333,7525,0.478
Pocket2Mol,All_12A,9.3333,9.4545,6843,0.4347
Pocket2Mol,All_12A,9.4545,9.5758,7747,0.4921
Pocket2Mol,All_12A,9.5758,9.697,7423,0.4715
Pocket2Mol,All_12A,9.697,9.8182,6682,0.4245
Pocket2Mol,All_12A,9.8182,9.9394,6177,0.3924
Pocket2Mol,All_12A,9.9394,10.0606,5841,0.371
Pocket2Mol,All_12A,10.0606,10.1818,5515,0.3503
Pocket2Mol,All_12A,10.1818,10.303,5559,0.3531
Pocket2Mol,All_12A,10.303,10.4242,5697,0.3619
Pocket2Mol,All_12A,10.4242,10.5455,5524,0.3509
Pocket2Mol,All_12A,10.5455,10.6667,5191,0.3298
Pocket2Mol,All_12A,10.6667,10.7879,5264,0.3344
Pocket2Mol,All_12A,10.7879,10.9091,4840,0.3075
Pocket2Mol,All_12A,10.9091,11.0303,4726,0.3002
Pocket2Mol,All_12A,11.0303,11.1515,3983,0.253
Pocket2Mol,All_12A,11.1515,11.2727,3843,0.2441
Pocket2Mol,All_12A,11.2727,11.3939,3563,0.2263
Pocket2Mol,All_12A,11.3939,11.5152,3321,0.211
Pocket2Mol,All_12A,11.5152,11.6364,3091,0.1964
Pocket2Mol,All_12A,11.6364,11.7576,3366,0.2138
Pocket2Mol,All_12A,11.7576,11.8788,3090,0.1963
Pocket2Mol,All_12A,11.8788,12.0,3094,0.1965
Pocket2Mol,CC_2A,0.0,0.0202,0,0.0
Pocket2Mol,CC_2A,0.0202,0.0404,0,0.0
Pocket2Mol,CC_2A,0.0404,0.0606,0,0.0
Pocket2Mol,CC_2A,0.0606,0.0808,0,0.0
Pocket2Mol,CC_2A,0.0808,0.101,0,0.0
Pocket2Mol,CC_2A,0.101,0.1212,0,0.0
Pocket2Mol,CC_2A,0.1212,0.1414,0,0.0
Pocket2Mol,CC_2A,0.1414,0.1616,0,0.0
Pocket2Mol,CC_2A,0.1616,0.1818,0,0.0
Pocket2Mol,CC_2A,0.1818,0.202,0,0.0
Pocket2Mol,CC_2A,0.202,0.2222,0,0.0
Pocket2Mol,CC_2A,0.2222,0.2424,0,0.0
Pocket2Mol,CC_2A,0.2424,0.2626,0,0.0
Pocket2Mol,CC_2A,0.2626,0.2828,0,0.0
Pocket2Mol,CC_2A,0.2828,0.303,0,0.0
Pocket2Mol,CC_2A,0.303,0.3232,0,0.0
Pocket2Mol,CC_2A,0.3232,0.3434,0,0.0
Pocket2Mol,CC_2A,0.3434,0.3636,0,0.0
Pocket2Mol,CC_2A,0.3636,0.3838,0,0.0
Pocket2Mol,CC_2A,0.3838,0.404,0,0.0
Pocket2Mol,CC_2A,0.404,0.4242,0,0.0
Pocket2Mol,CC_2A,0.4242,0.4444,0,0.0
Pocket2Mol,CC_2A,0.4444,0.4646,0,0.0
Pocket2Mol,CC_2A,0.4646,0.4848,0,0.0
Pocket2Mol,CC_2A,0.4848,0.5051,0,0.0
Pocket2Mol,CC_2A,0.5051,0.5253,0,0.0
Pocket2Mol,CC_2A,0.5253,0.5455,0,0.0
Pocket2Mol,CC_2A,0.5455,0.5657,0,0.0
Pocket2Mol,CC_2A,0.5657,0.5859,0,0.0
Pocket2Mol,CC_2A,0.5859,0.6061,0,0.0
Pocket2Mol,CC_2A,0.6061,0.6263,0,0.0
Pocket2Mol,CC_2A,0.6263,0.6465,0,0.0
Pocket2Mol,CC_2A,0.6465,0.6667,0,0.0
Pocket2Mol,CC_2A,0.6667,0.6869,0,0.0
Pocket2Mol,CC_2A,0.6869,0.7071,0,0.0
Pocket2Mol,CC_2A,0.7071,0.7273,0,0.0
Pocket2Mol,CC_2A,0.7273,0.7475,0,0.0
Pocket2Mol,CC_2A,0.7475,0.7677,0,0.0
Pocket2Mol,CC_2A,0.7677,0.7879,0,0.0
Pocket2Mol,CC_2A,0.7879,0.8081,0,0.0
Pocket2Mol,CC_2A,0.8081,0.8283,0,0.0
Pocket2Mol,CC_2A,0.8283,0.8485,0,0.0
Pocket2Mol,CC_2A,0.8485,0.8687,5,0.005
Pocket2Mol,CC_2A,0.8687,0.8889,14,0.014
Pocket2Mol,CC_2A,0.8889,0.9091,8,0.008
Pocket2Mol,CC_2A,0.9091,0.9293,20,0.02
Pocket2Mol,CC_2A,0.9293,0.9495,15,0.015
Pocket2Mol,CC_2A,0.9495,0.9697,24,0.024
Pocket2Mol,CC_2A,0.9697,0.9899,7,0.007
Pocket2Mol,CC_2A,0.9899,1.0101,16,0.016
Pocket2Mol,CC_2A,1.0101,1.0303,19,0.019
Pocket2Mol,CC_2A,1.0303,1.0505,39,0.0389
Pocket2Mol,CC_2A,1.0505,1.0707,68,0.0679
Pocket2Mol,CC_2A,1.0707,1.0909,81,0.0808
Pocket2Mol,CC_2A,1.0909,1.1111,93,0.0928
Pocket2Mol,CC_2A,1.1111,1.1313,194,0.1936
Pocket2Mol,CC_2A,1.1313,1.1515,189,0.1886
Pocket2Mol,CC_2A,1.1515,1.1717,378,0.3773
Pocket2Mol,CC_2A,1.1717,1.1919,598,0.5969
Pocket2Mol,CC_2A,1.1919,1.2121,937,0.9353
Pocket2Mol,CC_2A,1.2121,1.2323,1285,1.2826
Pocket2Mol,CC_2A,1.2323,1.2525,1941,1.9374
Pocket2Mol,CC_2A,1.2525,1.2727,2334,2.3296
Pocket2Mol,CC_2A,1.2727,1.2929,2744,2.7389
Pocket2Mol,CC_2A,1.2929,1.3131,3769,3.762
Pocket2Mol,CC_2A,1.3131,1.3333,4759,4.7501
Pocket2Mol,CC_2A,1.3333,1.3535,6448,6.436
Pocket2Mol,CC_2A,1.3535,1.3737,7970,7.9551
Pocket2Mol,CC_2A,1.3737,1.3939,9418,9.4004
Pocket2Mol,CC_2A,1.3939,1.4141,9496,9.4783
Pocket2Mol,CC_2A,1.4141,1.4343,8742,8.7257
Pocket2Mol,CC_2A,1.4343,1.4545,8262,8.2466
Pocket2Mol,CC_2A,1.4545,1.4747,7177,7.1636
Pocket2Mol,CC_2A,1.4747,1.4949,5620,5.6095
Pocket2Mol,CC_2A,1.4949,1.5152,4647,4.6383
Pocket2Mol,CC_2A,1.5152,1.5354,3488,3.4815
Pocket2Mol,CC_2A,1.5354,1.5556,2459,2.4544
Pocket2Mol,CC_2A,1.5556,1.5758,1917,1.9134
Pocket2Mol,CC_2A,1.5758,1.596,1205,1.2028
Pocket2Mol,CC_2A,1.596,1.6162,813,0.8115
Pocket2Mol,CC_2A,1.6162,1.6364,529,0.528
Pocket2Mol,CC_2A,1.6364,1.6566,413,0.4122
Pocket2Mol,CC_2A,1.6566,1.6768,214,0.2136
Pocket2Mol,CC_2A,1.6768,1.697,272,0.2715
Pocket2Mol,CC_2A,1.697,1.7172,128,0.1278
Pocket2Mol,CC_2A,1.7172,1.7374,211,0.2106
Pocket2Mol,CC_2A,1.7374,1.7576,109,0.1088
Pocket2Mol,CC_2A,1.7576,1.7778,152,0.1517
Pocket2Mol,CC_2A,1.7778,1.798,94,0.0938
Pocket2Mol,CC_2A,1.798,1.8182,132,0.1318
Pocket2Mol,CC_2A,1.8182,1.8384,62,0.0619
Pocket2Mol,CC_2A,1.8384,1.8586,54,0.0539
Pocket2Mol,CC_2A,1.8586,1.8788,76,0.0759
Pocket2Mol,CC_2A,1.8788,1.899,39,0.0389
Pocket2Mol,CC_2A,1.899,1.9192,72,0.0719
Pocket2Mol,CC_2A,1.9192,1.9394,88,0.0878
Pocket2Mol,CC_2A,1.9394,1.9596,98,0.0978
Pocket2Mol,CC_2A,1.9596,1.9798,123,0.1228
Pocket2Mol,CC_2A,1.9798,2.0,122,0.1218
DiffSBDD,All_12A,0.0,0.1212,0,0.0
DiffSBDD,All_12A,0.1212,0.2424,1,0.0001
DiffSBDD,All_12A,0.2424,0.3636,3,0.0002
DiffSBDD,All_12A,0.3636,0.4848,23,0.0013
DiffSBDD,All_12A,0.4848,0.6061,43,0.0025
DiffSBDD,All_12A,0.6061,0.7273,63,0.0036
DiffSBDD,All_12A,0.7273,0.8485,174,0.0099
DiffSBDD,All_12A,0.8485,0.9697,477,0.0272
DiffSBDD,All_12A,0.9697,1.0909,1341,0.0765
DiffSBDD,All_12A,1.0909,1.2121,6498,0.3709
DiffSBDD,All_12A,1.2121,1.3333,23621,1.3483
DiffSBDD,All_12A,1.3333,1.4545,60636,3.4612
DiffSBDD,All_12A,1.4545,1.5758,51626,2.9469
DiffSBDD,All_12A,1.5758,1.697,15227,0.8692
DiffSBDD,All_12A,1.697,1.8182,6037,0.3446
DiffSBDD,All_12A,1.8182,1.9394,3124,0.1783
DiffSBDD,All_12A,1.9394,2.0606,3772,0.2153
DiffSBDD,All_12A,2.0606,2.1818,10526,0.6008
DiffSBDD,All_12A,2.1818,2.303,29212,1.6675
DiffSBDD,All_12A,2.303,2.4242,62969,3.5943
DiffSBDD,All_12A,2.4242,2.5455,69243,3.9525
DiffSBDD,All_12A,2.5455,2.6667,44565,2.5438
DiffSBDD,All_12A,2.6667,2.7879,33651,1.9208
DiffSBDD,All_12A,2.7879,2.9091,29456,1.6814
DiffSBDD,All_12A,2.9091,3.0303,23755,1.356
DiffSBDD,All_12A,3.0303,3.1515,21725,1.2401
DiffSBDD,All_12A,3.1515,3.2727,20867,1.1911
DiffSBDD,All_12A,3.2727,3.3939,22765,1.2995
DiffSBDD,All_12A,3.3939,3.5152,27982,1.5972
DiffSBDD,All_12A,3.5152,3.6364,36070,2.0589
DiffSBDD,All_12A,3.6364,3.7576,40290,2.2998
DiffSBDD,All_12A,3.7576,3.8788,34939,1.9944
DiffSBDD,All_12A,3.8788,4.0,28073,1.6024
DiffSBDD,All_12A,4.0,4.1212,26200,1.4955
DiffSBDD,All_12A,4.1212,4.2424,27682,1.5801
DiffSBDD,All_12A,4.2424,4.3636,28624,1.6339
DiffSBDD,All_12A,4.3636,4.4848,29240,1.6691
DiffSBDD,All_12A,4.4848,4.6061,30392,1.7348
DiffSBDD,All_12A,4.6061,4.7273,31798,1.8151
DiffSBDD,All_12A,4.7273,4.8485,32440,1.8517
DiffSBDD,All_12A,4.8485,4.9697,31421,1.7935
DiffSBDD,All_12A,4.9697,5.0909,29361,1.676
DiffSBDD,All_12A,5.0909,5.2121,27007,1.5416
DiffSBDD,All_12A,5.2121,5.3333,25438,1.452
DiffSBDD,All_12A,5.3333,5.4545,24341,1.3894
DiffSBDD,All_12A,5.4545,5.5758,24232,1.3832
DiffSBDD,All_12A,5.5758,5.697,24067,1.3738
DiffSBDD,All_12A,5.697,5.8182,24650,1.407
DiffSBDD,All_12A,5.8182,5.9394,24646,1.4068
DiffSBDD,All_12A,5.9394,6.0606,24624,1.4056
DiffSBDD,All_12A,6.0606,6.1818,23623,1.3484
DiffSBDD,All_12A,6.1818,6.303,23021,1.3141
DiffSBDD,All_12A,6.303,6.4242,22273,1.2714
DiffSBDD,All_12A,6.4242,6.5455,21980,1.2546
DiffSBDD,All_12A,6.5455,6.6667,21323,1.2171
DiffSBDD,All_12A,6.6667,6.7879,20524,1.1715
DiffSBDD,All_12A,6.7879,6.9091,20290,1.1582
DiffSBDD,All_12A,6.9091,7.0303,19756,1.1277
DiffSBDD,All_12A,7.0303,7.1515,19338,1.1038
DiffSBDD,All_12A,7.1515,7.2727,18843,1.0756
DiffSBDD,All_12A,7.2727,7.3939,17891,1.0212
DiffSBDD,All_12A,7.3939,7.5152,17213,0.9825
DiffSBDD,All_12A,7.5152,7.6364,16477,0.9405
DiffSBDD,All_12A,7.6364,7.7576,16076,0.9176
DiffSBDD,All_12A,7.7576,7.8788,15645,0.893
DiffSBDD,All_12A,7.8788,8.0,14964,0.8542
DiffSBDD,All_12A,8.0,8.1212,14806,0.8451
DiffSBDD,All_12A,8.1212,8.2424,13905,0.7937
DiffSBDD,All_12A,8.2424,8.3636,13576,0.7749
DiffSBDD,All_12A,8.3636,8.4848,13235,0.7555
DiffSBDD,All_12A,8.4848,8.6061,12751,0.7278
DiffSBDD,All_12A,8.6061,8.7273,11947,0.6819
DiffSBDD,All_12A,8.7273,8.8485,11799,0.6735
DiffSBDD,All_12A,8.8485,8.9697,11270,0.6433
DiffSBDD,All_12A,8.9697,9.0909,10658,0.6084
DiffSBDD,All_12A,9.0909,9.2121,10395,0.5934
DiffSBDD,All_12A,9.2121,9.3333,9813,0.5601
DiffSBDD,All_12A,9.3333,9.4545,9309,0.5314
DiffSBDD,All_12A,9.4545,9.5758,9007,0.5141
DiffSBDD,All_12A,9.5758,9.697,8703,0.4968
DiffSBDD,All_12A,9.697,9.8182,8347,0.4765
DiffSBDD,All_12A,9.8182,9.9394,7825,0.4467
DiffSBDD,All_12A,9.9394,10.0606,7531,0.4299
DiffSBDD,All_12A,10.0606,10.1818,7202,0.4111
DiffSBDD,All_12A,10.1818,10.303,6908,0.3943
DiffSBDD,All_12A,10.303,10.4242,6786,0.3874
DiffSBDD,All_12A,10.4242,10.5455,6443,0.3678
DiffSBDD,All_12A,10.5455,10.6667,5937,0.3389
DiffSBDD,All_12A,10.6667,10.7879,5773,0.3295
DiffSBDD,All_12A,10.7879,10.9091,5301,0.3026
DiffSBDD,All_12A,10.9091,11.0303,5212,0.2975
DiffSBDD,All_12A,11.0303,11.1515,5020,0.2865
DiffSBDD,All_12A,11.1515,11.2727,4814,0.2748
DiffSBDD,All_12A,11.2727,11.3939,4437,0.2533
DiffSBDD,All_12A,11.3939,11.5152,4344,0.248
DiffSBDD,All_12A,11.5152,11.6364,3980,0.2272
DiffSBDD,All_12A,11.6364,11.7576,3735,0.2132
DiffSBDD,All_12A,11.7576,11.8788,3616,0.2064
DiffSBDD,All_12A,11.8788,12.0,3354,0.1915
DiffSBDD,CC_2A,0.0,0.0202,0,0.0
DiffSBDD,CC_2A,0.0202,0.0404,0,0.0
DiffSBDD,CC_2A,0.0404,0.0606,0,0.0
DiffSBDD,CC_2A,0.0606,0.0808,0,0.0
DiffSBDD,CC_2A,0.0808,0.101,0,0.0
DiffSBDD,CC_2A,0.101,0.1212,0,0.0
DiffSBDD,CC_2A,0.1212,0.1414,0,0.0
DiffSBDD,CC_2A,0.1414,0.1616,0,0.0
DiffSBDD,CC_2A,0.1616,0.1818,0,0.0
DiffSBDD,CC_2A,0.1818,0.202,0,0.0
DiffSBDD,CC_2A,0.202,0.2222,0,0.0
DiffSBDD,CC_2A,0.2222,0.2424,0,0.0
DiffSBDD,CC_2A,0.2424,0.2626,0,0.0
DiffSBDD,CC_2A,0.2626,0.2828,0,0.0
DiffSBDD,CC_2A,0.2828,0.303,0,0.0
DiffSBDD,CC_2A,0.303,0.3232,1,0.001
DiffSBDD,CC_2A,0.3232,0.3434,0,0.0
DiffSBDD,CC_2A,0.3434,0.3636,1,0.001
DiffSBDD,CC_2A,0.3636,0.3838,1,0.001
DiffSBDD,CC_2A,0.3838,0.404,1,0.001
DiffSBDD,CC_2A,0.404,0.4242,2,0.0021
DiffSBDD,CC_2A,0.4242,0.4444,5,0.0052
DiffSBDD,CC_2A,0.4444,0.4646,0,0.0
DiffSBDD,CC_2A,0.4646,0.4848,3,0.0031
DiffSBDD,CC_2A,0.4848,0.5051,1,0.001
DiffSBDD,CC_2A,0.5051,0.5253,7,0.0072
DiffSBDD,CC_2A,0.5253,0.5455,6,0.0062
DiffSBDD,CC_2A,0.5455,0.5657,6,0.0062
DiffSBDD,CC_2A,0.5657,0.5859,3,0.0031
DiffSBDD,CC_2A,0.5859,0.6061,6,0.0062
DiffSBDD,CC_2A,0.6061,0.6263,6,0.0062
DiffSBDD,CC_2A,0.6263,0.6465,6,0.0062
DiffSBDD,CC_2A,0.6465,0.6667,4,0.0041
DiffSBDD,CC_2A,0.6667,0.6869,9,0.0093
DiffSBDD,CC_2A,0.6869,0.7071,7,0.0072
DiffSBDD,CC_2A,0.7071,0.7273,11,0.0114
DiffSBDD,CC_2A,0.7273,0.7475,15,0.0155
DiffSBDD,CC_2A,0.7475,0.7677,13,0.0134
DiffSBDD,CC_2A,0.7677,0.7879,13,0.0134
DiffSBDD,CC_2A,0.7879,0.8081,15,0.0155
DiffSBDD,CC_2A,0.8081,0.8283,14,0.0145
DiffSBDD,CC_2A,0.8283,0.8485,28,0.029
DiffSBDD,CC_2A,0.8485,0.8687,22,0.0228
DiffSBDD,CC_2A,0.8687,0.8889,20,0.0207
DiffSBDD,CC_2A,0.8889,0.9091,21,0.0217
DiffSBDD,CC_2A,0.9091,0.9293,31,0.0321
DiffSBDD,CC_2A,0.9293,0.9495,55,0.0569
DiffSBDD,CC_2A,0.9495,0.9697,51,0.0528
DiffSBDD,CC_2A,0.9697,0.9899,63,0.0652
DiffSBDD,CC_2A,0.9899,1.0101,56,0.0579
DiffSBDD,CC_2A,1.0101,1.0303,72,0.0745
DiffSBDD,CC_2A,1.0303,1.0505,79,0.0817
DiffSBDD,CC_2A,1.0505,1.0707,92,0.0952
DiffSBDD,CC_2A,1.0707,1.0909,120,0.1241
DiffSBDD,CC_2A,1.0909,1.1111,158,0.1634
DiffSBDD,CC_2A,1.1111,1.1313,172,0.1779
DiffSBDD,CC_2A,1.1313,1.1515,208,0.2152
DiffSBDD,CC_2A,1.1515,1.1717,263,0.2721
DiffSBDD,CC_2A,1.1717,1.1919,325,0.3362
DiffSBDD,CC_2A,1.1919,1.2121,399,0.4127
DiffSBDD,CC_2A,1.2121,1.2323,509,0.5265
DiffSBDD,CC_2A,1.2323,1.2525,610,0.631
DiffSBDD,CC_2A,1.2525,1.2727,913,0.9444
DiffSBDD,CC_2A,1.2727,1.2929,1214,1.2558
DiffSBDD,CC_2A,1.2929,1.3131,1770,1.831
DiffSBDD,CC_2A,1.3131,1.3333,2520,2.6068
DiffSBDD,CC_2A,1.3333,1.3535,3589,3.7126
DiffSBDD,CC_2A,1.3535,1.3737,4927,5.0967
DiffSBDD,CC_2A,1.3737,1.3939,5934,6.1383
DiffSBDD,CC_2A,1.3939,1.4141,6447,6.669
DiffSBDD,CC_2A,1.4141,1.4343,6421,6.6421
DiffSBDD,CC_2A,1.4343,1.4545,6369,6.5883
DiffSBDD,CC_2A,1.4545,1.4747,6393,6.6132
DiffSBDD,CC_2A,1.4747,1.4949,6867,7.1035
DiffSBDD,CC_2A,1.4949,1.5152,7238,7.4873
DiffSBDD,CC_2A,1.5152,1.5354,6849,7.0849
DiffSBDD,CC_2A,1.5354,1.5556,5955,6.1601
DiffSBDD,CC_2A,1.5556,1.5758,4656,4.8163
DiffSBDD,CC_2A,1.5758,1.596,3470,3.5895
DiffSBDD,CC_2A,1.596,1.6162,2484,2.5695
DiffSBDD,CC_2A,1.6162,1.6364,1710,1.7689
DiffSBDD,CC_2A,1.6364,1.6566,1289,1.3334
DiffSBDD,CC_2A,1.6566,1.6768,966,0.9993
DiffSBDD,CC_2A,1.6768,1.697,741,0.7665
DiffSBDD,CC_2A,1.697,1.7172,664,0.6869
DiffSBDD,CC_2A,1.7172,1.7374,484,0.5007
DiffSBDD,CC_2A,1.7374,1.7576,388,0.4014
DiffSBDD,CC_2A,1.7576,1.7778,338,0.3496
DiffSBDD,CC_2A,1.7778,1.798,320,0.331
DiffSBDD,CC_2A,1.798,1.8182,255,0.2638
DiffSBDD,CC_2A,1.8182,1.8384,255,0.2638
DiffSBDD,CC_2A,1.8384,1.8586,218,0.2255
DiffSBDD,CC_2A,1.8586,1.8788,215,0.2224
DiffSBDD,CC_2A,1.8788,1.899,206,0.2131
DiffSBDD,CC_2A,1.899,1.9192,200,0.2069
DiffSBDD,CC_2A,1.9192,1.9394,212,0.2193
DiffSBDD,CC_2A,1.9394,1.9596,224,0.2317
DiffSBDD,CC_2A,1.9596,1.9798,207,0.2141
DiffSBDD,CC_2A,1.9798,2.0,253,0.2617
DecompDiff,All_12A,0.0,0.1212,0,0.0
DecompDiff,All_12A,0.1212,0.2424,2,0.0001
DecompDiff,All_12A,0.2424,0.3636,4,0.0003
DecompDiff,All_12A,0.3636,0.4848,1,0.0001
DecompDiff,All_12A,0.4848,0.6061,2,0.0001
DecompDiff,All_12A,0.6061,0.7273,8,0.0005
DecompDiff,All_12A,0.7273,0.8485,13,0.0008
DecompDiff,All_12A,0.8485,0.9697,35,0.0022
DecompDiff,All_12A,0.9697,1.0909,153,0.0096
DecompDiff,All_12A,1.0909,1.2121,1126,0.0705
DecompDiff,All_12A,1.2121,1.3333,15984,1.0008
DecompDiff,All_12A,1.3333,1.4545,65987,4.1318
DecompDiff,All_12A,1.4545,1.5758,49850,3.1214
DecompDiff,All_12A,1.5758,1.697,6681,0.4183
DecompDiff,All_12A,1.697,1.8182,2110,0.1321
DecompDiff,All_12A,1.8182,1.9394,680,0.0426
DecompDiff,All_12A,1.9394,2.0606,751,0.047
DecompDiff,All_12A,2.0606,2.1818,5103,0.3195
DecompDiff,All_12A,2.1818,2.303,20829,1.3042
DecompDiff,All_12A,2.303,2.4242,63183,3.9562
DecompDiff,All_12A,2.4242,2.5455,69971,4.3813
DecompDiff,All_12A,2.5455,2.6667,33052,2.0696
DecompDiff,All_12A,2.6667,2.7879,25399,1.5904
DecompDiff,All_12A,2.7879,2.9091,23106,1.4468
DecompDiff,All_12A,2.9091,3.0303,18712,1.1717
DecompDiff,All_12A,3.0303,3.1515,19809,1.2404
DecompDiff,All_12A,3.1515,3.2727,17151,1.0739
DecompDiff,All_12A,3.2727,3.3939,18574,1.163
DecompDiff,All_12A,3.3939,3.5152,24562,1.538
DecompDiff,All_12A,3.5152,3.6364,35814,2.2425
DecompDiff,All_12A,3.6364,3.7576,39239,2.457
DecompDiff,All_12A,3.7576,3.8788,29140,1.8246
DecompDiff,All_12A,3.8788,4.0,21037,1.3172
DecompDiff,All_12A,4.0,4.1212,22295,1.396
DecompDiff,All_12A,4.1212,4.2424,25896,1.6215
DecompDiff,All_12A,4.2424,4.3636,26335,1.649
DecompDiff,All_12A,4.3636,4.4848,27227,1.7048
DecompDiff,All_12A,4.4848,4.6061,28770,1.8015
DecompDiff,All_12A,4.6061,4.7273,29483,1.8461
DecompDiff,All_12A,4.7273,4.8485,30020,1.8797
DecompDiff,All_12A,4.8485,4.9697,28833,1.8054
DecompDiff,All_12A,4.9697,5.0909,26203,1.6407
DecompDiff,All_12A,5.0909,5.2121,24013,1.5036
DecompDiff,All_12A,5.2121,5.3333,22951,1.4371
DecompDiff,All_12A,5.3333,5.4545,22900,1.4339
DecompDiff,All_12A,5.4545,5.5758,23357,1.4625
DecompDiff,All_12A,5.5758,5.697,23561,1.4753
DecompDiff,All_12A,5.697,5.8182,23859,1.4939
DecompDiff,All_12A,5.8182,5.9394,23608,1.4782
DecompDiff,All_12A,5.9394,6.0606,23050,1.4433
DecompDiff,All_12A,6.0606,6.1818,22083,1.3827
DecompDiff,All_12A,6.1818,6.303,21810,1.3656
DecompDiff,All_12A,6.303,6.4242,21460,1.3437
DecompDiff,All_12A,6.4242,6.5455,20873,1.307
DecompDiff,All_12A,6.5455,6.6667,20400,1.2774
DecompDiff,All_12A,6.6667,6.7879,19872,1.2443
DecompDiff,All_12A,6.7879,6.9091,19711,1.2342
DecompDiff,All_12A,6.9091,7.0303,18806,1.1775
DecompDiff,All_12A,7.0303,7.1515,18455,1.1556
DecompDiff,All_12A,7.1515,7.2727,17871,1.119
DecompDiff,All_12A,7.2727,7.3939,17040,1.067
DecompDiff,All_12A,7.3939,7.5152,16395,1.0266
DecompDiff,All_12A,7.5152,7.6364,15891,0.995
DecompDiff,All_12A,7.6364,7.7576,15446,0.9672
DecompDiff,All_12A,7.7576,7.8788,15119,0.9467
DecompDiff,All_12A,7.8788,8.0,14206,0.8895
DecompDiff,All_12A,8.0,8.1212,14299,0.8953
DecompDiff,All_12A,8.1212,8.2424,13461,0.8429
DecompDiff,All_12A,8.2424,8.3636,13147,0.8232
DecompDiff,All_12A,8.3636,8.4848,12624,0.7905
DecompDiff,All_12A,8.4848,8.6061,12252,0.7672
DecompDiff,All_12A,8.6061,8.7273,11688,0.7319
DecompDiff,All_12A,8.7273,8.8485,11247,0.7042
DecompDiff,All_12A,8.8485,8.9697,10618,0.6649
DecompDiff,All_12A,8.9697,9.0909,10165,0.6365
DecompDiff,All_12A,9.0909,9.2121,9823,0.6151
DecompDiff,All_12A,9.2121,9.3333,9477,0.5934
DecompDiff,All_12A,9.3333,9.4545,8983,0.5625
DecompDiff,All_12A,9.4545,9.5758,8693,0.5443
DecompDiff,All_12A,9.5758,9.697,8397,0.5258
DecompDiff,All_12A,9.697,9.8182,7966,0.4988
DecompDiff,All_12A,9.8182,9.9394,7688,0.4814
DecompDiff,All_12A,9.9394,10.0606,7423,0.4648
DecompDiff,All_12A,10.0606,10.1818,6966,0.4362
DecompDiff,All_12A,10.1818,10.303,6664,0.4173
DecompDiff,All_12A,10.303,10.4242,6441,0.4033
DecompDiff,All_12A,10.4242,10.5455,6339,0.3969
DecompDiff,All_12A,10.5455,10.6667,6085,0.381
DecompDiff,All_12A,10.6667,10.7879,5812,0.3639
DecompDiff,All_12A,10.7879,10.9091,5414,0.339
DecompDiff,All_12A,10.9091,11.0303,5277,0.3304
DecompDiff,All_12A,11.0303,11.1515,5075,0.3178
DecompDiff,All_12A,11.1515,11.2727,4774,0.2989
DecompDiff,All_12A,11.2727,11.3939,4518,0.2829
DecompDiff,All_12A,11.3939,11.5152,4489,0.2811
DecompDiff,All_12A,11.5152,11.6364,4123,0.2582
DecompDiff,All_12A,11.6364,11.7576,3924,0.2457
DecompDiff,All_12A,11.7576,11.8788,3763,0.2356
DecompDiff,All_12A,11.8788,12.0,3563,0.2231
DecompDiff,CC_2A,0.0,0.0202,0,0.0
DecompDiff,CC_2A,0.0202,0.0404,0,0.0
DecompDiff,CC_2A,0.0404,0.0606,0,0.0
DecompDiff,CC_2A,0.0606,0.0808,0,0.0
DecompDiff,CC_2A,0.0808,0.101,0,0.0
DecompDiff,CC_2A,0.101,0.1212,0,0.0
DecompDiff,CC_2A,0.1212,0.1414,0,0.0
DecompDiff,CC_2A,0.1414,0.1616,0,0.0
DecompDiff,CC_2A,0.1616,0.1818,0,0.0
DecompDiff,CC_2A,0.1818,0.202,0,0.0
DecompDiff,CC_2A,0.202,0.2222,1,0.0012
DecompDiff,CC_2A,0.2222,0.2424,0,0.0
DecompDiff,CC_2A,0.2424,0.2626,1,0.0012
DecompDiff,CC_2A,0.2626,0.2828,0,0.0
DecompDiff,CC_2A,0.2828,0.303,0,0.0
DecompDiff,CC_2A,0.303,0.3232,1,0.0012
DecompDiff,CC_2A,0.3232,0.3434,1,0.0012
DecompDiff,CC_2A,0.3434,0.3636,0,0.0
DecompDiff,CC_2A,0.3636,0.3838,1,0.0012
DecompDiff,CC_2A,0.3838,0.404,0,0.0
DecompDiff,CC_2A,0.404,0.4242,0,0.0
DecompDiff,CC_2A,0.4242,0.4444,0,0.0
DecompDiff,CC_2A,0.4444,0.4646,0,0.0
DecompDiff,CC_2A,0.4646,0.4848,0,0.0
DecompDiff,CC_2A,0.4848,0.5051,0,0.0
DecompDiff,CC_2A,0.5051,0.5253,0,0.0
DecompDiff,CC_2A,0.5253,0.5455,0,0.0
DecompDiff,CC_2A,0.5455,0.5657,0,0.0
DecompDiff,CC_2A,0.5657,0.5859,0,0.0
DecompDiff,CC_2A,0.5859,0.6061,0,0.0
DecompDiff,CC_2A,0.6061,0.6263,1,0.0012
DecompDiff,CC_2A,0.6263,0.6465,0,0.0
DecompDiff,CC_2A,0.6465,0.6667,0,0.0
DecompDiff,CC_2A,0.6667,0.6869,1,0.0012
DecompDiff,CC_2A,0.6869,0.7071,3,0.0037
DecompDiff,CC_2A,0.7071,0.7273,0,0.0
DecompDiff,CC_2A,0.7273,0.7475,1,0.0012
DecompDiff,CC_2A,0.7475,0.7677,2,0.0024
DecompDiff,CC_2A,0.7677,0.7879,1,0.0012
DecompDiff,CC_2A,0.7879,0.8081,4,0.0049
DecompDiff,CC_2A,0.8081,0.8283,1,0.0012
DecompDiff,CC_2A,0.8283,0.8485,1,0.0012
DecompDiff,CC_2A,0.8485,0.8687,4,0.0049
DecompDiff,CC_2A,0.8687,0.8889,2,0.0024
DecompDiff,CC_2A,0.8889,0.9091,1,0.0012
DecompDiff,CC_2A,0.9091,0.9293,2,0.0024
DecompDiff,CC_2A,0.9293,0.9495,4,0.0049
DecompDiff,CC_2A,0.9495,0.9697,4,0.0049
DecompDiff,CC_2A,0.9697,0.9899,6,0.0073
DecompDiff,CC_2A,0.9899,1.0101,4,0.0049
DecompDiff,CC_2A,1.0101,1.0303,5,0.0061
DecompDiff,CC_2A,1.0303,1.0505,9,0.011
DecompDiff,CC_2A,1.0505,1.0707,7,0.0086
DecompDiff,CC_2A,1.0707,1.0909,3,0.0037
DecompDiff,CC_2A,1.0909,1.1111,10,0.0122
DecompDiff,CC_2A,1.1111,1.1313,18,0.022
DecompDiff,CC_2A,1.1313,1.1515,18,0.022
DecompDiff,CC_2A,1.1515,1.1717,36,0.0441
DecompDiff,CC_2A,1.1717,1.1919,52,0.0636
DecompDiff,CC_2A,1.1919,1.2121,64,0.0783
DecompDiff,CC_2A,1.2121,1.2323,88,0.1077
DecompDiff,CC_2A,1.2323,1.2525,131,0.1603
DecompDiff,CC_2A,1.2525,1.2727,224,0.2741
DecompDiff,CC_2A,1.2727,1.2929,397,0.4858
DecompDiff,CC_2A,1.2929,1.3131,727,0.8896
DecompDiff,CC_2A,1.3131,1.3333,1398,1.7108
DecompDiff,CC_2A,1.3333,1.3535,2878,3.5219
DecompDiff,CC_2A,1.3535,1.3737,5394,6.6007
DecompDiff,CC_2A,1.3737,1.3939,8766,10.7271
DecompDiff,CC_2A,1.3939,1.4141,9275,11.35
DecompDiff,CC_2A,1.4141,1.4343,6461,7.9065
DecompDiff,CC_2A,1.4343,1.4545,4960,6.0697
DecompDiff,CC_2A,1.4545,1.4747,5274,6.4539
DecompDiff,CC_2A,1.4747,1.4949,6432,7.871
DecompDiff,CC_2A,1.4949,1.5152,7534,9.2195
DecompDiff,CC_2A,1.5152,1.5354,7478,9.151
DecompDiff,CC_2A,1.5354,1.5556,5846,7.1539
DecompDiff,CC_2A,1.5556,1.5758,3721,4.5535
DecompDiff,CC_2A,1.5758,1.596,1934,2.3667
DecompDiff,CC_2A,1.596,1.6162,904,1.1062
DecompDiff,CC_2A,1.6162,1.6364,475,0.5813
DecompDiff,CC_2A,1.6364,1.6566,275,0.3365
DecompDiff,CC_2A,1.6566,1.6768,179,0.219
DecompDiff,CC_2A,1.6768,1.697,130,0.1591
DecompDiff,CC_2A,1.697,1.7172,93,0.1138
DecompDiff,CC_2A,1.7172,1.7374,48,0.0587
DecompDiff,CC_2A,1.7374,1.7576,52,0.0636
DecompDiff,CC_2A,1.7576,1.7778,37,0.0453
DecompDiff,CC_2A,1.7778,1.798,35,0.0428
DecompDiff,CC_2A,1.798,1.8182,39,0.0477
DecompDiff,CC_2A,1.8182,1.8384,23,0.0281
DecompDiff,CC_2A,1.8384,1.8586,17,0.0208
DecompDiff,CC_2A,1.8586,1.8788,23,0.0281
DecompDiff,CC_2A,1.8788,1.899,25,0.0306
DecompDiff,CC_2A,1.899,1.9192,29,0.0355
DecompDiff,CC_2A,1.9192,1.9394,30,0.0367
DecompDiff,CC_2A,1.9394,1.9596,36,0.0441
DecompDiff,CC_2A,1.9596,1.9798,40,0.0489
DecompDiff,CC_2A,1.9798,2.0,41,0.0502
FuncBind,All_12A,0.0,0.1212,0,0.0
FuncBind,All_12A,0.1212,0.2424,0,0.0
FuncBind,All_12A,0.2424,0.3636,0,0.0
FuncBind,All_12A,0.3636,0.4848,0,0.0
FuncBind,All_12A,0.4848,0.6061,2,0.0001
FuncBind,All_12A,0.6061,0.7273,9,0.0006
FuncBind,All_12A,0.7273,0.8485,25,0.0016
FuncBind,All_12A,0.8485,0.9697,172,0.0111
FuncBind,All_12A,0.9697,1.0909,1795,0.1155
FuncBind,All_12A,1.0909,1.2121,6557,0.4218
FuncBind,All_12A,1.2121,1.3333,29319,1.8859
FuncBind,All_12A,1.3333,1.4545,50617,3.2559
FuncBind,All_12A,1.4545,1.5758,41426,2.6647
FuncBind,All_12A,1.5758,1.697,19254,1.2385
FuncBind,All_12A,1.697,1.8182,7072,0.4549
FuncBind,All_12A,1.8182,1.9394,3231,0.2078
FuncBind,All_12A,1.9394,2.0606,3105,0.1997
FuncBind,All_12A,2.0606,2.1818,8728,0.5614
FuncBind,All_12A,2.1818,2.303,25537,1.6426
FuncBind,All_12A,2.303,2.4242,57672,3.7097
FuncBind,All_12A,2.4242,2.5455,63261,4.0692
FuncBind,All_12A,2.5455,2.6667,44277,2.848
FuncBind,All_12A,2.6667,2.7879,35678,2.2949
FuncBind,All_12A,2.7879,2.9091,32120,2.0661
FuncBind,All_12A,2.9091,3.0303,20244,1.3022
FuncBind,All_12A,3.0303,3.1515,15976,1.0276
FuncBind,All_12A,3.1515,3.2727,13339,0.858
FuncBind,All_12A,3.2727,3.3939,12518,0.8052
FuncBind,All_12A,3.3939,3.5152,14795,0.9517
FuncBind,All_12A,3.5152,3.6364,24226,1.5583
FuncBind,All_12A,3.6364,3.7576,30213,1.9434
FuncBind,All_12A,3.7576,3.8788,32803,2.11
FuncBind,All_12A,3.8788,4.0,25622,1.6481
FuncBind,All_12A,4.0,4.1212,23262,1.4963
FuncBind,All_12A,4.1212,4.2424,23997,1.5436
FuncBind,All_12A,4.2424,4.3636,28613,1.8405
FuncBind,All_12A,4.3636,4.4848,25862,1.6635
FuncBind,All_12A,4.4848,4.6061,25326,1.6291
FuncBind,All_12A,4.6061,4.7273,23764,1.5286
FuncBind,All_12A,4.7273,4.8485,25919,1.6672
FuncBind,All_12A,4.8485,4.9697,26556,1.7082
FuncBind,All_12A,4.9697,5.0909,28749,1.8492
FuncBind,All_12A,5.0909,5.2121,25747,1.6561
FuncBind,All_12A,5.2121,5.3333,22558,1.451
FuncBind,All_12A,5.3333,5.4545,19181,1.2338
FuncBind,All_12A,5.4545,5.5758,18235,1.1729
FuncBind,All_12A,5.5758,5.697,17753,1.1419
FuncBind,All_12A,5.697,5.8182,18253,1.1741
FuncBind,All_12A,5.8182,5.9394,18830,1.2112
FuncBind,All_12A,5.9394,6.0606,18819,1.2105
FuncBind,All_12A,6.0606,6.1818,19318,1.2426
FuncBind,All_12A,6.1818,6.303,20407,1.3126
FuncBind,All_12A,6.303,6.4242,21430,1.3784
FuncBind,All_12A,6.4242,6.5455,21907,1.4091
FuncBind,All_12A,6.5455,6.6667,21384,1.3755
FuncBind,All_12A,6.6667,6.7879,19031,1.2241
FuncBind,All_12A,6.7879,6.9091,17608,1.1326
FuncBind,All_12A,6.9091,7.0303,16713,1.075
FuncBind,All_12A,7.0303,7.1515,16712,1.075
FuncBind,All_12A,7.1515,7.2727,15831,1.0183
FuncBind,All_12A,7.2727,7.3939,15888,1.022
FuncBind,All_12A,7.3939,7.5152,15250,0.9809
FuncBind,All_12A,7.5152,7.6364,14855,0.9555
FuncBind,All_12A,7.6364,7.7576,14111,0.9077
FuncBind,All_12A,7.7576,7.8788,13846,0.8906
FuncBind,All_12A,7.8788,8.0,12933,0.8319
FuncBind,All_12A,8.0,8.1212,12938,0.8322
FuncBind,All_12A,8.1212,8.2424,12472,0.8022
FuncBind,All_12A,8.2424,8.3636,12151,0.7816
FuncBind,All_12A,8.3636,8.4848,12202,0.7849
FuncBind,All_12A,8.4848,8.6061,12501,0.8041
FuncBind,All_12A,8.6061,8.7273,12122,0.7797
FuncBind,All_12A,8.7273,8.8485,11934,0.7676
FuncBind,All_12A,8.8485,8.9697,11125,0.7156
FuncBind,All_12A,8.9697,9.0909,10696,0.688
FuncBind,All_12A,9.0909,9.2121,9770,0.6284
FuncBind,All_12A,9.2121,9.3333,9574,0.6158
FuncBind,All_12A,9.3333,9.4545,8898,0.5723
FuncBind,All_12A,9.4545,9.5758,8477,0.5453
FuncBind,All_12A,9.5758,9.697,8188,0.5267
FuncBind,All_12A,9.697,9.8182,7873,0.5064
FuncBind,All_12A,9.8182,9.9394,7786,0.5008
FuncBind,All_12A,9.9394,10.0606,7493,0.482
FuncBind,All_12A,10.0606,10.1818,7404,0.4762
FuncBind,All_12A,10.1818,10.303,7079,0.4553
FuncBind,All_12A,10.303,10.4242,6896,0.4436
FuncBind,All_12A,10.4242,10.5455,6648,0.4276
FuncBind,All_12A,10.5455,10.6667,6554,0.4216
FuncBind,All_12A,10.6667,10.7879,6359,0.409
FuncBind,All_12A,10.7879,10.9091,6292,0.4047
FuncBind,All_12A,10.9091,11.0303,6014,0.3868
FuncBind,All_12A,11.0303,11.1515,5470,0.3518
FuncBind,All_12A,11.1515,11.2727,5197,0.3343
FuncBind,All_12A,11.2727,11.3939,4979,0.3203
FuncBind,All_12A,11.3939,11.5152,4637,0.2983
FuncBind,All_12A,11.5152,11.6364,4468,0.2874
FuncBind,All_12A,11.6364,11.7576,4227,0.2719
FuncBind,All_12A,11.7576,11.8788,4116,0.2648
FuncBind,All_12A,11.8788,12.0,3866,0.2487
FuncBind,CC_2A,0.0,0.0202,0,0.0
FuncBind,CC_2A,0.0202,0.0404,0,0.0
FuncBind,CC_2A,0.0404,0.0606,0,0.0
FuncBind,CC_2A,0.0606,0.0808,0,0.0
FuncBind,CC_2A,0.0808,0.101,0,0.0
FuncBind,CC_2A,0.101,0.1212,0,0.0
FuncBind,CC_2A,0.1212,0.1414,0,0.0
FuncBind,CC_2A,0.1414,0.1616,0,0.0
FuncBind,CC_2A,0.1616,0.1818,0,0.0
FuncBind,CC_2A,0.1818,0.202,0,0.0
FuncBind,CC_2A,0.202,0.2222,0,0.0
FuncBind,CC_2A,0.2222,0.2424,0,0.0
FuncBind,CC_2A,0.2424,0.2626,0,0.0
FuncBind,CC_2A,0.2626,0.2828,0,0.0
FuncBind,CC_2A,0.2828,0.303,0,0.0
FuncBind,CC_2A,0.303,0.3232,0,0.0
FuncBind,CC_2A,0.3232,0.3434,0,0.0
FuncBind,CC_2A,0.3434,0.3636,0,0.0
FuncBind,CC_2A,0.3636,0.3838,0,0.0
FuncBind,CC_2A,0.3838,0.404,0,0.0
FuncBind,CC_2A,0.404,0.4242,0,0.0
FuncBind,CC_2A,0.4242,0.4444,0,0.0
FuncBind,CC_2A,0.4444,0.4646,0,0.0
FuncBind,CC_2A,0.4646,0.4848,0,0.0
FuncBind,CC_2A,0.4848,0.5051,0,0.0
FuncBind,CC_2A,0.5051,0.5253,0,0.0
FuncBind,CC_2A,0.5253,0.5455,0,0.0
FuncBind,CC_2A,0.5455,0.5657,0,0.0
FuncBind,CC_2A,0.5657,0.5859,0,0.0
FuncBind,CC_2A,0.5859,0.6061,0,0.0
FuncBind,CC_2A,0.6061,0.6263,0,0.0
FuncBind,CC_2A,0.6263,0.6465,1,0.001
FuncBind,CC_2A,0.6465,0.6667,0,0.0
FuncBind,CC_2A,0.6667,0.6869,1,0.001
FuncBind,CC_2A,0.6869,0.7071,2,0.002
FuncBind,CC_2A,0.7071,0.7273,0,0.0
FuncBind,CC_2A,0.7273,0.7475,0,0.0
FuncBind,CC_2A,0.7475,0.7677,0,0.0
FuncBind,CC_2A,0.7677,0.7879,1,0.001
FuncBind,CC_2A,0.7879,0.8081,4,0.004
FuncBind,CC_2A,0.8081,0.8283,1,0.001
FuncBind,CC_2A,0.8283,0.8485,4,0.004
FuncBind,CC_2A,0.8485,0.8687,4,0.004
FuncBind,CC_2A,0.8687,0.8889,13,0.0131
FuncBind,CC_2A,0.8889,0.9091,7,0.007
FuncBind,CC_2A,0.9091,0.9293,19,0.0191
FuncBind,CC_2A,0.9293,0.9495,28,0.0281
FuncBind,CC_2A,0.9495,0.9697,60,0.0603
FuncBind,CC_2A,0.9697,0.9899,98,0.0985
FuncBind,CC_2A,0.9899,1.0101,143,0.1437
FuncBind,CC_2A,1.0101,1.0303,245,0.2462
FuncBind,CC_2A,1.0303,1.0505,291,0.2924
FuncBind,CC_2A,1.0505,1.0707,290,0.2914
FuncBind,CC_2A,1.0707,1.0909,310,0.3115
FuncBind,CC_2A,1.0909,1.1111,299,0.3005
FuncBind,CC_2A,1.1111,1.1313,367,0.3688
FuncBind,CC_2A,1.1313,1.1515,448,0.4502
FuncBind,CC_2A,1.1515,1.1717,668,0.6713
FuncBind,CC_2A,1.1717,1.1919,727,0.7306
FuncBind,CC_2A,1.1919,1.2121,608,0.611
FuncBind,CC_2A,1.2121,1.2323,709,0.7125
FuncBind,CC_2A,1.2323,1.2525,1383,1.3898
FuncBind,CC_2A,1.2525,1.2727,2445,2.4571
FuncBind,CC_2A,1.2727,1.2929,4218,4.2388
FuncBind,CC_2A,1.2929,1.3131,4294,4.3152
FuncBind,CC_2A,1.3131,1.3333,3279,3.2952
FuncBind,CC_2A,1.3333,1.3535,5730,5.7583
FuncBind,CC_2A,1.3535,1.3737,6910,6.9441
FuncBind,CC_2A,1.3737,1.3939,4392,4.4137
FuncBind,CC_2A,1.3939,1.4141,3585,3.6027
FuncBind,CC_2A,1.4141,1.4343,5776,5.8045
FuncBind,CC_2A,1.4343,1.4545,6990,7.0245
FuncBind,CC_2A,1.4545,1.4747,6729,6.7622
FuncBind,CC_2A,1.4747,1.4949,5481,5.508
FuncBind,CC_2A,1.4949,1.5152,4577,4.5996
FuncBind,CC_2A,1.5152,1.5354,4504,4.5262
FuncBind,CC_2A,1.5354,1.5556,3350,3.3665
FuncBind,CC_2A,1.5556,1.5758,3238,3.254
FuncBind,CC_2A,1.5758,1.596,3712,3.7303
FuncBind,CC_2A,1.596,1.6162,2674,2.6872
FuncBind,CC_2A,1.6162,1.6364,1820,1.829
FuncBind,CC_2A,1.6364,1.6566,1665,1.6732
FuncBind,CC_2A,1.6566,1.6768,1378,1.3848
FuncBind,CC_2A,1.6768,1.697,857,0.8612
FuncBind,CC_2A,1.697,1.7172,598,0.601
FuncBind,CC_2A,1.7172,1.7374,671,0.6743
FuncBind,CC_2A,1.7374,1.7576,645,0.6482
FuncBind,CC_2A,1.7576,1.7778,558,0.5608
FuncBind,CC_2A,1.7778,1.798,481,0.4834
FuncBind,CC_2A,1.798,1.8182,400,0.402
FuncBind,CC_2A,1.8182,1.8384,318,0.3196
FuncBind,CC_2A,1.8384,1.8586,225,0.2261
FuncBind,CC_2A,1.8586,1.8788,202,0.203
FuncBind,CC_2A,1.8788,1.899,175,0.1759
FuncBind,CC_2A,1.899,1.9192,191,0.1919
FuncBind,CC_2A,1.9192,1.9394,189,0.1899
FuncBind,CC_2A,1.9394,1.9596,181,0.1819
FuncBind,CC_2A,1.9596,1.9798,183,0.1839
FuncBind,CC_2A,1.9798,2.0,157,0.1578
TargetDiff,All_12A,0.0,0.1212,0,0.0
TargetDiff,All_12A,0.1212,0.2424,0,0.0
TargetDiff,All_12A,0.2424,0.3636,1,0.0
TargetDiff,All_12A,0.3636,0.4848,0,0.0
TargetDiff,All_12A,0.4848,0.6061,0,0.0
TargetDiff,All_12A,0.6061,0.7273,1,0.0
TargetDiff,All_12A,0.7273,0.8485,0,0.0
TargetDiff,All_12A,0.8485,0.9697,0,0.0
TargetDiff,All_12A,0.9697,1.0909,33,0.0016
TargetDiff,All_12A,1.0909,1.2121,809,0.0403
TargetDiff,All_12A,1.2121,1.3333,17566,0.8748
TargetDiff,All_12A,1.3333,1.4545,86283,4.297
TargetDiff,All_12A,1.4545,1.5758,58635,2.9201
TargetDiff,All_12A,1.5758,1.697,9847,0.4904
TargetDiff,All_12A,1.697,1.8182,1596,0.0795
TargetDiff,All_12A,1.8182,1.9394,487,0.0243
TargetDiff,All_12A,1.9394,2.0606,353,0.0176
TargetDiff,All_12A,2.0606,2.1818,2215,0.1103
TargetDiff,All_12A,2.1818,2.303,20416,1.0167
TargetDiff,All_12A,2.303,2.4242,88971,4.4309
TargetDiff,All_12A,2.4242,2.5455,88409,4.4029
TargetDiff,All_12A,2.5455,2.6667,41860,2.0847
TargetDiff,All_12A,2.6667,2.7879,38309,1.9078
TargetDiff,All_12A,2.7879,2.9091,29093,1.4489
TargetDiff,All_12A,2.9091,3.0303,22001,1.0957
TargetDiff,All_12A,3.0303,3.1515,20670,1.0294
TargetDiff,All_12A,3.1515,3.2727,19078,0.9501
TargetDiff,All_12A,3.2727,3.3939,18710,0.9318
TargetDiff,All_12A,3.3939,3.5152,23581,1.1744
TargetDiff,All_12A,3.5152,3.6364,42439,2.1135
TargetDiff,All_12A,3.6364,3.7576,56057,2.7917
TargetDiff,All_12A,3.7576,3.8788,41100,2.0468
TargetDiff,All_12A,3.8788,4.0,26243,1.3069
TargetDiff,All_12A,4.0,4.1212,26910,1.3402
TargetDiff,All_12A,4.1212,4.2424,32790,1.633
TargetDiff,All_12A,4.2424,4.3636,32570,1.622
TargetDiff,All_12A,4.3636,4.4848,31558,1.5716
TargetDiff,All_12A,4.4848,4.6061,34384,1.7124
TargetDiff,All_12A,4.6061,4.7273,38501,1.9174
TargetDiff,All_12A,4.7273,4.8485,42568,2.1199
TargetDiff,All_12A,4.8485,4.9697,40890,2.0364
TargetDiff,All_12A,4.9697,5.0909,36598,1.8226
TargetDiff,All_12A,5.0909,5.2121,32019,1.5946
TargetDiff,All_12A,5.2121,5.3333,29473,1.4678
TargetDiff,All_12A,5.3333,5.4545,28104,1.3996
TargetDiff,All_12A,5.4545,5.5758,29142,1.4513
TargetDiff,All_12A,5.5758,5.697,29478,1.468
TargetDiff,All_12A,5.697,5.8182,30412,1.5146
TargetDiff,All_12A,5.8182,5.9394,31998,1.5935
TargetDiff,All_12A,5.9394,6.0606,32544,1.6207
TargetDiff,All_12A,6.0606,6.1818,31141,1.5509
TargetDiff,All_12A,6.1818,6.303,29177,1.4531
TargetDiff,All_12A,6.303,6.4242,28488,1.4187
TargetDiff,All_12A,6.4242,6.5455,27780,1.3835
TargetDiff,All_12A,6.5455,6.6667,26945,1.3419
TargetDiff,All_12A,6.6667,6.7879,26311,1.3103
TargetDiff,All_12A,6.7879,6.9091,25606,1.2752
TargetDiff,All_12A,6.9091,7.0303,25453,1.2676
TargetDiff,All_12A,7.0303,7.1515,25190,1.2545
TargetDiff,All_12A,7.1515,7.2727,24355,1.2129
TargetDiff,All_12A,7.2727,7.3939,22832,1.1371
TargetDiff,All_12A,7.3939,7.5152,21569,1.0742
TargetDiff,All_12A,7.5152,7.6364,20283,1.0101
TargetDiff,All_12A,7.6364,7.7576,19525,0.9724
TargetDiff,All_12A,7.7576,7.8788,19043,0.9484
TargetDiff,All_12A,7.8788,8.0,18600,0.9263
TargetDiff,All_12A,8.0,8.1212,18136,0.9032
TargetDiff,All_12A,8.1212,8.2424,17400,0.8665
TargetDiff,All_12A,8.2424,8.3636,16771,0.8352
TargetDiff,All_12A,8.3636,8.4848,16401,0.8168
TargetDiff,All_12A,8.4848,8.6061,15248,0.7594
TargetDiff,All_12A,8.6061,8.7273,14303,0.7123
TargetDiff,All_12A,8.7273,8.8485,13750,0.6848
TargetDiff,All_12A,8.8485,8.9697,13073,0.6511
TargetDiff,All_12A,8.9697,9.0909,12462,0.6206
TargetDiff,All_12A,9.0909,9.2121,12046,0.5999
TargetDiff,All_12A,9.2121,9.3333,11465,0.571
TargetDiff,All_12A,9.3333,9.4545,10856,0.5406
TargetDiff,All_12A,9.4545,9.5758,10201,0.508
TargetDiff,All_12A,9.5758,9.697,9890,0.4925
TargetDiff,All_12A,9.697,9.8182,9237,0.46
TargetDiff,All_12A,9.8182,9.9394,8465,0.4216
TargetDiff,All_12A,9.9394,10.0606,8103,0.4035
TargetDiff,All_12A,10.0606,10.1818,7793,0.3881
TargetDiff,All_12A,10.1818,10.303,7398,0.3684
TargetDiff,All_12A,10.303,10.4242,6976,0.3474
TargetDiff,All_12A,10.4242,10.5455,6670,0.3322
TargetDiff,All_12A,10.5455,10.6667,6258,0.3117
TargetDiff,All_12A,10.6667,10.7879,5857,0.2917
TargetDiff,All_12A,10.7879,10.9091,5547,0.2762
TargetDiff,All_12A,10.9091,11.0303,5172,0.2576
TargetDiff,All_12A,11.0303,11.1515,4968,0.2474
TargetDiff,All_12A,11.1515,11.2727,4551,0.2266
TargetDiff,All_12A,11.2727,11.3939,4304,0.2143
TargetDiff,All_12A,11.3939,11.5152,4019,0.2002
TargetDiff,All_12A,11.5152,11.6364,3802,0.1893
TargetDiff,All_12A,11.6364,11.7576,3541,0.1763
TargetDiff,All_12A,11.7576,11.8788,3239,0.1613
TargetDiff,All_12A,11.8788,12.0,3077,0.1532
TargetDiff,CC_2A,0.0,0.0202,0,0.0
TargetDiff,CC_2A,0.0202,0.0404,0,0.0
TargetDiff,CC_2A,0.0404,0.0606,0,0.0
TargetDiff,CC_2A,0.0606,0.0808,0,0.0
TargetDiff,CC_2A,0.0808,0.101,0,0.0
TargetDiff,CC_2A,0.101,0.1212,0,0.0
TargetDiff,CC_2A,0.1212,0.1414,0,0.0
TargetDiff,CC_2A,0.1414,0.1616,0,0.0
TargetDiff,CC_2A,0.1616,0.1818,0,0.0
TargetDiff,CC_2A,0.1818,0.202,0,0.0
TargetDiff,CC_2A,0.202,0.2222,0,0.0
TargetDiff,CC_2A,0.2222,0.2424,0,0.0
TargetDiff,CC_2A,0.2424,0.2626,0,0.0
TargetDiff,CC_2A,0.2626,0.2828,0,0.0
TargetDiff,CC_2A,0.2828,0.303,0,0.0
TargetDiff,CC_2A,0.303,0.3232,0,0.0
TargetDiff,CC_2A,0.3232,0.3434,1,0.0009
TargetDiff,CC_2A,0.3434,0.3636,0,0.0
TargetDiff,CC_2A,0.3636,0.3838,0,0.0
TargetDiff,CC_2A,0.3838,0.404,0,0.0
TargetDiff,CC_2A,0.404,0.4242,0,0.0
TargetDiff,CC_2A,0.4242,0.4444,0,0.0
TargetDiff,CC_2A,0.4444,0.4646,0,0.0
TargetDiff,CC_2A,0.4646,0.4848,0,0.0
TargetDiff,CC_2A,0.4848,0.5051,0,0.0
TargetDiff,CC_2A,0.5051,0.5253,0,0.0
TargetDiff,CC_2A,0.5253,0.5455,0,0.0
TargetDiff,CC_2A,0.5455,0.5657,0,0.0
TargetDiff,CC_2A,0.5657,0.5859,0,0.0
TargetDiff,CC_2A,0.5859,0.6061,0,0.0
TargetDiff,CC_2A,0.6061,0.6263,1,0.0009
TargetDiff,CC_2A,0.6263,0.6465,0,0.0
TargetDiff,CC_2A,0.6465,0.6667,0,0.0
TargetDiff,CC_2A,0.6667,0.6869,0,0.0
TargetDiff,CC_2A,0.6869,0.7071,0,0.0
TargetDiff,CC_2A,0.7071,0.7273,0,0.0
TargetDiff,CC_2A,0.7273,0.7475,0,0.0
TargetDiff,CC_2A,0.7475,0.7677,0,0.0
TargetDiff,CC_2A,0.7677,0.7879,0,0.0
TargetDiff,CC_2A,0.7879,0.8081,0,0.0
TargetDiff,CC_2A,0.8081,0.8283,0,0.0
TargetDiff,CC_2A,0.8283,0.8485,0,0.0
TargetDiff,CC_2A,0.8485,0.8687,0,0.0
TargetDiff,CC_2A,0.8687,0.8889,0,0.0
TargetDiff,CC_2A,0.8889,0.9091,0,0.0
TargetDiff,CC_2A,0.9091,0.9293,0,0.0
TargetDiff,CC_2A,0.9293,0.9495,0,0.0
TargetDiff,CC_2A,0.9495,0.9697,0,0.0
TargetDiff,CC_2A,0.9697,0.9899,0,0.0
TargetDiff,CC_2A,0.9899,1.0101,0,0.0
TargetDiff,CC_2A,1.0101,1.0303,1,0.0009
TargetDiff,CC_2A,1.0303,1.0505,4,0.0036
TargetDiff,CC_2A,1.0505,1.0707,3,0.0027
TargetDiff,CC_2A,1.0707,1.0909,2,0.0018
TargetDiff,CC_2A,1.0909,1.1111,2,0.0018
TargetDiff,CC_2A,1.1111,1.1313,15,0.0136
TargetDiff,CC_2A,1.1313,1.1515,23,0.0209
TargetDiff,CC_2A,1.1515,1.1717,39,0.0354
TargetDiff,CC_2A,1.1717,1.1919,47,0.0426
TargetDiff,CC_2A,1.1919,1.2121,63,0.0571
TargetDiff,CC_2A,1.2121,1.2323,98,0.0889
TargetDiff,CC_2A,1.2323,1.2525,124,0.1125
TargetDiff,CC_2A,1.2525,1.2727,202,0.1832
TargetDiff,CC_2A,1.2727,1.2929,305,0.2766
TargetDiff,CC_2A,1.2929,1.3131,592,0.5369
TargetDiff,CC_2A,1.3131,1.3333,1330,1.2062
TargetDiff,CC_2A,1.3333,1.3535,3035,2.7524
TargetDiff,CC_2A,1.3535,1.3737,7620,6.9106
TargetDiff,CC_2A,1.3737,1.3939,12985,11.7761
TargetDiff,CC_2A,1.3939,1.4141,12294,11.1494
TargetDiff,CC_2A,1.4141,1.4343,8569,7.7712
TargetDiff,CC_2A,1.4343,1.4545,7373,6.6866
TargetDiff,CC_2A,1.4545,1.4747,8039,7.2906
TargetDiff,CC_2A,1.4747,1.4949,8630,7.8265
TargetDiff,CC_2A,1.4949,1.5152,9076,8.231
TargetDiff,CC_2A,1.5152,1.5354,8614,7.812
TargetDiff,CC_2A,1.5354,1.5556,7180,6.5115
TargetDiff,CC_2A,1.5556,1.5758,5046,4.5762
TargetDiff,CC_2A,1.5758,1.596,3378,3.0635
TargetDiff,CC_2A,1.596,1.6162,2141,1.9417
TargetDiff,CC_2A,1.6162,1.6364,1174,1.0647
TargetDiff,CC_2A,1.6364,1.6566,702,0.6366
TargetDiff,CC_2A,1.6566,1.6768,442,0.4008
TargetDiff,CC_2A,1.6768,1.697,285,0.2585
TargetDiff,CC_2A,1.697,1.7172,209,0.1895
TargetDiff,CC_2A,1.7172,1.7374,137,0.1242
TargetDiff,CC_2A,1.7374,1.7576,86,0.078
TargetDiff,CC_2A,1.7576,1.7778,75,0.068
TargetDiff,CC_2A,1.7778,1.798,42,0.0381
TargetDiff,CC_2A,1.798,1.8182,54,0.049
TargetDiff,CC_2A,1.8182,1.8384,29,0.0263
TargetDiff,CC_2A,1.8384,1.8586,27,0.0245
TargetDiff,CC_2A,1.8586,1.8788,30,0.0272
TargetDiff,CC_2A,1.8788,1.899,18,0.0163
TargetDiff,CC_2A,1.899,1.9192,29,0.0263
TargetDiff,CC_2A,1.9192,1.9394,18,0.0163
TargetDiff,CC_2A,1.9394,1.9596,29,0.0263
TargetDiff,CC_2A,1.9596,1.9798,28,0.0254
TargetDiff,CC_2A,1.9798,2.0,20,0.0181
VoxBind,All_12A,0.0,0.1212,0,0.0
VoxBind,All_12A,0.1212,0.2424,0,0.0
VoxBind,All_12A,0.2424,0.3636,1,0.0
VoxBind,All_12A,0.3636,0.4848,36,0.0015
VoxBind,All_12A,0.4848,0.6061,26,0.0011
VoxBind,All_12A,0.6061,0.7273,18,0.0007
VoxBind,All_12A,0.7273,0.8485,9,0.0004
VoxBind,All_12A,0.8485,0.9697,39,0.0016
VoxBind,All_12A,0.9697,1.0909,116,0.0047
VoxBind,All_12A,1.0909,1.2121,2108,0.0856
VoxBind,All_12A,1.2121,1.3333,15832,0.6432
VoxBind,All_12A,1.3333,1.4545,125887,5.1144
VoxBind,All_12A,1.4545,1.5758,53433,2.1708
VoxBind,All_12A,1.5758,1.697,4004,0.1627
VoxBind,All_12A,1.697,1.8182,2353,0.0956
VoxBind,All_12A,1.8182,1.9394,383,0.0156
VoxBind,All_12A,1.9394,2.0606,336,0.0137
VoxBind,All_12A,2.0606,2.1818,3784,0.1537
VoxBind,All_12A,2.1818,2.303,21176,0.8603
VoxBind,All_12A,2.303,2.4242,99503,4.0425
VoxBind,All_12A,2.4242,2.5455,121042,4.9175
VoxBind,All_12A,2.5455,2.6667,32839,1.3341
VoxBind,All_12A,2.6667,2.7879,35298,1.434
VoxBind,All_12A,2.7879,2.9091,43866,1.7821
VoxBind,All_12A,2.9091,3.0303,20459,0.8312
VoxBind,All_12A,3.0303,3.1515,17264,0.7014
VoxBind,All_12A,3.1515,3.2727,16764,0.6811
VoxBind,All_12A,3.2727,3.3939,17470,0.7097
VoxBind,All_12A,3.3939,3.5152,21330,0.8666
VoxBind,All_12A,3.5152,3.6364,41010,1.6661
VoxBind,All_12A,3.6364,3.7576,65818,2.674
VoxBind,All_12A,3.7576,3.8788,47953,1.9482
VoxBind,All_12A,3.8788,4.0,21263,0.8638
VoxBind,All_12A,4.0,4.1212,23546,0.9566
VoxBind,All_12A,4.1212,4.2424,41349,1.6799
VoxBind,All_12A,4.2424,4.3636,42742,1.7365
VoxBind,All_12A,4.3636,4.4848,35283,1.4334
VoxBind,All_12A,4.4848,4.6061,38171,1.5508
VoxBind,All_12A,4.6061,4.7273,38653,1.5703
VoxBind,All_12A,4.7273,4.8485,44619,1.8127
VoxBind,All_12A,4.8485,4.9697,46419,1.8859
VoxBind,All_12A,4.9697,5.0909,45213,1.8369
VoxBind,All_12A,5.0909,5.2121,38826,1.5774
VoxBind,All_12A,5.2121,5.3333,31416,1.2763
VoxBind,All_12A,5.3333,5.4545,28467,1.1565
VoxBind,All_12A,5.4545,5.5758,29711,1.2071
VoxBind,All_12A,5.5758,5.697,32649,1.3264
VoxBind,All_12A,5.697,5.8182,33519,1.3618
VoxBind,All_12A,5.8182,5.9394,34697,1.4096
VoxBind,All_12A,5.9394,6.0606,35895,1.4583
VoxBind,All_12A,6.0606,6.1818,33759,1.3715
VoxBind,All_12A,6.1818,6.303,32688,1.328
VoxBind,All_12A,6.303,6.4242,37111,1.5077
VoxBind,All_12A,6.4242,6.5455,39358,1.599
VoxBind,All_12A,6.5455,6.6667,34325,1.3945
VoxBind,All_12A,6.6667,6.7879,31230,1.2688
VoxBind,All_12A,6.7879,6.9091,30141,1.2245
VoxBind,All_12A,6.9091,7.0303,30978,1.2585
VoxBind,All_12A,7.0303,7.1515,31065,1.2621
VoxBind,All_12A,7.1515,7.2727,30626,1.2442
VoxBind,All_12A,7.2727,7.3939,29578,1.2017
VoxBind,All_12A,7.3939,7.5152,27947,1.1354
VoxBind,All_12A,7.5152,7.6364,26735,1.0862
VoxBind,All_12A,7.6364,7.7576,25729,1.0453
VoxBind,All_12A,7.7576,7.8788,25683,1.0434
VoxBind,All_12A,7.8788,8.0,24786,1.007
VoxBind,All_12A,8.0,8.1212,23548,0.9567
VoxBind,All_12A,8.1212,8.2424,23027,0.9355
VoxBind,All_12A,8.2424,8.3636,23699,0.9628
VoxBind,All_12A,8.3636,8.4848,23822,0.9678
VoxBind,All_12A,8.4848,8.6061,23870,0.9698
VoxBind,All_12A,8.6061,8.7273,23488,0.9542
VoxBind,All_12A,8.7273,8.8485,22320,0.9068
VoxBind,All_12A,8.8485,8.9697,20828,0.8462
VoxBind,All_12A,8.9697,9.0909,19716,0.801
VoxBind,All_12A,9.0909,9.2121,18984,0.7713
VoxBind,All_12A,9.2121,9.3333,18334,0.7448
VoxBind,All_12A,9.3333,9.4545,17527,0.7121
VoxBind,All_12A,9.4545,9.5758,16929,0.6878
VoxBind,All_12A,9.5758,9.697,16720,0.6793
VoxBind,All_12A,9.697,9.8182,15953,0.6481
VoxBind,All_12A,9.8182,9.9394,15818,0.6426
VoxBind,All_12A,9.9394,10.0606,15110,0.6139
VoxBind,All_12A,10.0606,10.1818,14440,0.5866
VoxBind,All_12A,10.1818,10.303,13736,0.558
VoxBind,All_12A,10.303,10.4242,13204,0.5364
VoxBind,All_12A,10.4242,10.5455,13294,0.5401
VoxBind,All_12A,10.5455,10.6667,12866,0.5227
VoxBind,All_12A,10.6667,10.7879,12486,0.5073
VoxBind,All_12A,10.7879,10.9091,11759,0.4777
VoxBind,All_12A,10.9091,11.0303,11583,0.4706
VoxBind,All_12A,11.0303,11.1515,10981,0.4461
VoxBind,All_12A,11.1515,11.2727,10394,0.4223
VoxBind,All_12A,11.2727,11.3939,9830,0.3994
VoxBind,All_12A,11.3939,11.5152,9284,0.3772
VoxBind,All_12A,11.5152,11.6364,9076,0.3687
VoxBind,All_12A,11.6364,11.7576,8431,0.3425
VoxBind,All_12A,11.7576,11.8788,8170,0.3319
VoxBind,All_12A,11.8788,12.0,7875,0.3199
VoxBind,CC_2A,0.0,0.0202,0,0.0
VoxBind,CC_2A,0.0202,0.0404,0,0.0
VoxBind,CC_2A,0.0404,0.0606,0,0.0
VoxBind,CC_2A,0.0606,0.0808,0,0.0
VoxBind,CC_2A,0.0808,0.101,0,0.0
VoxBind,CC_2A,0.101,0.1212,0,0.0
VoxBind,CC_2A,0.1212,0.1414,0,0.0
VoxBind,CC_2A,0.1414,0.1616,0,0.0
VoxBind,CC_2A,0.1616,0.1818,0,0.0
VoxBind,CC_2A,0.1818,0.202,0,0.0
VoxBind,CC_2A,0.202,0.2222,0,0.0
VoxBind,CC_2A,0.2222,0.2424,0,0.0
VoxBind,CC_2A,0.2424,0.2626,0,0.0
VoxBind,CC_2A,0.2626,0.2828,0,0.0
VoxBind,CC_2A,0.2828,0.303,0,0.0
VoxBind,CC_2A,0.303,0.3232,0,0.0
VoxBind,CC_2A,0.3232,0.3434,0,0.0
VoxBind,CC_2A,0.3434,0.3636,0,0.0
VoxBind,CC_2A,0.3636,0.3838,0,0.0
VoxBind,CC_2A,0.3838,0.404,0,0.0
VoxBind,CC_2A,0.404,0.4242,0,0.0
VoxBind,CC_2A,0.4242,0.4444,0,0.0
VoxBind,CC_2A,0.4444,0.4646,0,0.0
VoxBind,CC_2A,0.4646,0.4848,0,0.0
VoxBind,CC_2A,0.4848,0.5051,0,0.0
VoxBind,CC_2A,0.5051,0.5253,0,0.0
VoxBind,CC_2A,0.5253,0.5455,0,0.0
VoxBind,CC_2A,0.5455,0.5657,0,0.0
VoxBind,CC_2A,0.5657,0.5859,0,0.0
VoxBind,CC_2A,0.5859,0.6061,0,0.0
VoxBind,CC_2A,0.6061,0.6263,0,0.0
VoxBind,CC_2A,0.6263,0.6465,0,0.0
VoxBind,CC_2A,0.6465,0.6667,0,0.0
VoxBind,CC_2A,0.6667,0.6869,0,0.0
VoxBind,CC_2A,0.6869,0.7071,0,0.0
VoxBind,CC_2A,0.7071,0.7273,0,0.0
VoxBind,CC_2A,0.7273,0.7475,0,0.0
VoxBind,CC_2A,0.7475,0.7677,0,0.0
VoxBind,CC_2A,0.7677,0.7879,0,0.0
VoxBind,CC_2A,0.7879,0.8081,0,0.0
VoxBind,CC_2A,0.8081,0.8283,0,0.0
VoxBind,CC_2A,0.8283,0.8485,0,0.0
VoxBind,CC_2A,0.8485,0.8687,1,0.0008
VoxBind,CC_2A,0.8687,0.8889,1,0.0008
VoxBind,CC_2A,0.8889,0.9091,2,0.0015
VoxBind,CC_2A,0.9091,0.9293,1,0.0008
VoxBind,CC_2A,0.9293,0.9495,2,0.0015
VoxBind,CC_2A,0.9495,0.9697,4,0.003
VoxBind,CC_2A,0.9697,0.9899,2,0.0015
VoxBind,CC_2A,0.9899,1.0101,0,0.0
VoxBind,CC_2A,1.0101,1.0303,2,0.0015
VoxBind,CC_2A,1.0303,1.0505,8,0.006
VoxBind,CC_2A,1.0505,1.0707,5,0.0038
VoxBind,CC_2A,1.0707,1.0909,7,0.0053
VoxBind,CC_2A,1.0909,1.1111,8,0.006
VoxBind,CC_2A,1.1111,1.1313,5,0.0038
VoxBind,CC_2A,1.1313,1.1515,17,0.0129
VoxBind,CC_2A,1.1515,1.1717,16,0.0121
VoxBind,CC_2A,1.1717,1.1919,15,0.0113
VoxBind,CC_2A,1.1919,1.2121,12,0.0091
VoxBind,CC_2A,1.2121,1.2323,14,0.0106
VoxBind,CC_2A,1.2323,1.2525,28,0.0212
VoxBind,CC_2A,1.2525,1.2727,34,0.0257
VoxBind,CC_2A,1.2727,1.2929,51,0.0386
VoxBind,CC_2A,1.2929,1.3131,90,0.0681
VoxBind,CC_2A,1.3131,1.3333,216,0.1633
VoxBind,CC_2A,1.3333,1.3535,844,0.6382
VoxBind,CC_2A,1.3535,1.3737,5936,4.4887
VoxBind,CC_2A,1.3737,1.3939,24693,18.6724
VoxBind,CC_2A,1.3939,1.4141,31532,23.844
VoxBind,CC_2A,1.4141,1.4343,15105,11.4222
VoxBind,CC_2A,1.4343,1.4545,6454,4.8804
VoxBind,CC_2A,1.4545,1.4747,5377,4.066
VoxBind,CC_2A,1.4747,1.4949,7428,5.6169
VoxBind,CC_2A,1.4949,1.5152,10487,7.9301
VoxBind,CC_2A,1.5152,1.5354,11460,8.6659
VoxBind,CC_2A,1.5354,1.5556,7296,5.5171
VoxBind,CC_2A,1.5556,1.5758,2920,2.2081
VoxBind,CC_2A,1.5758,1.596,941,0.7116
VoxBind,CC_2A,1.596,1.6162,350,0.2647
VoxBind,CC_2A,1.6162,1.6364,207,0.1565
VoxBind,CC_2A,1.6364,1.6566,124,0.0938
VoxBind,CC_2A,1.6566,1.6768,85,0.0643
VoxBind,CC_2A,1.6768,1.697,78,0.059
VoxBind,CC_2A,1.697,1.7172,50,0.0378
VoxBind,CC_2A,1.7172,1.7374,30,0.0227
VoxBind,CC_2A,1.7374,1.7576,42,0.0318
VoxBind,CC_2A,1.7576,1.7778,28,0.0212
VoxBind,CC_2A,1.7778,1.798,40,0.0302
VoxBind,CC_2A,1.798,1.8182,18,0.0136
VoxBind,CC_2A,1.8182,1.8384,14,0.0106
VoxBind,CC_2A,1.8384,1.8586,26,0.0197
VoxBind,CC_2A,1.8586,1.8788,18,0.0136
VoxBind,CC_2A,1.8788,1.899,23,0.0174
VoxBind,CC_2A,1.899,1.9192,20,0.0151
VoxBind,CC_2A,1.9192,1.9394,21,0.0159
VoxBind,CC_2A,1.9394,1.9596,14,0.0106
VoxBind,CC_2A,1.9596,1.9798,14,0.0106
VoxBind,CC_2A,1.9798,2.0,27,0.0204
CoDE,All_12A,0.0,0.1212,0,0.0
CoDE,All_12A,0.1212,0.2424,2,0.0001
CoDE,All_12A,0.2424,0.3636,1,0.0
CoDE,All_12A,0.3636,0.4848,29,0.0011
CoDE,All_12A,0.4848,0.6061,35,0.0013
CoDE,All_12A,0.6061,0.7273,17,0.0007
CoDE,All_12A,0.7273,0.8485,26,0.001
CoDE,All_12A,0.8485,0.9697,47,0.0018
CoDE,All_12A,0.9697,1.0909,118,0.0045
CoDE,All_12A,1.0909,1.2121,1693,0.0648
CoDE,All_12A,1.2121,1.3333,17264,0.6607
CoDE,All_12A,1.3333,1.4545,142039,5.4359
CoDE,All_12A,1.4545,1.5758,46456,1.7779
CoDE,All_12A,1.5758,1.697,4129,0.158
CoDE,All_12A,1.697,1.8182,2570,0.0984
CoDE,All_12A,1.8182,1.9394,499,0.0191
CoDE,All_12A,1.9394,2.0606,351,0.0134
CoDE,All_12A,2.0606,2.1818,4069,0.1557
CoDE,All_12A,2.1818,2.303,23700,0.907
CoDE,All_12A,2.303,2.4242,110093,4.2133
CoDE,All_12A,2.4242,2.5455,128094,4.9022
CoDE,All_12A,2.5455,2.6667,32310,1.2365
CoDE,All_12A,2.6667,2.7879,39915,1.5276
CoDE,All_12A,2.7879,2.9091,47579,1.8209
CoDE,All_12A,2.9091,3.0303,19922,0.7624
CoDE,All_12A,3.0303,3.1515,16885,0.6462
CoDE,All_12A,3.1515,3.2727,15876,0.6076
CoDE,All_12A,3.2727,3.3939,16139,0.6176
CoDE,All_12A,3.3939,3.5152,20498,0.7845
CoDE,All_12A,3.5152,3.6364,42787,1.6375
CoDE,All_12A,3.6364,3.7576,74558,2.8534
CoDE,All_12A,3.7576,3.8788,50705,1.9405
CoDE,All_12A,3.8788,4.0,19796,0.7576
CoDE,All_12A,4.0,4.1212,24040,0.92
CoDE,All_12A,4.1212,4.2424,46178,1.7673
CoDE,All_12A,4.2424,4.3636,45913,1.7571
CoDE,All_12A,4.3636,4.4848,35803,1.3702
CoDE,All_12A,4.4848,4.6061,37793,1.4464
CoDE,All_12A,4.6061,4.7273,39228,1.5013
CoDE,All_12A,4.7273,4.8485,46486,1.779
CoDE,All_12A,4.8485,4.9697,50429,1.9299
CoDE,All_12A,4.9697,5.0909,49084,1.8785
CoDE,All_12A,5.0909,5.2121,40913,1.5658
CoDE,All_12A,5.2121,5.3333,31642,1.211
CoDE,All_12A,5.3333,5.4545,28028,1.0726
CoDE,All_12A,5.4545,5.5758,29953,1.1463
CoDE,All_12A,5.5758,5.697,33705,1.2899
CoDE,All_12A,5.697,5.8182,33994,1.301
CoDE,All_12A,5.8182,5.9394,35762,1.3686
CoDE,All_12A,5.9394,6.0606,37023,1.4169
CoDE,All_12A,6.0606,6.1818,35785,1.3695
CoDE,All_12A,6.1818,6.303,34647,1.326
CoDE,All_12A,6.303,6.4242,39288,1.5036
CoDE,All_12A,6.4242,6.5455,42321,1.6196
CoDE,All_12A,6.5455,6.6667,36428,1.3941
CoDE,All_12A,6.6667,6.7879,31977,1.2238
CoDE,All_12A,6.7879,6.9091,30848,1.1806
CoDE,All_12A,6.9091,7.0303,32186,1.2318
CoDE,All_12A,7.0303,7.1515,32392,1.2397
CoDE,All_12A,7.1515,7.2727,32796,1.2551
CoDE,All_12A,7.2727,7.3939,32101,1.2285
CoDE,All_12A,7.3939,7.5152,29367,1.1239
CoDE,All_12A,7.5152,7.6364,27616,1.0569
CoDE,All_12A,7.6364,7.7576,27303,1.0449
CoDE,All_12A,7.7576,7.8788,27152,1.0391
CoDE,All_12A,7.8788,8.0,26200,1.0027
CoDE,All_12A,8.0,8.1212,24898,0.9529
CoDE,All_12A,8.1212,8.2424,24399,0.9338
CoDE,All_12A,8.2424,8.3636,25201,0.9645
CoDE,All_12A,8.3636,8.4848,25712,0.984
CoDE,All_12A,8.4848,8.6061,26191,1.0023
CoDE,All_12A,8.6061,8.7273,25440,0.9736
CoDE,All_12A,8.7273,8.8485,24447,0.9356
CoDE,All_12A,8.8485,8.9697,22638,0.8664
CoDE,All_12A,8.9697,9.0909,21426,0.82
CoDE,All_12A,9.0909,9.2121,20478,0.7837
CoDE,All_12A,9.2121,9.3333,19935,0.7629
CoDE,All_12A,9.3333,9.4545,19057,0.7293
CoDE,All_12A,9.4545,9.5758,18563,0.7104
CoDE,All_12A,9.5758,9.697,18211,0.6969
CoDE,All_12A,9.697,9.8182,17801,0.6813
CoDE,All_12A,9.8182,9.9394,17383,0.6653
CoDE,All_12A,9.9394,10.0606,16634,0.6366
CoDE,All_12A,10.0606,10.1818,16078,0.6153
CoDE,All_12A,10.1818,10.303,15386,0.5888
CoDE,All_12A,10.303,10.4242,14948,0.5721
CoDE,All_12A,10.4242,10.5455,14580,0.558
CoDE,All_12A,10.5455,10.6667,14402,0.5512
CoDE,All_12A,10.6667,10.7879,14143,0.5413
CoDE,All_12A,10.7879,10.9091,13614,0.521
CoDE,All_12A,10.9091,11.0303,13191,0.5048
CoDE,All_12A,11.0303,11.1515,12518,0.4791
CoDE,All_12A,11.1515,11.2727,11902,0.4555
CoDE,All_12A,11.2727,11.3939,11612,0.4444
CoDE,All_12A,11.3939,11.5152,10764,0.4119
CoDE,All_12A,11.5152,11.6364,10257,0.3925
CoDE,All_12A,11.6364,11.7576,9995,0.3825
CoDE,All_12A,11.7576,11.8788,9449,0.3616
CoDE,All_12A,11.8788,12.0,9145,0.35
CoDE,CC_2A,0.0,0.0202,0,0.0
CoDE,CC_2A,0.0202,0.0404,0,0.0
CoDE,CC_2A,0.0404,0.0606,0,0.0
CoDE,CC_2A,0.0606,0.0808,0,0.0
CoDE,CC_2A,0.0808,0.101,0,0.0
CoDE,CC_2A,0.101,0.1212,0,0.0
CoDE,CC_2A,0.1212,0.1414,0,0.0
CoDE,CC_2A,0.1414,0.1616,0,0.0
CoDE,CC_2A,0.1616,0.1818,0,0.0
CoDE,CC_2A,0.1818,0.202,0,0.0
CoDE,CC_2A,0.202,0.2222,0,0.0
CoDE,CC_2A,0.2222,0.2424,0,0.0
CoDE,CC_2A,0.2424,0.2626,0,0.0
CoDE,CC_2A,0.2626,0.2828,0,0.0
CoDE,CC_2A,0.2828,0.303,0,0.0
CoDE,CC_2A,0.303,0.3232,0,0.0
CoDE,CC_2A,0.3232,0.3434,0,0.0
CoDE,CC_2A,0.3434,0.3636,0,0.0
CoDE,CC_2A,0.3636,0.3838,0,0.0
CoDE,CC_2A,0.3838,0.404,0,0.0
CoDE,CC_2A,0.404,0.4242,0,0.0
CoDE,CC_2A,0.4242,0.4444,0,0.0
CoDE,CC_2A,0.4444,0.4646,0,0.0
CoDE,CC_2A,0.4646,0.4848,0,0.0
CoDE,CC_2A,0.4848,0.5051,0,0.0
CoDE,CC_2A,0.5051,0.5253,0,0.0
CoDE,CC_2A,0.5253,0.5455,0,0.0
CoDE,CC_2A,0.5455,0.5657,0,0.0
CoDE,CC_2A,0.5657,0.5859,0,0.0
CoDE,CC_2A,0.5859,0.6061,0,0.0
CoDE,CC_2A,0.6061,0.6263,0,0.0
CoDE,CC_2A,0.6263,0.6465,0,0.0
CoDE,CC_2A,0.6465,0.6667,0,0.0
CoDE,CC_2A,0.6667,0.6869,0,0.0
CoDE,CC_2A,0.6869,0.7071,0,0.0
CoDE,CC_2A,0.7071,0.7273,0,0.0
CoDE,CC_2A,0.7273,0.7475,0,0.0
CoDE,CC_2A,0.7475,0.7677,1,0.0007
CoDE,CC_2A,0.7677,0.7879,0,0.0
CoDE,CC_2A,0.7879,0.8081,0,0.0
CoDE,CC_2A,0.8081,0.8283,1,0.0007
CoDE,CC_2A,0.8283,0.8485,0,0.0
CoDE,CC_2A,0.8485,0.8687,1,0.0007
CoDE,CC_2A,0.8687,0.8889,1,0.0007
CoDE,CC_2A,0.8889,0.9091,3,0.0022
CoDE,CC_2A,0.9091,0.9293,3,0.0022
CoDE,CC_2A,0.9293,0.9495,3,0.0022
CoDE,CC_2A,0.9495,0.9697,1,0.0007
CoDE,CC_2A,0.9697,0.9899,4,0.003
CoDE,CC_2A,0.9899,1.0101,3,0.0022
CoDE,CC_2A,1.0101,1.0303,0,0.0
CoDE,CC_2A,1.0303,1.0505,2,0.0015
CoDE,CC_2A,1.0505,1.0707,11,0.0081
CoDE,CC_2A,1.0707,1.0909,5,0.0037
CoDE,CC_2A,1.0909,1.1111,6,0.0044
CoDE,CC_2A,1.1111,1.1313,5,0.0037
CoDE,CC_2A,1.1313,1.1515,14,0.0103
CoDE,CC_2A,1.1515,1.1717,20,0.0148
CoDE,CC_2A,1.1717,1.1919,11,0.0081
CoDE,CC_2A,1.1919,1.2121,26,0.0192
CoDE,CC_2A,1.2121,1.2323,31,0.0229
CoDE,CC_2A,1.2323,1.2525,26,0.0192
CoDE,CC_2A,1.2525,1.2727,41,0.0303
CoDE,CC_2A,1.2727,1.2929,65,0.048
CoDE,CC_2A,1.2929,1.3131,105,0.0776
CoDE,CC_2A,1.3131,1.3333,292,0.2157
CoDE,CC_2A,1.3333,1.3535,1547,1.1429
CoDE,CC_2A,1.3535,1.3737,8807,6.5065
CoDE,CC_2A,1.3737,1.3939,26161,19.3274
CoDE,CC_2A,1.3939,1.4141,31990,23.6338
CoDE,CC_2A,1.4141,1.4343,18493,13.6624
CoDE,CC_2A,1.4343,1.4545,8771,6.4799
CoDE,CC_2A,1.4545,1.4747,6786,5.0134
CoDE,CC_2A,1.4747,1.4949,7353,5.4323
CoDE,CC_2A,1.4949,1.5152,7997,5.9081
CoDE,CC_2A,1.5152,1.5354,7592,5.6089
CoDE,CC_2A,1.5354,1.5556,4924,3.6378
CoDE,CC_2A,1.5556,1.5758,2205,1.629
CoDE,CC_2A,1.5758,1.596,905,0.6686
CoDE,CC_2A,1.596,1.6162,355,0.2623
CoDE,CC_2A,1.6162,1.6364,183,0.1352
CoDE,CC_2A,1.6364,1.6566,125,0.0923
CoDE,CC_2A,1.6566,1.6768,62,0.0458
CoDE,CC_2A,1.6768,1.697,59,0.0436
CoDE,CC_2A,1.697,1.7172,55,0.0406
CoDE,CC_2A,1.7172,1.7374,35,0.0259
CoDE,CC_2A,1.7374,1.7576,43,0.0318
CoDE,CC_2A,1.7576,1.7778,27,0.0199
CoDE,CC_2A,1.7778,1.798,18,0.0133
CoDE,CC_2A,1.798,1.8182,18,0.0133
CoDE,CC_2A,1.8182,1.8384,20,0.0148
CoDE,CC_2A,1.8384,1.8586,11,0.0081
CoDE,CC_2A,1.8586,1.8788,22,0.0163
CoDE,CC_2A,1.8788,1.899,18,0.0133
CoDE,CC_2A,1.899,1.9192,28,0.0207
CoDE,CC_2A,1.9192,1.9394,23,0.017
CoDE,CC_2A,1.9394,1.9596,14,0.0103
CoDE,CC_2A,1.9596,1.9798,20,0.0148
CoDE,CC_2A,1.9798,2.0,9,0.0066
