pid,split
10gs,train
11gs,train
184l,train
185l,train
186l,train
187l,train
188l,train
1a07,train
1a08,train
1a1b,train
1a1c,train
1a1e,train
1a28,val
1a4h,val
1a4k,train
1a4r,train
1a4w,test
1a52,val
1a5v,train
1a99,train
1af6,train
1ai4,train
1ai5,train
1ai6,train
1ai7,train
1aj6,test
1aj7,val
1ajn,train
1ajq,train
1ajv,train
1ajx,train
1akq,test
1akr,test
1akt,test
1aku,test
1akw,test
1al8,train
1alw,train
1amn,train
1aq7,test
1aqi,val
1aqj,val
1at5,train
1at6,train
1avd,train
1aw1,test
1axs,val
1b11,train
1b42,train
1b55,train
1b6j,train
1b6k,train
1b6l,train
1b6m,train
1b6p,train
1b9s,train
1b9t,train
1b9v,train
1bcu,test
1bdl,train
1bdq,train
1bdr,train
1bhx,train
1bju,train
1bjv,train
1bkm,train
1bky,train
1bm2,train
1bm7,val
1bmb,train
1bo5,train
1bq3,train
1bq4,train
1br5,train
1br6,train
1btn,train
1bxo,train
1bxq,train
1bzc,train
1bzj,train
1c29,train
1c5c,val
1c5f,val
1c5o,test
1c5s,test
1c5t,test
1c7e,test
1c7f,test
1c8v,train
1c9d,train
1cet,train
1cj1,train
1cqp,train
1ctr,train
1cw2,train
1cx9,train
1d09,train
1d4h,train
1d4i,train
1d4j,train
1d4k,train
1d4l,train
1d4w,train
1d7i,train
1d7j,train
1d8e,train
1db1,train
1det,train
1df8,train
1dfo,train
1di8,test
1di9,test
1dqx,train
1drj,train
1drk,train
1dtq,train
1dtt,train
1dub,train
1dud,train
1duv,train
1dy4,train
1dzj,train
1e2k,train
1e2l,train
1e3g,val
1e5j,train
1e66,train
1e6q,train
1e6s,train
1e72,train
1ebw,train
1eby,train
1ebz,train
1ec0,train
1ec1,train
1ec2,train
1ec3,train
1eef,train
1eei,train
1efi,train
1egh,val
1eix,train
1ej4,train
1enu,train
1err,val
1eve,train
1ezf,train
1ezq,test
1f0s,test
1f0t,test
1f0u,test
1f3e,train
1f73,train
1f74,train
1f8a,train
1f8b,train
1f8c,train
1f8d,train
1f8e,train
1fcx,train
1fcy,train
1fd0,train
1fd7,train
1fh7,train
1fh8,train
1fh9,train
1fhd,train
1fiv,train
1fj4,train
1fjs,train
1fkn,test
1fl3,val
1flm,test
1fm9,train
1fq4,train
1fq5,train
1fq6,train
1fq7,train
1fq8,train
1fvv,val
1fzj,train
1fzk,train
1fzm,train
1fzq,train
1g2k,train
1g2l,test
1g2m,test
1g30,test
1g32,test
1g35,train
1g36,test
1g50,val
1g5f,train
1g6s,train
1g7f,train
1g7g,train
1g9s,train
1gaf,val
1gah,train
1gai,train
1gcz,train
1ghv,test
1ghw,test
1ghz,test
1gi1,test
1gi6,test
1gi7,test
1gi8,test
1gi9,test
1gj4,test
1gj5,test
1gj6,test
1gj7,test
1gj8,test
1gja,test
1gjb,test
1gjc,test
1gni,train
1gnj,train
1gpk,train
1gpn,train
1gqs,train
1gt1,train
1gt3,train
1gt5,train
1gwq,val
1gwr,val
1gyx,train
1gyy,train
1h01,test
1h0a,train
1h0r,train
1h0w,test
1h1p,val
1h1q,val
1h1r,val
1h1s,val
1h22,train
1h23,train
1h24,val
1h25,val
1h26,train
1h27,train
1h28,val
1h2t,train
1h2u,train
1h46,train
1h5v,train
1h61,train
1h62,train
1h6h,train
1h8s,val
1h9z,train
1ha2,train
1hbv,train
1hge,train
1hgi,train
1hgj,train
1hiy,val
1hkj,val
1hkk,val
1hkm,val
1hnn,train
1hp5,test
1hty,train
1hvy,train
1hxb,train
1i00,train
1i3z,train
1i5r,train
1i7c,train
1i7z,test
1ibc,train
1ibg,val
1ie9,train
1iep,test
1igj,train
1ihy,train
1iiq,train
1ik4,val
1ikt,train
1ikv,train
1ikw,train
1ikx,train
1iky,train
1il3,train
1il4,train
1il9,train
1ilh,train
1imx,train
1inf,train
1ing,train
1inh,train
1is0,train
1iup,train
1j07,train
1j17,val
1j4r,train
1jak,test
1jgl,val
1jlq,train
1jlr,train
1jlx,train
1jmf,train
1jmg,train
1jmi,train
1jq3,train
1jqy,train
1jtq,train
1juj,train
1jut,train
1jvp,test
1jwt,test
1jyq,train
1k03,train
1k1i,test
1k1j,test
1k1l,test
1k1m,test
1k1n,test
1k1o,test
1k1p,test
1k1y,train
1kav,train
1ke5,test
1ke6,test
1ke8,test
1kel,val
1kll,train
1kmv,test
1kna,train
1kne,train
1koj,train
1kqb,train
1ktt,test
1kv5,test
1kyn,train
1kz8,train
1kzk,train
1kzn,test
1l2s,train
1l83,train
1lbk,train
1lee,train
1leg,train
1lev,train
1lf2,train
1lf3,train
1lf9,train
1lfo,train
1lgw,train
1lhw,train
1li2,train
1li3,train
1li6,train
1ljt,train
1lke,val
1ll4,val
1lnm,val
1loq,train
1lor,train
1los,train
1lpg,val
1lpk,val
1lpz,val
1lqd,val
1lqe,test
1lqf,train
1lt6,train
1lvc,train
1lyx,test
1lzo,test
1lzq,train
1m0b,train
1m21,train
1m48,train
1m4h,test
1m5b,test
1m5e,test
1m5f,test
1m7y,train
1m9n,test
1mcz,train
1me8,train
1mh5,val
1mhw,val
1mj7,val
1mjj,val
1ml1,test
1moq,train
1mq5,train
1mq6,train
1mui,train
1n0s,val
1n2v,train
1n43,train
1n46,train
1n5r,train
1n7i,train
1n7m,val
1n9m,train
1nax,train
1nc1,train
1nc3,train
1ndj,train
1nf8,train
1ngw,val
1nh0,train
1nhu,train
1nhz,val
1nj1,train
1nj5,train
1njf,test
1njs,train
1nli,train
1nmk,val
1nnk,test
1np0,test
1nq7,train
1nvq,test
1nvr,test
1nw4,train
1nw5,val
1nw7,val
1nzl,train
1nzv,train
1o0f,train
1o0m,train
1o0n,train
1o0o,train
1o2g,test
1o2h,test
1o2j,test
1o2k,test
1o2n,test
1o2o,test
1o2p,test
1o2q,test
1o2r,test
1o2s,test
1o2t,test
1o2z,test
1o30,test
1o32,test
1o33,test
1o34,test
1o35,test
1o36,test
1o38,test
1o39,test
1o3b,test
1o3c,test
1o3d,test
1o3e,test
1o3f,test
1o3p,test
1o5a,test
1o5c,test
1o5e,test
1o5f,test
1o5g,test
1o6i,val
1o79,train
1o9d,train
1o9e,train
1oar,val
1oau,val
1oay,val
1oba,train
1ocn,train
1ocq,train
1od8,train
1odi,test
1odj,test
1ody,train
1oe7,train
1oe8,train
1ofz,train
1ogg,val
1ogu,val
1ogx,train
1oh4,train
1oi9,train
1oiq,train
1oir,train
1oit,train
1oiu,train
1oiy,train
1okx,train
1oky,test
1okz,test
1ol1,val
1ol2,val
1osv,train
1ouk,test
1ouy,test
1ove,test
1ow4,test
1owe,test
1owh,test
1owi,test
1owj,test
1owk,test
1oxn,train
1oxq,train
1oy7,train
1oyq,test
1oyt,test
1oz0,test
1ozv,val
1p0y,val
1p1n,test
1p1o,test
1p1q,test
1p4r,test
1p57,test
1p93,val
1pa9,train
1pbk,train
1pcg,train
1pdq,train
1pf7,train
1pf8,test
1pgp,train
1pk0,train
1pkx,test
1pl0,test
1pmn,test
1pmu,test
1pmv,test
1pq6,test
1pqc,test
1pr1,test
1pr5,test
1pu7,train
1pu8,train
1pum,train
1pw6,train
1pwy,train
1pxi,test
1pxj,test
1pxk,test
1pxm,test
1pxn,test
1pxp,test
1py1,train
1py2,train
1pyw,train
1pzi,train
1pzj,train
1pzo,train
1pzp,train
1q1g,train
1q3d,test
1q3w,test
1q41,test
1q4k,train
1q4l,test
1q4w,train
1q63,train
1q65,train
1q66,train
1q6j,train
1q6m,train
1q6n,train
1q6p,train
1q6s,train
1q6t,train
1q72,test
1q83,train
1q84,train
1q8t,test
1q8u,test
1q8w,test
1q95,train
1q9d,train
1qbo,test
1qiw,train
1qkn,val
1qkt,val
1qku,val
1qng,val
1qnh,val
1qpb,train
1qpf,train
1qpl,train
1qr3,train
1qw7,train
1qy1,train
1qy2,train
1qyg,test
1r4w,train
1r5n,train
1r5y,train
1r6n,train
1r9l,train
1rbo,train
1rgk,train
1rgl,train
1rjk,train
1rnt,train
1rpj,train
1rr6,train
1rt9,train
1s19,train
1s26,train
1s38,train
1s39,train
1s4d,val
1s5z,val
1s89,val
1s9t,val
1sb1,test
1sdt,train
1sdu,train
1sdv,train
1sgu,train
1sh9,train
1sj0,val
1skj,train
1sqc,train
1sqn,val
1sqo,test
1sqt,test
1sr7,train
1sw2,train
1swg,train
1swk,train
1swn,train
1swp,train
1swr,train
1syh,test
1syi,test
1syo,test
1sz0,test
1szd,train
1t13,train
1t1r,train
1t2v,train
1t31,train
1t32,train
1t46,test
1t79,val
1t7d,train
1t7f,val
1t7r,val
1tc1,train
1thz,test
1tjp,train
1tkt,train
1tkx,train
1tkz,train
1tl1,train
1tl3,train
1tl9,test
1tou,train
1tow,train
1tr7,train
1tt1,val
1tvo,test
1tvr,train
1tx7,test
1tze,train
1u0g,train
1u1b,train
1u1w,train
1u33,train
1u59,test
1u65,train
1u6q,test
1u9q,val
1ua4,test
1uef,train
1ugx,train
1ugy,train
1uh1,train
1ui0,train
1uj5,train
1uk0,test
1uk1,test
1ule,train
1ulg,train
1ung,train
1unh,train
1uom,val
1uou,train
1ur9,train
1urw,test
1utj,val
1utl,val
1utn,test
1uto,test
1uu3,test
1uu7,test
1uu8,test
1uu9,test
1uvr,test
1uwb,train
1uwf,train
1uwh,test
1uwt,train
1uwu,train
1uy6,test
1uy7,test
1uy8,test
1uy9,test
1uyc,test
1uyd,test
1uye,test
1uyf,test
1uyg,test
1uyh,test
1uyi,test
1uyk,test
1uym,test
1uys,train
1uz1,train
1uz4,train
1v0k,train
1v0l,train
1v0m,train
1v0n,train
1v0o,val
1v0p,val
1v1j,train
1v1k,test
1v2h,train
1v2k,test
1v2n,test
1v2o,test
1v2p,test
1v2q,test
1v2r,test
1v2t,test
1v2w,test
1v41,train
1v48,train
1vcj,train
1vcu,train
1vea,train
1vjd,test
1vkj,train
1vot,train
1vso,val
1vyg,train
1vyq,train
1vyw,val
1vyz,test
1vzq,val
1w0x,test
1w0y,train
1w1d,train
1w1g,train
1w1p,val
1w1t,val
1w1v,val
1w1y,val
1w25,train
1w2g,val
1w2h,val
1w2x,train
1w3j,train
1w3k,train
1w3l,train
1w4l,train
1w4o,train
1w4p,train
1w4q,train
1w51,test
1w5v,train
1w5w,train
1w5x,train
1w5y,train
1w6r,train
1w6y,train
1w70,train
1w76,train
1w7g,val
1w7x,train
1w80,train
1w96,train
1w9u,val
1w9v,val
1waw,val
1wb0,val
1wcq,train
1wok,test
1wqv,train
1ws4,train
1ws5,train
1wss,train
1wtg,train
1wun,train
1wv7,train
1wvj,test
1wzy,test
1x38,train
1x39,train
1x70,train
1x8d,train
1x8r,train
1x8t,train
1xa5,test
1xap,train
1xbb,test
1xbc,test
1xd0,train
1xdd,train
1xdg,train
1xgi,train
1xgj,train
1xhy,test
1xk5,train
1xk9,test
1xkk,test
1xnx,train
1xo2,train
1xoz,test
1xp1,val
1xp6,val
1xp9,val
1xpc,val
1xqc,val
1xuo,train
1xws,test
1xxh,test
1xxi,test
1y0l,val
1y1m,train
1y1z,train
1y3a,train
1y3n,train
1y3p,train
1y3v,test
1y3w,test
1y3x,test
1y4z,train
1y57,test
1y6a,val
1y6b,val
1y6q,train
1y6r,train
1y91,test
1y98,train
1ya4,train
1ybg,train
1yc1,train
1yc4,train
1yc5,train
1ydk,train
1ydr,test
1yds,test
1yhs,test
1yi3,test
1ym2,test
1ym4,test
1ynd,val
1yon,train
1yp9,test
1ype,test
1ypg,test
1ypj,test
1yvh,train
1yvx,train
1yvz,train
1yw2,test
1ywh,train
1ywr,test
1yys,train
1yz3,train
1z1h,train
1z1r,train
1z2b,train
1z34,train
1z3c,val
1z6d,train
1z6e,test
1z6j,train
1z95,train
1zaj,train
1zc9,train
1zd2,train
1zd3,train
1zd4,train
1zd5,train
1zea,val
1zeo,train
1zgb,train
1zhy,train
1zkk,train
1zky,val
1zm7,test
1zp8,train
1zpa,train
1zrz,test
1zsf,train
1zsr,train
1zyj,val
1zyr,train
1zz2,test
1zzl,test
220l,train
223l,train
2a0c,test
2a14,val
2a2x,test
2a3a,val
2a3b,val
2a3c,val
2a3i,train
2a4l,test
2a4r,train
2a4z,train
2a5c,train
2a5u,train
2aa9,train
2aac,train
2aay,train
2adm,val
2aei,train
2aj8,train
2al5,test
2am9,val
2ama,val
2an5,train
2anl,train
2aoc,train
2aod,train
2aof,train
2aog,train
2aoh,train
2aoi,train
2aoj,train
2aq7,train
2aqu,train
2avm,train
2avo,train
2avq,train
2avs,train
2avv,train
2ax6,train
2axi,val
2ayr,train
2az5,train
2az8,train
2az9,train
2azb,train
2azc,train
2azr,train
2b07,train
2b1g,test
2b1i,test
2b1z,val
2b4l,train
2b4m,train
2b53,test
2b54,test
2b55,test
2b7d,train
2b7f,train
2baj,val
2bak,val
2bal,test
2ban,train
2bes,train
2bet,train
2bfq,train
2bgd,train
2bj4,val
2bjm,train
2bks,train
2bkt,train
2bkz,val
2bmg,val
2boh,val
2bpm,val
2bq6,val
2bq7,val
2bqv,train
2bqw,val
2br1,test
2brb,test
2brc,val
2brh,test
2brm,test
2brn,test
2bro,test
2bt9,train
2btr,test
2bts,test
2bvd,train
2byh,test
2byi,test
2byp,test
2byr,test
2bys,test
2bz5,test
2bz6,train
2bza,test
2bzz,train
2c0o,val
2c1n,train
2c1p,val
2c1q,train
2c3i,test
2c3j,test
2c3k,test
2c3l,test
2c4f,train
2c4g,val
2c4w,train
2c57,train
2c5n,val
2c5o,val
2c5x,val
2c5y,test
2c6e,test
2c6k,test
2c6l,test
2c6m,test
2c6o,test
2c80,train
2c8w,test
2c8x,test
2c8y,test
2c90,test
2c92,train
2c93,test
2c94,train
2c97,train
2c9b,train
2c9d,train
2ca8,train
2cbj,test
2cbr,train
2cbs,train
2cbu,train
2cbv,train
2cen,train
2ceq,train
2cer,train
2ces,train
2cet,train
2cex,train
2cf8,val
2cf9,val
2cgf,val
2cgw,test
2cgx,test
2chw,train
2chx,train
2chz,train
2ci9,train
2cia,train
2cji,test
2ckm,train
2cle,train
2clf,train
2clh,train
2cli,train
2clk,train
2cll,train
2clm,train
2clo,train
2clx,test
2cmf,train
2cn0,val
2cvd,test
2d0k,test
2d3u,train
2d3z,train
2d41,train
2dq7,test
2dri,train
2dxs,train
2e27,val
2e2b,test
2e2p,test
2e7f,train
2e93,train
2e98,train
2e99,train
2e9a,train
2e9c,train
2e9d,train
2epn,test
2esm,test
2etk,test
2etr,test
2euk,train
2eum,train
2evl,train
2ewy,val
2f01,train
2f0z,train
2f10,train
2f2h,train
2f34,val
2f35,val
2f3e,test
2f3f,test
2f3k,train
2f3r,train
2f4j,test
2f6j,train
2f6t,train
2f6v,train
2f6y,train
2f6z,train
2f70,train
2f71,train
2f80,train
2f81,train
2f8g,train
2f9b,train
2fai,val
2fb8,test
2fdd,train
2fde,train
2fdp,test
2fgi,val
2fgu,train
2fjm,train
2fjn,train
2fjp,train
2fl5,val
2flb,train
2fle,train
2flh,train
2flr,train
2fmb,train
2fme,train
2fpz,test
2fq6,train
2fqw,train
2frd,train
2fsa,train
2fsv,train
2fum,val
2fvc,train
2fvd,test
2fw3,train
2fx6,test
2fx8,val
2fx9,val
2fxs,val
2fxu,train
2fxv,train
2fzc,train
2fzg,train
2fzk,train
2fzz,test
2g00,test
2g0g,train
2g0h,train
2g1r,train
2g1y,train
2g24,train
2g2r,val
2g6q,train
2g70,train
2g71,train
2g72,train
2g78,train
2g8n,train
2g96,train
2g97,train
2g9x,val
2gbi,train
2gc8,train
2gcd,test
2gej,train
2gek,train
2gfa,train
2gfd,train
2gfs,test
2gga,train
2ggd,train
2gh7,train
2gj4,test
2gl0,test
2gm9,test
2gnf,test
2gnh,test
2gni,test
2gnj,test
2gnl,test
2gpp,train
2gss,train
2gtk,train
2gu8,test
2gv2,val
2gz2,train
2h02,train
2h03,train
2h13,test
2h1h,train
2h21,val
2h23,val
2h2d,train
2h2e,val
2h2g,train
2h2h,train
2h2j,val
2h3e,train
2h5e,train
2h6b,train
2h6k,train
2h6q,train
2h6t,train
2h8h,test
2h9t,val
2ha0,train
2ha2,train
2ha3,train
2ha5,train
2ha6,train
2ha7,train
2hah,train
2hb3,train
2hdq,train
2hds,train
2hdu,train
2hdx,train
2hfp,train
2hha,train
2hiz,test
2hj4,train
2hjb,train
2hk5,val
2hm1,test
2hmh,train
2hny,train
2hrm,train
2hs1,train
2hs2,train
2hvc,val
2hvx,train
2hw2,train
2hxm,train
2hyy,test
2hz0,test
2hz4,test
2hzi,test
2hzl,train
2hzn,test
2i0a,train
2i0d,train
2i0g,train
2i0h,test
2i0j,train
2i0v,val
2i0y,val
2i1m,val
2i2b,train
2i3i,train
2i3z,train
2i40,val
2i4t,val
2i7c,train
2i80,train
2ica,train
2idw,train
2ieh,train
2ien,train
2ieo,train
2igx,train
2igy,train
2ihj,train
2ihq,val
2iit,train
2iiv,train
2iko,train
2iku,train
2il2,train
2in6,test
2io6,test
2iog,val
2iok,train
2ipo,train
2isc,val
2itk,train
2ito,test
2itp,val
2itt,test
2ity,test
2itz,test
2iuz,val
2iw6,train
2iws,val
2iwu,val
2iwx,val
2iyf,train
2izl,train
2izx,train
2j27,test
2j2i,test
2j2u,test
2j34,test
2j3q,train
2j47,train
2j4g,train
2j4i,test
2j4z,test
2j50,test
2j62,test
2j6m,val
2j75,train
2j78,train
2j79,train
2j7b,train
2j7d,train
2j7e,train
2j7f,train
2j7g,train
2j7h,train
2j94,test
2j95,test
2j9h,train
2jaj,train
2jb5,val
2jb6,train
2jbo,val
2jbp,val
2jbu,train
2jbv,train
2jc0,train
2jdo,test
2jds,test
2jdt,test
2jdv,test
2jf4,train
2jfh,train
2jfz,train
2jg0,train
2jg8,train
2jgs,train
2jh0,test
2jh5,test
2jh6,test
2jiu,val
2jiw,val
2jj3,train
2jjb,train
2jjk,train
2jk7,train
2jkh,test
2jkk,val
2jkm,val
2jkq,val
2jkr,train
2jkt,train
2jle,train
2nmy,train
2nmz,train
2nnd,train
2nnk,train
2nnp,train
2nnq,train
2np9,train
2nsj,train
2nsl,train
2nta,train
2ntf,val
2nw4,val
2nww,train
2nyr,val
2o0u,val
2o1c,train
2o2u,val
2o4j,train
2o4r,train
2o7e,train
2o7n,train
2o8h,train
2o9i,test
2o9k,train
2oag,train
2oax,train
2obf,train
2oc4,train
2oc9,train
2ogy,train
2ogz,train
2oh4,val
2ohk,test
2ohl,test
2ohm,test
2ohq,test
2ohr,test
2ohs,test
2oht,test
2ohu,test
2oiq,val
2oj9,test
2ojg,test
2oji,test
2ojj,test
2ok1,val
2ole,train
2on3,train
2on6,train
2onc,train
2ony,train
2onz,train
2oo8,val
2opb,train
2oph,train
2oqi,train
2oqv,train
2ot1,train
2ovq,train
2ow3,val
2owb,test
2oxn,test
2oyk,train
2oyl,train
2oym,train
2oz5,train
2oz6,train
2oz7,val
2p0d,train
2p15,val
2p16,test
2p2a,val
2p2h,val
2p2i,val
2p33,val
2p3a,train
2p3b,train
2p3c,train
2p3d,train
2p3g,test
2p3i,train
2p3o,train
2p4j,test
2p4s,train
2p4y,train
2p7a,val
2p7g,val
2p7z,val
2p83,test
2p8n,train
2p8s,train
2p93,test
2p94,test
2p95,test
2pax,val
2pbw,val
2pcp,val
2pe0,test
2pe1,test
2pe2,test
2pg2,train
2pgj,train
2pgl,train
2pgz,test
2phb,train
2pix,val
2pjl,train
2pl0,val
2pmk,train
2pmn,train
2pnx,train
2pog,val
2poq,train
2pq9,train
2pqb,train
2pqc,train
2pqj,train
2pqz,train
2pre,test
2psj,train
2psu,train
2psv,train
2psx,test
2pt9,train
2pu2,train
2pwc,train
2pwg,train
2pwr,train
2pym,train
2pyn,train
2pzi,train
2q1j,test
2q1l,train
2q54,train
2q55,train
2q5k,train
2q63,train
2q64,train
2q6b,train
2q6c,train
2q6f,train
2q70,train
2q72,train
2q7m,train
2q7o,train
2q7q,train
2q7y,train
2q88,train
2q89,train
2q8g,train
2q8h,train
2q8i,test
2q8s,train
2q8y,train
2q8z,train
2qbu,val
2qcd,train
2qcf,train
2qci,train
2qcm,train
2qd6,train
2qd7,train
2qd8,train
2qd9,val
2qe2,train
2qe4,train
2qe5,train
2qft,train
2qfu,train
2qh6,train
2qhc,train
2qhy,train
2qhz,train
2qi0,train
2qi1,train
2qi3,train
2qi4,train
2qi5,train
2qi6,train
2qi7,train
2qic,train
2qju,train
2qk5,test
2qk8,test
2qm7,train
2qmd,test
2qmf,test
2qmg,test
2qn1,test
2qn2,test
2qnn,train
2qnx,train
2qoe,train
2qoh,test
2qp8,test
2qpu,train
2qqs,train
2qrk,test
2qrl,test
2qt9,train
2qtb,train
2qtg,train
2qtn,train
2qtr,train
2qtt,train
2qtu,train
2qu5,val
2qu6,val
2qzr,train
2qzx,train
2r0z,val
2r1w,val
2r2m,test
2r2w,test
2r38,train
2r3c,test
2r3f,test
2r3g,test
2r3h,test
2r3i,test
2r3m,test
2r3n,test
2r3o,test
2r3p,test
2r3t,train
2r3w,train
2r43,train
2r4f,train
2r58,train
2r5b,test
2r5d,test
2r5p,train
2r5q,train
2r6w,train
2r9b,train
2r9m,val
2r9s,val
2r9w,train
2r9x,train
2ra6,train
2rc8,test
2rc9,val
2rcb,test
2rcn,train
2rcu,train
2reg,train
2rfn,val
2rg5,val
2rg6,val
2rgp,val
2rgu,train
2rin,test
2rip,train
2rkf,train
2rkg,train
2rku,test
2rl5,val
2tsr,train
2uue,val
2uuo,train
2uup,train
2uvm,train
2uw0,test
2uw3,test
2uw4,test
2uw6,test
2uw7,test
2uw8,test
2uwd,test
2uwl,test
2uwo,test
2uwp,test
2uxi,train
2uxx,train
2uy3,val
2uy4,val
2uy5,val
2uyi,train
2uym,train
2uyn,train
2uyq,train
2uyw,train
2uzb,val
2uzd,val
2uze,val
2uzl,val
2uzo,test
2v00,train
2v0n,train
2v22,val
2v2c,test
2v2h,test
2v2q,train
2v2v,train
2v3d,train
2v3e,train
2v54,train
2v59,train
2v5a,train
2v7d,train
2v83,train
2v85,train
2v86,train
2v87,train
2v88,train
2v8w,train
2va5,test
2va6,test
2va7,test
2vaq,train
2vb8,train
2vba,train
2vc9,test
2vcb,test
2vci,test
2vcj,test
2vcq,test
2vcw,test
2vcx,test
2vd0,test
2vd1,test
2vd4,train
2veu,train
2vev,train
2vew,train
2vex,train
2vey,train
2vi5,train
2vie,test
2vin,test
2vio,test
2vip,test
2viq,test
2viv,test
2viw,test
2viy,test
2viz,test
2vj1,train
2vj6,test
2vj7,test
2vj9,test
2vjx,train
2vk2,train
2vk6,train
2vkm,test
2vl4,train
2vle,train
2vmd,train
2vmf,train
2vnf,train
2vnm,test
2vnn,test
2vo4,train
2vo5,train
2vo7,test
2vot,train
2vpe,train
2vpg,train
2vpn,train
2vpo,train
2vpp,train
2vqt,train
2vr0,train
2vr4,train
2vrj,train
2vrx,val
2vsl,train
2vta,test
2vtd,train
2vte,train
2vth,test
2vti,test
2vtj,test
2vtl,test
2vtn,test
2vto,test
2vtp,test
2vtq,test
2vtr,test
2vts,test
2vtt,test
2vu3,test
2vuk,train
2vur,test
2vv9,test
2vvc,test
2vvn,test
2vvs,test
2vvt,train
2vvu,train
2vvv,train
2vw1,train
2vw5,val
2vwc,val
2vwl,train
2vwm,train
2vwn,train
2vwo,train
2vwu,val
2vwv,val
2vww,val
2vwx,val
2vwy,val
2vwz,val
2vx0,val
2vx1,val
2vx9,val
2vxa,val
2vxn,val
2w05,test
2w06,test
2w0j,train
2w16,train
2w17,test
2w1c,test
2w1d,test
2w1e,test
2w1g,test
2w1i,test
2w26,test
2w3i,val
2w3k,val
2w3l,train
2w4i,train
2w4x,val
2w54,train
2w66,test
2w67,test
2w6c,train
2w6n,train
2w6o,train
2w6p,train
2w6q,train
2w6t,train
2w6u,train
2w6z,train
2w70,train
2w71,train
2w76,train
2w77,train
2w78,train
2w8f,test
2w8g,test
2w8j,train
2w8w,train
2w8y,val
2w97,train
2w9h,test
2wb5,test
2wbg,train
2wc3,train
2wc4,train
2wca,val
2wcg,train
2wcx,train
2wd1,val
2wd7,test
2wei,val
2weq,val
2wer,val
2wev,val
2wez,test
2wf0,test
2wf1,test
2wf2,test
2wf3,test
2wf4,test
2wfj,val
2wgj,val
2wgs,train
2whp,train
2wi1,test
2wi2,test
2wi4,test
2wi5,test
2wi6,test
2wi7,test
2wib,train
2wih,val
2wjg,train
2wk2,val
2wks,train
2wkt,train
2wky,val
2wkz,train
2wl0,train
2wl4,train
2wl5,train
2wly,val
2wlz,val
2wm0,val
2wmr,test
2wmu,test
2wmv,test
2wmx,test
2wn9,test
2wnc,test
2wnj,test
2wnl,test
2won,train
2wos,train
2wot,test
2wou,test
2wp1,val
2wpa,train
2wqb,test
2wr8,val
2wtc,train
2wtd,train
2wti,train
2wtj,train
2wtv,test
2wtw,test
2wtx,train
2wu6,test
2wu7,test
2wuu,train
2wvt,train
2wxd,train
2wxf,train
2wxg,train
2wxh,train
2wxi,train
2wxj,train
2wxk,train
2wxl,train
2wxm,train
2wxn,train
2wxo,train
2wxp,train
2wxq,train
2wxv,val
2wyg,train
2wyj,train
2wyn,train
2wzm,train
2wzy,val
2x00,test
2x09,train
2x0y,train
2x24,train
2x2c,val
2x2i,train
2x2k,test
2x2l,test
2x2m,val
2x38,train
2x39,val
2x3t,train
2x4z,train
2x52,train
2x5o,train
2x6f,train
2x6i,train
2x6j,train
2x6k,train
2x6x,train
2x7c,train
2x7d,train
2x7o,test
2x7x,train
2x81,test
2x8d,test
2x8e,test
2x8i,test
2x9e,test
2x9f,val
2xa4,test
2xab,test
2xah,test
2xaj,test
2xaq,test
2xas,test
2xb7,val
2xb8,train
2xb9,train
2xba,val
2xbv,train
2xbw,train
2xbx,train
2xc0,train
2xc4,train
2xcg,train
2xch,test
2xck,test
2xcs,train
2xd6,val
2xd9,train
2xda,train
2xde,test
2xdk,test
2xdl,test
2xdx,test
2xel,train
2xey,test
2xez,test
2xf0,test
2xfi,test
2xfj,test
2xfk,test
2xg3,train
2xg5,train
2xg9,train
2xgm,train
2xgo,train
2xgs,train
2xh5,val
2xhr,test
2xht,test
2xhx,test
2xib,train
2xii,train
2xix,test
2xiy,test
2xiz,test
2xj0,test
2xj1,test
2xj2,test
2xj7,val
2xjg,test
2xjj,test
2xjx,test
2xk3,test
2xk4,test
2xk6,test
2xk7,test
2xk8,test
2xk9,train
2xkc,test
2xkd,test
2xke,test
2xkf,test
2xm1,test
2xm2,test
2xm8,train
2xm9,train
2xmy,test
2xn5,val
2xnb,test
2xne,test
2xng,test
2xnm,test
2xnn,test
2xno,test
2xnp,test
2xog,train
2xp2,val
2xp3,train
2xp4,train
2xp5,train
2xp6,train
2xp7,train
2xp8,train
2xpa,train
2xpb,train
2xpc,train
2xpk,test
2xqq,train
2xru,test
2xrw,train
2xs0,train
2xsb,train
2xtk,val
2xuc,val
2xuf,train
2xui,train
2xup,train
2xvd,val
2xvn,val
2xwd,train
2xwe,train
2xwy,train
2xx2,val
2xx4,val
2xx5,val
2xye,train
2xyf,train
2xyn,val
2xys,test
2xyt,test
2xyu,test
2xz5,test
2xzg,train
2y1n,train
2y1o,train
2y1w,val
2y1x,val
2y54,test
2y56,test
2y57,test
2y58,test
2y5f,train
2y5g,train
2y5h,train
2y5k,train
2y68,train
2y6o,test
2y71,train
2y76,train
2y77,train
2y7x,train
2y7z,train
2y80,train
2y81,train
2y82,train
2y8c,train
2y8l,test
2y8q,test
2y9q,test
2ya6,train
2yac,test
2yb0,train
2ybt,val
2ybu,val
2ycq,train
2ycs,train
2ydi,test
2ydj,test
2ydk,test
2ydt,train
2ydw,train
2ye9,test
2yek,train
2yel,train
2yem,train
2yer,test
2yex,test
2yfa,train
2yfe,train
2yfx,val
2yga,val
2yge,val
2ygf,test
2ygu,train
2yhd,train
2yi5,test
2yim,train
2yiq,train
2yir,train
2yis,val
2yit,train
2yiu,train
2yiv,train
2yiw,val
2yix,test
2yjq,train
2yjw,test
2yjx,test
2yk1,test
2yk9,test
2ykb,test
2ykc,test
2yke,test
2yki,test
2ykj,test
2ylp,val
2ym3,test
2ym4,test
2ym5,test
2ym6,test
2ym7,test
2ym8,test
2ymd,train
2yme,test
2ynd,train
2yne,train
2yof,train
2yog,train
2yoh,train
2yoj,train
2yol,train
2yq6,train
2yxj,train
2z1w,train
2z4b,train
2z4o,train
2z4y,train
2z50,train
2z60,test
2z6w,test
2z78,train
2z92,val
2za3,train
2zas,train
2zaz,test
2zb0,test
2zb1,test
2zc9,test
2zcs,train
2zda,test
2zdk,test
2zdl,test
2zdm,test
2zdn,test
2zdt,test
2zdx,test
2zfp,test
2zfs,test
2zft,test
2zga,train
2zgx,test
2zhd,test
2zif,val
2zit,train
2zjf,train
2zju,test
2zjv,test
2zm1,val
2zmd,test
2zmj,train
2znt,val
2znu,val
2zo3,val
2zp0,train
2zpk,val
2zq1,test
2zq2,test
2zsc,train
2zv2,train
2zv9,test
2zva,test
2zwz,train
2zx5,train
2zx6,train
2zx7,train
2zx8,train
2zx9,train
2zxa,train
2zxb,train
2zxd,train
2zy1,train
2zyb,val
2zz1,train
2zz2,train
2zzu,train
3a1t,train
3a29,train
3a2c,test
3a2o,train
3a4o,test
3a4p,val
3a5y,train
3a6t,train
3abt,train
3abu,train
3acw,train
3acx,train
3ad7,train
3ad8,train
3adt,train
3adu,train
3adv,train
3afk,train
3ag9,test
3agl,test
3agm,test
3ah8,train
3al3,train
3ama,test
3amb,test
3anq,test
3anr,test
3ans,train
3ant,train
3ao1,train
3ao4,train
3aox,val
3apc,train
3ara,train
3arb,train
3ard,train
3are,train
3arf,train
3arg,train
3arn,train
3arp,val
3arq,val
3arr,val
3arw,val
3arx,val
3as2,val
3ask,train
3asx,train
3at3,val
3at4,val
3atk,test
3atm,test
3atw,train
3avz,train
3aw0,train
3ax5,train
3axz,test
3ay0,test
3aya,train
3ayd,train
3az8,train
3az9,train
3aza,train
3azb,train
3b0w,val
3b1m,train
3b24,test
3b25,test
3b26,test
3b27,test
3b28,test
3b3x,train
3b4p,train
3b5j,train
3b5r,train
3b66,train
3b67,train
3b68,train
3b78,train
3b82,train
3b8h,train
3b8q,val
3b8r,val
3b9s,train
3bbt,val
3bc3,val
3bc4,train
3bc5,train
3bcn,val
3be2,val
3bea,val
3bel,val
3bex,test
3bf1,test
3bft,test
3bfu,test
3bgb,train
3bgc,train
3bgl,train
3bgm,train
3bgq,test
3bgs,train
3bgz,test
3bh8,train
3bh9,train
3bhb,train
3bho,train
3bi6,test
3biz,test
3bki,train
3bl7,train
3bl9,train
3bla,train
3bmn,test
3bmo,test
3bmq,test
3bpr,train
3bqc,val
3bqn,train
3br9,train
3brn,train
3bsc,train
3bt9,train
3btc,train
3bti,train
3btj,train
3bum,train
3bun,train
3buo,train
3buw,train
3bux,train
3bv2,test
3bv3,val
3bv9,test
3bva,train
3bvb,train
3bwj,test
3bx5,val
3bxe,train
3bxf,train
3bxs,train
3byo,val
3bz3,val
3bzi,train
3c1x,val
3c2f,train
3c2o,train
3c2r,train
3c2u,train
3c39,test
3c43,train
3c45,train
3c49,test
3c4h,test
3c5u,test
3c6t,train
3c6u,train
3c6w,train
3c79,test
3c7q,val
3c84,test
3c8e,train
3cbp,val
3cbs,train
3ccb,train
3ccc,train
3ccn,val
3cct,train
3ccw,train
3ccz,train
3cd0,train
3cd5,train
3cd7,train
3cd8,val
3cda,train
3cdb,train
3cde,train
3ce0,test
3ce3,val
3cen,test
3cfn,test
3cft,val
3cgf,test
3cgo,val
3ch9,val
3chc,val
3chd,val
3che,val
3chf,val
3chg,train
3cib,test
3cic,test
3cid,test
3cjf,val
3cjo,train
3cke,train
3ckp,test
3ckr,test
3ckt,train
3ckz,test
3cl0,test
3cl2,test
3clp,train
3cm2,train
3cm7,train
3cn0,val
3co9,train
3coh,test
3coj,train
3cow,test
3coy,test
3coz,test
3cp9,val
3cpb,val
3cpc,val
3cqu,test
3cqw,test
3cs7,test
3cso,train
3cth,val
3ctj,val
3ctq,test
3ctr,train
3ctt,train
3cvk,train
3cwj,train
3cy2,test
3cyw,train
3cyx,train
3cz1,train
3d0e,val
3d14,val
3d1f,train
3d1v,train
3d1x,train
3d1y,train
3d1z,train
3d20,train
3d28,train
3d45,train
3d4l,train
3d4q,test
3d5m,train
3d6o,train
3d6p,train
3d78,train
3d7b,train
3d7z,test
3d83,test
3d8y,train
3d8z,train
3d91,train
3d94,test
3d9n,train
3d9v,test
3da6,val
3da9,test
3daj,val
3db6,val
3db8,val
3dba,train
3dbd,val
3dbs,train
3dcr,train
3dct,test
3dcv,test
3ddp,val
3ddq,test
3ddu,train
3dg8,train
3dga,train
3dhk,val
3di6,train
3djf,train
3djk,train
3djo,train
3djp,train
3djq,train
3djv,train
3djx,train
3dk1,train
3dkf,train
3dkg,train
3dkj,train
3dla,train
3dm6,test
3dnd,test
3dne,test
3dog,test
3dp9,train
3dpd,train
3dpk,val
3dpo,train
3drp,train
3drr,train
3drs,train
3ds6,test
3dsz,train
3dt1,test
3dtc,train
3du8,test
3dux,test
3duy,test
3dv1,test
3dv5,test
3dxh,train
3dxj,train
3dxk,train
3dy6,train
3dz2,train
3dz4,train
3dz5,train
3dz6,train
3dzt,train
3e0p,train
3e16,train
3e2m,train
3e3b,val
3e51,train
3e5a,val
3e5u,train
3e63,test
3e64,test
3e6y,train
3e7o,val
3e85,train
3e92,test
3e93,test
3ebl,train
3ebo,test
3ebp,test
3eeb,train
3efj,val
3efk,val
3efr,train
3efw,test
3egk,test
3ehn,train
3eid,val
3eig,test
3eio,train
3ej1,val
3ej5,train
3eka,train
3ekn,val
3eko,test
3ekp,train
3ekq,train
3ekr,test
3eks,train
3ekt,train
3ekv,train
3ekw,train
3eky,train
3el0,train
3el1,train
3el4,train
3el5,train
3el9,train
3elj,test
3emg,test
3eml,train
3ens,val
3eoc,val
3eos,train
3eou,train
3eov,val
3eq7,train
3eq8,train
3eq9,train
3eql,train
3eqr,train
3ern,train
3ess,train
3et7,val
3eta,val
3eu7,train
3evc,train
3evf,train
3ew2,train
3ewh,val
3ewz,train
3ex2,train
3exo,test
3eyg,val
3eyh,val
3eyl,train
3eys,val
3eyu,val
3ezr,test
3f0r,test
3f34,train
3f35,train
3f36,train
3f37,train
3f38,train
3f39,train
3f3c,train
3f3t,val
3f3u,val
3f3v,val
3f3w,val
3f5p,test
3f66,val
3f68,test
3f69,val
3f78,train
3f7g,train
3f7h,train
3f7z,test
3f81,train
3f82,val
3f88,test
3f8c,train
3f8s,train
3f8w,train
3f9n,test
3f9w,train
3f9y,train
3faa,test
3fal,train
3fat,test
3fbr,train
3fc1,val
3fc2,test
3fcf,train
3fci,train
3fcl,train
3fdm,train
3fdn,test
3fdt,train
3fe7,train
3fea,train
3fei,train
3fej,train
3ff6,train
3ffg,test
3fhb,test
3fhr,val
3fi2,val
3fi3,val
3fj7,train
3fjz,train
3fk1,train
3fkt,test
3fl5,val
3fl8,test
3fl9,test
3fmz,test
3fnu,train
3fpd,train
3fpm,val
3fq7,train
3fqe,test
3fqh,test
3fqk,train
3fql,train
3fqs,test
3fr2,train
3fr4,train
3fr5,train
3frz,train
3fsm,train
3ft2,train
3ft5,test
3ft8,test
3fts,test
3ftu,test
3ftw,test
3fuc,train
3fue,test
3fuf,test
3fuh,test
3fup,test
3fur,train
3fv1,val
3fv2,val
3fv3,train
3fvg,val
3fvh,train
3fvk,val
3fvn,val
3fxb,train
3fxw,val
3fyj,test
3fyk,test
3fyz,train
3fz1,test
3fzr,val
3fzs,val
3fzt,val
3fzy,train
3g08,train
3g0b,train
3g0c,train
3g0d,train
3g0e,val
3g0f,val
3g0i,train
3g0w,val
3g1d,train
3g1m,train
3g1v,train
3g2v,test
3g2y,train
3g2z,train
3g30,train
3g31,train
3g32,train
3g34,train
3g35,train
3g5d,val
3g6g,val
3g6h,val
3g6m,val
3g6z,train
3g70,train
3g72,train
3g76,train
3g86,train
3g8i,train
3g8o,train
3g90,test
3g9e,train
3g9l,val
3g9n,test
3ga5,train
3gb2,test
3gba,val
3gbb,val
3gc4,train
3gc5,train
3gc7,test
3gcp,val
3gcq,val
3gcs,val
3gcu,val
3gcv,val
3gds,train
3gdt,train
3ge7,train
3gen,val
3gep,train
3gfe,test
3gfw,test
3ggc,train
3ggj,train
3ggu,train
3ggv,train
3gi4,train
3gi5,train
3gi6,train
3gjw,test
3gkz,val
3gm0,val
3gn7,test
3gnv,train
3gnw,train
3gol,train
3gp0,val
3gqo,train
3gr2,train
3gs6,test
3gsm,test
3gt9,train
3gta,train
3gur,train
3gus,train
3guz,train
3gv6,train
3gv9,train
3gvu,test
3gw5,train
3gwu,train
3gwv,train
3gww,train
3gwx,train
3gx0,train
3gxl,test
3gxz,train
3gy2,test
3gy3,test
3gy4,test
3gyn,train
3gz9,train
3gzn,train
3h03,test
3h06,test
3h0a,train
3h0b,test
3h0j,train
3h0q,train
3h0s,train
3h0v,train
3h0w,train
3h0y,test
3h0z,test
3h21,test
3h22,test
3h23,test
3h26,test
3h2a,test
3h2c,test
3h2f,test
3h2m,test
3h2n,test
3h2o,test
3h30,val
3h3c,val
3h52,val
3h59,train
3h5b,train
3h5s,train
3h5u,train
3h6z,train
3h78,val
3h89,val
3h8b,val
3h8c,val
3h91,train
3h98,train
3h9k,train
3h9o,test
3ha6,val
3hab,train
3hac,train
3hau,train
3hav,train
3haw,train
3hb8,train
3hbo,train
3hc8,test
3hcm,train
3hdk,train
3hdm,train
3hdz,test
3hec,val
3heg,val
3hek,val
3hfv,train
3hfz,train
3hhk,train
3hhm,train
3hhu,test
3hik,train
3hio,train
3hit,train
3hiv,train
3hiw,train
3hjo,train
3hk1,train
3hkw,train
3hky,train
3hl5,train
3hl7,test
3hl8,train
3hlo,train
3hmm,test
3hmo,test
3hmp,test
3hng,val
3hnz,train
3ho2,train
3ho9,train
3hp5,val
3hp9,train
3hpt,val
3hq5,val
3hqw,train
3hrb,test
3hrf,test
3hub,val
3huc,test
3hv3,val
3hv4,test
3hv5,test
3hv6,val
3hv7,val
3hv8,train
3hvc,val
3hvg,test
3hw1,test
3hxi,train
3hy5,train
3hzy,val
3i02,val
3i0r,train
3i0s,train
3i1y,train
3i25,test
3i28,train
3i4b,test
3i5n,val
3i5z,test
3i60,test
3i6c,train
3i6m,train
3i6o,train
3i6z,train
3i7b,val
3i7e,train
3i81,train
3i90,train
3i91,train
3i97,train
3ia6,train
3idp,test
3ie3,train
3iej,val
3ies,train
3if7,train
3ig6,test
3ig7,test
3igb,test
3igg,test
3igv,train
3ihz,train
3ii5,test
3iit,test
3iiw,train
3iiy,train
3ij0,train
3ij1,train
3ijh,val
3ik3,test
3ikd,train
3ikg,train
3il6,train
3ilq,train
3imc,test
3ime,test
3img,test
3in3,test
3in4,test
3ind,test
3ine,test
3inf,test
3inh,test
3iny,train
3io7,test
3iob,test
3ioc,test
3iod,test
3ioe,test
3iok,test
3ion,test
3iop,test
3ip8,train
3ip9,train
3ipe,val
3iph,test
3ipq,val
3ips,val
3ipu,val
3ipy,val
3iqj,train
3iqu,train
3iqv,train
3irx,train
3isj,val
3iss,train
3itz,test
3iub,test
3iue,test
3iux,val
3ivc,test
3ivg,test
3ivh,test
3ivi,test
3ivx,test
3iw4,val
3iw5,val
3iw6,val
3iw7,val
3iwy,val
3ixj,test
3ixk,test
3jpv,test
3jpx,train
3jq7,test
3jq8,test
3jq9,test
3jqa,test
3jqb,test
3jqf,test
3jqg,test
3jrs,train
3jrx,train
3jvk,train
3jvr,test
3jvs,test
3jxw,test
3jy0,test
3jy9,test
3jya,test
3jyj,train
3jyr,train
3jzf,train
3jzg,train
3jzh,train
3jzi,train
3jzj,train
3k02,train
3k05,train
3k0h,train
3k0k,train
3k15,train
3k16,train
3k22,train
3k23,train
3k27,train
3k37,train
3k39,train
3k3b,train
3k3g,train
3k3j,val
3k41,test
3k4d,train
3k4q,train
3k54,val
3k5c,test
3k5d,test
3k5f,test
3k5g,test
3k5i,train
3k5k,train
3k5u,test
3k5v,test
3k8c,train
3k8o,train
3k8q,train
3k97,test
3k98,test
3k99,test
3k9x,val
3kab,train
3kac,train
3kad,train
3kaf,train
3kag,train
3kah,train
3kai,train
3kb3,train
3kb7,test
3kba,train
3kbz,train
3kc0,train
3kc1,train
3kc3,train
3kce,train
3kcf,test
3kck,test
3kdb,train
3kdc,train
3kdd,train
3kdm,val
3kdt,train
3kdu,train
3kf4,test
3kf7,test
3kfa,test
3kfc,test
3kfn,train
3kga,test
3kgu,test
3khv,test
3kjd,test
3kl6,test
3km4,train
3kmm,val
3kmx,val
3kmy,val
3kn0,val
3koo,train
3kpu,train
3kpv,train
3kqb,test
3kqc,test
3kqd,test
3kqe,test
3kqo,train
3kqs,train
3kqt,train
3kqw,train
3kqy,train
3kr0,train
3kr2,train
3kr8,test
3krj,val
3krl,val
3krr,test
3krw,train
3krx,train
3kvx,val
3kwf,train
3kwj,train
3kyf,train
3kyg,train
3kyq,train
3kyr,test
3l08,train
3l0e,train
3l0k,train
3l0n,train
3l13,train
3l17,train
3l1s,test
3l38,test
3l3a,test
3l3l,test
3l3m,test
3l3x,val
3l3z,val
3l4t,train
3l4u,train
3l4v,train
3l4w,train
3l4x,train
3l4y,train
3l4z,train
3l54,train
3l58,test
3l5c,test
3l5d,test
3l5e,test
3l5f,test
3l6f,train
3l6h,train
3l8v,val
3l8x,val
3l9h,train
3l9l,test
3l9m,test
3l9n,test
3lau,test
3lbj,train
3lbk,val
3lbl,test
3lc3,train
3lc5,train
3lcd,val
3lco,val
3ldp,val
3ldq,test
3le6,test
3le8,test
3lfn,test
3lfs,test
3lgs,train
3lhg,test
3lhj,test
3liw,test
3lj3,train
3ljj,test
3ljo,test
3lkh,train
3lkj,train
3lm1,train
3lmp,train
3lnj,val
3lnk,test
3lp2,train
3lpb,test
3lpi,val
3lpj,val
3lpk,val
3lpp,train
3lq8,val
3lqi,train
3lqj,train
3ls4,val
3lvp,test
3lvw,train
3lw0,test
3lxk,val
3lxl,val
3lxo,train
3lzb,val
3lzs,train
3lzu,train
3lzv,train
3lzz,train
3m11,test
3m17,train
3m2u,train
3m2w,test
3m35,test
3m36,test
3m37,test
3m3c,train
3m3e,train
3m3z,train
3m53,val
3m54,val
3m55,val
3m56,val
3m57,val
3m58,val
3m59,val
3m6f,train
3m8q,train
3m8u,train
3m93,train
3m9f,train
3ma3,test
3mag,train
3mb7,val
3mct,train
3mea,train
3mf5,train
3mg4,train
3mg6,train
3mg7,train
3mg8,train
3mi2,train
3miy,test
3mj1,test
3mj2,test
3mj5,train
3mks,train
3mlb,train
3mo2,train
3mo5,train
3mo8,train
3mp1,train
3mp6,train
3mpm,val
3mpt,test
3mrt,test
3mrv,test
3mrx,test
3ms2,test
3ms4,test
3ms7,test
3ms9,test
3msj,test
3msk,test
3msl,test
3mss,test
3mt8,test
3mt9,test
3mtb,test
3muk,train
3mv5,test
3mvh,test
3mvj,test
3mvl,test
3mvm,val
3mw1,test
3mwu,val
3mww,train
3mxc,train
3mxd,train
3mxe,train
3mxy,train
3my5,val
3myg,test
3n0h,test
3n1c,test
3n1v,train
3n1w,train
3n2e,train
3n3g,val
3n45,train
3n46,train
3n49,train
3n4l,test
3n51,val
3n5e,train
3n5h,train
3n5j,train
3n5k,train
3n6k,train
3n75,train
3n76,train
3n7a,train
3n7h,train
3n7o,train
3n7r,train
3n86,train
3n87,train
3n8k,train
3n8n,train
3nal,train
3nam,train
3nan,train
3nc9,train
3ncg,val
3ncz,test
3ndm,test
3nee,val
3neo,val
3nes,val
3new,val
3nex,test
3nf6,train
3nf7,train
3nf8,train
3nf9,train
3nga,test
3nhi,train
3nht,train
3nif,train
3njq,train
3nk8,test
3nkk,test
3nkx,train
3nlb,test
3nmq,test
3nnu,test
3nnv,test
3nnw,test
3nnx,test
3nok,train
3nox,train
3np7,test
3npc,val
3nq3,train
3nq9,train
3nrm,test
3nrz,train
3ns9,test
3nsh,test
3nsn,test
3nth,train
3nti,train
3nu3,train
3nu4,train
3nu5,train
3nu6,train
3nu9,train
3nuj,train
3nuo,train
3nuu,test
3nuy,test
3nw5,test
3nw6,test
3nw7,test
3nww,test
3nyd,train
3nyn,test
3nyx,val
3nzs,train
3nzu,train
3nzw,train
3nzx,train
3o0e,train
3o0g,val
3o0u,test
3o1d,train
3o1e,train
3o23,test
3o2m,test
3o5n,train
3o5x,train
3o75,train
3o84,train
3o8g,train
3o8p,val
3o95,train
3o96,val
3o99,train
3o9a,train
3o9b,train
3o9c,train
3o9d,train
3o9e,train
3o9f,train
3o9g,train
3o9h,train
3o9i,train
3o9l,train
3o9p,train
3o9v,train
3oad,train
3oaf,test
3oag,train
3oap,test
3oaw,train
3oay,val
3ob1,train
3ob2,train
3oc0,train
3ocb,test
3ocg,val
3ocp,train
3oct,val
3od0,train
3odi,val
3odk,train
3odl,val
3odu,train
3oe0,train
3oe6,train
3oe8,train
3oe9,train
3oeu,train
3oev,train
3og7,test
3ogm,train
3ogp,train
3ogq,train
3ohf,test
3ohh,test
3ok9,train
3okh,train
3oki,train
3old,train
3ole,train
3olf,train
3olg,train
3oli,train
3omc,train
3omg,train
3omm,train
3oob,train
3oof,train
3ook,train
3oot,train
3ooz,test
3opm,train
3oqf,train
3oqk,train
3ot8,test
3otf,train
3otq,train
3otx,train
3ov1,train
3ove,train
3ovn,train
3ovz,test
3ow3,test
3ow4,test
3ow6,test
3owb,test
3owd,test
3owk,val
3owl,val
3own,train
3oxc,train
3oxi,val
3oxz,val
3oy3,test
3oy8,train
3oyw,train
3oz1,train
3ozj,test
3ozp,test
3p0g,train
3p17,test
3p1d,test
3p2e,val
3p2h,train
3p2k,val
3p3r,train
3p3t,train
3p3u,train
3p4q,train
3p4r,train
3p4w,train
3p50,train
3p5k,val
3p5o,train
3p78,val
3p79,val
3p7a,val
3p7b,val
3p7c,val
3p7i,train
3p8o,train
3p8p,train
3p8z,train
3p9j,test
3p9t,train
3pa3,test
3pa4,test
3pa5,test
3pax,val
3pb3,val
3pd2,test
3pd3,test
3pd4,test
3pd8,val
3pd9,val
3pdc,train
3pdh,train
3pe1,test
3pe2,val
3peq,train
3pgu,train
3phe,train
3pix,val
3piy,val
3piz,val
3pj1,val
3pj2,val
3pj3,val
3pj8,test
3pjc,val
3pjg,train
3pm1,train
3pn1,train
3po1,test
3poa,train
3poz,test
3pp0,val
3ppj,test
3ppk,test
3ppm,train
3ppo,train
3ppp,train
3ppq,train
3ppr,train
3pqz,test
3prf,test
3prs,train
3prz,train
3ps6,train
3psb,test
3psd,test
3ptg,val
3pvu,train
3pvw,train
3pwd,val
3pwh,train
3pwk,train
3pwm,train
3pww,train
3px8,train
3px9,train
3pxe,train
3pxq,test
3pxy,test
3pxz,test
3py0,test
3py1,test
3pyy,test
3q0z,train
3q2j,val
3q2m,val
3q32,test
3q3b,test
3q3k,val
3q3t,train
3q4b,train
3q4k,train
3q4l,train
3q5h,train
3q6w,val
3q6z,train
3q71,train
3q77,train
3q8d,train
3q92,train
3q96,val
3qa2,train
3qaa,train
3qai,train
3qak,train
3qaq,train
3qar,train
3qbc,train
3qbh,test
3qbn,test
3qc4,test
3qce,train
3qcf,train
3qch,train
3qci,train
3qcj,train
3qck,train
3qcq,test
3qcs,test
3qcx,test
3qcy,test
3qd0,test
3qd3,test
3qd4,test
3qdd,test
3qel,val
3qem,test
3qfv,val
3qfy,test
3qfz,test
3qgw,test
3qgy,test
3qi1,test
3qj9,train
3qk0,train
3qk5,train
3qkd,train
3qkk,test
3qkl,test
3qkm,test
3ql9,train
3qmk,train
3qo2,train
3qox,val
3qqk,test
3qqs,val
3qqu,test
3qri,test
3qrj,test
3qrk,test
3qs1,train
3qs4,train
3qs5,train
3qs8,val
3qsb,train
3qt6,train
3qt7,train
3qtf,test
3qti,val
3qto,test
3qtq,test
3qtr,test
3qts,test
3qtu,test
3qtv,test
3qtw,test
3qtx,test
3qtz,test
3qu0,test
3que,test
3qup,train
3qvu,train
3qvv,train
3qwc,test
3qx5,test
3qx8,train
3qxm,val
3qxp,test
3qxt,val
3qxv,val
3qzq,train
3qzt,train
3qzv,train
3r04,test
3r0h,train
3r0t,val
3r0w,train
3r0y,train
3r21,test
3r22,test
3r2b,val
3r2f,test
3r2y,val
3r4m,test
3r4n,test
3r4o,test
3r4p,test
3r5j,train
3r5m,test
3r5n,train
3r6c,val
3r6g,train
3r6u,train
3r7b,train
3r7n,train
3r7o,val
3r7q,train
3r7r,train
3r88,val
3r8u,test
3r8v,test
3r8z,test
3r91,test
3r92,test
3r93,train
3r9d,test
3r9h,test
3r9n,test
3r9o,test
3rah,test
3rak,test
3ral,test
3rbq,train
3rcd,val
3rcj,test
3re4,train
3rf5,train
3rg2,train
3rhk,val
3rhx,val
3ri1,val
3rik,train
3ril,train
3rin,test
3rjc,test
3rjw,train
3rk5,test
3rk7,test
3rk9,test
3rkb,test
3rkz,test
3rlb,train
3rlp,test
3rlq,test
3rlr,test
3rm8,val
3rm9,val
3rme,val
3rmf,test
3rni,test
3ro4,train
3roc,test
3rpr,test
3rpv,test
3rpy,test
3rq7,train
3rr4,train
3rsv,test
3rsx,test
3rt8,train
3rtf,train
3rth,test
3rti,train
3rtm,test
3rtn,test
3rtp,val
3rtx,train
3rul,train
3rum,train
3rux,train
3rv7,train
3rv8,train
3rv9,train
3rvg,test
3rvi,test
3rw9,train
3rwg,train
3rwp,test
3rwq,test
3rx5,train
3rx7,train
3rx8,train
3rxa,test
3rxb,test
3rxd,test
3rxf,test
3rxg,test
3rxh,test
3rxi,test
3rxk,test
3rxl,test
3rxm,test
3rxo,test
3rz3,train
3rzb,test
3s00,test
3s0b,train
3s0e,train
3s0n,train
3s0o,test
3s1g,train
3s1h,test
3s2a,train
3s2o,test
3s2v,val
3s3i,test
3s3k,train
3s3v,test
3s43,train
3s4q,val
3s53,train
3s54,train
3s56,train
3s6t,test
3s74,test
3s7a,test
3s7b,train
3s7f,train
3s7l,test
3s7m,test
3s8l,train
3s8n,train
3s8o,train
3s9y,train
3sc1,test
3sd5,train
3sdg,train
3sdi,train
3sdk,train
3sfc,train
3sfg,train
3sfi,train
3sgt,train
3sgv,train
3sgx,train
3sh0,train
3sh1,val
3sha,test
3shc,test
3shj,train
3shv,train
3si3,test
3si4,test
3sio,val
3sk2,train
3ska,train
3skc,test
3ske,train
3skf,test
3skg,test
3skh,train
3slz,train
3sm0,train
3sm1,train
3sm2,train
3smq,train
3so9,train
3spk,train
3sqq,test
3sr4,val
3srv,test
3st5,train
3st6,train
3su0,train
3su1,train
3su2,train
3su3,train
3su4,train
3su5,train
3su6,train
3sud,train
3sue,train
3suf,train
3sur,test
3sus,test
3sut,test
3suu,test
3suv,test
3suw,test
3sv2,test
3sw2,val
3sw9,train
3sww,train
3sx4,train
3sx9,val
3sxf,val
3szm,train
3t0l,train
3t0m,train
3t0w,train
3t0x,train
3t19,train
3t1a,train
3t1l,train
3t1m,train
3t1n,train
3t2w,train
3t3c,train
3t3u,val
3t3v,val
3t5i,train
3t60,train
3t64,train
3t6y,train
3t70,train
3t8s,train
3tam,train
3tao,val
3tb6,train
3tc5,train
3tcp,train
3tct,train
3td4,train
3tdc,train
3tdh,test
3tdj,val
3te5,test
3tf6,train
3tfu,train
3tg5,train
3tge,test
3tgs,train
3th0,train
3th9,train
3thb,test
3ti1,test
3ti3,train
3ti4,train
3ti5,train
3ti8,train
3tia,train
3tib,train
3tic,train
3tiy,test
3tiz,test
3tjc,test
3tjd,test
3tkh,test
3tki,test
3tkm,train
3tku,test
3tkw,train
3tkz,train
3tl0,train
3tl5,train
3tlh,train
3tll,train
3tn8,val
3tne,train
3tnh,val
3tpp,test
3tpr,test
3tpx,val
3tt0,val
3tti,test
3ttj,val
3ttm,train
3ttp,train
3tu1,test
3tu7,test
3tu9,train
3tv5,train
3tv6,test
3tv7,test
3tvl,train
3tvw,train
3twd,train
3twj,test
3twp,val
3twr,train
3tws,train
3twu,train
3twv,train
3tww,train
3twx,train
3txo,val
3ty0,train
3tyq,train
3tyv,train
3tz0,train
3tz2,train
3tz4,train
3tza,val
3tzd,train
3tzm,test
3u0p,train
3u10,train
3u2q,train
3u3z,train
3u4h,train
3u4i,train
3u4o,train
3u4r,train
3u4u,val
3u4w,val
3u51,val
3u5j,train
3u5l,train
3u6a,test
3u6h,val
3u6i,val
3u6j,val
3u7s,train
3u81,val
3u8j,test
3u8k,test
3u8l,test
3u8w,test
3u90,train
3u92,val
3u9c,val
3u9n,test
3u9q,train
3ua8,train
3ua9,test
3ual,train
3uat,train
3ubd,val
3ubx,train
3ud5,train
3ud7,train
3ud8,train
3ud9,train
3udd,val
3udh,test
3udj,test
3udk,test
3udm,test
3udn,test
3udr,test
3udv,train
3ue4,test
3uec,train
3ued,train
3ueo,train
3uev,train
3uex,train
3ufl,test
3ug2,test
3ugc,test
3uh2,val
3uh4,val
3uib,train
3uig,train
3uix,test
3uj9,val
3ujb,val
3ujc,val
3ujd,val
3ukr,train
3umq,train
3umw,test
3umx,test
3unj,test
3unk,test
3unn,train
3unz,test
3uo4,test
3uo5,test
3uo6,test
3uo9,train
3uod,test
3uoj,test
3uok,test
3uol,test
3up2,test
3up7,test
3upf,train
3uph,train
3upi,train
3upk,train
3upx,val
3upz,val
3uqf,val
3uqg,val
3uqp,test
3uqr,test
3ur0,train
3uri,train
3ut5,train
3uu1,val
3uug,train
3uvk,test
3uvp,val
3uvq,val
3uvw,test
3uvx,test
3uw4,train
3uw5,train
3uw9,train
3uwk,train
3uwl,train
3uwo,train
3uxd,train
3uyt,val
3uz5,train
3uza,train
3uzc,train
3uzd,train
3uzj,train
3uzp,val
3v2n,train
3v2p,train
3v2w,train
3v3b,test
3v3m,train
3v3q,train
3v3v,test
3v49,train
3v4t,train
3v51,val
3v5j,test
3v5l,test
3v5p,val
3v5q,val
3v5t,val
3v66,train
3v78,train
3v7c,train
3v7d,train
3v7s,train
3v8s,test
3v8t,test
3v8w,test
3va4,train
3vap,test
3vbg,val
3vbq,test
3vbt,test
3vbv,test
3vbw,test
3vby,test
3vc4,test
3veh,train
3veu,test
3vf5,train
3vf7,train
3vf8,test
3vf9,test
3vfa,train
3vfb,train
3vfj,train
3vfq,train
3vg1,test
3vha,test
3vhc,test
3vhd,test
3vhe,val
3vhk,val
3vhu,train
3vhv,train
3vi5,test
3vid,val
3vjc,train
3vje,train
3vjk,train
3vjl,train
3vjm,train
3vnt,val
3vo3,val
3voz,train
3vp1,train
3vp2,train
3vp3,train
3vqs,train
3vqu,test
3vrt,train
3vru,train
3vrv,train
3vrw,train
3vry,val
3vs3,val
3vsw,train
3vsx,train
3vtb,train
3vtc,train
3vtd,train
3vtr,test
3vuc,train
3vv6,test
3vv7,test
3vvy,train
3vvz,train
3vw0,train
3vw1,train
3vw2,train
3vw6,train
3vw7,train
3vws,train
3vyd,train
3vye,train
3vyf,train
3vzd,train
3vzv,val
3w07,train
3w0l,train
3w1f,test
3w2o,test
3w2r,test
3w2s,test
3w32,test
3w33,test
3w37,train
3w55,test
3w5n,train
3w5t,train
3w69,val
3w9k,train
3w9r,train
3wb4,test
3wb5,test
3wcb,train
3wcf,train
3wcg,train
3wch,train
3wd1,val
3wd2,val
3wdc,train
3wdd,train
3wde,train
3wdz,train
3we4,val
3wf5,val
3wf6,val
3wf7,val
3wf8,val
3wf9,val
3wff,train
3wfg,train
3wgg,train
3wha,test
3wi6,test
3wix,train
3wiy,train
3wiz,train
3wjw,train
3wk4,train
3wk5,train
3wk6,train
3wk7,train
3wk8,train
3wka,train
3wkb,train
3wkc,train
3wkd,train
3wke,train
3wnr,train
3wns,train
3wnt,train
3wp0,train
3wp1,train
3wpn,train
3wq5,train
3wq6,train
3wqh,train
3wqv,train
3wqw,train
3ws9,train
3wt5,train
3wt7,train
3wth,test
3wti,test
3wtj,test
3wtl,test
3wtm,test
3wtn,test
3wto,test
3wvm,train
3wyj,train
3wyx,test
3wyy,test
3wz6,train
3wz8,train
3wzj,test
3wzk,test
3wzn,train
3wzp,train
3wzq,train
3x00,train
3x1k,test
3zbf,val
3zbx,val
3zc5,val
3zc6,val
3zcl,val
3zcw,train
3zdg,test
3zdh,test
3zep,val
3zh8,test
3zha,train
3zhz,train
3zi0,train
3zi8,train
3zj6,train
3zk6,train
3zkf,train
3zki,val
3zlk,train
3zll,train
3zln,train
3zlo,train
3zlq,test
3zlr,train
3zlv,train
3zlw,train
3zlx,train
3zly,train
3zm4,train
3zm5,test
3zm6,test
3zm9,train
3zmg,test
3zmm,test
3zmp,train
3zmq,train
3zmt,train
3zmu,test
3zmv,test
3zmz,train
3zn0,train
3zn1,train
3zo1,test
3zo2,test
3zo4,test
3zos,test
3zov,test
3zpq,train
3zpr,train
3zq9,train
3zqe,train
3zqt,train
3zrc,train
3zrk,val
3zrm,val
3zs0,train
3zsq,train
3zsw,train
3zsx,train
3zsy,train
3zsz,train
3zt1,train
3zt2,train
3zt3,train
3zt4,train
3ztc,train
3ztd,train
3zv7,train
3zvv,train
3zw3,train
3zxe,train
3zxz,val
3zy5,train
3zya,val
3zyb,train
3zyu,train
3zze,val
3zzf,train
3zzh,train
4a0j,train
4a16,train
4a1w,train
4a23,train
4a2a,train
4a4c,train
4a4l,test
4a4o,test
4a4q,train
4a4v,train
4a4w,train
4a4x,test
4a51,train
4a6c,train
4a6l,test
4a7c,test
4a7i,val
4a7j,test
4a95,train
4a9c,train
4a9i,train
4a9m,train
4a9n,train
4a9r,train
4a9s,train
4a9t,train
4a9u,train
4aa0,val
4aa4,test
4aa5,test
4aa7,train
4aac,test
4aaw,train
4ab8,test
4ab9,test
4aba,test
4abb,test
4abd,test
4abe,test
4abg,test
4abh,test
4abj,test
4abk,train
4ac3,train
4acc,val
4acd,val
4acg,val
4ach,val
4acm,test
4acu,test
4acx,test
4ad2,train
4ad3,train
4ad6,train
4ael,train
4af3,val
4afe,test
4afg,test
4afh,val
4afj,val
4aft,test
4ag8,val
4agc,val
4agd,val
4ah9,train
4ahs,train
4ahu,train
4ahv,train
4ai5,train
4aia,train
4aj1,test
4aj2,test
4aj4,test
4aji,test
4ajk,test
4ajl,test
4ajn,test
4ajo,test
4ajw,train
4al4,test
4alg,train
4alx,test
4aml,train
4anq,val
4anu,train
4anv,train
4anw,train
4anx,train
4aof,train
4aoi,val
4ap0,train
4ap7,val
4app,train
4apr,train
4aqc,test
4aqh,train
4ara,train
4arb,train
4aro,train
4arw,train
4as9,val
4asd,val
4ase,val
4asj,train
4asy,train
4at3,val
4at4,val
4at5,val
4att,train
4au8,val
4aua,train
4auj,train
4av4,train
4av5,train
4avu,test
4avw,test
4aw5,val
4awi,test
4awj,train
4awo,val
4awp,test
4awq,test
4axa,test
4axd,test
4ay5,train
4ay6,train
4az2,test
4az5,test
4az6,test
4aza,train
4azb,test
4aze,test
4azf,test
4azg,test
4azi,test
4azp,train
4azt,test
4azy,test
4b00,test
4b05,test
4b0b,train
4b0c,train
4b0j,train
4b11,train
4b12,train
4b13,train
4b14,train
4b1c,test
4b1d,test
4b1j,train
4b2i,test
4b2l,test
4b32,test
4b33,test
4b34,test
4b35,test
4b3c,test
4b3d,test
4b3u,train
4b4g,train
4b4m,train
4b4q,train
4b5b,train
4b5d,test
4b6c,train
4b6e,train
4b6f,train
4b6o,train
4b6p,train
4b6q,train
4b6r,train
4b6s,train
4b70,test
4b71,train
4b72,test
4b73,train
4b74,train
4b76,train
4b77,test
4b78,test
4b7p,test
4b7q,train
4b7z,train
4b80,train
4b81,train
4b82,train
4b83,train
4b84,train
4b85,train
4b95,train
4b9h,train
4b9k,train
4b9w,train
4b9z,train
4bb4,val
4bb9,train
4bbe,test
4bbf,test
4bbh,train
4bc5,train
4bcd,train
4bcf,val
4bcg,val
4bch,val
4bci,val
4bcj,val
4bck,val
4bcm,val
4bcn,val
4bco,val
4bcq,val
4bcs,train
4bda,train
4bdb,train
4bdc,train
4bdd,train
4bdf,train
4bdg,train
4bdh,train
4bdi,train
4bdj,train
4bdk,train
4bds,train
4bdt,train
4bea,train
4bek,test
4bfd,test
4bfp,test
4bfr,train
4bfy,train
4bfz,train
4bgg,val
4bhn,train
4bhz,test
4bi0,test
4bi1,test
4bi2,test
4bi6,test
4bib,train
4bic,train
4bid,train
4bie,train
4bj8,train
4bj9,test
4bjc,val
4bkj,test
4bks,train
4bkt,train
4bkz,train
4bnu,test
4bnv,test
4bnx,test
4bny,test
4bnz,test
4bo0,test
4bo1,test
4bo2,test
4bo3,test
4bo4,test
4bo5,test
4bo6,test
4bo8,test
4bo9,test
4bqg,test
4bqs,train
4bqt,test
4br3,train
4brx,val
4bs0,train
4bs4,test
4bti,val
4btk,test
4btl,train
4btt,val
4btu,val
4btw,train
4btx,train
4bty,train
4buq,train
4bv2,train
4bvb,train
4bw1,test
4bw2,test
4bw3,test
4bw4,test
4bxn,train
4byi,test
4byj,test
4bzn,test
4bzo,test
4c1m,train
4c1t,train
4c1u,train
4c1y,train
4c2v,val
4c35,test
4c36,test
4c38,test
4c4e,test
4c4f,test
4c4g,test
4c4h,test
4c4i,test
4c4j,test
4c52,train
4c61,test
4c66,train
4c68,train
4c6u,train
4c6v,train
4c6x,train
4c6z,train
4c70,train
4c71,train
4c72,train
4c73,train
4c7t,val
4c94,train
4c9w,test
4c9x,test
4ca4,train
4cae,train
4caf,train
4cc3,train
4cc5,train
4cc6,train
4cd0,val
4cd1,train
4cd4,train
4cd5,train
4cd6,train
4cd8,train
4cdr,train
4ce1,val
4ce2,val
4ce3,val
4ceb,train
4cfl,train
4cfm,train
4cft,train
4cfu,val
4cfv,test
4cfw,train
4cfx,train
4cg8,train
4cg9,train
4cga,train
4cgi,train
4cgj,train
4ch2,test
4ch8,test
4ci1,train
4ci2,train
4ci3,train
4cig,train
4cik,train
4civ,train
4ciw,train
4cix,train
4ciy,train
4ciz,train
4cj4,train
4cjp,train
4cjq,train
4cjr,train
4ck3,train
4cki,test
4ckj,test
4ckr,test
4cku,train
4cl6,train
4cl9,test
4clb,test
4cli,val
4clj,val
4clp,train
4clz,train
4cmo,val
4cmt,val
4cmu,val
4cnh,val
4cp5,val
4cp7,train
4cps,train
4cpt,train
4cpw,train
4cpz,train
4cqe,test
4cqg,train
4cr5,train
4cr9,train
4cra,train
4crb,train
4crc,train
4crd,train
4crf,train
4crl,train
4csd,train
4csj,val
4css,train
4cst,train
4ctj,train
4ctk,train
4cu1,train
4cwn,test
4cwo,test
4cwp,test
4cwq,test
4cwr,test
4cws,test
4cwt,test
4d0w,test
4d0x,test
4d1a,train
4d1b,train
4d1d,train
4d1s,test
4d2d,train
4d2p,train
4d2r,test
4d2s,test
4d2t,train
4d2v,train
4d3h,val
4d4d,train
4d52,train
4d7b,test
4d83,test
4d85,test
4d88,test
4d89,test
4d8a,test
4d8c,test
4d8n,test
4d8s,train
4d8z,test
4d9p,test
4daf,test
4dai,test
4db7,test
4dbm,test
4dbn,val
4dce,val
4dcs,train
4dcv,train
4ddh,test
4ddk,test
4ddm,test
4dds,train
4ddy,train
4de0,train
4de1,train
4de2,train
4de5,test
4de7,train
4dea,test
4deb,test
4ded,test
4deg,val
4deh,val
4dei,val
4des,val
4det,val
4deu,val
4dfg,train
4dfl,test
4dfn,test
4dfu,test
4dfw,train
4dgg,val
4dgm,test
4dgn,test
4dgr,train
4dh6,test
4dhm,train
4dhn,train
4dho,train
4dhp,train
4dhq,train
4dhr,train
4dhs,train
4dht,train
4dhu,train
4di2,test
4dij,test
4djh,train
4djo,train
4djp,train
4djq,train
4djr,train
4djs,train
4dju,test
4djv,test
4djw,test
4djx,test
4djy,test
4dk5,train
4dk8,test
4dkq,train
4dkr,train
4dld,val
4dlj,test
4dn0,test
4do3,train
4dow,train
4dpf,test
4dpi,test
4dpu,train
4dpy,train
4dq2,train
4drk,test
4drm,test
4drn,test
4dro,test
4drp,test
4dru,train
4dst,train
4dsu,train
4dt6,train
4dtk,test
4du8,train
4duh,test
4dum,train
4dus,test
4dv9,test
4dvf,test
4dvi,val
4dwk,train
4dxg,train
4dy6,train
4dzy,train
4e0w,val
4e0x,test
4e1k,train
4e1z,val
4e20,val
4e4l,val
4e4n,val
4e4x,test
4e5d,train
4e5w,test
4e67,train
4e6d,test
4e6q,test
4e70,train
4e8w,train
4e8y,train
4e93,val
4e96,train
4e9c,train
4ea3,train
4ear,train
4eb8,train
4eb9,train
4ebv,val
4ebw,val
4ec4,train
4ede,train
4edu,train
4edz,train
4ee0,train
4eeh,test
4eej,train
4eev,val
4ef4,test
4ef6,test
4efg,train
4efk,test
4eft,test
4efu,test
4eg5,train
4egh,train
4egi,train
4eh2,test
4eh3,test
4eh5,val
4eh6,val
4eh7,val
4eh8,val
4ehe,val
4ehg,val
4ehv,test
4ehz,val
4ei4,val
4ej8,train
4ejl,train
4ejn,val
4ek9,val
4ekg,val
4eki,val
4el9,val
4elb,test
4ele,test
4elf,test
4elg,test
4elh,test
4em7,val
4emf,train
4emr,train
4emv,val
4enx,test
4eny,test
4eo6,train
4eo8,train
4eoi,val
4eok,val
4eol,val
4eon,val
4eop,val
4eor,val
4eos,val
4epy,train
4eqc,train
4ere,val
4erf,test
4erw,test
4esi,train
4etz,test
4eu0,test
4euc,train
4euo,train
4euv,test
4ew2,train
4ew3,train
4ewh,train
4ewn,train
4ewo,test
4exg,test
4exh,train
4eyj,val
4eym,val
4eyr,train
4ez3,test
4ez5,train
4ezj,train
4ezk,train
4ezl,train
4f08,test
4f09,test
4f0c,train
4f1l,train
4f1q,train
4f1s,train
4f2w,train
4f3c,train
4f3h,train
4f3i,train
4f3k,train
4f4p,test
4f5y,test
4f6s,train
4f6u,train
4f6w,train
4f70,train
4f7j,train
4f7l,train
4f7n,train
4f7v,train
4f8h,train
4f9g,test
4f9w,test
4f9y,test
4fak,val
4fc0,val
4fcf,train
4fcq,test
4fcr,test
4fe6,train
4feq,train
4fev,test
4few,test
4ff8,train
4ffs,train
4fgt,train
4fgx,test
4fgy,train
4fgz,val
4fhh,train
4fhi,train
4fht,train
4fic,val
4fiv,train
4fjz,train
4fk6,val
4fk7,train
4flh,train
4flp,val
4fm7,test
4fm8,test
4fmq,test
4fn5,train
4fny,val
4fnz,val
4fob,val
4foc,val
4fod,val
4fpf,train
4fpk,train
4fr3,train
4fri,test
4frj,test
4frk,test
4frs,test
4fs3,train
4fs4,val
4fse,test
4fsl,test
4ft2,train
4fxf,train
4fxp,train
4fxq,train
4fxy,train
4fyh,train
4fyo,test
4fz3,train
4fz6,test
4fzj,test
4g0k,train
4g0l,train
4g0p,train
4g0q,train
4g0z,train
4g11,train
4g17,val
4g19,train
4g2r,train
4g31,train
4g34,train
4g3e,train
4g3f,train
4g3g,train
4g5f,test
4g68,train
4g8l,train
4g8m,test
4g8n,val
4g8r,train
4g95,test
4g9c,test
4gah,train
4gao,train
4gb9,train
4gby,train
4gbz,train
4gcj,test
4gdy,train
4ge4,train
4ge7,train
4ge9,train
4gee,val
4gfm,test
4gfn,val
4gfo,val
4gg5,val
4gg7,val
4ggl,val
4ggz,train
4ghi,train
4gid,test
4gih,test
4gii,val
4giu,val
4gj2,val
4gj3,val
4gj6,train
4gj7,train
4gj8,train
4gj9,train
4gja,train
4gjb,train
4gjc,train
4gjd,train
4gk2,val
4gk3,val
4gk4,val
4gkc,train
4gkh,test
4gki,test
4gkm,val
4glr,val
4glw,train
4gm3,test
4gm8,test
4gmc,train
4gmy,test
4gny,train
4gpl,train
4gq4,train
4gqp,val
4gqq,train
4gs8,train
4gsc,train
4gsy,train
4gu6,train
4gu9,val
4gue,val
4gui,train
4guj,train
4gv1,test
4gvd,train
4gvu,train
4gw8,test
4gxs,test
4gye,train
4gz3,train
4gzf,train
4gzp,test
4gzt,test
4h1e,test
4h1j,val
4h1m,val
4h3c,train
4h3f,test
4h3g,test
4h3i,test
4h3j,test
4h3q,test
4h4b,train
4h4d,train
4h4e,train
4h4m,train
4h58,test
4h75,train
4h7q,train
4h81,train
4h85,train
4ha5,test
4hai,train
4hbm,val
4hbn,train
4hbw,train
4hbx,train
4hco,train
4hct,test
4hcz,train
4hdb,train
4hdc,train
4hdf,train
4hdp,train
4he9,train
4heg,train
4hej,train
4hfp,test
4hg7,test
4hgc,test
4hge,test
4hgl,val
4hgs,val
4hgt,val
4hhy,test
4hhz,test
4hiq,train
4his,train
4hj2,train
4hki,test
4hkk,test
4hkn,test
4hkp,train
4hl5,test
4hla,train
4hlc,train
4hld,train
4hlf,test
4hlg,test
4hlh,test
4hlk,test
4hlm,test
4hlw,train
4hmh,test
4hnf,val
4hni,val
4hp0,train
4hpi,train
4hra,val
4hso,train
4huo,train
4hup,train
4hv3,train
4hv7,train
4hva,train
4hvb,train
4hvd,val
4hvg,val
4hvh,val
4hvi,val
4hvs,val
4hw2,train
4hw3,train
4hw7,val
4hwb,val
4hxl,train
4hxm,train
4hxr,train
4hxs,train
4hxw,val
4hxz,val
4hy0,train
4hy1,val
4hy4,train
4hy5,train
4hy9,train
4hyb,train
4hyf,val
4hyh,test
4hyi,test
4hym,val
4hys,val
4hyu,val
4hz5,val
4hzm,val
4hzt,test
4hzw,train
4hzz,train
4i0d,test
4i0f,test
4i0r,test
4i0s,test
4i0t,test
4i0z,test
4i10,test
4i11,train
4i12,test
4i1c,test
4i1r,train
4i32,train
4i4e,val
4i4f,val
4i54,train
4i5c,val
4i5h,test
4i5m,test
4i5p,val
4i67,train
4i6b,val
4i6f,val
4i6h,val
4i6q,val
4i7b,train
4i7f,train
4i7k,train
4i7m,train
4i8w,train
4i8x,test
4i8z,train
4i9h,test
4i9i,val
4i9r,train
4i9s,train
4i9u,test
4iaw,train
4iax,train
4ibb,train
4ibc,train
4ibg,train
4ibi,train
4ibj,train
4ibk,train
4ibm,val
4idv,train
4ieh,train
4ifi,train
4igk,train
4igr,val
4igt,test
4ih5,train
4ih6,train
4ih7,train
4ii9,train
4iie,train
4iif,train
4ij1,val
4ijh,train
4ijl,train
4ijp,train
4im0,test
4inb,test
4io8,val
4ipf,val
4iq6,test
4ir5,train
4ir6,train
4ish,train
4isi,train
4isu,val
4ith,train
4iti,train
4itj,train
4iue,test
4iuo,train
4iur,train
4iut,train
4iuu,train
4iuv,train
4iva,test
4ivb,val
4ivc,val
4ivd,val
4ivt,test
4iwd,val
4ixh,train
4iz0,train
4izy,val
4j03,train
4j04,train
4j08,train
4j0a,train
4j0p,test
4j0r,train
4j0s,train
4j0t,test
4j0v,test
4j0y,test
4j0z,test
4j17,test
4j1c,test
4j1e,test
4j1f,test
4j1h,test
4j1i,test
4j1k,test
4j21,test
4j22,test
4j24,val
4j26,val
4j28,train
4j2t,train
4j3e,val
4j3j,train
4j3l,test
4j3m,test
4j3u,train
4j4n,train
4j4o,train
4j4v,train
4j52,test
4j53,test
4j58,test
4j59,test
4j5b,test
4j5c,test
4j5e,test
4j6i,train
4j74,val
4j7d,val
4j7e,val
4j7i,val
4j8m,test
4j8t,val
4j93,test
4j9a,val
4jai,test
4jaj,test
4jal,val
4jbo,test
4jbp,test
4jda,train
4jfi,test
4jfj,test
4jfk,test
4jfm,test
4jfs,train
4jft,train
4jfx,val
4jfz,val
4jg0,val
4jg1,val
4jgv,train
4jh0,train
4jia,test
4jik,test
4jin,train
4jit,train
4jiz,train
4jjm,val
4jjs,train
4jju,train
4jkt,train
4jlg,val
4jlj,test
4jlm,val
4jln,test
4jls,train
4jmg,train
4jmh,train
4jmu,train
4jn2,val
4jnc,train
4jnj,train
4jnm,train
4joa,val
4jp9,test
4jpc,test
4jpe,test
4jps,train
4jq7,val
4jq8,val
4jr3,val
4jr5,train
4jrg,val
4jrv,val
4jsc,val
4jsr,train
4jsz,test
4jt8,train
4jt9,train
4ju3,train
4ju6,train
4ju7,train
4jv6,train
4jv8,train
4jv9,test
4jvb,train
4jvi,train
4jvq,train
4jwr,test
4jx7,test
4jxs,train
4jxv,train
4jxw,train
4jyb,train
4jyc,train
4jym,train
4jyt,train
4jyu,train
4jyv,train
4jz1,train
4jzd,train
4jze,train
4jzf,train
4k0o,train
4k0y,test
4k18,test
4k1b,test
4k2f,train
4k2g,train
4k2y,train
4k3h,train
4k3k,train
4k42,train
4k43,train
4k4e,val
4k4f,val
4k4j,test
4k5y,train
4k6i,test
4k6z,val
4k75,train
4k77,val
4k78,train
4k7i,train
4k7n,train
4k7o,train
4k8s,test
4k9g,train
4k9h,test
4k9y,val
4kab,val
4kao,val
4kb8,val
4kb9,train
4kba,val
4kbc,val
4kbk,val
4kby,test
4kcg,test
4kcx,train
4ke0,test
4ke1,test
4kfp,train
4kfq,train
4kij,train
4kin,test
4kip,test
4kiq,test
4kiu,train
4kiw,train
4kju,train
4kjv,train
4klb,val
4klv,train
4km0,test
4km2,test
4kmu,train
4kmz,train
4kn1,train
4kn2,train
4kn4,train
4kn7,train
4knb,val
4kne,test
4knr,train
4knx,train
4kot,train
4kov,train
4kow,train
4kox,train
4kp0,train
4kpx,train
4kpz,train
4kql,train
4kqq,train
4kqr,train
4krs,val
4ks1,train
4ks2,train
4ks3,train
4ks4,train
4ks5,train
4ksp,val
4ksq,val
4ksy,test
4ktc,train
4kup,train
4kv9,train
4kvm,train
4kw6,train
4kwf,train
4kwo,train
4kww,train
4kxl,train
4kxm,train
4kxn,train
4kz0,train
4kz3,train
4kz4,train
4kz5,train
4kz6,train
4kz7,train
4kz8,train
4kza,train
4kzb,train
4kzc,train
4kzl,test
4kzq,test
4l02,train
4l09,test
4l0b,test
4l0i,test
4l0s,test
4l0t,test
4l0v,test
4l10,test
4l1a,train
4l1u,train
4l23,train
4l2g,test
4l2k,test
4l31,test
4l32,test
4l33,test
4l34,test
4l3o,train
4l3p,train
4l4l,train
4l4m,train
4l4v,train
4l4z,train
4l50,train
4l51,train
4l52,train
4l53,train
4l58,train
4l5j,train
4l6s,test
4l70,test
4l7b,train
4l7c,train
4l7d,train
4l7f,test
4l7g,test
4l7h,test
4l7j,test
4l7l,test
4l7n,test
4l7o,test
4l7r,test
4l7u,test
4l8m,test
4l9i,train
4la7,train
4lar,val
4lbu,train
4lc7,test
4led,train
4leq,train
4lge,train
4lgg,val
4lgh,val
4lgu,train
4lh2,train
4lh3,train
4lh7,train
4lhm,train
4li0,train
4li5,val
4li6,val
4li8,val
4lj5,val
4lj8,val
4lkl,train
4lkm,train
4lko,train
4lkt,train
4ll3,train
4lm3,train
4lm5,test
4lmu,test
4loh,test
4loi,val
4loj,val
4loo,test
4lop,test
4loq,test
4loy,val
4lp0,val
4lp9,train
4lpb,val
4lpg,train
4lph,train
4lq3,train
4lq9,train
4lrh,train
4lsj,train
4lte,train
4lts,train
4luo,train
4lvt,train
4lw1,train
4lwc,train
4lwe,test
4lwh,test
4lwi,test
4lwt,val
4lwu,val
4lwv,val
4lww,train
4lxa,test
4lxb,val
4lxd,train
4lxk,test
4lxm,test
4ly9,train
4lyn,test
4lyw,train
4lzs,train
4m0e,train
4m0f,train
4m0r,val
4m0y,test
4m12,test
4m13,test
4m14,test
4m3b,train
4m3d,train
4m3e,train
4m3f,train
4m3g,train
4m3m,train
4m6p,train
4m6q,train
4m7b,test
4m7y,val
4m84,val
4m8e,test
4m8h,test
4m8x,train
4m8y,train
4man,train
4mb9,val
4mbc,val
4mbi,test
4mbj,val
4mbl,test
4mc1,train
4mc2,train
4mc6,train
4mc9,train
4mcb,val
4mcc,val
4mcd,test
4mcv,val
4mdn,test
4mdq,test
4mds,train
4men,test
4meo,test
4mep,test
4meq,test
4mex,train
4mf0,val
4mf1,val
4mg5,val
4mg6,val
4mg7,val
4mg8,val
4mg9,val
4mga,val
4mgb,val
4mgc,val
4mgd,val
4mha,train
4mib,train
4mjp,train
4mjr,train
4mk0,train
4mk7,train
4mk8,train
4mk9,train
4mka,train
4mmm,train
4mo4,train
4mot,val
4mp7,train
4mpc,train
4mpe,train
4mpn,train
4mq1,test
4mq2,test
4mq6,test
4mqp,train
4mqu,train
4mr3,test
4mr4,test
4mr5,val
4mr6,val
4mra,test
4mrd,train
4mre,train
4mrf,train
4mrg,train
4mrh,train
4mro,train
4msg,val
4msk,val
4msl,train
4msn,train
4msu,train
4mt9,val
4mti,train
4mu7,train
4mue,test
4muf,test
4muk,test
4mul,test
4muv,train
4mvw,train
4mvx,train
4mvy,train
4mw0,train
4mw1,train
4mw2,train
4mw5,train
4mw6,train
4mw9,train
4mwb,train
4mwc,train
4mwe,train
4mwr,train
4mwu,train
4mwv,train
4mwx,train
4mwy,train
4mx0,train
4mx1,train
4mx5,train
4mx9,val
4mxa,val
4mxc,val
4my6,train
4myd,train
4mzf,train
4mzh,train
4mzj,train
4mzk,train
4mzl,train
4n00,test
4n07,test
4n1b,train
4n1t,test
4n1u,test
4n3r,val
4n3w,val
4n4s,test
4n4t,val
4n4v,val
4n5g,train
4n5t,train
4n6y,test
4n6z,test
4n70,test
4n7e,train
4n7h,train
4n7u,train
4n7y,train
4n84,train
4n8d,train
4n8e,train
4n8q,val
4n8r,train
4n9a,train
4n9b,train
4n9c,train
4n9d,train
4n9e,train
4na4,train
4na7,train
4na8,train
4na9,train
4nah,train
4nat,train
4nb3,train
4nb6,val
4nbn,train
4ncg,train
4ncm,train
4nct,test
4ndu,train
4ng9,train
4nga,train
4ngh,val
4nh7,test
4nh8,test
4nhc,val
4nie,test
4nj3,test
4nj9,val
4nja,val
4njd,train
4nk9,val
4nka,val
4nks,val
4nl1,test
4nld,train
4nmo,test
4nmp,test
4nmq,test
4nms,test
4nmt,test
4nni,train
4nnr,train
4non,train
4np2,train
4np3,train
4nra,train
4nrb,train
4nrc,train
4nrt,train
4nru,train
4ntj,train
4nuc,test
4nud,test
4nue,test
4nus,val
4nvp,train
4nvq,train
4nw2,train
4nw5,val
4nw6,val
4nwc,test
4nwd,val
4nwk,train
4nwm,val
4nxr,train
4nxu,test
4nxv,test
4nyi,train
4nym,train
4nzb,test
4o04,test
4o05,test
4o07,test
4o09,test
4o0a,train
4o0b,test
4o0r,train
4o0t,train
4o0v,train
4o0x,train
4o0y,train
4o0z,train
4o10,train
4o12,train
4o13,train
4o15,train
4o1b,train
4o1d,train
4o24,train
4o28,train
4o2a,train
4o2p,val
4o37,train
4o3f,test
4o42,train
4o43,train
4o4g,train
4o4r,train
4o4y,val
4o62,train
4o6e,test
4o6w,train
4o70,test
4o71,test
4o72,test
4o74,test
4o75,test
4o76,test
4o77,test
4o78,test
4o7a,test
4o7b,test
4o7c,test
4o7e,test
4o7f,test
4o91,train
4o97,train
4o9s,train
4o9v,train
4o9w,train
4oag,test
4oar,train
4oas,test
4oaz,test
4oba,test
4obo,train
4obp,train
4obq,train
4obv,train
4obz,train
4occ,test
4ocq,test
4ocx,val
4ocz,train
4od0,train
4od9,train
4ode,val
4odf,test
4oee,train
4oef,train
4oeg,train
4ofb,train
4og3,train
4og4,train
4og5,train
4og6,train
4og7,train
4og8,train
4ogi,test
4ogj,test
4ogn,test
4ogt,test
4ogv,test
4ohk,train
4ohm,train
4oho,train
4ohp,train
4oiv,train
4ojr,train
4ok3,train
4ok5,train
4ok6,train
4okp,train
4oks,train
4old,train
4olh,train
4oma,train
4omj,train
4omk,train
4ona,val
4oo9,train
4op1,train
4op2,train
4op3,train
4oq3,test
4oq5,train
4oq6,train
4or0,train
4or4,train
4or6,train
4os1,test
4os2,test
4os4,test
4os6,test
4os7,test
4osf,train
4otf,val
4otg,val
4oth,test
4oti,test
4oty,train
4oue,train
4ovf,train
4ovg,train
4ovz,train
4ow0,train
4owm,val
4owo,val
4oya,train
4oyb,train
4oyi,train
4oym,train
4oyo,train
4oys,train
4oyt,train
4oz2,train
4oz3,train
4ozo,train
4p00,train
4p02,train
4p0n,train
4p1r,train
4p1u,train
4p2t,train
4p3h,train
4p4t,train
4p58,val
4p5d,train
4p5e,train
4p5z,val
4p6c,train
4p6e,val
4p6g,val
4p6w,val
4p6x,val
4p72,train
4p73,train
4p74,train
4p75,train
4p7e,val
4p90,train
4pax,test
4pce,test
4pci,test
4pcs,train
4pct,train
4pde,train
4pdk,train
4pee,train
4pf3,train
4pg3,train
4ph4,train
4phu,train
4pin,train
4pio,train
4pjt,test
4pl6,train
4pml,test
4pmm,val
4pmp,val
4pms,val
4pmt,val
4pni,test
4pnk,train
4pnl,test
4pnm,test
4pnn,test
4pnq,test
4pnr,test
4pnt,test
4po0,train
4poh,test
4poj,test
4pop,train
4pov,train
4pow,train
4pp0,train
4pp3,test
4pp5,test
4pp7,test
4pp9,test
4ppa,test
4ppb,test
4ppc,test
4pqn,test
4prg,train
4prj,test
4pry,train
4ps0,train
4ps1,train
4ps3,train
4ps5,test
4ps7,train
4ps8,train
4psb,train
4psq,test
4psx,train
4ptc,test
4pte,test
4ptg,test
4puj,train
4puk,train
4pul,train
4pum,train
4puz,test
4pv0,test
4pv7,train
4pvv,val
4px6,test
4pxf,train
4pxm,val
4py1,val
4py2,train
4py4,train
4pyo,val
4pyq,val
4pyv,train
4pz8,train
4pzv,train
4pzw,test
4pzx,test
4q0a,train
4q0k,train
4q18,test
4q19,test
4q1a,test
4q1b,test
4q1c,test
4q1d,test
4q1e,val
4q1f,val
4q1n,train
4q1w,train
4q1x,train
4q1y,train
4q46,train
4q4o,train
4q4p,train
4q4q,train
4q4r,train
4q4s,train
4q9m,train
4q9o,train
4q9s,val
4q9z,val
4qaa,test
4qab,test
4qac,test
4qb3,test
4qbm,train
4qd6,test
4qdk,val
4qem,test
4qer,test
4qew,val
4qf9,val
4qfr,train
4qg7,train
4qga,train
4qgf,train
4qgg,train
4qgh,train
4qgi,train
4qhc,train
4qij,train
4qip,train
4qjr,train
4qk4,train
4ql1,test
4ql8,train
4qlq,train
4qls,train
4qlt,train
4qlu,train
4qlv,train
4qmm,test
4qmn,test
4qmo,test
4qmp,test
4qmq,test
4qms,test
4qmt,test
4qmv,test
4qmw,test
4qmx,test
4qmy,test
4qmz,test
4qn9,train
4qna,test
4qnb,val
4qnu,train
4qo4,test
4qo9,test
4qoc,test
4qp1,test
4qp2,test
4qp6,test
4qp7,test
4qp8,test
4qp9,test
4qpa,test
4qpd,train
4qpl,train
4qq4,train
4qr3,test
4qr4,test
4qr5,test
4qrc,val
4qsk,train
4qsm,test
4qsu,train
4qsw,train
4qsx,train
4qt0,test
4qt1,val
4qt2,train
4qta,test
4qtb,val
4qtc,test
4qvx,train
4qxo,test
4qxq,test
4qxr,test
4qxs,train
4qy3,test
4qye,test
4qyg,test
4qyh,test
4qyy,test
4qzs,test
4r06,train
4r07,train
4r0a,train
4r0i,train
4r17,train
4r18,train
4r1v,val
4r1y,val
4r3c,val
4r3w,train
4r4c,train
4r4o,train
4r4q,train
4r4t,train
4r5n,test
4r5w,test
4r5y,test
4r6e,test
4r6w,val
4r6x,val
4r73,test
4r74,test
4r75,test
4r8y,test
4r91,test
4r92,test
4r93,test
4r95,test
4ra1,train
4ra5,val
4rak,test
4rcd,test
4rce,test
4rcf,test
4rcg,val
4rcp,train
4rdn,train
4re2,train
4re3,train
4rfm,test
4rfy,val
4rfz,val
4rg0,val
4rh5,train
4rio,val
4rj3,test
4rj4,test
4rj5,test
4rj6,test
4rj7,test
4rj8,test
4rkx,test
4rlk,val
4rll,val
4rlt,train
4rlu,train
4rlw,train
4rme,test
4rn6,test
4rpn,train
4rpo,train
4rpv,test
4rqk,test
4rqv,test
4rr6,test
4rra,test
4rrf,val
4rrg,test
4rrn,test
4rro,test
4rrq,test
4rrr,test
4rrs,test
4rrv,test
4rs0,train
4rss,test
4rt0,test
4rt1,test
4ruu,train
4rvk,test
4rvl,test
4rvm,test
4rvr,train
4rvt,train
4rwj,val
4rwl,val
4rww,val
4rx5,val
4rx7,test
4rx8,test
4rx9,test
4ryc,train
4ryg,train
4ryl,train
4rz1,train
4s1g,train
4s3e,train
4s3f,train
4tju,test
4tjw,test
4tjy,test
4tjz,train
4tk0,test
4tk5,test
4tkf,test
4tkg,test
4tkh,train
4tkj,train
4tlr,train
4tmf,train
4tmk,val
4tmp,train
4tmr,train
4tn2,train
4tn4,train
4tnw,train
4tpk,train
4tpt,train
4tpw,train
4tqn,test
4trc,train
4trw,test
4tsz,train
4tt2,train
4tte,train
4tu4,train
4tuh,train
4tun,train
4tv3,train
4tvj,test
4tw6,test
4tw7,test
4tw8,train
4twc,val
4twd,train
4twp,test
4twt,train
4tx6,val
4txc,test
4txe,val
4txs,train
4ty1,test
4ty6,train
4ty7,train
4ty8,train
4tya,train
4tyb,train
4tyl,train
4tyo,train
4tz2,train
4tz8,train
4u01,train
4u03,train
4u0e,val
4u0f,val
4u0g,train
4u0i,test
4u0m,train
4u0w,train
4u2y,train
4u3f,train
4u43,train
4u44,train
4u45,train
4u4x,val
4u54,train
4u58,train
4u5j,val
4u5s,train
4u5u,train
4u5v,train
4u68,train
4u6r,test
4u79,val
4u7o,test
4u7q,train
4u7t,train
4u7v,train
4u8w,train
4u90,train
4u93,test
4uac,train
4ual,train
4ucc,train
4ucd,train
4uco,train
4ucr,train
4ucs,train
4uct,train
4ucv,train
4uda,val
4udb,val
4ue1,test
4ufi,train
4ufj,train
4ufl,train
4ufu,test
4ufz,train
4uhg,test
4ui3,test
4ui4,test
4ui5,test
4ui6,test
4ui7,test
4ui8,test
4uil,val
4uin,val
4uit,test
4uiu,test
4uiv,test
4uiw,test
4uiy,test
4uj1,test
4uj9,test
4ujb,test
4um1,test
4umn,train
4umq,train
4umr,train
4umt,train
4umu,train
4und,test
4unn,val
4unp,val
4unq,val
4unr,val
4uns,val
4urk,train
4url,val
4urm,val
4urn,test
4uro,test
4uru,train
4urw,train
4ury,train
4urz,train
4usj,train
4utn,val
4utr,val
4utv,val
4utx,val
4uu7,val
4uu8,val
4uua,val
4uub,val
4uuh,val
4uv8,test
4uv9,test
4uva,test
4uvb,test
4uvc,test
4uvu,test
4uvv,test
4uvw,test
4uvx,test
4uvy,test
4uw1,val
4uwf,train
4uwg,train
4uwh,train
4uwk,train
4uwl,train
4ux4,test
4ux9,test
4uxb,test
4uxh,val
4uxl,val
4uxq,val
4uyd,test
4uye,train
4uyf,val
4uyg,val
4uyn,test
4uzd,train
4uzh,test
4v01,val
4v05,val
4v0i,train
4v24,train
4v25,train
4v27,train
4w4s,train
4w4v,val
4w4w,test
4w4x,val
4w4y,test
4w4z,train
4w50,train
4w52,train
4w53,train
4w54,train
4w55,train
4w57,train
4w5a,train
4w7p,test
4w7t,test
4w97,train
4w9c,train
4w9d,train
4w9e,train
4w9f,train
4w9g,train
4w9h,train
4w9i,train
4w9j,train
4w9k,train
4w9l,train
4w9n,train
4w9o,test
4w9p,test
4w9q,test
4w9w,test
4w9x,test
4wa9,test
4waf,train
4wbo,test
4wcf,val
4wet,train
4wey,train
4wf2,train
4wf4,train
4wgi,train
4wh7,train
4wh9,train
4whh,train
4whl,train
4whq,train
4whs,train
4whz,test
4wi1,train
4wiv,test
4wj5,train
4wk1,val
4wkb,train
4wkc,train
4wkn,train
4wko,train
4wkp,train
4wlb,test
4wmu,train
4wmv,train
4wmx,train
4wn5,train
4wnk,train
4wnm,test
4wno,val
4wnp,val
4wov,train
4wp7,train
4wpf,test
4wpn,train
4wr8,train
4wrb,train
4wri,train
4wrq,train
4wrs,test
4wsy,test
4wt2,val
4wt6,test
4wtu,test
4wuy,train
4wvl,val
4wvs,train
4wvt,train
4wvu,train
4wwn,train
4wwo,train
4wwp,train
4wxi,train
4wy1,test
4wy6,test
4wyo,train
4wyz,train
4wz8,train
4x0z,test
4x14,test
4x1f,train
4x1n,test
4x1p,test
4x1r,test
4x1s,test
4x24,train
4x2i,train
4x2l,test
4x34,train
4x3e,train
4x3s,train
4x47,train
4x48,val
4x50,train
4x5p,train
4x5q,train
4x5r,train
4x5y,train
4x5z,train
4x60,train
4x61,train
4x63,train
4x6h,test
4x6k,train
4x6m,train
4x6n,train
4x6o,train
4x6s,val
4x6x,train
4x6y,train
4x7h,train
4x7i,test
4x7j,train
4x7k,train
4x7l,train
4x7n,train
4x7o,train
4x7q,val
4x8n,train
4x8t,train
4x8u,train
4x8v,train
4x9r,train
4x9v,train
4x9w,train
4xaq,train
4xar,train
4xas,train
4xbo,val
4xe0,train
4xg3,test
4xg4,test
4xg6,test
4xg7,test
4xg8,test
4xg9,test
4xhe,val
4xhk,test
4xhl,val
4xii,train
4xip,test
4xiq,test
4xir,test
4xit,test
4xj0,test
4xjs,train
4xjt,train
4xk9,test
4xkb,train
4xkx,test
4xmb,train
4xmo,val
4xnv,train
4xo8,train
4xoc,train
4xoe,train
4xqa,test
4xqb,test
4xrq,val
4xs2,test
4xsx,train
4xsy,train
4xsz,train
4xt9,train
4xtv,train
4xtw,train
4xtx,train
4xty,train
4xtz,train
4xu0,train
4xu1,train
4xu2,train
4xu3,train
4xua,train
4xub,train
4xuh,train
4xv1,val
4xv2,test
4xv3,test
4xv9,test
4xx3,train
4xx4,train
4xx9,test
4xxh,train
4xxs,test
4xyc,train
4xyf,val
4y0a,train
4y16,train
4y24,train
4y2j,train
4y2p,train
4y2q,train
4y2s,train
4y2t,train
4y2u,train
4y2x,train
4y2y,train
4y32,train
4y38,train
4y3j,train
4y3y,train
4y46,test
4y4g,train
4y4j,train
4y59,train
4y5d,train
4y5h,test
4y5i,train
4y62,train
4y64,train
4y6m,train
4y73,test
4y79,test
4y83,train
4y85,train
4y8d,val
4y8x,train
4y8y,train
4ya8,train
4yab,train
4yad,train
4yat,train
4yax,train
4yay,train
4yb6,test
4ybi,test
4ybj,val
4ybk,val
4ybm,train
4ybs,train
4ybt,train
4yc0,train
4yc8,test
4yc9,train
4ycm,train
4ycn,train
4ycu,train
4ycv,train
4ycw,train
4ydf,train
4ydg,train
4ydn,val
4ye3,train
4yes,test
4yfi,train
4yh3,train
4yh4,train
4yhm,val
4yho,val
4yhp,train
4yhq,train
4yht,test
4yhz,train
4yjn,val
4yk0,test
4yk5,train
4ykk,test
4ykn,train
4yl0,train
4yl1,train
4ylu,train
4ym2,train
4ymb,train
4ymg,val
4ymh,val
4ymj,val
4yml,train
4ynb,train
4ynd,train
4yne,val
4ynk,train
4yo6,test
4yo8,train
4yoi,train
4yoj,train
4yp1,val
4yp8,test
4ypf,train
4yps,val
4yqh,train
4yrc,train
4ysl,train
4yt6,train
4yt7,train
4ytc,test
4ytf,test
4yth,test
4yur,train
4yuw,train
4yux,train
4yuz,train
4yv0,train
4yv1,train
4yv2,train
4yvc,test
4yve,test
4yxd,train
4yxo,test
4yxu,test
4yy6,train
4yyi,train
4yym,train
4yyn,train
4yz9,test
4yzc,test
4yzn,test
4yzu,train
4z07,train
4z0e,train
4z0f,train
4z0k,train
4z1q,test
4z22,train
4z2g,val
4z2h,val
4z2i,val
4z2j,val
4z2k,val
4z2l,val
4z3v,val
4z5w,train
4z6h,val
4z6i,val
4z7f,train
4z7h,test
4z84,test
4z8d,train
4z90,train
4z93,test
4z9l,val
4zae,train
4zam,train
4zb8,train
4zba,train
4zbf,train
4zbi,train
4zcs,train
4ze6,train
4zeb,train
4zec,train
4zed,train
4zei,train
4zek,train
4zfi,test
4zg7,train
4zg9,train
4zga,train
4zgk,test
4zh2,train
4zh4,train
4zhm,test
4zim,test
4zip,train
4zj8,train
4zjc,train
4zji,train
4zjj,train
4zjr,val
4zjw,val
4zk5,train
4zki,test
4zl4,train
4zlo,train
4zls,train
4zly,val
4zlz,val
4zme,test
4zmf,test
4zom,val
4zow,train
4zpf,test
4zpg,test
4zs0,test
4zs9,train
4zsa,val
4zsg,train
4zsh,test
4zsj,val
4zsm,test
4zsp,test
4zsq,test
4zsr,test
4ztl,test
4ztm,test
4ztn,test
4ztq,test
4ztr,test
4zts,test
4zud,train
4zxx,train
4zxy,train
4zy4,train
4zy5,train
4zy6,train
4zyc,val
4zyf,train
4zyi,train
4zyr,train
4zyt,train
4zyu,train
4zyv,train
4zyw,train
4zyx,train
4zyy,train
4zyz,train
4zz0,train
4zz1,train
4zz2,train
4zz3,train
4zzx,test
4zzy,test
4zzz,val
5a00,test
5a09,train
5a0a,train
5a0b,train
5a0c,train
5a0e,test
5a14,test
5a2k,val
5a3x,test
5a46,val
5a4c,test
5a4e,test
5a4l,test
5a4q,test
5a4t,test
5a54,test
5a5p,train
5a5q,train
5a5r,train
5a5s,train
5a69,val
5a6a,test
5a6b,test
5a6i,test
5a6k,test
5a6n,train
5a7b,test
5a7c,train
5a7j,train
5a7y,val
5a81,train
5a82,train
5a83,train
5a85,train
5a8x,train
5a8y,train
5a8z,train
5a9u,val
5aa8,val
5aa9,val
5aab,val
5aad,test
5aae,test
5aaf,test
5aag,test
5ab9,train
5abe,test
5abf,test
5abg,test
5abh,test
5abw,train
5acy,test
5adq,test
5adr,test
5ads,test
5adt,test
5aeh,test
5aep,test
5afk,train
5afl,train
5afn,train
5afv,train
5agu,train
5agv,train
5ah2,train
5ahw,train
5ai1,train
5ai5,train
5ai8,train
5aia,train
5aib,train
5aic,train
5ais,train
5aiv,train
5aix,train
5ajc,train
5ajo,train
5ajv,train
5ajw,train
5ajx,train
5ajy,train
5ajz,train
5ak0,train
5ak2,val
5ak4,train
5ak5,train
5ake,train
5akg,train
5akh,train
5aki,train
5akj,train
5akl,train
5aku,test
5akw,test
5akz,train
5al1,test
5al2,test
5al3,test
5al4,test
5al5,test
5alb,val
5alc,val
5ald,train
5ale,train
5alg,train
5alh,train
5alj,train
5alk,train
5all,train
5alm,train
5aln,train
5alo,train
5alp,train
5alr,train
5als,train
5alt,train
5alu,train
5alv,train
5alw,train
5alx,train
5aly,train
5alz,train
5am0,train
5am1,train
5am2,train
5am3,train
5am4,train
5am5,train
5am6,val
5am7,val
5amn,test
5ans,test
5ant,test
5anu,test
5anv,test
5anw,test
5aok,test
5aom,test
5ap0,test
5ap2,test
5ap3,test
5ap4,test
5ap5,test
5ap6,test
5ap7,test
5aph,test
5apj,test
5aqf,test
5aqg,test
5aqj,test
5aqk,test
5aqn,test
5aqo,test
5aqp,test
5aqq,test
5aqr,test
5aqt,test
5aqu,test
5aqv,test
5aqz,val
5ar0,val
5ar5,train
5ar7,train
5ar8,train
5arf,train
5arg,train
5aut,test
5auu,test
5auv,test
5auw,test
5aux,test
5auy,test
5auz,test
5av0,test
5avf,train
5avi,val
5awj,train
5ax9,train
5axi,train
5ayf,val
5ayt,test
5ayy,train
5b0x,val
5b1s,train
5b4w,train
5b5b,train
5b5f,train
5b5g,train
5bml,test
5bmm,val
5bms,train
5bnj,train
5bnr,train
5bns,train
5boj,test
5bpe,train
5bq0,val
5bqg,train
5bqh,train
5bqi,train
5bqs,train
5bry,train
5bs4,train
5btr,train
5btv,train
5btx,train
5bue,test
5bui,test
5buj,test
5bv3,train
5bvd,test
5bve,test
5bvf,test
5bvk,test
5bvn,test
5bvo,test
5bvw,test
5bw4,val
5bwb,train
5byy,val
5byz,val
5c0k,train
5c0m,train
5c11,train
5c13,train
5c1m,train
5c26,test
5c3k,train
5c42,train
5c4k,test
5c4l,test
5c4o,test
5c4s,test
5c4t,test
5c4u,test
5c5h,train
5c6o,train
5c6p,train
5c7a,train
5c7b,train
5c7c,train
5c7d,train
5c83,train
5c84,train
5c87,train
5c8k,test
5c8m,test
5c8n,test
5cal,test
5can,test
5cao,test
5cap,test
5caq,test
5cas,test
5cau,test
5cav,val
5cbr,test
5cbs,val
5cc2,train
5ccl,train
5ccm,train
5ceo,train
5cep,train
5ceq,train
5cf4,test
5cf5,test
5cf6,test
5cf8,test
5cgc,train
5cgd,train
5cgj,train
5chk,train
5ckr,train
5cks,train
5clm,test
5cnj,train
5cnm,train
5cp5,train
5cp9,val
5cpr,val
5cqt,train
5cr7,train
5cs3,val
5cs6,val
5csd,train
5csp,val
5cst,train
5csw,test
5csx,test
5ct2,val
5ct7,test
5ctb,train
5ctc,train
5cte,train
5cu2,val
5cu4,val
5cvd,train
5cw8,train
5cwa,train
5cxh,test
5cxi,train
5cxz,test
5cy3,test
5cy9,train
5czb,train
5d0c,train
5d0r,train
5d10,val
5d12,val
5d1j,test
5d1r,train
5d24,test
5d25,test
5d26,test
5d3h,test
5d3j,test
5d3l,test
5d3n,test
5d3p,test
5d3s,test
5d3t,test
5d3x,train
5d45,train
5d47,train
5d48,train
5d4a,train
5d6p,val
5d6q,val
5d6y,train
5d75,train
5d7a,train
5d7e,train
5d7x,train
5d9k,val
5d9l,val
5da3,test
5db0,train
5db1,train
5db2,train
5db3,train
5dbm,train
5dcz,test
5dd9,train
5dda,train
5ddb,train
5ddc,train
5ddd,train
5dde,train
5ddf,train
5dex,test
5dey,train
5dfp,train
5dgm,train
5dgu,train
5dgw,train
5dgz,test
5dh3,train
5dhg,train
5dhh,train
5dhj,test
5dhp,train
5dhr,train
5dhs,train
5dhu,train
5di1,train
5dia,test
5dif,train
5dit,test
5diu,test
5div,test
5djp,train
5djr,train
5djv,train
5dkr,train
5dl1,train
5dls,test
5dlx,test
5dlz,test
5dms,train
5dnu,train
5dqc,test
5dqf,train
5drt,val
5dry,val
5dsx,val
5dt2,val
5dtj,train
5dtk,train
5dtm,val
5dtq,val
5dtr,val
5dts,train
5dtt,train
5dtw,train
5du4,train
5du6,train
5du8,train
5duc,train
5duf,train
5dus,train
5duw,train
5dv2,train
5dva,train
5dw1,train
5dw2,train
5dwr,test
5dx3,val
5dxb,val
5dxe,val
5dxg,val
5dxh,train
5dxt,train
5dxu,train
5dy5,train
5dy7,train
5dya,train
5dyo,val
5dyt,train
5dyw,train
5dyy,train
5e13,train
5e1b,train
5e1d,train
5e1e,val
5e1m,train
5e1o,train
5e1s,val
5e2o,train
5e2p,train
5e2v,val
5e2w,val
5e3d,train
5e5g,train
5e73,train
5e74,train
5e80,train
5e88,train
5e89,train
5e8a,train
5e8f,train
5e8r,train
5e8w,test
5e8z,test
5e90,test
5e91,test
5ea3,train
5ea5,train
5ea6,train
5ea7,train
5eak,train
5eb3,train
5ece,val
5ech,train
5eci,train
5edb,train
5edc,train
5edl,train
5edq,test
5edr,test
5eds,train
5ee7,train
5eeq,val
5efa,train
5efc,train
5eg4,test
5egm,train
5egs,train
5egu,test
5eh0,test
5ehi,train
5ehp,train
5ehq,train
5ehr,train
5ehy,test
5ei2,test
5ei3,train
5ei4,test
5ei6,test
5ei8,test
5eie,train
5eif,train
5eis,test
5eiw,train
5ejl,test
5ejv,test
5ejw,train
5ek0,train
5ek9,val
5ekn,val
5eko,val
5ekx,train
5el2,train
5eld,train
5elf,train
5elv,test
5em3,train
5em5,test
5em6,test
5em7,test
5ema,train
5emb,train
5emj,train
5emk,train
5eml,train
5emm,train
5en3,val
5enb,train
5eng,test
5enk,test
5enm,test
5eob,val
5eol,test
5eom,test
5ep7,test
5epk,train
5epl,train
5epn,train
5epr,train
5eps,train
5epy,train
5eq0,train
5eq1,train
5eqe,train
5eqp,train
5eqq,train
5eqy,train
5er4,train
5er5,train
5erg,val
5es1,train
5etb,train
5eth,val
5etj,train
5etx,train
5ety,val
5eu1,val
5euk,val
5eva,train
5ew3,val
5ew9,test
5ewd,train
5ewh,train
5ewj,test
5ewk,test
5ewm,test
5ewy,test
5ewz,train
5exl,train
5exm,train
5exn,train
5exw,val
5exx,train
5ey0,train
5ey4,val
5ey8,train
5ey9,train
5eyc,val
5eyd,val
5eyk,val
5eym,train
5eyr,train
5ezg,train
5ezh,train
5ezx,test
5ezz,test
5f00,test
5f01,test
5f08,train
5f0c,train
5f0f,train
5f0h,train
5f1h,val
5f1j,train
5f1l,val
5f1r,train
5f1u,train
5f1v,train
5f1x,val
5f1z,test
5f20,val
5f25,val
5f27,train
5f29,train
5f2f,train
5f2k,val
5f2p,val
5f2u,train
5f3t,train
5f3z,train
5f41,train
5f4l,train
5f4n,test
5f5z,test
5f60,test
5f61,test
5f62,test
5f63,test
5f6d,train
5f6u,train
5f6v,train
5f8y,train
5f90,train
5f91,train
5f94,val
5f95,val
5f9e,val
5fah,train
5fb0,train
5fb1,train
5fb7,train
5fbe,train
5fbn,val
5fbo,val
5fck,train
5fcz,test
5fd2,val
5fdo,train
5fdp,test
5fdr,train
5fdz,train
5fe6,train
5fe7,train
5fe9,train
5fgk,train
5fh6,train
5fh7,train
5fh8,train
5fhm,val
5fhn,test
5fho,val
5fi2,train
5fi6,train
5fiv,train
5fkj,train
5fky,test
5fl0,test
5fl1,test
5fnc,test
5fnd,test
5fnf,test
5fnq,train
5fnr,train
5fns,train
5fnt,train
5fnu,train
5fog,train
5fol,train
5fot,test
5fp0,train
5fpp,train
5fqp,val
5fqr,val
5fqs,val
5fqt,val
5fqv,val
5fs5,train
5fsc,train
5fsl,test
5fsm,test
5fsn,test
5fso,test
5fsy,train
5ftg,train
5fto,val
5ftq,val
5fum,train
5fwa,val
5fwg,train
5fwr,train
5fxq,test
5fxr,test
5fxs,test
5fyq,train
5g1n,train
5g1p,train
5g1z,train
5g22,train
5g2g,train
5g2n,train
5g42,train
5g43,train
5g46,train
5g4m,train
5g4n,train
5g4o,train
5g5f,train
5g5z,train
5g60,train
5g61,train
5ggj,train
5ggk,train
5ggl,train
5ggn,train
5ggo,train
5ggz,val
5ghv,test
5gic,train
5gid,train
5gjd,train
5gjf,train
5gjg,train
5gmv,train
5goe,train
5gr9,train
5gs4,train
5gsa,train
5gsw,train
5gtr,train
5gub,train
5gvk,train
5gvl,train
5gvm,train
5gvn,train
5gvp,train
5gx6,train
5gx7,train
5h08,train
5h09,val
5h0b,val
5h0e,val
5h0g,val
5h0h,val
5h13,train
5h14,train
5h15,train
5h17,train
5h19,train
5h1e,train
5h1t,train
5h1u,train
5h1v,train
5h21,train
5h2u,test
5h3q,val
5h4j,train
5h5f,val
5h5q,train
5h5r,train
5h5s,train
5h85,test
5h8b,val
5h8e,val
5h8g,val
5h9p,train
5h9q,train
5h9r,train
5h9s,train
5ha1,train
5hbe,train
5hbh,train
5hbj,train
5hbn,train
5hcl,test
5hct,train
5hcv,val
5hcx,test
5hcy,test
5hd0,test
5hdu,test
5hdv,test
5hdx,test
5hdz,test
5he0,train
5he1,train
5he2,train
5he3,train
5he4,test
5he5,test
5he7,test
5hes,test
5hfu,train
5hg1,train
5hgc,val
5hgq,train
5hjb,train
5hjc,train
5hjd,train
5hk1,train
5hk9,train
5hka,train
5hkm,test
5hln,test
5hlp,test
5hls,test
5hlw,val
5hm0,test
5hmh,test
5hmi,test
5hmk,val
5hmy,train
5hn0,train
5hn7,train
5hn8,train
5hn9,train
5hna,train
5hng,test
5ho6,val
5ho7,test
5ho8,test
5hor,val
5hpm,val
5hrv,train
5hrw,train
5hrx,train
5htb,test
5htc,test
5htl,test
5htz,test
5hu0,test
5hu1,test
5hu9,test
5hv1,train
5hvs,train
5hvt,train
5hvu,test
5hvy,train
5hwv,train
5hx6,train
5hx8,val
5hyq,val
5hyr,val
5hyx,train
5hz5,train
5hz6,train
5hz8,train
5hz9,train
5hzn,test
5hzx,val
5i1q,train
5i2e,train
5i3v,test
5i3w,test
5i3x,test
5i3y,test
5i40,train
5i4v,train
5i56,test
5i58,test
5i59,test
5i5x,train
5i5z,train
5i7u,train
5i7y,test
5i80,test
5i83,train
5i86,train
5i88,test
5i89,train
5i8b,val
5i8g,val
5i8p,train
5i94,train
5i9i,train
5i9x,val
5i9y,test
5i9z,val
5ia0,val
5ia1,test
5ia2,val
5ia3,val
5ia4,val
5ia5,val
5iaw,test
5ick,test
5icp,train
5icv,train
5icx,val
5icy,val
5id0,val
5idn,train
5idp,train
5ie1,test
5ief,train
5ieg,train
5ier,train
5iez,train
5if4,train
5ifu,train
5igk,test
5igl,test
5igm,train
5ih5,val
5ih8,train
5ih9,train
5iha,train
5ihc,train
5ihh,val
5ii1,train
5iis,test
5ij7,train
5ijr,train
5ikb,val
5ime,train
5in9,val
5iok,train
5ioy,train
5ioz,train
5ipa,train
5ipc,train
5ipj,test
5iql,train
5ism,train
5itd,train
5ito,train
5itp,train
5iu2,train
5iu4,train
5iu6,train
5iu7,train
5iu8,train
5iua,train
5iub,train
5iug,val
5iuh,val
5iui,val
5iv2,val
5iv4,train
5ivn,val
5ivs,train
5ivt,train
5ivz,val
5ix1,train
5ixq,train
5ixt,train
5iyv,train
5iyy,train
5izc,val
5izf,test
5izj,test
5izk,train
5izq,train
5j0d,test
5j19,train
5j1r,train
5j1v,val
5j1w,val
5j1x,train
5j20,test
5j27,test
5j31,train
5j3l,train
5j3s,train
5j41,train
5j47,train
5j4n,train
5j4v,train
5j4y,train
5j58,train
5j59,train
5j5r,test
5j64,test
5j6a,train
5j6l,test
5j6m,test
5j6n,test
5j71,train
5j74,val
5j75,val
5j79,train
5j7b,train
5j7f,test
5j7g,test
5j7p,train
5j7q,train
5j82,test
5j86,test
5j8u,val
5j9f,train
5j9l,train
5j9x,test
5ja0,train
5jah,train
5jal,train
5jan,train
5jao,train
5jap,train
5jar,train
5jas,train
5jat,train
5jau,train
5jcb,train
5jcj,val
5jdc,val
5jdi,val
5jek,train
5jeo,train
5jfp,train
5jfu,train
5jg1,train
5jga,train
5jgb,train
5jgd,train
5jgi,train
5jgq,train
5jha,train
5jhb,train
5jhk,train
5ji8,train
5jid,test
5jim,test
5jin,train
5jiq,val
5jiy,train
5jjm,train
5jjr,train
5jjs,train
5jlz,train
5jm4,train
5jnn,train
5jq5,test
5jq7,train
5jq8,test
5jq9,train
5jqb,train
5jr2,train
5jrq,val
5jrs,val
5jsg,train
5jsj,train
5jsm,test
5jsq,train
5jt2,val
5jur,train
5juz,train
5jv0,train
5jxq,train
5jy3,test
5jyo,train
5jyp,train
5jyy,train
5jz9,test
5jzb,test
5jzn,val
5k00,train
5k03,val
5k05,val
5k0b,val
5k0i,train
5k0m,train
5k0s,train
5k0t,train
5k0x,train
5k13,train
5k1d,train
5k1f,train
5k4i,test
5k4j,test
5k4x,test
5k4z,test
5k51,train
5k5e,train
5k5n,test
5k6a,val
5k6s,train
5k76,test
5k7h,train
5k8n,train
5k8s,train
5k9w,train
5ka1,train
5ka3,train
5ka7,train
5ka9,train
5kab,train
5kad,train
5kau,train
5kax,train
5kbe,train
5kbf,train
5kbg,train
5kbh,train
5kbi,train
5kbq,train
5kbr,train
5kby,train
5kcv,val
5kde,train
5kdf,train
5kdr,train
5ke0,test
5kej,train
5kew,train
5kez,train
5kh3,train
5kh7,train
5khd,test
5khg,train
5khh,train
5khi,train
5khj,train
5khk,train
5khm,train
5khx,val
5kit,train
5kj0,test
5kjk,train
5kjm,train
5kjn,train
5kkr,train
5kks,test
5kkt,test
5klp,train
5kly,train
5km1,train
5km2,train
5km3,train
5km5,train
5kma,train
5kmf,train
5knj,train
5ko1,train
5ko5,train
5koq,train
5kos,train
5kpk,val
5kpl,test
5kpm,val
5kq5,test
5kqd,train
5kqf,test
5kqg,train
5kql,train
5kqx,train
5kqy,train
5kr0,train
5kr1,train
5kr2,train
5kr8,test
5ksx,train
5ktu,test
5ktw,test
5ktx,test
5ku3,test
5kup,val
5kv8,train
5kv9,train
5kw2,train
5kww,train
5kx7,test
5kx8,test
5kya,train
5kyj,train
5kz0,val
5kzi,test
5kzq,train
5l13,train
5l17,train
5l2i,train
5l2m,train
5l2n,train
5l2o,train
5l2s,train
5l2t,train
5l2w,val
5l2y,train
5l2z,train
5l30,train
5l3a,test
5l3e,train
5l3f,train
5l3g,train
5l4e,train
5l4f,val
5l4i,test
5l6h,train
5l6i,train
5l6j,train
5l72,train
5l7e,val
5l7g,val
5l7h,val
5l7k,train
5l87,train
5l8a,train
5l8n,train
5l8o,train
5l8t,train
5l96,train
5l97,train
5l98,train
5l99,train
5l9o,train
5lav,test
5law,test
5lax,train
5lay,test
5lbq,train
5ld8,train
5ldm,train
5ldo,train
5lg3,train
5lgn,train
5lgo,test
5lgp,val
5lgs,val
5lgt,train
5lgu,train
5lh4,test
5lh8,test
5lhg,train
5lhh,train
5lhi,train
5lj0,test
5lj1,test
5lj2,test
5ljj,test
5lkr,train
5lli,train
5llm,train
5lm4,train
5lma,test
5lmb,test
5lne,train
5lny,test
5loh,test
5lom,train
5lp1,train
5lp6,train
5lpj,test
5lpk,test
5lpl,test
5lpm,test
5lqf,test
5ls6,train
5lsh,train
5lu2,train
5lud,val
5luu,test
5lvl,test
5lvn,test
5lvq,train
5lvr,train
5lwe,train
5lwm,val
5lws,train
5lx6,test
5lxb,test
5lxc,test
5lxd,test
5lxp,train
5ly3,train
5lyh,train
5lyr,train
5lyy,train
5lz2,train
5lz4,train
5lz5,train
5lz7,train
5lz8,train
5lz9,train
5lzg,train
5lzh,train
5lzj,train
5m0d,train
5m0m,train
5m0s,train
5m17,train
5m1z,train
5m23,train
5m25,train
5m2v,val
5m39,test
5m3a,test
5m44,val
5m4c,val
5m4f,val
5m4i,val
5m4k,train
5m4u,val
5m51,test
5m53,test
5m55,test
5m56,val
5m57,test
5m5d,train
5m63,val
5m6f,train
5m6h,train
5m6m,train
5m6u,train
5m77,train
5m7s,train
5m7t,train
5m7u,train
5mar,train
5mat,train
5mek,train
5mes,val
5mev,val
5mf6,test
5mg2,val
5mge,train
5mgf,train
5mgg,train
5mgj,train
5mgk,train
5mgl,train
5mgm,train
5mhq,train
5mi5,test
5mi7,test
5mim,train
5mja,val
5mkj,test
5mkr,val
5mks,val
5mkx,test
5mky,test
5mkz,test
5ml0,test
5ml2,train
5ml3,train
5ml4,train
5ml5,val
5ml6,train
5ml8,train
5mli,test
5mme,test
5mmg,test
5mmn,test
5mmp,val
5mn1,test
5mnb,test
5mnc,test
5mnn,test
5mno,test
5mo8,val
5mob,train
5mpk,test
5mpn,test
5mpz,test
5mql,test
5mqt,test
5mqv,val
5mrb,test
5mrh,train
5mri,train
5mro,train
5mrp,train
5mt0,train
5mt4,train
5mtx,val
5mty,val
5muc,train
5mw2,train
5mw3,val
5mw4,val
5mw6,train
5mwd,train
5mwg,train
5mwh,train
5mwj,train
5mwo,train
5mwp,val
5mwy,val
5mwz,train
5mxf,train
5mxk,train
5mxo,train
5mxv,train
5mxx,train
5my8,train
5myg,train
5myk,val
5myl,train
5mym,train
5myn,train
5myo,val
5myr,train
5mys,train
5myv,train
5myx,val
5mz3,test
5mz8,train
5mzg,val
5n0f,train
5n16,train
5n17,train
5n18,train
5n1v,val
5n1x,train
5n1z,train
5n20,train
5n21,train
5n2d,train
5n2f,train
5n49,train
5n53,train
5n69,train
5n6s,train
5n7v,test
5n8j,train
5n8t,train
5n8v,train
5n8w,train
5n93,test
5n99,train
5n9k,val
5n9l,val
5n9n,val
5n9s,test
5n9t,train
5na0,test
5nad,test
5nap,train
5nar,train
5nau,train
5naw,train
5nb6,train
5nba,train
5nbw,val
5ncy,train
5ncz,train
5ndd,train
5ndf,train
5neb,test
5nev,val
5nf5,test
5nf6,val
5nf9,train
5nfa,train
5nfb,train
5nfh,train
5ng9,test
5ngb,train
5nge,train
5ngr,test
5ngs,test
5ngt,test
5ngu,test
5ngz,train
5nhf,test
5nhh,test
5nhj,test
5nhl,test
5nho,test
5nhp,test
5nhv,test
5nhy,test
5ni5,test
5ni7,test
5ni8,train
5nib,train
5nih,test
5njz,val
5nk2,val
5nk3,val
5nk4,val
5nk6,val
5nk7,val
5nk8,val
5nk9,val
5nka,val
5nkb,val
5nkc,val
5nkd,val
5nkg,val
5nkh,val
5nki,val
5nlk,test
5nn0,train
5nn4,train
5nn6,train
5nne,test
5nob,test
5npc,train
5npd,train
5npe,train
5npf,train
5npr,train
5nps,train
5nq5,val
5nqe,train
5nqr,train
5nr7,val
5nrf,val
5nsp,test
5nsx,test
5nt0,test
5nt4,train
5ntk,train
5ntp,train
5ntt,test
5ntw,train
5nu3,test
5nu5,test
5nut,test
5nvc,test
5nve,test
5nvf,test
5nvh,test
5nvv,train
5nvw,train
5nvx,train
5nvy,train
5nvz,train
5nw0,train
5nw1,train
5nw2,train
5nwb,test
5nwc,test
5nwd,test
5nwg,test
5nwh,train
5nwi,train
5nwk,train
5nx2,train
5nxq,train
5ny6,test
5nyh,test
5nze,test
5nzf,test
5nzn,test
5nzo,train
5nzp,train
5nzq,train
5o0s,train
5o11,test
5o1s,train
5o22,train
5o2d,train
5o3q,train
5o45,train
5o48,train
5o4f,test
5o4s,train
5o4t,train
5o4y,train
5o55,train
5o5a,train
5o5f,train
5o83,train
5o87,test
5o91,test
5o9h,train
5o9o,train
5o9p,train
5o9q,train
5o9r,train
5o9y,train
5oa2,train
5oa6,train
5oaj,test
5oax,train
5obg,test
5oci,test
5ocj,train
5ods,train
5odx,test
5ody,train
5oei,train
5ofu,test
5ofv,train
5ofw,train
5ogb,train
5ogk,train
5oh1,train
5oh2,train
5oh3,train
5oh4,train
5oh7,train
5oh9,train
5oha,train
5oht,train
5ohy,train
5oje,train
5okt,val
5oku,train
5om2,train
5om7,train
5one,test
5oot,test
5op2,test
5op4,test
5op5,test
5opb,test
5opr,test
5ops,test
5opu,test
5opv,test
5oq4,train
5oq5,test
5oq6,test
5oq7,test
5oq8,test
5oqu,val
5oqw,train
5or9,train
5orb,train
5orh,val
5ork,val
5orr,test
5ort,test
5orv,test
5orw,test
5orx,test
5ory,test
5orz,test
5os0,test
5os1,test
5os2,test
5os3,test
5os4,test
5os5,test
5os7,val
5os8,val
5osd,test
5ose,test
5osk,train
5osl,val
5oss,train
5ost,train
5osy,train
5ot8,train
5ot9,train
5ota,train
5otc,train
5otz,val
5oul,val
5ov8,train
5ov9,train
5ovr,train
5ovx,train
5ow1,train
5owa,train
5ows,val
5owt,val
5oxg,train
5oxk,train
5oxl,train
5oxm,train
5oxn,train
5prc,train
5pzm,train
5pzn,train
5q0d,train
5q0e,train
5q0f,train
5q0g,train
5q0h,train
5q0i,test
5q0j,test
5q0m,test
5q0n,test
5q0o,test
5q0p,test
5q0q,test
5q0r,test
5q0s,test
5q0t,test
5q0u,test
5q0v,test
5q0x,test
5q0y,test
5q0z,test
5q10,test
5q11,test
5q12,test
5q13,test
5q14,test
5q15,test
5q16,test
5q18,test
5q19,test
5q1a,test
5q1b,test
5q1c,test
5q1d,test
5q1f,test
5q1g,test
5q1h,test
5q1i,test
5qa4,train
5qa5,train
5qa6,train
5qad,train
5qae,train
5qah,train
5qak,train
5qaq,train
5qar,train
5qau,train
5qax,train
5qay,train
5qb1,train
5qbv,val
5qby,val
5qc4,val
5qck,train
5qcl,train
5qcm,train
5qcn,train
5qik,test
5qil,test
5qim,test
5qin,test
5qqp,train
5qtt,train
5svx,train
5svy,train
5swf,train
5swg,train
5sxk,train
5sxn,train
5sy2,train
5sy3,train
5sym,train
5syn,train
5sz2,test
5sz9,train
5t18,val
5t19,train
5t1a,train
5t1i,train
5t1k,val
5t1l,val
5t1m,val
5t1s,test
5t1t,test
5t1u,test
5t1w,test
5t23,train
5t27,train
5t28,train
5t2b,train
5t2d,train
5t2g,train
5t2i,train
5t2l,train
5t2m,train
5t2p,train
5t2y,train
5t31,test
5t35,train
5t36,train
5t37,train
5t3n,train
5t4b,train
5t4e,train
5t4f,train
5t4h,train
5t4u,train
5t4v,train
5t5g,train
5t68,val
5t78,val
5t8e,val
5t8j,val
5t8o,train
5t8p,train
5t8q,train
5t92,val
5t97,val
5t9u,val
5t9w,val
5t9z,val
5ta2,val
5ta4,val
5ta6,test
5tb6,test
5tbe,val
5tbm,train
5tbp,train
5tc0,train
5tci,train
5tcj,train
5tco,val
5td2,train
5tdb,train
5tdw,train
5tef,train
5teg,train
5tex,test
5tha,train
5tho,train
5ti2,test
5ti4,test
5ti6,test
5tig,train
5tiu,test
5tjx,train
5tkd,train
5tks,train
5tkt,train
5tku,train
5tl9,train
5tmp,val
5tnt,train
5to8,val
5tob,val
5toe,test
5tp0,val
5tpb,train
5tpx,test
5tq1,train
5tq3,test
5tq4,test
5tq5,test
5tq6,test
5tq7,test
5tq8,test
5tqe,train
5tqf,train
5tqg,train
5tqs,train
5tqu,train
5tr6,test
5trf,val
5trg,train
5trh,train
5tri,train
5trj,train
5trk,train
5trr,train
5trs,train
5try,train
5ts0,train
5tt7,test
5ttf,train
5ttg,train
5ttw,train
5tuq,train
5tus,train
5tuy,train
5tuz,train
5tvn,train
5tw3,train
5tw5,train
5twh,train
5twj,val
5twl,train
5two,train
5twx,val
5tx3,train
5tx5,train
5tyh,train
5tyr,train
5tys,train
5tzd,test
5tzf,val
5tzg,test
5tzo,train
5tzy,train
5u0w,train
5u0y,train
5u0z,train
5u11,train
5u12,train
5u13,train
5u14,train
5u28,test
5u2c,val
5u2e,test
5u2f,test
5u49,test
5u4b,val
5u4d,val
5u4x,val
5u5h,train
5u5k,train
5u5l,train
5u5t,train
5u62,train
5u66,train
5u69,train
5u6b,train
5u6c,train
5u6d,train
5u6j,train
5u6k,train
5u6v,val
5u7m,train
5u7o,train
5u8f,train
5u98,train
5u9d,train
5uac,train
5uah,train
5ual,train
5ubt,train
5uc1,val
5uc4,val
5uch,val
5uci,val
5ucj,val
5ueu,train
5uex,train
5uey,train
5uez,train
5uf0,train
5ufi,train
5ufo,train
5ufp,train
5ufr,train
5ufs,val
5uga,val
5ugb,test
5ugd,train
5ugg,train
5ugh,train
5uig,train
5uiq,val
5uir,test
5uis,test
5uit,test
5uiu,test
5ujv,train
5uk8,train
5ukj,train
5ukk,train
5ukl,train
5ukm,train
5ul1,train
5ula,test
5ult,train
5umx,val
5umy,val
5un9,train
5unf,train
5ung,train
5unh,train
5unj,train
5unp,val
5uoo,test
5uor,train
5uov,train
5uox,train
5up3,train
5upe,train
5upf,train
5upz,train
5uqv,train
5uqx,train
5ur1,test
5ur5,train
5ur6,train
5ur9,train
5ura,train
5urj,train
5urk,train
5urm,train
5usf,train
5usq,test
5usy,test
5usz,test
5ut0,test
5ut4,test
5ut6,test
5uuu,train
5uvc,train
5uwi,train
5uwj,train
5uwp,train
5ux4,train
5uxm,train
5uxn,train
5uy8,val
5uyu,test
5uz0,val
5uzj,test
5uzk,test
5v0n,test
5v13,train
5v19,train
5v24,train
5v35,train
5v3o,train
5v3x,train
5v3y,train
5v40,train
5v41,train
5v42,train
5v49,train
5v4b,train
5v5d,train
5v5e,train
5v5n,train
5v5y,test
5v6u,train
5v79,train
5v7a,train
5v7t,train
5v7w,train
5v82,test
5v83,train
5v84,train
5v86,train
5v8o,train
5v8q,val
5v8v,train
5vad,train
5var,train
5vb5,test
5vb6,test
5vb7,test
5vc3,test
5vc4,test
5vc5,test
5vc6,test
5vcv,test
5vcw,test
5vcx,test
5vcy,test
5vcz,test
5vd0,test
5vd1,test
5vd2,test
5vd3,test
5vdk,test
5vdp,train
5vdq,train
5vdr,train
5vds,train
5vdt,train
5vdu,train
5vdv,train
5vdw,train
5vee,train
5vew,train
5vex,train
5vfc,test
5vfd,train
5vgo,val
5vh0,train
5vih,test
5vii,test
5vil,train
5vio,train
5vja,val
5vjn,train
5vjp,train
5vl2,val
5vlk,train
5vlp,train
5vlr,train
5vm0,val
5vm6,val
5vnb,train
5vo1,train
5vo2,train
5vo6,val
5voj,train
5vom,test
5vp9,train
5vpm,train
5vqq,train
5vqr,train
5vqs,train
5vqt,train
5vqu,train
5vqw,train
5vr8,train
5vrp,train
5vs6,train
5vsb,train
5vsc,train
5vsd,train
5vse,train
5vsf,train
5vsj,train
5vsk,train
5vt1,train
5vt4,train
5vyy,test
5w0e,test
5w0f,test
5w0i,test
5w0l,test
5w0q,test
5w19,train
5w2s,train
5w4r,train
5w4v,train
5w4w,val
5w5j,train
5w5o,train
5w5s,train
5w5u,val
5w5v,test
5w6i,val
5w6o,train
5w6r,val
5w6t,val
5w6u,val
5w7x,train
5w84,test
5w85,test
5w86,val
5w8h,train
5w8j,train
5w99,train
5wa5,test
5wa8,train
5wa9,train
5wal,val
5wb6,train
5wbf,train
5wbm,train
5wbo,train
5wbp,train
5wbq,train
5wbr,train
5wbz,train
5wdj,train
5wev,test
5wf5,train
5wf6,train
5wf7,train
5wfc,train
5wfd,train
5wg3,train
5wg4,train
5wg5,train
5wg6,train
5wgd,train
5wgq,train
5whc,train
5wi0,train
5wi1,train
5wic,train
5wii,train
5wij,test
5win,test
5wip,train
5wj6,train
5wjj,val
5wl0,train
5wle,train
5wlo,train
5wmg,test
5wmt,val
5wo4,val
5wp5,val
5wqc,train
5wr7,val
5wre,train
5wrs,test
5ws3,train
5wuk,train
5wuu,test
5wvd,train
5wxf,test
5wxh,train
5wxo,test
5wxp,test
5wyx,train
5wyz,train
5x26,test
5x27,test
5x28,test
5x33,train
5x4n,train
5x4q,train
5x62,val
5x72,train
5x73,train
5x74,train
5x8i,val
5xaf,train
5xag,train
5xhs,val
5xiw,train
5xmp,train
5xmr,train
5xms,train
5xmt,train
5xmu,train
5xmv,train
5xmx,train
5xo7,train
5xpl,train
5xpm,train
5xpn,train
5xpo,train
5xpp,train
5xqx,train
5xs2,train
5xs8,train
5xsr,test
5xst,test
5xsu,test
5xv7,train
5xva,train
5xvf,train
5xvg,train
5xvk,val
5xvq,val
5xw6,train
5xxk,train
5xyx,test
5xyy,test
5xzr,train
5y0f,train
5y0g,train
5y0x,train
5y0z,train
5y12,train
5y20,train
5y3o,train
5y5n,train
5y5t,test
5y5u,test
5y7w,train
5y7z,test
5y80,test
5y8c,test
5y9l,train
5ya5,val
5yc3,train
5yc4,train
5yc8,train
5ye7,train
5ye8,train
5ye9,train
5yea,train
5yf1,train
5yfs,train
5yft,train
5yfz,train
5yg2,train
5yg3,train
5yg4,train
5ygd,train
5yia,train
5yib,train
5yic,train
5yij,train
5yj8,train
5yjb,train
5yjf,val
5yji,val
5yjk,train
5yjm,train
5yjp,train
5yjy,train
5yl2,train
5ylj,train
5yls,train
5ylt,val
5ylu,test
5ymx,train
5yp5,test
5yp6,test
5ypo,train
5yql,train
5yqn,train
5yqo,train
5yqw,train
5yqx,test
5ytu,train
5yv5,train
5yve,train
5yvx,train
5ywx,train
5ywy,train
5yyf,train
5yyz,train
5yzc,train
5yzd,train
5z4h,val
5z4o,val
5z5f,train
5z66,train
5z7b,train
5z7j,train
5z89,train
5z9e,val
5za1,test
5za7,test
5za8,test
5zae,test
5zaf,test
5zag,test
5zah,test
5zaj,test
5zc5,test
5zdb,train
5zfi,train
5zg0,train
5zg1,train
5zg3,train
5zh2,train
5zh3,train
5zh4,train
5zh5,train
5zhl,val
5zia,val
5zk3,train
5zk8,train
5zkb,train
5zkc,train
5zku,train
5zla,train
5zmq,train
5zms,train
5znp,train
5znr,train
5zob,train
5ztn,test
5zun,train
5zwi,train
5zyg,train
5zyl,train
5zym,train
5zz4,val
5zzw,val
6aah,test
6aaj,val
6aak,test
6aam,test
6agg,train
6ajr,train
6ajv,test
6an1,train
6anl,val
6aol,val
6aom,val
6aox,train
6ap6,train
6ap7,train
6ap8,train
6apr,train
6apt,test
6apw,train
6aqf,train
6aqo,test
6aqq,train
6aqs,train
6ar2,train
6arj,val
6arm,train
6arn,train
6aro,train
6arv,val
6as8,train
6asz,train
6au5,val
6aud,train
6aum,train
6ax4,train
6axj,train
6axk,val
6axp,val
6axq,test
6ay3,test
6ay5,test
6ayd,test
6ayi,train
6ayn,val
6ayo,train
6ayq,train
6ayr,train
6ays,train
6ayt,train
6azk,val
6azl,val
6b16,train
6b1c,train
6b1k,train
6b22,train
6b2c,train
6b2p,val
6b31,train
6b4l,train
6b4n,train
6b4u,train
6b4w,train
6b5i,train
6b5j,train
6b5q,train
6b5r,val
6b5t,val
6b7a,train
6b7b,val
6b7c,train
6b7d,train
6b7e,train
6b7f,train
6b7h,train
6b8j,test
6b8u,test
6b8y,test
6baw,val
6bbu,val
6bbv,test
6bdy,val
6beb,train
6bec,train
6bfa,val
6bfd,test
6bfe,test
6bfn,train
6bfw,test
6bfx,test
6bg3,train
6bg5,train
6bhd,train
6bhe,train
6bhh,train
6bhi,train
6bhv,val
6bij,train
6bil,train
6bin,train
6bir,train
6biv,train
6bix,train
6biy,train
6biz,train
6bm5,val
6bm6,val
6bmr,train
6bmv,train
6bmx,train
6bnk,train
6bnl,train
6bny,test
6bod,test
6boy,train
6bqg,train
6bqh,train
6bqj,train
6bqk,train
6br2,val
6br3,val
6bsk,test
6bsx,train
6bt6,train
6bu0,train
6bu3,train
6bvb,train
6bw2,train
6bw5,train
6bw8,train
6c0n,train
6c0r,train
6c0s,train
6c0t,test
6c0u,test
6c1s,train
6c28,train
6c2r,test
6c2y,train
6c3e,train
6c4d,train
6c4g,train
6c4u,train
6c5f,train
6c5q,train
6c7r,val
6c85,train
6c91,val
6c98,train
6c99,train
6c9s,val
6c9v,val
6cb5,train
6cbf,train
6cbg,train
6cbh,train
6ccl,train
6ccn,train
6cco,train
6ccq,train
6ccs,train
6ccy,test
6cd4,test
6cdj,train
6cdl,train
6ce6,train
6ce8,train
6cea,train
6cec,train
6ced,train
6cee,train
6cef,train
6cen,train
6cer,train
6cex,val
6cf5,val
6cfc,train
6cfd,train
6cgt,train
6chh,val
6chl,train
6chm,train
6chn,train
6cho,train
6chp,train
6chq,train
6cis,test
6ciy,test
6cj1,test
6cj5,train
6cje,train
6cjh,train
6cjr,val
6cjs,val
6cjw,train
6cjy,train
6ck3,train
6ck6,train
6ckc,train
6cki,train
6ckr,train
6cks,train
6ckw,train
6ckx,train
6clv,train
6cmj,train
6cmr,train
6cms,train
6cn5,train
6cn6,train
6coj,train
6cpw,val
6cq1,train
6cq4,test
6cq5,test
6cqf,train
6cvw,train
6cvx,train
6cvy,train
6cwf,train
6cwh,train
6cwi,train
6cwn,train
6cz3,val
6cz4,test
6czi,train
6czv,test
6d15,train
6d16,train
6d17,train
6d18,train
6d28,val
6d50,train
6d55,train
6d56,train
6d59,train
6d5e,train
6d5g,train
6d5h,train
6d5j,train
6dai,train
6dak,train
6dar,train
6das,train
6db3,val
6dcg,val
6df1,val
6df2,val
6df4,val
6df7,val
6dgl,train
6dgq,train
6dgr,train
6dgt,train
6dgx,train
6dgy,train
6dgz,train
6dh0,train
6dh1,train
6dh2,train
6dh3,train
6dh4,train
6dh5,train
6dh6,train
6dh7,train
6dh8,train
6dhc,test
6di0,val
6dif,train
6dik,train
6dil,train
6dj1,train
6dj2,train
6dj5,train
6dj7,train
6djc,train
6dk1,train
6dkb,test
6dkg,test
6dki,test
6dl2,test
6dm8,train
6dne,test
6dpt,train
6dpx,train
6dpy,train
6dpz,train
6drx,train
6dry,train
6drz,train
6ds0,train
6dsp,train
6dub,train
6duf,train
6dug,train
6duh,train
6dxg,test
6dxl,test
6dxx,train
6dy7,train
6dyr,train
6dys,train
6dyu,train
6dyv,train
6dyw,train
6dyy,train
6dyz,train
6dz0,train
6dz2,train
6dz3,train
6e1y,train
6e1z,train
6e22,train
6e23,train
6e2m,train
6e2n,train
6e2o,train
6e4a,train
6e4f,train
6e4u,test
6e4w,test
6e59,train
6e5l,train
6e5t,train
6e6m,train
6e7j,train
6e7r,test
6e7t,test
6e7u,test
6e8k,train
6e8m,train
6e99,test
6e9a,train
6e9l,test
6e9w,test
6ed6,test
6ehh,val
6ei5,test
6eif,test
6eij,test
6eil,test
6eip,test
6eiq,test
6eir,val
6eis,test
6eiz,train
6ej2,train
6ej3,train
6ej4,test
6ek3,train
6ekd,val
6ekq,train
6eku,train
6el5,test
6eln,test
6elo,test
6elp,test
6emh,val
6en4,train
6enx,train
6eo0,train
6eo8,train
6eo9,train
6eog,train
6eol,train
6ep4,train
6epz,train
6eq1,train
6eq2,test
6eq3,test
6eq5,test
6eq7,test
6eq8,train
6eqm,test
6eqs,train
6es0,train
6esj,train
6esn,test
6esy,train
6etj,train
6euc,train
6euv,train
6euw,train
6eux,train
6euz,train
6ev0,train
6ew6,train
6ew7,train
6eww,train
6ex0,train
6exm,train
6exs,train
6ey8,test
6ey9,test
6eya,test
6eyb,test
6ez6,train
6ezg,train
6ezh,train
6ezq,train
6f05,train
6f08,train
6f09,train
6f1n,test
6f1x,test
6f20,test
6f22,test
6f23,test
6f28,val
6f29,val
6f34,train
6f3d,test
6f3e,test
6f3g,test
6f3i,val
6f4w,train
6f4x,train
6f5h,train
6f5m,train
6f5u,train
6f5w,train
6f6i,train
6f6s,train
6f7q,train
6f9g,train
6fa3,train
6fa4,train
6fam,train
6fap,train
6fav,train
6faw,train
6fba,train
6fbw,train
6fby,train
6fcj,test
6fcl,test
6fel,train
6fer,val
6few,test
6ffi,train
6fg6,train
6fgf,train
6fgg,train
6fgl,train
6fgq,test
6fh3,train
6fh7,train
6fhq,train
6fhu,train
6fi4,train
6fi5,train
6fii,train
6fil,val
6fiv,train
6fjm,train
6fky,train
6fkz,train
6flg,train
6fmc,train
6fmf,train
6fmi,train
6fmj,train
6fmk,train
6fn9,train
6fnf,val
6fng,val
6fni,val
6fnj,val
6fnq,train
6fnr,train
6fns,train
6fnt,train
6fnx,train
6fo5,train
6fo7,train
6fo8,train
6fo9,train
6fob,train
6fod,train
6fqo,test
6fqu,test
6fr0,test
6fr2,train
6frf,test
6fs0,val
6fs1,train
6fse,train
6fsy,test
6ft7,test
6ft8,val
6ftf,train
6ftn,train
6fty,train
6ftz,train
6fu5,train
6fug,train
6fuh,train
6fui,train
6fuj,train
6fut,train
6fx1,train
6fyi,val
6fyk,val
6fyl,test
6fyp,test
6fyv,test
6fz4,val
6fzu,test
6g07,test
6g0q,test
6g0v,train
6g0w,train
6g0z,train
6g14,train
6g15,train
6g1u,train
6g1v,train
6g1w,train
6g24,train
6g25,train
6g27,train
6g29,train
6g2b,train
6g2c,train
6g2e,train
6g2f,train
6g2o,train
6g2r,train
6g2s,train
6g36,test
6g37,test
6g38,test
6g4m,train
6g4n,train
6g4y,train
6g4z,train
6g6w,train
6g6y,train
6g6z,train
6g91,train
6g92,train
6g93,train
6g97,train
6g9a,train
6g9b,train
6g9d,train
6g9h,train
6g9i,train
6g9j,train
6g9k,train
6g9m,train
6g9n,train
6ge0,train
6ge7,train
6gf9,train
6gfs,train
6gfx,train
6gfy,train
6gfz,train
6gg5,train
6ggb,test
6ggf,test
6ggn,train
6ghh,train
6ghj,train
6ghp,train
6gi6,train
6gih,val
6gin,train
6gip,train
6gj6,train
6gj8,train
6gji,val
6gjj,val
6gjl,val
6gjm,val
6gjr,val
6gjy,val
6gl3,train
6gl8,train
6gl9,val
6gla,val
6glb,val
6gmd,val
6gmq,train
6gmx,train
6gnp,test
6gnr,test
6gnw,test
6goo,val
6gqm,train
6gr7,test
6grp,test
6gu3,train
6gu4,train
6gu6,train
6gu7,train
6gue,train
6guf,train
6guh,train
6guk,train
6gvf,train
6gvz,train
6gw1,train
6gw4,train
6gwe,train
6gwr,train
6gxg,train
6gzd,val
6gzh,val
6gzm,val
6h3k,test
6h7j,train
6h7l,train
6h7m,train
6h7n,train
6h7o,train
6h8s,train
6h9b,train
6hai,train
6hax,train
6hay,train
6hd4,test
6hd6,test
6hdn,test
6hdo,test
6hdq,test
6hgi,train
6hgj,train
6hgr,test
6hgs,test
6hhr,test
6hjj,test
6hjk,test
6hk3,val
6hk4,val
6hke,train
6hlx,train
6hly,train
6hlz,train
6hm1,train
6hm4,train
6hm6,test
6hm7,test
6hmg,train
6hmx,train
6hoq,val
6hoy,test
6hq7,train
6hr2,train
6ht1,train
6hvh,train
6hvi,train
6hvj,train
6hzy,train
6i0z,train
6i11,train
6i12,train
6i13,train
6i14,train
6i17,train
6i18,train
6i3s,test
6i61,val
6i62,val
6i63,val
6i64,val
6i65,val
6i66,val
6i67,val
6i8m,val
6i8t,val
6i8y,train
6ibk,train
6idg,val
6iez,train
6if0,train
6ift,val
6iik,train
6iil,train
6iin,train
6iiu,train
6iiv,train
6ixd,train
6j0g,train
6j0o,train
6j1l,train
6j3o,train
6j3p,train
6jad,train
6jag,train
6jao,train
6jap,train
6jaw,train
6jbb,train
6jfk,train
6jof,val
6jtc,train
6k04,train
6k3l,test
6kjd,train
6m9t,train
6ma1,train
6ma2,train
6ma3,train
6ma4,train
6ma5,train
6maj,train
6md6,train
6md8,train
6mg5,train
6mh1,test
6mh7,train
6mi6,train
6mil,train
6mim,train
6min,train
6miq,train
6mj4,train
6mj7,train
6mji,train
6mll,train
6mnc,train
6mrg,train
6mvu,train
6mvx,test
6mwe,test
6mx3,test
6mx8,val
6mxe,test
6n3v,train
6n3w,train
6n3x,train
6n3y,train
6n78,train
6n79,train
6n7a,train
6n7b,train
6n7d,train
6n8x,test
6n95,train
6nao,train
6ncn,train
6nco,train
6ndl,train
6ne5,train
6nfh,val
6nfy,test
6nmb,test
6no9,test
6np2,test
6np3,test
6np4,test
6np5,test
6nu1,train
6nu5,train
6nv7,train
6nv9,train
6nw3,train
6nwk,val
6nwl,val
6ny0,train
6nyv,train
6nzv,train
6o0k,train
6o0m,train
6o0o,train
6o0p,train
6o48,train
6o5a,train
6o5u,test
6o5x,train
6o94,test
6o95,test
6olx,test
6om8,train
6ooy,train
6oqb,train
6oqc,train
6oqd,train
6orr,val
6otg,train
6p3t,train
6p3v,train
6p83,train
6p84,train
6p85,train
6p86,train
6p87,train
6p88,train
6p89,train
6p8a,train
6p9e,train
6pg3,train
6pg4,train
6pg5,train
6pg6,train
6pg7,train
6pg8,train
6pg9,train
6pga,train
6pgb,train
6pgc,train
6pge,train
6phx,train
6pi5,train
6pi6,train
6pl1,test
6plf,train
6poi,train
6ppy,train
6prc,train
6prf,train
6pve,val
6pvz,train
6q3y,train
6q3z,train
6q4g,train
6q54,val
6q60,val
6q6y,train
6q73,train
6q74,train
6qas,test
6qau,test
6qav,val
6qe0,val
6qe5,val
6qge,train
6qgf,train
6qgg,train
6qgh,train
6qln,train
6qlo,train
6qlp,train
6qlq,train
6qlr,train
6qls,train
6qlt,train
6qlu,train
6qmj,train
6qmk,train
6qpl,train
6qqq,train
6qqu,train
6qqv,train
6qqw,train
6qqz,train
6qr0,train
6qr1,train
6qr2,train
6qr3,train
6qr4,train
6qr7,train
6qr9,train
6qrc,train
6quv,train
6qz5,train
6r0v,train
6r11,train
6r13,train
6r18,train
6r1a,train
6r1b,train
6r1d,train
6r1w,train
6r4k,train
6r8l,test
6r8o,test
6r8w,test
6r9u,test
6r9x,test
6rih,train
6rot,test
6rtw,train
6s4n,train
6s4t,train
6s56,test
6s57,test
6s5k,train
6sbt,val
6ssy,train
6st0,train
6stl,train
6szp,train
6t1i,train
6t1m,train
6t1n,train
6ud2,train
6udi,train
6udt,train
6udu,train
6udv,train
6ueg,train
7prc,train
8a3h,train
