pid,split
10gs,train
11gs,train
13gs,train
16pk,test
184l,train
185l,train
186l,train
187l,train
188l,train
1a07,train
1a08,train
1a09,train
1a0q,train
1a1b,train
1a1c,train
1a1e,train
1a28,train
1a2c,train
1a30,train
1a3e,train
1a42,train
1a46,train
1a4g,train
1a4h,train
1a4m,train
1a4q,train
1a4r,train
1a4w,train
1a52,train
1a5g,train
1a5h,train
1a61,train
1a69,train
1a7c,test
1a7t,train
1a7x,train
1a85,train
1a86,train
1a8i,train
1a8t,train
1a94,train
1a99,train
1a9m,train
1a9q,train
1a9u,train
1aaq,train
1abt,train
1ad8,train
1add,train
1adl,train
1ado,test
1af2,val
1af6,val
1ag9,train
1agm,val
1agw,train
1aht,train
1ahx,train
1ahy,train
1ai4,test
1ai5,test
1ai6,test
1ai7,test
1aid,train
1aj6,train
1aj7,train
1ajn,test
1ajp,test
1ajq,test
1ajv,train
1ajx,train
1akq,train
1akr,train
1akt,train
1aku,train
1akv,train
1akw,train
1al8,val
1alw,test
1amk,train
1amn,train
1amw,train
1anf,train
1ao8,test
1apb,train
1apv,train
1apw,train
1aq1,train
1aq7,train
1aqc,val
1aqi,val
1at5,test
1at6,test
1atl,train
1atr,train
1au0,train
1au2,train
1avd,train
1avn,train
1aw1,train
1awf,train
1awi,val
1ax0,train
1ax1,train
1ax2,train
1axr,train
1axs,train
1axz,train
1ayu,train
1ayv,train
1aze,train
1azg,train
1azl,train
1azm,train
1b05,train
1b0f,train
1b0h,train
1b11,train
1b1h,train
1b2h,train
1b2i,train
1b2m,test
1b32,train
1b3f,train
1b3g,train
1b3h,train
1b40,train
1b42,test
1b46,train
1b4d,train
1b4h,train
1b4z,train
1b51,train
1b52,train
1b55,test
1b56,train
1b57,test
1b58,train
1b5g,train
1b5h,train
1b5i,train
1b5j,train
1b6h,train
1b6j,train
1b6k,train
1b6l,train
1b6m,train
1b6p,train
1b74,test
1b7h,train
1b8n,train
1b8o,train
1b8y,train
1b9j,train
1b9s,train
1b9v,train
1ba8,train
1bai,val
1bap,train
1bb0,train
1bbz,train
1bcd,train
1bcj,train
1bcu,train
1bdl,train
1bdq,train
1bdr,train
1bgo,train
1bgq,train
1bhf,train
1bhx,train
1bil,train
1bim,train
1biw,train
1bji,train
1bjr,val
1bju,train
1bjv,train
1bkj,val
1bkm,train
1bky,test
1bl4,train
1bl6,train
1bl7,train
1bm2,train
1bm6,train
1bm7,train
1bma,train
1bmk,train
1bmm,train
1bmn,train
1bmq,train
1bn1,train
1bn3,train
1bn4,train
1bnm,train
1bnn,train
1bnq,train
1bnt,train
1bnu,train
1bnv,train
1bnw,train
1bo5,val
1bp0,train
1bq3,val
1bqo,train
1br5,train
1br6,train
1br8,test
1bra,train
1bsk,train
1bt6,train
1btn,val
1bty,train
1bug,val
1bux,train
1bv7,train
1bv9,train
1bwa,train
1bwb,train
1bwn,test
1bxl,train
1bxq,train
1bzc,train
1bzf,test
1bzh,train
1bzj,train
1bzs,train
1bzy,train
1c1r,train
1c1u,train
1c1v,train
1c2t,train
1c3e,train
1c3i,train
1c3r,val
1c3x,val
1c4u,train
1c4v,train
1c4y,train
1c50,train
1c5c,train
1c5f,train
1c5n,train
1c5o,train
1c5p,train
1c5q,train
1c5s,train
1c5t,train
1c5x,train
1c5y,train
1c6y,train
1c70,train
1c7e,train
1c7f,train
1c83,train
1c84,train
1c85,train
1c86,train
1c87,train
1c88,train
1c8k,train
1c9d,train
1caq,train
1cbr,train
1cbx,train
1ce5,train
1ceb,train
1cgl,train
1ch8,test
1ci7,train
1cil,train
1cim,train
1cin,train
1ciz,train
1cj1,train
1cka,train
1ckb,train
1clu,train
1cnw,train
1cnx,train
1cny,train
1cpi,train
1cps,train
1cqp,train
1cr6,train
1cs4,train
1ct8,train
1ctr,train
1ctt,val
1ctu,val
1cwb,train
1cwc,train
1cx9,train
1cyn,train
1czc,train
1cze,train
1czk,train
1czl,train
1czo,train
1czr,train
1d04,train
1d1p,test
1d2e,test
1d2s,test
1d3d,train
1d3p,train
1d3q,train
1d4h,train
1d4i,train
1d4j,train
1d4k,train
1d4l,train
1d4p,train
1d4t,test
1d5j,train
1d5r,val
1d6n,train
1d6s,test
1d6v,train
1d6w,train
1d7i,train
1d7j,train
1d7x,train
1d8e,train
1d8f,train
1d8m,train
1d9i,train
1db1,train
1db4,train
1db5,train
1dbb,train
1dbj,train
1dbk,train
1ddm,val
1det,test
1df8,train
1dg9,test
1dgm,test
1dhj,test
1di8,train
1di9,train
1dif,train
1dis,test
1dkd,val
1dl7,train
1dm2,train
1dmb,train
1dmp,train
1dmt,test
1doj,train
1dpu,val
1dqn,val
1dqx,train
1drj,test
1drk,test
1drv,val
1dth,train
1dtq,train
1dud,train
1dva,train
1dwc,train
1dwd,train
1dx6,train
1dxp,train
1dzj,train
1dzk,train
1dzm,train
1dzp,train
1e00,train
1e02,train
1e03,test
1e06,train
1e2k,val
1e2l,val
1e34,train
1e37,train
1e3g,train
1e3v,test
1e4h,train
1e5a,train
1e5j,train
1e6s,train
1e72,train
1e9h,train
1eas,train
1eat,train
1eb2,train
1ebw,train
1eby,train
1ebz,train
1ec0,train
1ec1,train
1ec2,train
1ec3,train
1ec9,val
1ecv,train
1eef,train
1eei,train
1efi,train
1efy,train
1egh,test
1eix,val
1ej4,train
1ejn,train
1ek1,train
1ek2,train
1ekb,train
1ela,train
1elb,train
1elc,train
1eld,train
1ele,train
1elr,test
1els,train
1ent,train
1enu,train
1eoc,train
1eou,train
1epo,train
1erb,test
1err,train
1ets,train
1ett,train
1etz,train
1eub,train
1eve,train
1evh,val
1ew8,val
1ew9,val
1ewj,val
1exv,train
1exw,val
1ez9,train
1ezf,train
1ezq,train
1f0q,train
1f0r,train
1f0s,train
1f0u,train
1f1j,train
1f28,train
1f2o,val
1f2p,val
1f3e,train
1f3j,train
1f40,train
1f47,test
1f4e,train
1f4f,train
1f4g,train
1f4x,train
1f57,train
1f5k,train
1f5l,train
1f73,test
1f74,test
1f7b,test
1f8a,train
1f8b,train
1f8d,train
1f8e,train
1f90,train
1f9e,train
1f9g,val
1fao,val
1fbm,test
1fch,val
1fcx,train
1fcy,train
1fcz,train
1fd0,train
1fd7,train
1fdq,train
1fe3,train
1ff1,test
1fgi,train
1fh7,train
1fh8,train
1fh9,train
1fhd,train
1fhr,val
1fig,train
1fiv,train
1fj4,train
1fjs,train
1fkb,train
1fkf,train
1fkg,train
1fkh,train
1fki,train
1fkn,train
1fkw,train
1fl3,train
1fl6,train
1flm,val
1flr,train
1fls,train
1fm9,train
1fmb,train
1fo0,train
1fo3,val
1fpc,train
1fpi,train
1fpp,train
1fq4,train
1fq5,train
1fq6,train
1fq7,train
1fq8,train
1fsg,train
1ft4,val
1ft7,train
1fta,train
1ftj,train
1ftk,train
1ftl,train
1ftm,train
1fv0,train
1fv9,train
1fvt,train
1fvv,train
1fw0,train
1fwe,val
1fwu,val
1fwv,val
1fyr,train
1fzq,val
1g05,train
1g1d,train
1g1e,val
1g27,train
1g2a,train
1g2k,train
1g2l,train
1g2m,train
1g2o,train
1g30,train
1g32,train
1g35,train
1g36,train
1g37,train
1g3b,train
1g3c,train
1g3d,train
1g3e,train
1g3f,train
1g3m,test
1g45,train
1g46,train
1g48,train
1g49,train
1g4j,train
1g4k,train
1g4o,train
1g50,train
1g52,train
1g53,train
1g54,train
1g5f,val
1g5s,train
1g6s,train
1g74,train
1g7f,train
1g7g,train
1g7p,train
1g7q,train
1g7v,test
1g85,train
1g9b,train
1g9r,val
1g9s,train
1g9t,train
1ga8,val
1gaf,train
1gag,train
1gah,val
1gai,val
1gbq,train
1gbt,train
1gca,val
1gcz,train
1gfw,train
1gfy,train
1gfz,train
1ggd,train
1ggn,train
1ghv,train
1ghw,train
1ghz,train
1gi1,train
1gi6,train
1gi7,train
1gj4,train
1gj6,train
1gj7,train
1gja,train
1gjd,train
1gni,train
1gnj,train
1gnm,train
1gnn,train
1gno,train
1gny,val
1gpk,train
1gpy,train
1gqs,train
1grp,val
1gsf,val
1gsz,train
1gt1,train
1gt3,train
1gt4,train
1gu3,val
1gux,test
1gvk,train
1gvw,train
1gvx,train
1gwm,val
1gwr,train
1gwv,train
1gww,train
1gx0,train
1gx4,train
1gx8,train
1gym,val
1gyx,val
1gyy,val
1gz9,train
1gzc,train
1gzv,test
1h01,train
1h0a,val
1h0r,train
1h0w,train
1h1b,train
1h1d,train
1h1h,train
1h1p,train
1h1q,train
1h1r,train
1h1s,train
1h22,train
1h23,train
1h24,train
1h25,train
1h28,train
1h2k,train
1h2t,val
1h35,train
1h36,train
1h37,train
1h39,train
1h3a,train
1h3b,train
1h3c,train
1h3h,train
1h46,test
1h4n,train
1h4w,train
1h5u,train
1h5v,train
1h60,test
1h61,test
1h62,test
1h6e,test
1h6h,val
1h7a,val
1h8l,val
1h8y,train
1h9l,train
1h9z,train
1ha2,train
1haa,train
1hbj,train
1hbv,train
1hc9,train
1hdq,train
1hdt,train
1hee,train
1hef,train
1heg,train
1hfs,train
1hge,train
1hgi,train
1hgj,train
1hi3,train
1hi4,train
1hi5,train
1hih,train
1hii,train
1him,train
1hiv,train
1hiy,train
1hk1,train
1hk2,train
1hk3,train
1hk4,train
1hk5,train
1hkj,train
1hkk,train
1hkm,train
1hlf,train
1hlk,train
1hmr,train
1hms,train
1hmt,train
1hn4,train
1hnn,train
1hos,train
1hp0,train
1hp5,train
1hpo,train
1hps,train
1hpv,train
1hpx,train
1hqf,train
1hqh,train
1hrn,train
1hs6,train
1hsg,train
1hsh,train
1hsl,train
1hte,train
1htf,train
1htg,train
1hti,train
1hv5,train
1hvh,train
1hvi,train
1hvj,train
1hvk,train
1hvl,train
1hvr,train
1hvs,train
1hvy,train
1hwr,train
1hww,train
1hxb,train
1hxk,train
1hxw,train
1hy7,train
1hyo,val
1i00,train
1i2s,train
1i32,test
1i33,test
1i37,train
1i5h,train
1i5r,val
1i72,train
1i7c,train
1i7g,train
1i7i,train
1i7m,train
1i7z,train
1i80,train
1i8i,train
1i8z,train
1i90,train
1i91,train
1i9l,train
1i9m,train
1i9n,train
1i9o,train
1i9p,train
1i9q,train
1iau,train
1ibc,train
1ibg,train
1icj,train
1ida,train
1idb,train
1ie9,train
1iep,train
1iew,test
1if7,train
1if8,train
1igb,train
1ih0,test
1iht,train
1ihy,test
1ii5,val
1iig,train
1iih,train
1iiq,train
1ijr,train
1ik4,test
1ikt,val
1ikw,train
1ikx,train
1iky,train
1il3,train
1il4,train
1il5,train
1il9,train
1ilq,val
1imx,val
1inc,train
1ind,train
1inf,train
1ing,train
1inh,train
1inq,train
1iq1,train
1is0,train
1iup,test
1ivp,train
1iwq,train
1iy7,train
1iyl,train
1izh,train
1izi,train
1j01,train
1j14,train
1j15,train
1j16,train
1j17,train
1j19,val
1j1a,train
1j36,train
1j37,train
1j4k,val
1j4q,train
1j4r,train
1j5i,val
1jak,train
1jao,train
1jaq,train
1jbd,train
1jcx,test
1jd0,train
1jd5,train
1jd6,train
1jdj,val
1jet,train
1jeu,train
1jev,train
1jfh,train
1jg0,train
1jgl,train
1jh1,train
1jif,val
1jii,train
1jij,train
1jik,train
1jil,train
1jiz,train
1jj9,train
1jje,train
1jjk,val
1jjt,train
1jk7,train
1jld,train
1jlq,train
1jlr,val
1jlx,val
1jm4,train
1jmf,train
1jmg,train
1jmi,train
1jn2,test
1jn4,train
1joc,val
1joj,test
1jp5,train
1jq8,train
1jq9,train
1jqd,test
1jqe,test
1jqy,train
1jr1,test
1jrs,train
1jsv,train
1jt1,train
1jtq,train
1juf,train
1juj,train
1juq,train
1jut,train
1juy,test
1jvp,train
1jvu,train
1jwm,train
1jws,train
1jwt,train
1jwu,train
1jyc,test
1jyi,test
1jyq,train
1jys,train
1jzs,val
1k03,test
1k1i,train
1k1j,train
1k1l,train
1k1m,train
1k1n,train
1k1o,train
1k1p,train
1k1y,val
1k21,train
1k22,train
1k27,test
1k2i,train
1k4h,train
1k6c,train
1k6p,train
1k6t,train
1k6v,train
1k9q,train
1k9r,train
1ka7,test
1kat,val
1kc5,train
1kcs,train
1kdk,test
1ke5,train
1ke6,train
1ke7,train
1ke8,train
1ke9,train
1kel,train
1kf0,test
1kf6,test
1kjr,train
1kkq,train
1kl3,train
1kl5,train
1klg,train
1kll,val
1klu,train
1km3,train
1kmv,train
1kmy,val
1kna,train
1kne,train
1koj,test
1kqb,val
1ksn,train
1kti,train
1ktt,train
1kug,train
1kui,train
1kuk,train
1kv1,train
1kv2,train
1kv5,train
1kvo,train
1kwr,train
1kyv,train
1kz8,train
1kzk,train
1kzn,train
1l0a,test
1l2s,train
1l2z,val
1l6m,train
1l83,train
1l8g,train
1laf,train
1lag,train
1lah,train
1lan,test
1lb6,test
1lbf,test
1lbk,train
1lcj,train
1ld7,train
1ld8,train
1lee,train
1leg,train
1lek,train
1lf2,train
1lf3,train
1lf8,train
1lf9,val
1lgt,val
1lgw,train
1lhu,test
1lhv,test
1lhw,test
1li2,train
1li3,train
1li6,train
1ljt,train
1lke,val
1lkk,train
1lkl,train
1lkx,train
1ll4,train
1llb,train
1lnm,val
1lol,train
1loq,train
1lor,train
1los,train
1lox,val
1lpg,train
1lpk,train
1lpz,train
1lq2,test
1lqd,train
1lst,train
1lt5,train
1lt6,train
1lv8,train
1lvu,train
1lxf,train
1lxh,train
1lyb,train
1lyx,train
1lzo,train
1lzq,train
1m0b,train
1m0o,test
1m0q,test
1m21,val
1m2p,train
1m2q,train
1m2r,train
1m2x,train
1m48,test
1m51,train
1m5c,train
1m5d,train
1m5w,val
1m6p,val
1m74,val
1m7i,train
1m7q,train
1m7y,val
1m9n,train
1mai,val
1mau,test
1me3,train
1me4,train
1me8,test
1mem,train
1mes,train
1met,train
1meu,train
1mf4,train
1mfa,train
1mfd,train
1mfg,train
1mfi,train
1mh5,train
1mhw,train
1mik,train
1mjj,train
1ml1,train
1mm6,train
1mm7,train
1mmq,train
1mnc,train
1moq,val
1mpa,train
1mq1,train
1mq5,train
1mq6,train
1mqd,train
1mqg,train
1mqh,train
1mqi,train
1mqj,train
1mrn,train
1mrs,train
1mrw,train
1mrx,train
1ms0,val
1ms6,train
1ms7,train
1msm,train
1msn,train
1mto,val
1mtr,train
1mu6,train
1mu8,train
1mue,train
1mui,train
1mv0,val
1mwn,train
1mwt,val
1mxl,train
1mxu,train
1my2,train
1my3,train
1my4,train
1mzc,train
1mzs,train
1n0s,val
1n0t,train
1n1g,val
1n1m,train
1n1t,val
1n1v,val
1n2v,train
1n3i,train
1n3w,train
1n3z,train
1n43,train
1n46,train
1n4h,train
1n4k,val
1n4m,test
1n51,val
1n5r,train
1n5z,val
1n7i,train
1n7j,train
1n7m,train
1n7t,train
1n8u,val
1n8v,val
1n94,train
1n95,train
1n9a,train
1n9m,train
1nax,train
1nc1,train
1nc3,train
1nc6,train
1ndj,train
1ndv,train
1ndw,train
1ndy,train
1ndz,train
1nf8,val
1nfs,test
1nfu,train
1nfw,train
1nfx,train
1nfy,train
1ngw,train
1nh0,train
1nhg,val
1nhu,train
1nhv,train
1nhw,val
1nhx,train
1nhz,train
1ni1,train
1nj1,train
1nja,train
1njb,train
1njc,train
1njd,train
1nje,train
1njj,val
1njs,train
1njt,train
1nju,train
1nki,test
1nkm,train
1nl4,train
1nl6,train
1nl9,train
1nli,train
1nlj,train
1nlo,train
1nlp,train
1nm6,train
1nmk,train
1nms,train
1nnk,train
1nnu,val
1nny,train
1no6,train
1no9,train
1noj,train
1nok,train
1nox,val
1np0,test
1npa,train
1npv,train
1npw,train
1npz,train
1nq0,train
1nq7,train
1nqc,train
1nt1,train
1ntv,val
1nu3,val
1nu8,train
1nvq,train
1nvr,train
1nvs,train
1nw5,val
1nw7,val
1nwl,train
1nyx,train
1nz7,train
1nzq,train
1o0d,train
1o0f,train
1o0h,train
1o0m,train
1o0n,train
1o0o,train
1o2g,train
1o2h,train
1o2j,train
1o2k,train
1o2n,train
1o2o,train
1o2p,train
1o2q,train
1o2r,train
1o2s,train
1o2t,train
1o2u,train
1o2v,train
1o2w,train
1o2x,train
1o2y,train
1o2z,train
1o30,train
1o32,train
1o33,train
1o34,train
1o35,train
1o36,train
1o37,train
1o38,train
1o39,train
1o3b,train
1o3c,train
1o3d,train
1o3e,train
1o3f,train
1o3g,train
1o3h,train
1o3i,train
1o3j,train
1o3k,train
1o3l,train
1o3p,train
1o41,train
1o42,train
1o43,train
1o44,train
1o45,train
1o46,train
1o47,train
1o48,train
1o4a,train
1o4b,train
1o4d,train
1o4e,train
1o4f,train
1o4g,train
1o4h,train
1o4i,train
1o4j,train
1o4k,train
1o4l,train
1o4m,train
1o4n,train
1o4o,train
1o4p,train
1o4q,train
1o5a,train
1o5b,train
1o5c,train
1o5e,train
1o5f,train
1o5g,train
1o5m,train
1o5p,val
1o5r,train
1o6h,train
1o6i,train
1o6q,train
1o6r,train
1o79,train
1o86,train
1o8b,val
1o9d,train
1o9k,test
1oai,val
1oar,train
1oau,train
1oay,train
1oba,val
1obx,val
1ocn,val
1ocq,train
1od8,train
1odi,train
1odj,train
1ody,train
1oe0,train
1oe7,test
1oe8,test
1oeb,train
1ogd,val
1ogu,train
1ogx,test
1ogz,test
1ohr,train
1oi9,train
1oif,train
1oim,train
1oiq,train
1oir,train
1oit,train
1oiu,train
1oiy,train
1oj5,val
1ok7,train
1okl,train
1oko,train
1okw,train
1okx,train
1oky,train
1okz,train
1ol1,train
1ol2,train
1ols,train
1olu,train
1om1,train
1om2,val
1om9,test
1ong,train
1onh,train
1onp,train
1ony,train
1onz,train
1opi,test
1oq5,train
1oqp,train
1ork,val
1os0,train
1os5,train
1osg,val
1oss,train
1osv,train
1oth,val
1ouk,train
1ouy,train
1ov3,val
1ove,train
1ow6,test
1ow7,test
1ow8,test
1owd,train
1owe,train
1owh,train
1owi,train
1owj,train
1owk,train
1ox9,val
1oxg,train
1oxn,train
1oxq,train
1oxr,train
1oy7,train
1oyq,train
1oyt,train
1p0y,test
1p17,train
1p19,train
1p1n,train
1p1o,train
1p1q,train
1p28,val
1p2a,train
1p2g,train
1p4r,train
1p4u,test
1p57,train
1p6d,val
1p6e,val
1p7m,val
1p93,train
1pa9,test
1pau,train
1pb8,train
1pb9,train
1pbk,train
1pbq,train
1pcg,train
1pdq,train
1pf7,train
1pf8,train
1pfu,val
1pfy,val
1pg2,val
1pgp,val
1pkx,train
1pl0,train
1pme,train
1pmn,train
1pmu,train
1pmv,train
1pmx,val
1pop,train
1pot,train
1ppc,train
1pph,train
1ppi,train
1ppk,train
1ppl,train
1ppm,train
1ppw,test
1ppx,test
1pq6,train
1pqc,train
1pr1,train
1pr5,train
1prm,train
1pro,train
1ps3,train
1pu7,val
1pu8,val
1pum,train
1pun,test
1puq,test
1pus,test
1pvn,train
1pwp,train
1pwq,train
1pwu,train
1pwy,train
1pxi,train
1pxj,train
1pxk,train
1pxl,train
1pxm,train
1pxn,train
1pxo,train
1pxp,train
1py2,test
1py5,train
1pye,train
1pyn,train
1pyw,train
1pz5,train
1pzi,train
1pzj,train
1pzo,train
1pzp,train
1q0b,train
1q1g,test
1q1m,train
1q1y,train
1q3d,train
1q3w,train
1q41,train
1q4l,train
1q4w,train
1q4x,train
1q54,test
1q5k,train
1q5l,train
1q63,train
1q65,train
1q66,train
1q6j,train
1q6k,train
1q6m,train
1q6p,train
1q6t,train
1q72,train
1q7a,train
1q83,train
1q8t,train
1q8u,train
1q8w,train
1q9d,train
1q9m,train
1qan,val
1qaq,val
1qaw,val
1qb1,train
1qb6,train
1qb9,train
1qbo,train
1qbq,train
1qbr,train
1qbs,train
1qbt,train
1qbu,train
1qbv,train
1qca,val
1qcp,train
1qf0,train
1qf1,train
1qf2,train
1qf4,test
1qf5,test
1qfs,train
1qft,val
1qhc,train
1qhr,train
1qi0,train
1qin,test
1qj1,train
1qj6,train
1qj7,train
1qja,train
1qji,test
1qk4,train
1qka,train
1qkb,train
1qkn,train
1qkt,train
1qku,train
1ql7,train
1ql9,train
1qm4,val
1qng,train
1qnh,train
1qon,train
1qpe,train
1qpf,train
1qpl,train
1qq9,val
1qr3,train
1qs4,train
1qsc,test
1qti,train
1qtn,train
1qvt,train
1qvu,train
1qw7,val
1qwe,train
1qwf,train
1qwu,train
1qx1,train
1qxk,train
1qxl,train
1qxw,train
1qxy,train
1qxz,train
1qy1,test
1qy2,test
1qyg,train
1r0p,train
1r17,val
1r1h,test
1r1i,test
1r1j,test
1r2b,train
1r4w,val
1r58,train
1r5g,train
1r5h,train
1r5n,val
1r5v,train
1r5w,train
1r5y,train
1r6g,train
1r6n,val
1r6z,train
1r78,train
1r9l,val
1rbp,test
1rd4,train
1rdi,train
1rdj,train
1rdl,train
1rdn,train
1rdt,train
1re1,train
1re8,train
1rej,train
1rek,train
1rgj,train
1rgk,test
1rgl,test
1rhj,train
1rhk,train
1rhm,train
1rhq,train
1rhr,train
1rhu,train
1rin,train
1riw,train
1rjk,train
1rlp,train
1rlq,train
1rm8,train
1rmz,train
1rne,train
1rnm,train
1rnt,test
1ro6,train
1ro7,val
1ros,train
1rpa,val
1rpf,train
1rpj,test
1rq2,val
1rql,val
1rr6,train
1rri,test
1rrw,test
1rry,test
1rs2,test
1rs4,test
1rsd,test
1rsi,test
1rst,train
1rt1,train
1rt2,train
1rt9,train
1rtf,train
1rth,train
1rti,train
1rtl,train
1ru1,train
1ru2,train
1rv1,train
1rw8,train
1rwq,train
1rww,train
1rwx,train
1rxp,train
1ryf,train
1ryh,train
1rzx,test
1s17,train
1s19,train
1s26,train
1s38,train
1s39,train
1s3k,train
1s50,train
1s5q,val
1s5z,train
1s63,train
1s64,val
1s89,test
1s9t,train
1s9v,train
1sb1,train
1sbg,train
1sbr,val
1sc8,train
1sdt,train
1sdu,train
1sdv,train
1sfi,train
1sh9,train
1shd,train
1siv,train
1sj0,train
1sje,train
1sjh,train
1skj,train
1sl3,train
1sld,train
1slg,train
1sln,train
1sm2,train
1sm3,train
1sme,train
1snk,train
1so2,val
1soj,val
1sps,train
1sqa,train
1sqc,train
1sqn,train
1sqo,train
1sqt,train
1sr7,train
1sre,train
1srg,train
1sri,train
1stc,train
1std,test
1stp,train
1str,train
1sts,train
1sv3,train
1sve,train
1svg,train
1svh,train
1sw1,train
1sw2,train
1swg,train
1swi,val
1swk,train
1swn,train
1swp,train
1swr,train
1syh,train
1syi,train
1syo,val
1sz0,val
1szd,train
1szm,train
1t08,val
1t13,val
1t1r,train
1t1s,train
1t31,train
1t32,train
1t37,train
1t3t,val
1t46,train
1t48,train
1t49,train
1t4e,train
1t4j,train
1t4v,train
1t5f,train
1t69,train
1t7f,train
1t7j,train
1t7r,train
1ta2,train
1ta6,train
1tcw,train
1tcx,train
1td7,train
1tfq,train
1tft,train
1tfz,test
1tg5,test
1thl,train
1ths,train
1thz,train
1tka,val
1tkt,train
1tkz,train
1tl1,train
1tl3,train
1tl9,test
1tlo,test
1tlp,train
1tmb,train
1tmm,train
1tmn,train
1tng,train
1tnh,train
1tni,train
1tnj,train
1tnk,train
1tnl,train
1tog,train
1toi,train
1toj,train
1tok,train
1tom,train
1tou,train
1tow,train
1tps,train
1tpw,train
1tpz,val
1tq4,val
1tqf,train
1tr7,train
1trd,train
1tsi,train
1tsl,train
1tsm,train
1tsv,train
1tsy,train
1tt1,train
1ttm,train
1ttv,train
1tu6,train
1tuf,val
1tv6,train
1tve,val
1tvo,train
1tx7,train
1txr,train
1tyn,train
1tyr,train
1tys,train
1tze,train
1u0g,test
1u0h,train
1u1b,train
1u1w,val
1u2r,test
1u2y,train
1u32,train
1u33,train
1u3q,train
1u3r,train
1u3s,train
1u59,train
1u65,train
1u6q,train
1u71,train
1u9e,train
1u9l,val
1u9q,train
1u9v,train
1u9w,train
1u9x,train
1ua4,val
1ucn,train
1udt,train
1udu,train
1uef,val
1ugp,test
1ugw,test
1ugx,test
1ugy,test
1uh1,test
1uho,train
1ui0,val
1uj0,train
1uj5,val
1uj6,val
1ujj,train
1ujk,train
1uk0,train
1uk1,train
1ukh,train
1ukt,val
1ule,test
1ulg,test
1uml,train
1umw,train
1ung,val
1unl,train
1uom,train
1uou,val
1upf,val
1upk,val
1urc,train
1urg,val
1usn,train
1utc,test
1uti,train
1utj,train
1utl,train
1utm,train
1utn,train
1uto,train
1utp,train
1utr,val
1utt,train
1utz,train
1uu3,train
1uu7,train
1uu8,train
1uu9,train
1uv5,train
1uv6,train
1uvr,train
1uvs,train
1uvt,train
1uvu,train
1uw6,train
1uwf,train
1uwh,train
1ux7,val
1uxa,train
1uxb,train
1uy6,train
1uy7,train
1uy8,train
1uy9,train
1uyd,train
1uye,train
1uyf,train
1uyg,train
1uyh,train
1uyi,train
1uyk,train
1uym,train
1uys,train
1uz1,train
1uz4,val
1uz8,train
1uze,train
1v0k,train
1v0l,train
1v0m,train
1v0n,train
1v0o,train
1v0p,train
1v16,train
1v1j,train
1v2h,train
1v2j,train
1v2k,train
1v2l,train
1v2m,train
1v2n,train
1v2o,train
1v2p,train
1v2q,train
1v2r,train
1v2s,train
1v2t,train
1v2u,train
1v2v,train
1v2w,train
1v3x,train
1v41,train
1v48,train
1v79,train
1v7a,train
1vcj,train
1vcu,val
1vea,val
1veb,train
1vfn,train
1vik,train
1vj6,test
1vj9,train
1vja,train
1vjb,train
1vjy,train
1vkj,val
1vot,train
1vsn,train
1vso,train
1vwf,train
1vwl,train
1vwn,train
1vyf,train
1vyg,train
1vyw,train
1vyz,train
1w0x,train
1w0y,train
1w0z,train
1w10,train
1w11,train
1w12,train
1w13,train
1w14,train
1w1d,val
1w1g,val
1w1p,train
1w1v,train
1w22,train
1w25,val
1w2h,train
1w3j,train
1w3k,train
1w3l,train
1w4o,train
1w4p,train
1w4q,train
1w51,train
1w5v,train
1w5w,train
1w5x,train
1w5y,train
1w6h,train
1w6j,val
1w6y,test
1w76,train
1w7g,train
1w7h,train
1w7x,train
1w80,val
1w82,train
1w83,train
1w84,train
1w8l,train
1w8m,train
1w96,val
1w9u,train
1w9v,train
1waw,train
1wax,train
1way,train
1wb0,train
1wbg,train
1wbn,train
1wbo,train
1wbs,train
1wbt,train
1wbv,train
1wbw,train
1wcc,train
1wcq,val
1wdn,train
1wdq,val
1wdr,val
1wdy,val
1we2,test
1wht,val
1wkm,train
1wm1,val
1wn6,val
1wok,train
1wqv,train
1ws1,train
1ws4,test
1ws5,test
1wss,train
1wtg,train
1wu1,train
1wug,train
1wum,train
1wun,train
1wur,val
1wvc,val
1wvj,train
1wzy,train
1x07,train
1x0n,train
1x11,val
1x1z,train
1x38,test
1x39,test
1x6u,test
1x76,train
1x78,train
1x7a,train
1x7b,train
1x7e,train
1x7q,train
1x7r,train
1x81,train
1x8b,train
1x8d,val
1x8j,val
1x8s,test
1x8t,train
1x9d,val
1xa5,train
1xap,train
1xb7,train
1xbb,train
1xbc,train
1xbo,train
1xd0,train
1xdd,train
1xdg,train
1xff,val
1xfv,train
1xge,val
1xgi,train
1xgj,train
1xh3,train
1xh4,train
1xh5,train
1xh6,train
1xh7,train
1xh8,train
1xh9,train
1xhm,train
1xhy,train
1xjd,train
1xk9,test
1xka,train
1xkk,train
1xlx,train
1xlz,train
1xm4,train
1xm6,train
1xmu,train
1xmy,train
1xn0,train
1xn2,train
1xnx,train
1xnz,train
1xo2,train
1xoe,train
1xog,train
1xom,train
1xon,train
1xoq,train
1xor,train
1xos,train
1xow,train
1xoz,train
1xp0,train
1xp1,train
1xp6,train
1xp9,train
1xpc,train
1xpz,train
1xq0,train
1xqc,train
1xr8,train
1xr9,train
1xs7,train
1xt3,train
1xt8,val
1xuc,train
1xud,train
1xug,train
1xuo,train
1xur,train
1xws,train
1xxe,train
1xz8,val
1xzx,train
1y0l,train
1y0x,train
1y19,val
1y1m,train
1y1z,train
1y20,train
1y2a,train
1y2b,train
1y2c,train
1y2d,train
1y2e,train
1y2f,test
1y2g,test
1y2h,train
1y2j,train
1y2k,train
1y3a,train
1y3n,test
1y3v,train
1y3w,train
1y3x,train
1y3y,train
1y57,train
1y6a,train
1y6b,train
1y6q,train
1y6r,train
1y91,train
1y98,train
1ya4,train
1ybg,test
1ybo,val
1yc1,train
1yc4,train
1yc5,train
1yci,train
1ycm,train
1yda,train
1ydb,train
1ydd,train
1ydk,val
1ydr,train
1ydt,train
1yei,train
1yej,train
1yet,train
1yfz,train
1yhm,train
1yhs,train
1yi3,train
1yk7,train
1ykp,train
1ykr,train
1ym2,train
1ym4,train
1ymx,train
1ynd,train
1yon,val
1you,train
1yp9,train
1ype,train
1ypj,train
1yq7,train
1yqj,train
1yqy,train
1yrs,train
1ysg,train
1ysi,train
1yt7,train
1yt9,train
1yvf,train
1yvm,train
1yvx,train
1yvz,train
1yw2,train
1yw7,train
1yw8,train
1ywi,test
1ywr,train
1yy4,train
1yy6,test
1yye,train
1yyr,test
1yys,test
1yyy,train
1yz3,train
1z1h,train
1z1r,train
1z2b,train
1z34,train
1z3j,train
1z3t,test
1z3v,test
1z4n,val
1z4o,val
1z4u,train
1z5m,train
1z6d,train
1z6e,train
1z6j,train
1z6p,train
1z6s,train
1z71,train
1z95,train
1z9g,train
1z9h,val
1z9y,train
1zaf,train
1zaj,test
1zc9,test
1zd2,train
1zd5,train
1zdp,train
1ze8,train
1zea,train
1zeo,train
1zfk,train
1zfp,train
1zfq,train
1zge,train
1zgi,train
1zgv,train
1zh7,test
1zhk,train
1zhl,train
1zhy,val
1zkl,test
1zkn,train
1zm6,train
1zm7,train
1zoe,train
1zog,train
1zoh,train
1zom,train
1zp5,train
1zp8,train
1zpa,train
1zpb,train
1zpc,train
1zrz,train
1zs0,train
1zsb,train
1zsf,train
1zsh,val
1zsr,train
1ztq,train
1zub,val
1zuc,train
1zvx,train
1zxc,train
1zxv,train
1zyj,train
1zz1,train
1zz2,train
1zz3,train
1zzl,train
1zzz,train
220l,train
223l,train
2a0c,train
2a0t,train
2a14,train
2a25,test
2a2g,test
2a2x,train
2a3a,train
2a3b,train
2a3c,train
2a3x,train
2a4g,train
2a4l,train
2a4m,test
2a4q,train
2a4r,train
2a58,train
2a5b,train
2a5s,train
2a5u,train
2a8g,train
2a8h,train
2aa6,train
2aa9,train
2aac,val
2aay,train
2ad5,val
2ada,train
2adu,train
2aei,train
2ael,test
2aez,val
2afw,train
2afx,train
2ai7,train
2ai8,train
2aia,train
2aie,train
2aig,train
2aj8,train
2ajb,train
2ajl,train
2al5,train
2alv,train
2am1,test
2am2,test
2am4,val
2am9,train
2ama,train
2amt,test
2amv,train
2an5,train
2ank,train
2anl,train
2anm,train
2ans,train
2ao6,train
2aoc,train
2aod,train
2aoe,train
2aof,train
2aog,train
2aoh,train
2aoi,train
2aoj,train
2aou,test
2aov,test
2aow,test
2aox,test
2aq7,train
2aq9,test
2aqb,train
2aqu,train
2arm,train
2ath,train
2auc,test
2aux,train
2auz,train
2avi,train
2avm,train
2avo,train
2avq,train
2avs,train
2avv,train
2aw1,train
2ax6,train
2ax9,train
2axi,train
2ay1,train
2ay2,train
2ay3,train
2ay4,train
2ay5,train
2ay6,train
2ay7,train
2ay8,train
2ay9,train
2ayp,train
2ayr,train
2az5,test
2az8,train
2azc,train
2azm,val
2azr,train
2b07,train
2b17,train
2b1g,train
2b1i,train
2b1p,train
2b1q,val
2b1r,val
2b1v,train
2b1z,train
2b2v,val
2b4l,test
2b4m,test
2b52,train
2b53,train
2b54,train
2b55,train
2b7a,train
2b7f,test
2b8l,train
2b8v,train
2b9a,train
2baj,train
2bak,train
2bal,train
2ban,train
2bb7,train
2bba,train
2bbb,train
2bcd,train
2bdj,train
2bdl,train
2bdy,train
2bed,train
2bes,test
2bet,test
2bfq,val
2bfr,val
2bgd,train
2bge,train
2bgr,train
2bj4,train
2bjm,train
2bkt,train
2bkz,train
2bmc,train
2bmg,train
2bmk,train
2bmv,train
2bmz,val
2bo4,test
2boh,train
2boi,train
2bok,train
2bow,val
2bpm,train
2bpv,train
2bpx,train
2bpy,train
2bq6,train
2bq7,train
2bqv,train
2bqw,train
2br1,train
2br6,val
2br8,train
2brb,train
2brc,train
2brg,train
2brh,train
2brm,train
2brn,train
2bro,train
2brp,val
2bt9,test
2btr,train
2bts,train
2bua,train
2bub,train
2buv,train
2bv4,train
2bvd,val
2bve,val
2bw7,val
2byh,train
2byi,train
2bys,train
2bz5,train
2bz6,train
2bza,train
2c02,train
2c0o,train
2c1a,train
2c1b,train
2c1n,train
2c1p,train
2c1q,train
2c2l,val
2c3i,train
2c3j,train
2c3k,train
2c3l,train
2c4f,train
2c4g,train
2c4v,train
2c57,train
2c5n,train
2c5o,train
2c5x,train
2c5y,train
2c68,train
2c69,train
2c6c,train
2c6e,train
2c6g,train
2c6i,train
2c6k,train
2c6l,train
2c6m,train
2c6o,train
2c80,test
2c8w,train
2c8x,train
2c8y,train
2c90,train
2c92,train
2c93,train
2c94,train
2c97,train
2c9b,train
2c9d,train
2c9t,train
2ca8,test
2cbj,train
2cbr,train
2cbs,train
2cbu,train
2cbv,train
2cbz,test
2cc7,test
2ccb,test
2ccc,test
2ccs,train
2cct,train
2ccu,train
2ce9,val
2cej,train
2cem,train
2cen,train
2ceo,train
2ceq,test
2cer,test
2ces,train
2cet,train
2cex,test
2cf8,train
2cf9,train
2cgf,train
2cgr,train
2cgu,train
2cgv,train
2cgw,train
2cgx,train
2chm,train
2chw,train
2chx,train
2chz,train
2cia,train
2cji,train
2ckm,train
2cle,train
2clf,train
2clo,train
2clx,train
2cm7,train
2cm8,train
2cma,train
2cmb,train
2cmc,train
2cmf,train
2cmo,train
2cn0,train
2cn8,train
2cne,train
2cnf,train
2cng,train
2cnh,train
2cni,train
2csm,val
2csn,train
2ctc,train
2cv3,train
2cvd,train
2d06,test
2d0k,train
2d1n,train
2d1o,train
2d1x,train
2d2v,val
2d3u,train
2d3z,train
2d41,train
2dbl,train
2ddf,train
2df6,train
2doo,train
2dq7,train
2drc,test
2dri,test
2ds1,train
2dua,val
2duv,train
2dw7,val
2dwx,test
2dxs,train
2e1w,train
2e27,train
2e2b,train
2e2p,val
2e2r,train
2e7f,val
2e7l,train
2e9n,train
2e9o,train
2e9u,train
2e9v,train
2ea2,train
2ea4,train
2eg7,val
2eg8,val
2eh8,train
2ei6,train
2emt,val
2epn,test
2er0,train
2er6,train
2er9,train
2erz,train
2esm,train
2etk,train
2etm,train
2etr,train
2euf,train
2euk,val
2eum,val
2evc,train
2evl,val
2evm,train
2ew5,train
2ew6,train
2ewa,train
2ewp,train
2ewy,train
2exc,train
2exg,test
2exm,train
2ez5,train
2ez7,train
2f01,train
2f0z,val
2f10,val
2f14,train
2f1a,train
2f1b,train
2f1g,train
2f2c,train
2f34,train
2f35,train
2f3e,train
2f3f,train
2f3k,train
2f3r,val
2f4b,train
2f4j,train
2f5t,val
2f6j,val
2f6t,train
2f6v,train
2f6y,train
2f6z,train
2f70,train
2f71,train
2f7i,train
2f7p,train
2f80,train
2f81,train
2f8g,train
2f8i,train
2f94,train
2f9b,train
2f9k,train
2f9u,train
2f9v,train
2fah,train
2fai,train
2fb8,train
2fci,train
2fda,train
2fdd,train
2fde,train
2fdp,train
2feq,train
2fes,train
2ff1,train
2ff2,train
2fgh,val
2fgi,train
2fgu,train
2fgv,train
2fhy,train
2fj0,test
2fjn,train
2fjp,train
2fkf,test
2fky,train
2fl2,train
2fl5,train
2fl6,train
2flb,train
2flh,val
2flr,train
2flu,train
2fm2,train
2fmb,train
2fme,train
2fo4,train
2fpz,train
2fq6,val
2fqo,val
2fqt,val
2fqw,val
2fqx,val
2fqy,val
2fr8,val
2fs8,train
2fs9,train
2fsa,train
2fsv,val
2ftd,train
2fts,test
2fu8,train
2fum,test
2fv5,train
2fv9,train
2fvc,train
2fvd,train
2fw3,val
2fwp,test
2fwy,train
2fwz,train
2fx6,train
2fx7,train
2fx8,train
2fx9,train
2fxr,train
2fxs,train
2fxu,train
2fxv,val
2fys,train
2fzz,train
2g00,train
2g01,train
2g0g,train
2g0h,train
2g19,train
2g1q,train
2g1r,train
2g1y,train
2g24,train
2g2r,train
2g5p,train
2g5t,train
2g5u,train
2g63,train
2g6p,train
2g6q,test
2g70,train
2g71,train
2g72,train
2g78,train
2g79,train
2g8n,train
2g8r,train
2g94,train
2g96,train
2g97,train
2g9q,train
2g9r,train
2g9u,train
2g9v,train
2g9x,train
2gbf,train
2gbg,train
2gc8,train
2gcd,train
2gd8,train
2gde,train
2gdo,train
2gej,val
2gek,val
2gfa,test
2gfd,train
2gfj,train
2gfk,train
2gfs,train
2gg0,train
2gg2,train
2gg3,train
2gg5,train
2gg7,train
2gg8,train
2gg9,train
2gga,test
2ggb,train
2ggd,test
2ggu,train
2ggx,train
2gh6,train
2gh7,train
2gh9,val
2ghg,train
2giu,train
2gj4,train
2gj5,train
2gkl,test
2gl0,val
2glm,train
2glp,train
2gm1,train
2gm9,train
2gmk,val
2gmv,train
2gmx,train
2gnf,train
2gnh,train
2gni,train
2gnj,train
2gnl,train
2go4,train
2gpp,train
2gqn,val
2gss,train
2gst,test
2gsu,val
2gtk,train
2gtv,val
2gu8,train
2gv2,train
2gv6,train
2gv7,train
2gvf,train
2gvj,train
2gvv,val
2gvz,train
2gyi,val
2gz2,test
2gz7,train
2gz8,train
2gzl,test
2h02,train
2h03,train
2h13,train
2h15,train
2h1h,val
2h21,test
2h23,test
2h2d,train
2h2e,test
2h2g,train
2h2h,train
2h2j,test
2h42,train
2h44,train
2h4g,train
2h4k,train
2h4n,train
2h5a,test
2h5e,val
2h5i,train
2h5j,train
2h65,train
2h6k,train
2h6q,train
2h6t,test
2h8h,train
2h96,train
2h9m,train
2h9n,train
2h9p,train
2h9t,train
2ha0,train
2ha3,train
2ha4,train
2ha5,train
2ha7,train
2hah,train
2hai,train
2haw,val
2hb1,train
2hb3,train
2hd1,train
2hd6,train
2hdq,train
2hdr,train
2hds,train
2hdu,train
2hdx,val
2hf8,val
2hfp,train
2hh5,train
2hhn,train
2hiw,train
2hiz,train
2hj4,val
2hjb,val
2hk5,train
2hl4,train
2hm1,train
2hmb,train
2hmh,val
2hnc,train
2hnx,train
2hny,train
2hob,train
2hoc,train
2hog,train
2hpa,val
2hqu,train
2hr6,train
2hrm,train
2hrp,train
2hs1,train
2hs2,train
2hu6,train
2hug,train
2hvc,train
2hvx,train
2hw2,val
2hwg,val
2hwh,train
2hwi,train
2hwo,train
2hwp,train
2hxl,train
2hxm,test
2hxq,train
2hy0,train
2hyy,train
2hz0,train
2hz4,train
2hzi,train
2hzl,val
2hzn,train
2hzy,val
2i03,train
2i0a,train
2i0d,train
2i0e,train
2i0g,train
2i0h,train
2i0j,train
2i0v,train
2i0y,train
2i19,train
2i1m,train
2i1r,train
2i2b,train
2i2c,train
2i3h,train
2i3i,train
2i3v,train
2i3z,train
2i40,train
2i4d,train
2i4j,train
2i4p,train
2i4t,train
2i4u,train
2i4v,train
2i4w,train
2i4x,train
2i4z,train
2i5f,val
2i5j,train
2i6a,test
2i6b,test
2i7c,train
2i80,val
2ica,train
2idw,train
2ieh,train
2ien,train
2ieo,train
2ig0,test
2igv,train
2igw,train
2igx,train
2igy,train
2ihj,val
2iiv,train
2iko,train
2il2,train
2ilp,train
2ima,train
2imb,train
2imd,val
2in6,train
2io6,train
2iog,train
2iok,train
2iqg,train
2irz,train
2is0,train
2isc,train
2isv,train
2isw,train
2it4,train
2itk,train
2ito,train
2itp,train
2itt,train
2ity,train
2itz,train
2iuz,train
2iv9,val
2ivu,train
2ivz,val
2iw6,train
2iw8,train
2iws,train
2iwu,train
2iwx,train
2izl,train
2izx,train
2j27,train
2j2i,train
2j2u,train
2j34,train
2j3q,train
2j47,train
2j4a,train
2j4g,train
2j4i,train
2j4k,val
2j4z,train
2j50,train
2j62,train
2j6m,train
2j75,train
2j77,train
2j78,train
2j79,train
2j7b,train
2j7d,train
2j7e,train
2j7f,train
2j7g,train
2j7h,train
2j7w,train
2j7x,train
2j83,val
2j87,val
2j94,train
2j95,train
2j9h,train
2j9n,train
2ja3,val
2jaj,test
2jal,train
2jb5,train
2jb6,train
2jbl,test
2jbo,train
2jbp,train
2jc0,train
2jdh,train
2jdk,train
2jdl,train
2jdm,train
2jdn,train
2jdo,train
2jds,train
2jdt,train
2jdu,train
2jdv,train
2jdy,train
2jew,train
2jf4,test
2jfh,train
2jg0,test
2jgs,train
2jh0,train
2jh5,train
2jh6,train
2jiu,train
2jiw,train
2jjb,test
2jjr,train
2jk7,train
2jk9,test
2jkh,train
2jkk,train
2jkm,train
2jko,train
2jkp,val
2jkq,train
2jkr,test
2jle,train
2jnp,train
2jnw,val
2jo9,train
2joa,val
2jq9,test
2jqi,train
2jqk,test
2jql,val
2jsd,train
2jst,val
2jt5,train
2jt6,train
2jup,test
2jxr,train
2k00,val
2k0g,test
2k0x,val
2k1q,train
2k2r,val
2k31,train
2k3w,test
2k46,val
2k4i,test
2k62,test
2kaw,test
2kbr,val
2kbs,train
2kce,train
2kdh,test
2ke1,train
2kff,test
2kfg,test
2kfh,test
2kfx,train
2kgi,test
2khh,val
2knh,val
2ko7,train
2koh,test
2kp8,train
2kpl,val
2krd,train
2ks9,val
2ksa,val
2ksb,val
2ksp,test
2kup,val
2kvm,train
2kwn,test
2kzu,val
2l0i,test
2l12,train
2l1b,train
2l1r,train
2l3r,train
2l6e,train
2l6j,val
2l75,train
2l84,train
2l8j,train
2l8r,val
2l98,test
2las,train
2lbm,test
2lbv,val
2lcs,val
2lct,test
2lgf,train
2lh8,val
2lha,test
2liq,val
2lkk,test
2lko,val
2ll6,train
2ll7,train
2llo,train
2llq,train
2lnw,test
2loz,val
2lp8,train
2lsk,test
2lsp,train
2lsr,val
2lsv,val
2lto,test
2ltv,train
2ltw,train
2ltx,train
2lty,val
2ltz,train
2ly0,val
2lya,test
2lyb,test
2lyw,train
2lzg,train
2m0o,test
2m0u,test
2m0v,test
2m3m,train
2m3o,train
2m3z,val
2m41,val
2mc1,test
2mg5,train
2mip,train
2mji,train
2mkr,val
2mlm,val
2mnz,train
2mov,val
2mow,test
2mpa,train
2mps,train
2ms4,train
2mwo,test
2mwp,test
2mwy,train
2n06,train
2n0u,train
2n0w,train
2n14,train
2n1g,test
2n27,train
2n3k,test
2n7b,test
2n9x,train
2ncz,test
2nd0,test
2ndf,train
2ndo,train
2nm1,train
2nmx,train
2nmy,train
2nmz,train
2nn1,train
2nn7,train
2nn8,train
2nnd,test
2nng,train
2nnk,train
2nno,train
2nnp,train
2nnq,train
2nns,train
2nnv,train
2no3,train
2np8,train
2nq6,train
2nq7,train
2nqg,test
2nqi,test
2nsl,test
2nsx,train
2nt7,train
2nta,train
2ntf,train
2nv7,train
2nw4,train
2nwn,train
2nww,train
2nxd,train
2nxl,train
2nxm,train
2nyr,train
2o0u,train
2o1c,val
2o22,train
2o2u,train
2o3p,train
2o3z,train
2o48,val
2o4h,val
2o4j,train
2o4k,train
2o4l,train
2o4n,train
2o4p,train
2o4r,train
2o4s,train
2o4z,train
2o5d,train
2o5k,train
2o63,train
2o64,train
2o65,train
2o7n,train
2o7v,val
2o8h,train
2o9a,val
2o9i,train
2o9j,train
2o9k,train
2o9r,train
2o9v,test
2oa0,train
2oag,train
2oah,train
2oax,train
2oaz,train
2obf,train
2obj,train
2obo,train
2oc0,train
2oc1,train
2oc2,train
2oc4,train
2oc7,train
2oc9,train
2odd,val
2oei,val
2of2,train
2of4,train
2off,train
2ofu,train
2ofv,train
2og8,train
2ogy,val
2ogz,train
2oh0,train
2oh4,train
2ohk,train
2ohl,train
2ohm,train
2ohp,train
2ohq,train
2ohr,train
2ohs,train
2oht,train
2ohu,train
2ohv,test
2oi0,train
2oi2,val
2oi3,train
2oi9,train
2oic,train
2oiq,train
2oj9,train
2ojf,train
2ojg,train
2oji,train
2ojj,train
2ok1,train
2olb,train
2ole,train
2on3,val
2on6,train
2onb,train
2ony,train
2onz,train
2oo8,train
2ooh,train
2ooz,train
2op3,train
2op9,train
2opb,train
2oph,train
2opy,train
2oq6,train
2oqi,train
2oqs,train
2oqv,train
2or4,train
2or9,train
2ork,train
2os9,train
2osc,train
2osf,train
2osm,train
2ot1,test
2ov4,test
2ovv,train
2ovx,train
2ovy,train
2ovz,train
2ow0,train
2ow1,train
2ow2,train
2ow3,train
2ow9,train
2owb,train
2oxd,train
2oxn,test
2oxy,train
2oyk,val
2oyl,val
2oym,val
2oz2,train
2oz5,val
2oz7,train
2ozr,train
2p0d,val
2p15,train
2p16,train
2p1c,train
2p2a,train
2p2h,train
2p2i,train
2p33,train
2p3a,train
2p3b,train
2p3c,train
2p3d,train
2p3g,train
2p3i,test
2p3o,train
2p4j,train
2p4s,train
2p4y,train
2p53,val
2p59,train
2p7a,train
2p7g,train
2p7z,train
2p83,train
2p8h,train
2p8n,train
2p8s,train
2p93,train
2p94,train
2p95,train
2p98,train
2p99,train
2p9a,train
2pax,train
2pbw,train
2pcp,train
2pcu,train
2pe0,train
2pe1,train
2pe2,train
2peh,test
2pem,val
2pfy,val
2pg2,train
2pgj,train
2pgl,train
2pgz,train
2ph6,train
2ph8,train
2phb,train
2pix,train
2piy,train
2piz,train
2pj0,train
2pj2,train
2pj3,train
2pj4,train
2pj5,train
2pj6,train
2pj7,train
2pj8,train
2pja,train
2pjb,train
2pjc,train
2pjl,train
2pjt,train
2pk5,train
2pk6,train
2pks,train
2pl0,train
2pl9,test
2pmc,test
2pmn,val
2pnc,test
2pnx,test
2pog,train
2poq,val
2pou,train
2pov,train
2pow,train
2pq9,train
2pqb,test
2pqc,test
2pqj,val
2pql,val
2pqz,train
2pr9,test
2pre,train
2pri,train
2prj,train
2psj,val
2psu,train
2psv,train
2psx,train
2pt9,train
2ptz,train
2pu0,train
2pu1,train
2pu2,train
2puy,test
2pv1,val
2pv2,val
2pv3,val
2pvh,train
2pvj,train
2pvk,train
2pvl,train
2pvm,train
2pvn,train
2pvu,train
2pvv,train
2pvw,train
2pwc,train
2pwd,val
2pwg,val
2pwr,train
2py4,test
2pyi,train
2pym,train
2pyn,train
2pyy,val
2pze,test
2pzi,val
2pzy,train
2q11,train
2q15,train
2q1j,train
2q1q,train
2q2a,train
2q2c,train
2q2n,val
2q2y,train
2q2z,train
2q38,train
2q3z,val
2q54,train
2q55,train
2q5k,train
2q63,train
2q64,train
2q6b,train
2q6c,train
2q6f,train
2q6h,train
2q70,train
2q72,train
2q7m,val
2q7o,train
2q7q,val
2q7y,train
2q88,val
2q89,val
2q8h,train
2q8s,train
2q8z,test
2q92,train
2q93,train
2q94,train
2q95,train
2q96,train
2q9m,train
2q9n,train
2q9y,test
2qa8,train
2qaf,test
2qbp,train
2qbq,train
2qbr,train
2qbs,train
2qbu,val
2qbw,train
2qc6,train
2qcd,train
2qcf,train
2qcg,train
2qch,train
2qci,train
2qcm,train
2qd6,train
2qd7,train
2qd8,train
2qd9,train
2qdt,train
2qe2,train
2qe4,train
2qe5,train
2qf6,train
2qfo,train
2qft,train
2qfu,train
2qg0,train
2qg2,train
2qh6,train
2qhc,train
2qhd,train
2qhm,train
2qhn,train
2qhr,train
2qhy,train
2qhz,train
2qi0,train
2qi3,train
2qi4,train
2qi5,train
2qi7,train
2qic,test
2qiq,train
2qju,train
2qk5,train
2qk8,test
2ql5,train
2ql7,train
2ql9,train
2qlb,train
2qlf,train
2qlj,train
2qlm,train
2qln,train
2qlq,train
2qm7,val
2qm9,train
2qmd,train
2qmf,train
2qmg,train
2qn1,train
2qnb,train
2qnn,train
2qnp,train
2qnq,train
2qnx,train
2qnz,train
2qo1,train
2qo8,train
2qoa,train
2qoh,train
2qp6,train
2qp8,train
2qpj,test
2qpq,test
2qpu,val
2qq7,train
2qqs,test
2qrg,train
2qrh,train
2qrk,val
2qrl,val
2qrp,train
2qrq,train
2qry,val
2qt5,val
2qt9,train
2qta,test
2qtb,train
2qtg,val
2qtn,test
2qtt,val
2qtu,train
2qu2,train
2qu3,train
2qu5,train
2qu6,train
2qv7,val
2qw1,val
2qwb,train
2qwd,train
2qwe,train
2qwf,train
2qwg,train
2qx0,train
2qyk,train
2qyl,train
2qyn,train
2qzk,train
2qzl,train
2qzr,train
2qzx,test
2r02,train
2r03,train
2r05,train
2r0h,test
2r0u,train
2r0y,val
2r1w,train
2r1x,train
2r1y,train
2r23,train
2r2b,train
2r2l,train
2r2m,train
2r2w,train
2r38,train
2r3t,train
2r3w,train
2r3y,test
2r43,train
2r4b,train
2r58,test
2r59,train
2r5a,test
2r5p,train
2r5q,train
2r64,train
2r6n,train
2r6w,train
2r6y,train
2r75,val
2r7b,train
2r7g,test
2r8q,train
2r9b,train
2r9m,train
2r9s,train
2ra0,train
2ra6,test
2rc8,train
2rc9,train
2rcb,train
2rcn,val
2rcu,val
2rcw,train
2reg,val
2rfh,train
2rfn,train
2rfy,test
2rg5,train
2rg6,train
2rgp,train
2rgu,train
2ri9,val
2ria,train
2rib,train
2rin,val
2rio,train
2rjp,train
2rka,train
2rkd,train
2rke,train
2rkf,train
2rkg,train
2rkm,train
2rkn,val
2rku,train
2rl5,train
2rly,test
2rm0,test
2rnw,train
2rnx,train
2rny,train
2rok,val
2rol,train
2rox,train
2rqu,train
2rr4,test
2rvn,train
2sfp,val
2sim,val
2srt,train
2std,test
2tmn,train
2toh,test
2tpi,val
2tsr,train
2upj,train
2usn,train
2uue,train
2uuo,train
2uup,train
2uvm,train
2uw0,train
2uw3,train
2uw4,train
2uw5,train
2uw6,train
2uw7,train
2uw8,train
2uwl,train
2uwo,train
2uwp,train
2uxi,val
2uxz,train
2uy0,train
2uy3,train
2uy4,train
2uy5,train
2uyi,train
2uym,train
2uyn,val
2uyq,val
2uyw,train
2uz6,train
2uz9,val
2uzb,train
2uzd,train
2uze,train
2uzj,test
2uzl,train
2uzo,train
2uzv,train
2v00,train
2v10,train
2v11,train
2v12,train
2v13,train
2v16,train
2v25,val
2v2c,train
2v2h,train
2v2q,val
2v2v,val
2v3d,train
2v3e,train
2v3u,train
2v54,test
2v57,val
2v58,train
2v59,train
2v5a,train
2v5x,train
2v6n,train
2v77,train
2v7a,train
2v7d,train
2v83,test
2v85,test
2v95,train
2va5,train
2va6,train
2va7,train
2vaq,val
2vb8,train
2vba,train
2vc7,val
2vc9,val
2vcb,val
2vcg,train
2vci,train
2vcj,train
2vcq,train
2vcw,train
2vcx,train
2vd0,train
2vd1,train
2vd4,train
2vd7,train
2ves,train
2veu,train
2vev,train
2vew,train
2vex,train
2vey,train
2vf6,train
2vfk,val
2vfz,train
2vgo,train
2vgp,train
2vh0,train
2vh6,train
2vhj,val
2vhq,val
2vi5,train
2vie,train
2vin,train
2vio,train
2vip,train
2viq,train
2viv,train
2viw,train
2viy,train
2viz,train
2vj1,train
2vj6,train
2vj7,train
2vj8,train
2vj9,train
2vjx,test
2vk2,val
2vk6,test
2vkm,train
2vl1,val
2vl4,test
2vl8,val
2vmc,val
2vmd,val
2vmf,test
2vnf,test
2vnm,train
2vnn,train
2vnp,test
2vnt,train
2vo4,test
2vo5,test
2vo7,train
2vot,test
2vpe,test
2vpn,val
2vpo,val
2vpp,train
2vqj,train
2vqm,train
2vqt,test
2vr0,val
2vrj,train
2vrx,train
2vsl,train
2vta,train
2vtd,train
2vte,train
2vth,train
2vti,train
2vtj,train
2vtl,train
2vtm,train
2vtn,train
2vto,train
2vtp,train
2vtq,train
2vtr,train
2vts,train
2vtt,train
2vu3,train
2vuk,train
2vur,train
2vvc,train
2vvn,train
2vvo,test
2vvs,train
2vvt,test
2vvu,train
2vvv,train
2vw1,train
2vw2,train
2vw5,train
2vwc,train
2vwf,train
2vwl,train
2vwm,train
2vwn,train
2vwo,train
2vwu,train
2vwv,train
2vww,train
2vwx,train
2vwy,train
2vwz,train
2vx0,train
2vx1,train
2vx9,test
2vxa,val
2vxn,train
2vyt,test
2vzr,test
2w08,train
2w0d,train
2w0j,train
2w0p,val
2w0s,test
2w0x,train
2w0z,train
2w10,train
2w12,train
2w1c,train
2w1d,train
2w1e,train
2w1f,train
2w1g,train
2w1h,train
2w1i,train
2w26,train
2w2i,train
2w2u,val
2w3i,train
2w3l,train
2w47,test
2w4i,test
2w4x,train
2w54,val
2w5g,train
2w5i,train
2w66,train
2w67,train
2w68,val
2w6c,train
2w6m,train
2w6n,train
2w6o,train
2w6p,train
2w6q,train
2w6z,train
2w70,train
2w71,train
2w7x,train
2w7y,val
2w87,test
2w8f,train
2w8g,train
2w8j,val
2w8w,val
2w8y,train
2w92,val
2w97,train
2w9h,test
2w9r,test
2wa3,train
2wa8,test
2waj,train
2wb5,train
2wbb,train
2wbg,train
2wc3,train
2wc4,train
2wca,train
2wcg,train
2wcx,train
2wd1,train
2wd3,train
2wd7,train
2web,train
2wec,train
2wed,train
2weg,train
2weh,train
2wei,train
2wej,train
2weo,train
2weq,train
2wer,train
2wev,train
2wey,train
2wez,train
2wf0,train
2wf1,train
2wf2,train
2wf3,train
2wf4,train
2wf5,val
2wfj,train
2wgi,train
2wgj,train
2who,train
2whp,train
2wi1,train
2wi2,train
2wi3,train
2wi4,train
2wi5,train
2wi6,train
2wi7,train
2wib,test
2wic,test
2wih,train
2wj2,train
2wjg,test
2wji,test
2wk2,train
2wks,train
2wkz,train
2wl0,train
2wly,train
2wlz,train
2wm0,train
2wmr,train
2wmu,train
2wmv,train
2wmw,train
2wmx,train
2wn9,train
2wnc,train
2wnl,train
2wo8,train
2wo9,train
2woa,train
2won,train
2wor,val
2wos,val
2wot,train
2wou,train
2wp1,train
2wpa,train
2wpb,test
2wq5,train
2wqb,train
2wqp,test
2wr8,val
2wsx,val
2wtc,train
2wtd,train
2wti,train
2wtj,train
2wtv,train
2wtw,train
2wu6,train
2wu7,train
2wuf,test
2wvt,train
2wvz,test
2ww0,test
2wwj,train
2wxd,train
2wxf,train
2wxg,train
2wxh,train
2wxi,train
2wxl,train
2wxm,train
2wxn,train
2wxo,train
2wxp,train
2wxq,train
2wxv,train
2wyf,train
2wyg,train
2wyi,val
2wyj,train
2wyn,test
2wzf,val
2wzs,test
2wzx,train
2wzy,train
2wzz,train
2x00,train
2x09,test
2x2c,train
2x2i,val
2x2k,train
2x2l,train
2x38,train
2x39,train
2x3t,test
2x4s,train
2x4t,train
2x4z,train
2x52,test
2x5o,train
2x6d,train
2x6k,train
2x6w,test
2x6x,test
2x7c,train
2x7d,train
2x7o,train
2x7s,train
2x7t,train
2x7u,train
2x7x,val
2x81,train
2x85,test
2x8e,train
2x8i,train
2x8z,train
2x91,train
2x95,train
2x96,train
2x97,train
2x9e,train
2x9f,train
2xa4,train
2xab,train
2xae,train
2xb7,train
2xb8,train
2xb9,train
2xba,train
2xbj,train
2xbv,train
2xbw,train
2xbx,train
2xc0,train
2xc4,train
2xcg,val
2xch,train
2xck,train
2xcs,val
2xd6,train
2xd9,train
2xda,train
2xde,train
2xdk,train
2xdl,train
2xdw,train
2xdx,train
2xe4,val
2xel,train
2xey,train
2xez,train
2xf0,train
2xfi,train
2xfj,train
2xfk,train
2xg3,train
2xg9,val
2xgm,val
2xgo,val
2xgs,val
2xh5,train
2xhm,train
2xhr,train
2xhs,val
2xht,train
2xhx,train
2xi7,val
2xib,train
2xii,train
2xix,train
2xiy,train
2xiz,train
2xj0,train
2xj1,train
2xj2,train
2xj7,train
2xjg,train
2xjj,train
2xjx,train
2xk3,train
2xk4,train
2xk6,train
2xk7,train
2xk8,train
2xk9,train
2xkc,train
2xkd,train
2xke,train
2xkf,train
2xl2,train
2xl3,train
2xlc,val
2xm1,train
2xm2,train
2xm9,train
2xml,train
2xmy,train
2xn3,train
2xn6,train
2xnb,train
2xne,train
2xng,train
2xnm,train
2xnn,train
2xnp,train
2xog,train
2xoi,train
2xow,test
2xp3,train
2xp4,train
2xp5,train
2xp6,train
2xp7,train
2xp8,train
2xpa,train
2xpb,train
2xpc,train
2xpk,train
2xqq,train
2xru,train
2xrw,train
2xs0,train
2xs8,train
2xsb,val
2xtk,train
2xto,val
2xu1,train
2xu3,train
2xu4,train
2xu5,train
2xuc,train
2xuf,train
2xui,train
2xup,train
2xuz,val
2xv1,val
2xvd,train
2xvn,train
2xwd,train
2xwe,train
2xwy,train
2xx2,train
2xx4,train
2xx5,train
2xxn,test
2xxr,train
2xxt,train
2xxw,train
2xxx,train
2xxy,train
2xy9,train
2xyd,train
2xye,train
2xyf,train
2xyn,train
2xyr,val
2xys,train
2xyt,train
2xyu,train
2xz5,train
2xzc,train
2xzg,test
2xzq,train
2xzw,train
2y06,train
2y07,train
2y0j,train
2y1d,train
2y1g,train
2y1n,train
2y1o,train
2y1x,train
2y34,train
2y36,train
2y3p,val
2y4k,test
2y4l,test
2y4m,test
2y54,train
2y56,train
2y57,train
2y5f,train
2y5g,train
2y5h,train
2y67,train
2y68,train
2y6c,train
2y6o,train
2y6s,train
2y71,train
2y76,train
2y77,train
2y7i,train
2y7k,test
2y7p,test
2y7w,test
2y7x,train
2y7z,train
2y80,train
2y81,train
2y82,train
2y8c,test
2y8i,train
2y8l,train
2y8o,train
2y8q,train
2y9g,val
2y9q,train
2ya6,test
2ya7,test
2ya8,test
2yac,train
2yay,val
2yaz,val
2yb0,val
2yb9,test
2ybk,train
2ybp,train
2ybs,train
2ybt,train
2ybu,train
2yc0,train
2yc3,train
2yc5,train
2ycf,train
2ycm,train
2ycq,train
2ycr,train
2ycs,train
2yde,train
2ydf,train
2ydi,train
2ydj,train
2ydk,train
2ydo,train
2ydt,val
2ydv,train
2ydw,train
2ye9,train
2yek,train
2yel,train
2yem,train
2yer,train
2yex,train
2yfa,val
2yfe,train
2yfx,train
2yg2,val
2yga,train
2yge,train
2ygf,train
2yhd,train
2yhy,val
2yi0,train
2yi5,train
2yi7,train
2yig,train
2yiq,train
2yir,train
2yis,train
2yit,train
2yiu,test
2yiw,train
2yix,train
2yj2,train
2yj8,train
2yj9,train
2yjb,train
2yjc,train
2yjq,val
2yjw,train
2yjx,train
2yk1,train
2yk9,train
2ykb,train
2ykc,train
2yke,train
2yki,train
2ykj,train
2ylc,val
2yln,val
2ylo,train
2ylp,train
2ylq,train
2ym3,train
2ym4,train
2ym5,train
2ym6,train
2ym7,train
2ym8,train
2ymd,train
2yme,train
2ymt,val
2ynd,train
2yne,train
2ynn,train
2ynr,train
2yns,train
2yof,test
2yog,test
2yoh,test
2yoj,train
2yol,train
2ypi,train
2ypo,test
2ypp,test
2yq6,train
2ywp,train
2yxj,train
2yz3,train
2z1w,train
2z3h,val
2z4b,train
2z4o,train
2z4r,val
2z5s,train
2z5t,train
2z60,train
2z6w,train
2z78,train
2z7g,train
2z7i,train
2z7r,train
2z8e,val
2z92,train
2z94,train
2za0,test
2za3,test
2zas,train
2zaz,train
2zb0,train
2zb1,train
2zbk,val
2zc9,train
2zcq,train
2zcr,train
2zcs,train
2zda,train
2zdk,train
2zdl,train
2zdm,train
2zdn,train
2zdt,train
2zdx,train
2zdz,train
2ze1,train
2zfp,train
2zfs,train
2zft,train
2zg1,test
2zg3,test
2zga,train
2zgm,test
2zgx,train
2zhd,train
2zif,val
2zir,train
2zis,train
2zjf,val
2zju,train
2zjv,train
2zjw,train
2zkj,train
2zlf,test
2zlg,test
2zm1,train
2zm3,train
2zmd,train
2zmj,train
2zmm,train
2zn7,train
2zns,train
2znt,train
2znu,train
2zo3,train
2zoq,train
2zp0,train
2zq0,val
2zq1,train
2zq2,train
2zsc,train
2zu3,train
2zu4,train
2zu5,train
2zv2,train
2zv9,train
2zva,train
2zvj,train
2zxg,train
2zy1,train
2zyb,train
2zym,val
2zyn,val
2zz1,train
2zz2,train
2zz6,train
2zzu,train
3a1c,val
3a1d,val
3a1e,val
3a1s,test
3a1t,test
3a29,train
3a2o,train
3a3y,train
3a4o,train
3a4p,train
3a5y,val
3a6t,test
3a9i,val
3aas,train
3aau,train
3abu,train
3acl,test
3acw,train
3acx,train
3ad7,val
3ad8,val
3ads,train
3adt,train
3adu,train
3adv,train
3afk,test
3ag9,train
3agl,train
3ah8,train
3ahn,val
3aho,val
3ai8,train
3aid,train
3aig,train
3aje,val
3ama,train
3amb,train
3amv,train
3anq,train
3anr,train
3ans,train
3ant,train
3ao1,train
3ao2,train
3ao4,train
3ao5,train
3aox,train
3ap4,train
3ap7,train
3apc,train
3aqa,train
3aqt,val
3ara,train
3arb,train
3ard,train
3are,train
3arn,train
3arp,train
3arq,train
3arr,train
3art,train
3aru,train
3arx,train
3arz,train
3as2,train
3as3,train
3ask,train
3asl,train
3asx,train
3at3,train
3at4,train
3ati,train
3atk,train
3atl,train
3atm,train
3atp,val
3atu,train
3atv,train
3atw,train
3au6,val
3av9,train
3ava,train
3avb,train
3avf,train
3avg,train
3avh,train
3avi,train
3avj,train
3avk,train
3avl,train
3avm,train
3avn,train
3avz,train
3aw0,train
3axz,train
3ay0,val
3ay9,train
3aya,train
3ayc,train
3ayd,train
3az8,train
3az9,train
3aza,train
3b0w,train
3b1m,train
3b1t,test
3b24,train
3b25,train
3b26,train
3b27,train
3b28,train
3b2q,val
3b2w,train
3b3c,train
3b3s,train
3b3w,train
3b3x,train
3b4f,train
3b4p,test
3b50,test
3b5r,train
3b65,train
3b66,train
3b67,train
3b68,train
3b7i,train
3b7j,train
3b7u,train
3b8h,test
3b8q,train
3b8r,train
3b8z,train
3b92,train
3b95,val
3b9g,train
3b9s,train
3bar,test
3bb1,val
3bbb,train
3bbt,train
3bc3,train
3bc4,train
3bc5,train
3bcn,train
3be2,train
3be9,train
3bea,train
3bel,train
3bet,train
3bex,val
3bf1,val
3bft,train
3bfu,train
3bg8,train
3bgc,train
3bgl,train
3bgm,train
3bgp,train
3bgq,train
3bgs,train
3bgz,train
3bh9,train
3bhb,train
3bhx,train
3bi0,train
3bi1,train
3bi6,train
3bim,train
3biz,train
3bjc,train
3bjm,train
3bkk,train
3bkl,train
3bl0,train
3bl1,train
3bl2,val
3bl7,test
3bl9,test
3bla,test
3blr,train
3blt,test
3blu,test
3bm8,test
3bm9,train
3bmn,train
3bmo,train
3bmq,train
3bmy,train
3bpc,train
3bpr,train
3bqc,train
3bqn,train
3br9,train
3bra,train
3brn,val
3bsc,train
3bt9,train
3btc,train
3bti,train
3btj,train
3btl,train
3btr,train
3bu1,val
3bu8,test
3buf,train
3bug,train
3buh,train
3bv2,train
3bv3,train
3bv9,train
3bva,train
3bvb,train
3bwj,train
3bx5,train
3bxe,test
3bxf,test
3bxg,test
3bxh,test
3bxs,train
3bym,train
3byo,train
3bys,train
3byu,train
3bz3,train
3bze,train
3bzf,train
3bzi,train
3c0z,train
3c10,train
3c14,train
3c1k,train
3c1n,val
3c1x,train
3c2f,test
3c2o,test
3c2r,test
3c39,test
3c3o,train
3c3q,train
3c3r,train
3c45,train
3c49,train
3c4c,train
3c4e,train
3c4f,train
3c4h,train
3c52,train
3c56,train
3c5u,train
3c6t,train
3c6w,test
3c72,train
3c7n,val
3c7p,train
3c7q,train
3c84,train
3c88,train
3c89,train
3c8a,train
3c8b,train
3c8e,val
3c94,val
3c9e,train
3caj,train
3cbp,train
3cbs,train
3ccb,train
3ccn,train
3cct,train
3ccw,train
3ccz,train
3cd5,train
3cd7,train
3cd8,train
3cdb,train
3cde,train
3ce0,train
3ce3,train
3cen,train
3cf8,train
3cf9,train
3cfn,train
3cfs,test
3cft,train
3cgf,train
3cgo,train
3cgy,val
3ch9,train
3chc,train
3chd,train
3chf,train
3chg,test
3cho,train
3chp,train
3chq,train
3chr,train
3chs,train
3cib,train
3cic,train
3cid,train
3cii,val
3cj2,train
3cj3,train
3cj4,train
3cj5,train
3cjf,train
3cjo,train
3ck7,val
3ck8,val
3ckb,val
3cke,val
3ckp,train
3ckr,train
3ckt,train
3cl0,train
3cl2,train
3clp,test
3cm2,train
3cm7,train
3cn0,train
3co9,train
3coh,train
3coj,train
3cow,train
3coy,train
3coz,train
3cp9,train
3cpb,train
3cpc,train
3cph,test
3cpj,test
3cqu,train
3cqw,train
3cr4,train
3cr5,train
3cs7,train
3cs8,train
3cso,train
3cth,train
3ctj,train
3ctq,train
3ctr,val
3ctt,train
3cvk,train
3cwe,train
3cwj,train
3cwk,train
3cy2,train
3cyw,train
3cyx,train
3cyy,val
3cyz,test
3cz1,test
3czv,train
3d04,train
3d0b,train
3d0e,train
3d14,train
3d1e,train
3d1f,train
3d1g,train
3d1x,train
3d1y,train
3d1z,train
3d20,train
3d25,train
3d27,train
3d28,train
3d2r,train
3d2t,train
3d32,train
3d3p,train
3d3x,train
3d45,val
3d4l,train
3d4q,train
3d4y,train
3d4z,train
3d51,train
3d52,train
3d5m,train
3d62,train
3d67,train
3d6o,train
3d6p,train
3d6q,train
3d78,test
3d7b,train
3d7d,train
3d7h,train
3d7k,val
3d7m,train
3d7z,train
3d83,train
3d8w,train
3d8y,train
3d8z,train
3d91,train
3d94,train
3d9m,test
3d9n,test
3d9o,test
3d9p,test
3d9v,train
3d9z,train
3da6,train
3da9,train
3dab,train
3daj,train
3daz,train
3db6,train
3db8,train
3dba,val
3dbd,train
3dbs,train
3dbu,train
3dc3,train
3dcc,train
3dcq,train
3dcr,train
3dcs,train
3dct,train
3dcv,train
3dcw,train
3dd0,train
3dd8,train
3dda,train
3ddb,train
3ddf,train
3ddg,train
3ddp,train
3ddq,train
3ddu,train
3deh,train
3dei,train
3dej,train
3dek,train
3dg8,val
3dga,val
3dgn,test
3dgq,train
3di6,train
3diw,train
3djf,train
3djk,train
3djo,train
3djp,train
3djq,train
3djv,train
3djx,train
3dk1,train
3dkf,train
3dkg,train
3dkj,train
3dln,train
3dm6,train
3dnd,train
3dne,train
3dng,train
3dnj,test
3dog,train
3dow,train
3doy,train
3doz,train
3dp0,train
3dp1,train
3dp2,train
3dp3,train
3dp4,train
3dp9,train
3dpd,train
3dpe,train
3dpf,train
3dpk,train
3dpo,train
3drf,val
3drg,val
3dri,val
3drp,train
3drr,train
3drs,train
3ds0,train
3ds1,train
3ds3,train
3ds4,train
3ds6,train
3dst,train
3dsu,train
3dsz,train
3dt1,train
3dtc,train
3du8,train
3dux,train
3duy,train
3dv1,train
3dv5,train
3dvp,train
3dwb,test
3dx0,train
3dx1,train
3dx2,train
3dx3,train
3dx4,train
3dxg,train
3dxh,train
3dxk,train
3dy6,train
3dya,train
3dz2,train
3dz4,train
3dz5,train
3dz6,train
3dzt,val
3e0p,train
3e0q,train
3e16,train
3e1r,test
3e2m,train
3e37,train
3e3b,train
3e3c,val
3e3u,test
3e4a,train
3e51,train
3e5a,train
3e5u,val
3e62,train
3e63,train
3e64,train
3e6y,train
3e73,val
3e7a,train
3e7b,train
3e7o,train
3e81,val
3e85,test
3e8n,train
3e8r,train
3e90,train
3e92,train
3e93,train
3e9h,train
3e9i,train
3eax,train
3eb1,train
3ebb,val
3ebh,train
3ebi,train
3ebl,val
3ebo,train
3ebp,train
3ecn,train
3ed0,train
3ee2,train
3eeb,val
3efj,train
3efk,train
3efr,val
3efw,train
3egk,train
3egt,train
3ehn,val
3eht,train
3ehw,train
3ehx,train
3ehy,train
3eid,train
3eig,train
3eio,train
3ej1,train
3ej5,train
3ejp,train
3ejs,train
3ejt,train
3eju,train
3eka,val
3ekn,train
3eko,train
3ekp,train
3ekq,train
3ekr,train
3eks,train
3ekt,train
3ekv,train
3ekw,train
3ekx,train
3eky,train
3el0,train
3el4,train
3el5,train
3el7,train
3el9,train
3elc,test
3elj,train
3elm,train
3emg,train
3emh,train
3eml,train
3ens,train
3eoc,train
3eor,test
3eos,train
3eou,train
3eov,train
3eq7,train
3eq8,train
3eq9,train
3eqb,train
3eqr,train
3eqs,train
3eqy,train
3er5,train
3erd,train
3erk,train
3ern,test
3ert,train
3ery,train
3esj,test
3ess,test
3et7,train
3eta,train
3eu5,train
3eu7,val
3evc,train
3evd,train
3evf,train
3ew2,test
3ewc,val
3ewh,train
3ewj,train
3ewu,train
3ewz,train
3ex2,train
3ex3,train
3ex6,train
3exh,train
3exo,train
3eyf,train
3eyg,train
3eyh,train
3eyl,train
3eys,train
3ezr,train
3ezv,train
3f0r,train
3f15,train
3f16,train
3f17,train
3f18,train
3f19,train
3f1a,train
3f2a,train
3f3a,train
3f3c,train
3f3d,train
3f3e,train
3f3t,train
3f3u,train
3f3v,train
3f3w,train
3f48,train
3f5j,train
3f5k,train
3f5l,train
3f5p,train
3f66,train
3f68,train
3f69,test
3f6e,test
3f6g,val
3f6h,val
3f70,test
3f78,train
3f7b,train
3f7g,train
3f7h,train
3f7i,train
3f7u,train
3f7z,train
3f80,train
3f81,val
3f82,train
3f88,train
3f8c,test
3f8e,train
3f8f,test
3f8s,train
3f8w,train
3f9n,train
3f9w,test
3f9y,test
3fa3,val
3faa,train
3fal,train
3fas,train
3fat,train
3fbr,val
3fc1,train
3fc8,train
3fcb,train
3fcf,test
3fci,test
3fck,test
3fcl,test
3fcq,train
3fdm,train
3fdn,train
3fdt,train
3fe7,train
3fea,train
3fee,train
3feg,train
3fei,train
3fej,train
3ff3,train
3ffg,train
3ffp,train
3ffu,test
3fgc,val
3fh5,train
3fh7,train
3fh8,train
3fhb,train
3fhe,train
3fhr,train
3fi2,train
3fi3,train
3fj7,val
3fjg,val
3fjz,train
3fk1,train
3fkt,train
3fl5,train
3fl8,train
3fl9,train
3fmq,train
3fmr,train
3fmz,test
3fn0,train
3fnm,val
3fnu,train
3fpd,train
3fpm,train
3fq7,val
3fqa,val
3fqe,train
3fqh,train
3fqk,train
3fql,train
3fqs,train
3fr2,train
3fr4,train
3fr5,train
3frg,train
3frz,train
3fsm,train
3ft2,train
3ft3,train
3ft4,train
3ft5,train
3ft8,train
3ftq,val
3fts,train
3ftu,train
3ftv,train
3ftw,train
3fty,train
3ftz,train
3fu0,train
3fu3,train
3fu5,train
3fu6,train
3fuc,train
3fud,train
3fue,train
3fuf,train
3fuh,train
3fui,train
3fuj,train
3fuk,train
3ful,train
3fum,train
3fun,train
3fup,train
3fur,train
3fuz,train
3fv1,train
3fv2,train
3fv3,test
3fv8,train
3fvg,train
3fvh,train
3fvk,train
3fvl,train
3fvn,train
3fw3,train
3fw4,train
3fwv,test
3fx6,train
3fxb,val
3fxv,train
3fxw,train
3fyj,train
3fyk,train
3fyz,train
3fz1,train
3fzc,train
3fzr,train
3fzs,train
3fzt,train
3fzy,val
3g08,train
3g0b,train
3g0d,train
3g0e,train
3g0i,val
3g0w,train
3g19,test
3g1d,train
3g1m,train
3g1v,train
3g2i,train
3g2j,train
3g2k,train
3g2l,train
3g2n,train
3g2s,train
3g2t,train
3g2u,train
3g2v,train
3g2w,train
3g2y,train
3g2z,train
3g30,train
3g31,train
3g32,train
3g34,train
3g35,train
3g3d,train
3g3m,train
3g3n,test
3g3r,val
3g42,train
3g45,train
3g4f,val
3g4g,train
3g4i,train
3g4k,train
3g4l,train
3g58,train
3g5d,train
3g5k,train
3g6g,train
3g6h,train
3g6m,train
3g6z,train
3g70,train
3g72,train
3g76,train
3g7l,train
3g86,train
3g8e,train
3g8i,train
3g8o,train
3g90,train
3g9e,train
3g9l,train
3g9n,train
3ga5,val
3gb2,train
3gba,train
3gbb,train
3gbe,val
3gbq,train
3gc4,train
3gc5,train
3gc7,train
3gcp,train
3gcq,train
3gcs,train
3gcu,train
3gcv,train
3gds,test
3gdt,train
3gen,train
3gep,train
3gf2,val
3gfe,train
3gfw,train
3ggc,train
3ggj,train
3ggu,train
3ggv,train
3ghe,train
3gi4,train
3gi5,train
3gi6,train
3gjd,train
3gjq,train
3gjs,train
3gjt,train
3gjw,train
3gk1,train
3gk2,train
3gk4,train
3gkz,train
3gl6,test
3gm0,train
3gn7,train
3gnv,train
3gnw,train
3gol,train
3gpe,test
3gpj,train
3gpo,test
3gqo,test
3gqz,train
3gr2,train
3gs6,test
3gs7,train
3gsg,train
3gsm,test
3gss,train
3gst,test
3gt9,train
3gta,train
3gtc,train
3gus,train
3guz,train
3gv6,train
3gv9,train
3gvb,train
3gvu,train
3gw5,train
3gws,train
3gwt,train
3gwu,train
3gwv,train
3gww,train
3gx0,val
3gxl,train
3gxt,test
3gxy,val
3gxz,val
3gy2,train
3gy3,train
3gy4,train
3gy7,train
3gyn,train
3gz9,train
3gzn,test
3h03,train
3h06,train
3h0a,train
3h0b,train
3h0e,train
3h0j,train
3h0q,train
3h0s,train
3h0v,train
3h0w,train
3h0y,train
3h0z,train
3h1z,val
3h21,train
3h22,train
3h23,train
3h26,train
3h2a,train
3h2c,train
3h2f,train
3h2m,train
3h2n,train
3h2o,train
3h30,train
3h3c,train
3h52,train
3h59,train
3h5b,train
3h5s,train
3h5u,train
3h6z,test
3h78,val
3h85,test
3h89,train
3h8b,train
3h8c,train
3h91,train
3h98,train
3h9f,train
3h9k,train
3h9o,train
3ha6,train
3hab,train
3hac,train
3hau,train
3hav,test
3haw,train
3hb4,val
3hb8,train
3hbo,train
3hc8,train
3hcm,train
3hd3,train
3hdk,train
3hdm,train
3hdn,train
3hdz,train
3hec,train
3hek,train
3hf6,test
3hf8,test
3hfb,test
3hfj,test
3hfv,val
3hha,train
3hhk,train
3hhu,train
3hig,test
3hii,test
3hik,train
3hjo,train
3hk1,train
3hkn,train
3hkq,train
3hkt,train
3hku,train
3hkw,train
3hky,train
3hl5,train
3hl7,train
3hl8,val
3hll,train
3hlo,train
3hmm,train
3hmo,train
3hmp,train
3hmv,train
3hnb,train
3hng,train
3hnz,train
3ho2,train
3ho9,train
3hp2,train
3hp5,train
3hp9,val
3hpt,train
3hq5,train
3hqh,train
3hqr,train
3hqw,train
3hqy,train
3hqz,train
3hr1,train
3hrb,train
3hrf,train
3hs4,train
3hs8,val
3hs9,val
3hub,train
3huc,train
3hv3,train
3hv4,train
3hv5,train
3hv6,train
3hv7,train
3hvc,train
3hvg,train
3hvh,train
3hvi,train
3hvj,train
3hvk,train
3hw1,train
3hwn,train
3hww,val
3hwx,val
3hx3,val
3hxb,train
3hxc,train
3hxe,train
3hxf,train
3hxi,train
3hy5,val
3hy7,train
3hy9,train
3hyf,train
3hyg,train
3hzk,train
3hzm,train
3hzv,train
3hzy,train
3i02,train
3i0r,train
3i0s,train
3i1y,train
3i25,train
3i28,train
3i4a,test
3i4b,train
3i4y,val
3i51,val
3i5n,train
3i5r,val
3i5z,train
3i60,train
3i6c,train
3i6m,train
3i6o,train
3i6z,train
3i73,val
3i7b,train
3i7c,train
3i7e,train
3i7g,train
3i7i,train
3i81,train
3i8t,train
3i90,train
3i91,train
3i97,train
3i9g,train
3ia6,train
3iad,train
3iae,val
3iaw,train
3ibc,train
3ibi,train
3ibl,train
3ibn,train
3ibu,train
3idp,train
3ie3,train
3iej,train
3ieo,train
3ies,val
3if7,train
3ifl,train
3ifp,train
3ig6,train
3igb,train
3igp,train
3igv,train
3ihz,train
3ii5,train
3iit,train
3iiw,train
3iiy,train
3ij0,train
3ij1,train
3ijg,train
3ijh,train
3ijy,train
3ijz,train
3ik1,train
3ik3,train
3ika,train
3ikc,train
3ikd,train
3ikg,train
3il5,val
3il6,train
3ilq,train
3imc,train
3ime,train
3img,train
3imy,train
3in3,train
3in4,train
3ind,train
3ine,train
3inf,train
3inh,train
3iny,train
3io7,train
3iob,train
3ioc,train
3iod,train
3ioe,train
3iof,test
3iog,test
3ioi,train
3iok,train
3ion,train
3iop,train
3ip5,test
3ip6,test
3ip8,val
3ip9,test
3ipa,test
3ipb,train
3ipe,train
3iph,train
3ipq,train
3ips,train
3ipu,train
3ipx,train
3ipy,train
3iqg,test
3iqh,test
3iqi,test
3iqq,train
3irx,train
3is9,train
3isj,train
3iss,test
3isw,val
3itc,val
3ith,train
3itu,train
3itz,train
3iu7,train
3iu8,train
3iu9,train
3iub,train
3iuc,train
3iue,train
3iut,train
3iux,train
3ivg,train
3ivh,train
3ivi,train
3ivq,train
3ivv,train
3iw4,train
3iw5,train
3iw6,train
3iw7,train
3iw8,train
3iww,train
3iwy,train
3ixj,train
3ixk,train
3jdw,val
3jpv,train
3jpx,train
3jq7,train
3jqa,train
3jqb,train
3jqg,train
3jrs,train
3jrx,val
3jsi,train
3jsw,train
3juk,val
3juo,test
3jup,test
3juq,test
3jvk,train
3jvr,train
3jvs,train
3jwq,train
3jwr,train
3jxw,train
3jy0,train
3jy9,train
3jya,train
3jyj,train
3jyr,train
3jzb,train
3jzc,train
3jzf,train
3jzg,train
3jzh,train
3jzi,train
3jzj,val
3jzk,train
3jzo,train
3jzp,train
3jzq,train
3jzr,train
3jzs,train
3k00,val
3k02,val
3k05,val
3k0h,train
3k0k,train
3k15,train
3k16,train
3k22,train
3k23,train
3k26,train
3k27,train
3k2f,train
3k39,train
3k3b,train
3k3e,train
3k3g,val
3k3h,train
3k3i,train
3k3j,train
3k41,val
3k48,val
3k4q,val
3k54,train
3k5c,train
3k5d,train
3k5f,train
3k5g,train
3k5i,val
3k5k,train
3k5u,train
3k5v,train
3k5x,val
3k7f,train
3k84,train
3k8c,test
3k8d,val
3k8q,train
3k97,train
3k98,train
3k99,train
3k9x,train
3kab,train
3kac,train
3kad,train
3kaf,train
3kag,train
3kah,train
3kai,train
3kb3,train
3kb7,train
3kba,train
3kbz,train
3kc0,train
3kc3,train
3kce,train
3kcf,train
3kck,train
3kd7,test
3kdb,train
3kdc,train
3kdd,train
3kdm,train
3kdt,train
3kdu,train
3kec,train
3ked,train
3kej,train
3kek,train
3ken,train
3kf4,train
3kf7,train
3kfa,train
3kfc,train
3kfn,train
3kga,train
3kgp,train
3kgq,train
3kgt,train
3khj,train
3khv,train
3kid,train
3kig,train
3kiv,train
3kjd,train
3kjf,train
3kjn,train
3kjq,train
3kku,train
3kl6,train
3km4,train
3kmc,train
3kme,train
3kmm,train
3kmx,train
3kmy,train
3kn0,train
3koo,train
3kpu,train
3kpv,train
3kpw,train
3kqa,test
3kqb,train
3kqc,train
3kqd,train
3kqe,train
3kqm,train
3kqo,train
3kqp,train
3kqs,train
3kqt,train
3kqw,train
3kqy,train
3kr0,train
3kr1,train
3kr2,train
3kr8,train
3krd,train
3krj,train
3krl,train
3krr,train
3krw,train
3kry,train
3ksq,train
3ktr,test
3kv2,train
3kvw,train
3kvx,train
3kw9,train
3kwa,train
3kwb,train
3kwf,train
3kwz,train
3kx1,train
3kyf,val
3kyg,val
3kyq,val
3kyr,train
3kze,test
3l08,train
3l0e,train
3l0k,train
3l0n,train
3l0v,train
3l13,train
3l16,train
3l17,train
3l1n,val
3l1s,train
3l2y,train
3l38,train
3l3a,train
3l3l,train
3l3m,train
3l3n,train
3l3q,train
3l3x,train
3l3z,train
3l4u,train
3l4x,train
3l4y,train
3l4z,train
3l54,train
3l58,train
3l59,train
3l5b,train
3l5c,train
3l5d,train
3l5e,train
3l5f,train
3l5r,train
3l6h,val
3l6x,val
3l7a,train
3l7c,train
3l7d,train
3l81,val
3l8s,train
3l8v,train
3l9h,train
3l9l,train
3l9m,train
3l9n,train
3lau,train
3lbj,train
3lbk,train
3lbl,train
3lbz,train
3lc3,train
3lc5,train
3lcd,train
3lce,train
3lco,train
3lcu,val
3lcv,val
3ldp,train
3ldq,train
3le6,train
3le8,train
3le9,train
3lea,train
3lfn,train
3lfs,train
3lgl,test
3lgp,train
3lgs,val
3lhg,train
3lhj,train
3lhs,val
3li2,val
3lik,train
3lil,train
3lir,train
3liw,train
3lj3,train
3lj7,train
3ljg,train
3ljj,train
3ljo,train
3ljt,train
3ljz,train
3lk0,train
3lk1,train
3lk8,train
3lka,train
3lkh,train
3lkj,test
3lkz,train
3ll8,val
3lle,train
3llm,test
3lm1,test
3lmk,val
3lmp,train
3lnk,train
3lnz,train
3lox,train
3lp4,train
3lp7,train
3lpb,train
3lpf,test
3lpg,test
3lpi,train
3lpj,train
3lpk,train
3lpl,test
3lpp,train
3lpt,train
3lpu,train
3lq4,test
3lq5,train
3lq8,train
3lqi,val
3lqj,val
3lrh,train
3ls4,train
3luo,test
3lvp,train
3lvw,val
3lw0,train
3lxe,train
3lxk,train
3lxl,train
3lxo,train
3lxs,train
3ly2,train
3lzb,train
3lzs,train
3lzu,train
3lzz,val
3m11,train
3m1k,train
3m2w,train
3m35,train
3m36,train
3m37,train
3m3c,test
3m3e,test
3m3o,test
3m3r,val
3m3x,train
3m3z,train
3m40,train
3m53,train
3m54,train
3m55,train
3m56,train
3m57,train
3m58,train
3m59,train
3m5a,train
3m5e,train
3m67,train
3m6f,train
3m6p,train
3m6q,train
3m6r,train
3m89,val
3m8p,train
3m8q,train
3m8u,test
3m93,train
3m96,train
3m9f,train
3ma3,train
3mag,test
3mam,train
3max,train
3mb6,train
3mb7,train
3mbl,train
3mbp,train
3mbz,train
3mct,test
3mdz,train
3me9,test
3mea,test
3met,test
3meu,test
3mfv,train
3mfw,train
3mg7,train
3mg8,train
3mhc,train
3mhi,train
3mhl,train
3mhm,train
3mho,train
3mhw,train
3mi2,train
3mi3,val
3miy,train
3mj1,train
3mj2,train
3mj5,val
3mjl,train
3mkn,val
3ml2,train
3ml5,train
3mlb,test
3mle,val
3mmf,train
3mn8,val
3mna,train
3mo2,train
3mo5,train
3mo8,val
3moe,train
3mof,train
3moh,train
3mp1,train
3mp6,train
3mpm,train
3mpt,train
3mqf,train
3mrt,train
3mrx,train
3ms2,train
3ms9,train
3msc,train
3msj,train
3msk,train
3msl,train
3mss,train
3mt8,train
3mta,train
3mtb,train
3mtd,train
3mtw,val
3muf,test
3muk,train
3mv5,train
3mvh,train
3mvj,train
3mvl,train
3mvm,train
3mw1,train
3mwe,val
3mwu,train
3mww,train
3mxc,train
3mxd,train
3mxf,train
3mxy,train
3my1,train
3my5,train
3myg,train
3myq,train
3mz3,train
3mzc,train
3n0h,train
3n0n,train
3n1c,val
3n1v,train
3n1w,train
3n23,train
3n2e,test
3n2p,train
3n2u,train
3n2v,train
3n35,train
3n3g,train
3n3j,train
3n3l,train
3n45,train
3n46,train
3n49,train
3n4b,train
3n4c,train
3n4l,train
3n51,train
3n5h,train
3n5j,train
3n5u,train
3n6k,train
3n76,train
3n7h,val
3n7o,train
3n7r,val
3n7s,val
3n86,train
3n8k,train
3n9r,train
3n9s,train
3nal,train
3nb5,train
3nba,train
3nc4,train
3nc9,train
3ncg,train
3ncr,train
3ncz,train
3ndm,train
3nee,train
3nef,train
3neg,train
3neo,train
3nes,train
3new,train
3nex,train
3nf3,train
3nf6,train
3nf7,train
3nf8,train
3nf9,train
3ng4,train
3nga,train
3nhi,val
3nht,val
3ni5,train
3nii,train
3nij,train
3nik,train
3nil,train
3nim,train
3nin,train
3njq,train
3njy,train
3nk8,train
3nkk,train
3nlb,train
3nm6,train
3nmq,train
3nnu,train
3nnv,train
3nnw,train
3nnx,train
3nok,val
3np7,train
3np9,train
3npa,train
3npc,train
3nq3,train
3nq9,train
3nrm,train
3nrz,val
3ns7,train
3ns9,train
3nsh,train
3nsn,test
3nsq,train
3ntp,train
3nu3,train
3nu4,train
3nu5,train
3nu6,train
3nu9,train
3nuj,train
3nuo,train
3nus,train
3nuu,train
3nuy,train
3nw3,train
3nw5,train
3nw6,train
3nw7,train
3nw9,train
3nwb,train
3nwe,train
3nww,train
3nx7,train
3nxq,train
3ny3,train
3nyd,train
3nyx,train
3nzc,train
3nzk,train
3nzs,train
3nzu,train
3nzw,train
3nzx,train
3o0e,val
3o0g,train
3o0u,train
3o1d,train
3o1e,train
3o1g,train
3o23,train
3o2m,train
3o3j,train
3o4k,train
3o56,train
3o57,train
3o5n,test
3o5x,train
3o6l,train
3o6m,train
3o6t,train
3o75,val
3o84,val
3o8h,train
3o8p,train
3o95,train
3o96,train
3o99,train
3o9a,train
3o9b,train
3o9c,train
3o9d,train
3o9e,train
3o9f,train
3o9g,train
3o9h,train
3o9i,train
3o9l,train
3o9p,train
3o9v,train
3oad,train
3oaf,train
3oag,train
3oap,train
3oaw,train
3oay,train
3ob0,train
3obq,test
3obu,test
3obx,test
3oc0,train
3ocb,train
3ocg,train
3ocp,test
3oct,train
3ocz,val
3od0,test
3odi,train
3odk,train
3odl,train
3odu,train
3oe0,train
3oe6,train
3oe9,train
3oeu,train
3oev,train
3of8,train
3og7,train
3ogm,test
3ogp,train
3ogq,train
3ogx,train
3ohf,train
3ohh,train
3ohi,train
3oik,train
3oil,train
3oim,train
3oj8,train
3ok9,train
3oka,val
3okc,val
3okh,train
3oki,train
3okp,val
3oku,train
3okv,train
3old,train
3ole,train
3olf,train
3olg,train
3oli,train
3omg,val
3omm,train
3oob,train
3oof,train
3ook,train
3oot,train
3ooz,train
3opp,train
3opr,train
3oq5,test
3oqf,train
3oqk,train
3orn,train
3os3,train
3osi,train
3osw,train
3ot3,train
3ot8,train
3otf,train
3otq,train
3ouh,train
3oui,train
3ouj,train
3ov1,train
3ove,train
3ovn,train
3ovx,train
3ovz,train
3ow3,train
3ow4,train
3ow6,train
3owb,train
3owd,train
3owj,train
3owk,train
3owl,train
3own,train
3oxc,train
3oxi,train
3oxz,train
3oy0,train
3oy3,train
3oy8,test
3oyl,test
3oyn,test
3oyp,train
3oyq,train
3oys,train
3oyw,test
3oz1,train
3ozg,train
3ozj,train
3p0g,train
3p17,train
3p1d,train
3p23,train
3p2e,val
3p2h,val
3p2k,val
3p3g,train
3p3r,train
3p3s,train
3p3t,train
3p4f,train
3p4q,test
3p4r,test
3p4v,train
3p4w,test
3p50,test
3p5k,train
3p5o,train
3p76,train
3p79,train
3p7a,train
3p7b,train
3p7c,train
3p7i,val
3p8e,test
3p8h,test
3p8n,train
3p8o,train
3p8p,test
3p8z,train
3p9h,test
3p9t,val
3pa4,train
3pa8,val
3pax,train
3pb3,val
3pb7,train
3pb9,train
3pbb,train
3pce,train
3pcf,train
3pcg,train
3pch,train
3pcj,train
3pcu,train
3pd2,train
3pd3,train
3pd8,train
3pd9,train
3pdc,train
3pdq,train
3pe1,train
3pe2,train
3peq,train
3pgl,val
3pgu,val
3phe,train
3pi5,train
3pix,train
3piy,train
3piz,train
3pj1,train
3pj2,train
3pj3,train
3pj8,train
3pjc,train
3pjg,val
3pjt,val
3pju,val
3pka,train
3pkb,train
3pkc,train
3pkd,train
3pke,train
3pkn,test
3plu,val
3pm1,train
3pn1,train
3pn3,train
3pn4,train
3po1,train
3po6,train
3poa,val
3poz,train
3pp0,train
3pp1,train
3ppj,train
3ppk,train
3ppm,train
3ppo,train
3ppp,train
3ppq,train
3ppr,train
3pqz,train
3pr0,train
3prf,train
3prs,train
3prz,train
3ps1,train
3ps6,train
3psb,train
3psd,train
3psl,train
3ptg,train
3pty,val
3pvu,train
3pwd,train
3pwh,train
3pwk,test
3pwm,train
3pww,train
3px8,train
3px9,train
3pxe,train
3pxf,train
3pxq,train
3pxy,train
3pxz,train
3py0,train
3py1,train
3pyy,train
3pz1,train
3pz2,train
3pz3,train
3pz4,train
3q0z,train
3q2g,train
3q2h,train
3q2j,test
3q32,train
3q3b,train
3q3t,train
3q43,train
3q44,train
3q4b,train
3q4j,train
3q4k,train
3q4l,train
3q5h,train
3q5u,train
3q6k,val
3q6s,val
3q6w,train
3q6z,test
3q71,test
3q72,test
3q77,train
3q7j,val
3q7q,test
3q8d,val
3q92,train
3q96,train
3qa2,train
3qai,train
3qak,train
3qaq,train
3qar,train
3qbc,train
3qbh,train
3qbn,train
3qc4,train
3qce,train
3qcf,train
3qch,train
3qci,train
3qcj,train
3qck,train
3qcl,train
3qcq,train
3qcs,train
3qcx,train
3qcy,train
3qd0,train
3qd3,train
3qd4,train
3qdd,train
3qel,train
3qfv,train
3qfz,val
3qg6,train
3qgw,train
3qgy,train
3qi1,train
3qi3,train
3qi4,train
3qin,train
3qio,train
3qiy,train
3qiz,train
3qj0,train
3qj9,train
3qk0,train
3qk5,train
3qkd,train
3qkk,train
3qkl,train
3qkm,train
3qkv,train
3qlc,test
3qlm,train
3qmk,val
3qn7,train
3qnd,train
3qnj,train
3qo2,train
3qo3,val
3qox,train
3qpn,train
3qpo,train
3qpp,train
3qps,val
3qqa,val
3qqk,train
3qqs,train
3qqu,train
3qri,train
3qrj,train
3qrk,train
3qs4,train
3qs5,train
3qs6,train
3qs8,train
3qsb,train
3qsd,train
3qt6,test
3qt7,test
3qtf,train
3qti,train
3qto,train
3qtq,train
3qtr,train
3qts,train
3qtu,train
3qtv,train
3qtw,train
3qtx,train
3qtz,train
3qu0,train
3que,train
3qup,train
3qvu,test
3qvv,test
3qw5,train
3qw6,train
3qw7,train
3qw8,train
3qwc,train
3qx5,train
3qx8,val
3qxc,val
3qxh,val
3qxm,train
3qxp,train
3qxt,train
3qxv,train
3qzq,train
3qzv,train
3r00,train
3r01,train
3r02,train
3r04,train
3r0i,train
3r0t,train
3r0w,train
3r0y,train
3r16,train
3r17,train
3r1v,val
3r21,train
3r24,val
3r2a,train
3r2f,train
3r2y,train
3r42,val
3r4m,train
3r4n,train
3r4o,train
3r4p,train
3r5j,train
3r5m,train
3r5n,train
3r5t,val
3r6c,train
3r6g,train
3r6t,train
3r6u,train
3r7n,train
3r7o,train
3r7q,train
3r7r,train
3r88,train
3r8i,train
3r8u,train
3r8v,train
3r8z,train
3r91,train
3r92,train
3r93,train
3r9d,train
3r9h,train
3r9n,train
3r9o,train
3rah,train
3rak,train
3ral,train
3rbq,val
3rcd,train
3rcj,train
3rde,val
3rdh,train
3rdo,train
3rdq,train
3rdv,val
3re4,val
3rey,train
3rf4,train
3rf5,train
3rhk,train
3ri1,train
3rik,train
3rin,train
3rjc,train
3rjw,train
3rk5,train
3rk7,train
3rk9,train
3rkb,train
3rkz,train
3rl3,val
3rl4,val
3rl7,test
3rl8,train
3rlb,val
3rlp,train
3rlq,train
3rlr,train
3rm4,train
3rm8,train
3rm9,train
3rme,train
3rmf,train
3rni,train
3ro4,train
3roc,train
3rpr,train
3rpv,train
3rpy,train
3rq7,train
3rqe,val
3rqf,val
3rqg,val
3rqw,test
3rr4,train
3rsb,val
3rse,train
3rsv,train
3rsx,train
3rt4,train
3rt6,train
3rt8,train
3rtf,train
3rth,train
3rti,train
3rtm,train
3rtp,train
3rtx,val
3ru1,train
3rum,train
3run,train
3rup,train
3rux,train
3rv3,train
3rv6,test
3rv7,test
3rv8,test
3rv9,test
3rvg,train
3rvi,train
3rw9,train
3rwd,train
3rwe,train
3rwf,train
3rwg,train
3rwi,train
3rwj,train
3rwp,train
3rwq,train
3rx5,val
3rx7,val
3rx8,val
3rxa,train
3rxb,train
3rxd,train
3rxe,train
3rxf,train
3rxg,train
3rxh,train
3rxi,train
3rxj,train
3rxk,train
3rxl,train
3rxm,train
3rxo,train
3rxp,train
3ry8,test
3ryj,train
3ryv,train
3ryx,train
3ryy,train
3ryz,train
3rz0,train
3rz1,train
3rz3,val
3rz5,train
3rz7,train
3rz8,train
3rz9,train
3rzb,train
3rzi,test
3s00,train
3s0b,test
3s0d,test
3s0e,test
3s0j,train
3s0n,train
3s0o,train
3s1g,train
3s1h,train
3s1y,train
3s22,train
3s2a,train
3s2o,train
3s2p,train
3s2v,train
3s3i,train
3s3k,train
3s3m,test
3s3n,test
3s3q,train
3s3r,train
3s3v,train
3s45,train
3s4q,train
3s53,train
3s54,train
3s56,train
3s5y,test
3s68,train
3s6t,test
3s71,train
3s73,train
3s74,train
3s75,train
3s76,train
3s77,train
3s78,train
3s7a,train
3s7b,train
3s7f,train
3s7l,train
3s7m,train
3s8l,train
3s8n,train
3s8x,train
3s9e,train
3s9i,train
3s9t,train
3s9y,test
3s9z,train
3sad,train
3sap,train
3sax,train
3saz,train
3sb0,train
3sbh,train
3sbi,train
3sc1,train
3sd5,train
3sfc,train
3sff,train
3sfg,test
3sfh,train
3sgt,train
3sgv,train
3sgx,train
3sh0,train
3sh1,train
3sha,train
3shb,train
3shc,train
3shv,test
3shy,train
3shz,train
3si3,train
3si4,train
3sie,train
3sio,train
3sjf,train
3sji,train
3sjo,train
3sk2,val
3ska,train
3skc,train
3ske,train
3skf,train
3skg,train
3skh,train
3sl4,train
3sl5,train
3sl8,train
3slz,test
3sm0,train
3sm2,test
3smq,train
3sn7,train
3sn8,train
3sna,train
3snb,train
3snc,train
3snd,train
3sni,train
3snl,train
3so6,val
3so9,train
3soq,val
3sou,train
3sov,val
3sow,train
3spf,train
3spk,train
3sqq,train
3sr4,train
3srb,train
3src,train
3srg,val
3srv,train
3st5,train
3st6,test
3stj,test
3str,train
3su0,train
3su1,train
3su2,train
3su3,train
3su4,train
3su5,train
3su6,train
3sud,train
3sue,train
3suf,train
3sug,train
3sur,train
3sus,train
3sut,train
3suu,train
3suv,train
3suw,train
3sv2,train
3sv6,train
3sv7,train
3sv8,train
3sv9,train
3svj,train
3svv,train
3sw2,train
3sw8,train
3sw9,train
3sww,train
3sx4,train
3sx9,train
3sxf,train
3sxu,val
3sz1,train
3szb,val
3szm,test
3t01,val
3t03,train
3t07,train
3t0l,train
3t0w,train
3t0x,train
3t1a,train
3t1l,train
3t1m,train
3t2t,test
3t2v,train
3t2w,test
3t3c,train
3t3d,train
3t3g,train
3t3i,train
3t3u,train
3t3v,train
3t3y,test
3t4h,test
3t4n,train
3t4p,test
3t4v,test
3t5i,train
3t5u,train
3t60,test
3t64,test
3t6b,test
3t6j,test
3t6r,train
3t6y,test
3t70,test
3t7g,val
3t82,train
3t83,train
3t84,train
3t85,train
3t8s,val
3t8v,train
3t9t,train
3ta1,train
3tam,train
3tao,train
3tay,test
3tb6,val
3tc5,train
3tcp,train
3tct,train
3tcy,test
3td4,test
3tdc,train
3tdh,train
3tdj,train
3tf6,train
3tf7,train
3tfn,train
3tfp,train
3tfu,val
3tfv,train
3tg5,train
3tge,train
3tgs,train
3th0,val
3th8,train
3th9,train
3thb,train
3thd,val
3ti1,train
3ti3,train
3ti4,train
3ti5,train
3ti6,train
3ti8,train
3tia,train
3tib,train
3tic,train
3tif,test
3tiw,train
3tiy,train
3tiz,train
3tjc,train
3tjd,train
3tjh,train
3tjm,val
3tk2,test
3tki,train
3tkm,train
3tku,train
3tkw,train
3tkz,train
3tl0,train
3tll,train
3tmk,test
3tn8,train
3tne,test
3tnh,train
3tpp,train
3tpr,train
3tpu,train
3tpx,train
3ts4,train
3tsd,test
3tsk,train
3tsz,test
3tt4,train
3tti,train
3ttj,train
3ttm,train
3ttn,train
3ttp,train
3ttz,train
3tu1,train
3tu7,train
3tu9,test
3tv4,train
3tv5,train
3tv6,train
3tv7,train
3tv8,test
3tvc,train
3tvl,val
3tvx,train
3twd,train
3twj,train
3twp,train
3twr,train
3tws,train
3twu,train
3twv,train
3tww,train
3twx,train
3txo,train
3ty0,train
3tyq,train
3tyv,train
3tz0,test
3tz2,test
3tz4,test
3tza,train
3tzd,train
3tzm,train
3u0d,train
3u0p,train
3u0t,train
3u10,train
3u15,train
3u18,train
3u1i,train
3u1y,train
3u2k,train
3u2q,test
3u3f,test
3u3u,val
3u3z,test
3u4h,train
3u4i,train
3u4o,train
3u4r,train
3u4u,train
3u4w,train
3u51,train
3u5j,train
3u5l,train
3u6a,train
3u6h,train
3u6i,train
3u6j,train
3u6w,val
3u78,val
3u7k,train
3u7l,train
3u7m,train
3u7n,train
3u7s,train
3u81,train
3u8d,train
3u8h,train
3u8j,train
3u8k,train
3u8m,train
3u8n,train
3u8w,train
3u90,train
3u92,train
3u93,train
3u9c,train
3u9n,train
3u9q,train
3ua8,train
3ua9,train
3uat,test
3ubd,train
3ubx,train
3ucj,val
3ud5,train
3ud7,test
3ud8,test
3ud9,test
3uda,test
3udd,train
3udh,train
3udj,train
3udk,train
3udm,train
3udn,train
3udp,train
3udq,train
3udr,train
3udv,train
3udy,train
3ue4,train
3uec,train
3ued,train
3uef,train
3ueo,val
3ueu,train
3uev,train
3uew,train
3uex,train
3uf9,val
3ug2,train
3ugc,train
3uh2,train
3uh4,train
3uhm,train
3ui2,train
3ui7,train
3uib,train
3uih,train
3uii,train
3uij,train
3uik,train
3uil,train
3uix,train
3uj9,test
3ujb,test
3ujc,test
3ujd,test
3ukr,train
3uli,train
3umq,train
3umw,train
3umx,train
3unj,train
3unk,train
3unn,val
3unz,train
3uo4,train
3uo5,train
3uo6,train
3uo9,train
3uod,train
3uoh,train
3uoj,train
3uok,train
3uol,train
3up2,train
3up7,train
3upf,test
3uph,train
3upi,train
3upk,test
3upv,test
3upx,train
3upy,val
3upz,train
3uqf,train
3uqg,train
3uqp,train
3uqr,train
3ur0,test
3ur9,train
3uri,train
3usn,train
3usx,train
3utu,train
3uu1,train
3uug,val
3uuo,train
3uvk,train
3uvl,train
3uvm,train
3uvn,train
3uvo,train
3uvp,train
3uvq,train
3uvu,train
3uvw,train
3uvx,train
3uw4,train
3uw5,train
3uw9,train
3uwk,train
3uwl,train
3uwo,train
3ux0,train
3uxd,test
3uxg,test
3uxk,test
3uxl,test
3uxm,train
3uyr,train
3uyt,train
3uz5,test
3uza,train
3uzc,train
3uzj,test
3uzp,train
3v01,train
3v04,train
3v0l,train
3v0p,train
3v1r,val
3v2n,test
3v2o,test
3v2p,test
3v2q,test
3v2w,train
3v2x,test
3v30,test
3v31,test
3v3l,test
3v3v,train
3v43,test
3v49,train
3v4j,val
3v4x,val
3v51,train
3v5g,train
3v5j,train
3v5l,train
3v5p,train
3v5q,train
3v5t,train
3v66,train
3v6r,train
3v6s,train
3v78,val
3v7c,test
3v7s,test
3v7t,train
3v7x,train
3v8s,train
3v8t,train
3v8w,train
3v9b,train
3vap,train
3vb4,train
3vb5,train
3vb6,train
3vb7,train
3vbd,train
3vbg,train
3vbq,train
3vbt,train
3vbv,train
3vbw,train
3vbx,train
3vby,train
3vc4,train
3veh,test
3veu,train
3vf3,train
3vf5,train
3vf7,train
3vf8,train
3vf9,train
3vfa,train
3vfb,train
3vfj,train
3vfq,test
3vg1,train
3vh9,train
3vha,train
3vhc,train
3vhd,train
3vhe,train
3vhk,train
3vhu,train
3vhv,train
3vi2,test
3vi5,train
3vid,train
3vje,train
3vjl,train
3vjm,train
3vnt,train
3vo3,train
3voz,train
3vp2,train
3vqh,train
3vqs,train
3vqu,train
3vrt,train
3vru,train
3vrv,train
3vrw,train
3vry,train
3vs3,train
3vsw,train
3vsx,train
3vtb,train
3vtc,train
3vtd,train
3vtr,test
3vuc,train
3vv6,train
3vv7,train
3vv8,train
3vva,test
3vvy,test
3vvz,test
3vw0,test
3vw1,test
3vw6,train
3vw7,train
3vw9,test
3vws,train
3vx3,val
3vyd,train
3vye,train
3vyf,train
3vzg,val
3vzv,train
3w07,train
3w0l,train
3w1f,train
3w2o,train
3w2p,train
3w2q,train
3w2r,train
3w2s,train
3w2t,train
3w32,train
3w33,train
3w37,train
3w54,test
3w55,train
3w5e,train
3w5n,val
3w5t,train
3w69,train
3w9k,val
3w9r,train
3wab,train
3wav,train
3waw,train
3wb5,train
3wbl,train
3wc7,train
3wcg,train
3wd1,train
3wd9,train
3wdc,test
3wdd,test
3wde,test
3we4,train
3wf5,train
3wf6,train
3wf7,train
3wf8,train
3wf9,train
3wff,train
3wfg,train
3wgg,val
3wgw,train
3wha,train
3wi2,train
3wig,train
3wix,train
3wiy,train
3wiz,train
3wjw,train
3wk5,train
3wk7,train
3wk8,train
3wk9,train
3wka,train
3wkb,train
3wkd,train
3wke,train
3wmb,test
3wmc,test
3wnr,train
3wns,train
3wnt,train
3wpn,train
3wq5,train
3wq6,train
3wqh,train
3wqv,train
3wqw,train
3ws8,train
3ws9,train
3wsy,val
3wt5,train
3wt7,train
3wth,train
3wti,train
3wtj,train
3wtk,train
3wtl,train
3wtm,train
3wtn,train
3wto,train
3wut,test
3wuu,test
3wuv,test
3wv1,train
3wv2,train
3wv3,train
3wvm,train
3wyk,train
3wyl,train
3wym,train
3wyx,train
3wz6,train
3wz7,train
3wz8,train
3wzj,train
3wzk,train
3wzn,train
3wzp,train
3wzq,train
3wzu,train
3x00,train
3zbf,train
3zbx,train
3zc5,train
3zc6,train
3zcl,train
3zcw,train
3zcz,train
3zdh,train
3zdv,train
3zeb,test
3zep,train
3zev,val
3zh8,train
3zha,val
3zhf,val
3zhx,train
3zhz,train
3zi0,train
3zi8,test
3zim,train
3zj6,train
3zj8,train
3zjc,val
3zk6,train
3zki,train
3zlk,train
3zll,train
3zln,train
3zlo,train
3zlq,train
3zlr,train
3zlv,train
3zm5,test
3zm6,test
3zm9,train
3zmg,train
3zmh,test
3zmi,test
3zmj,test
3zmm,train
3zmp,train
3zmt,train
3zmu,train
3zmv,train
3zmz,train
3zn0,train
3zn1,train
3znc,train
3znr,train
3zns,train
3zo1,train
3zo2,train
3zo4,train
3zos,train
3zot,test
3zov,train
3zpq,train
3zpr,train
3zpt,train
3zpu,train
3zq9,val
3zqe,val
3zqi,val
3zqt,train
3zrc,train
3zrk,train
3zrl,train
3zso,train
3zsq,train
3zst,test
3zsw,train
3zsx,train
3zsy,train
3zsz,train
3zt1,train
3zt2,train
3zt3,train
3zt4,train
3ztc,train
3ztd,train
3ztx,train
3zuk,test
3zvv,train
3zvy,train
3zw3,train
3zxe,train
3zxh,train
3zxz,train
3zy2,val
3zy5,val
3zya,train
3zyb,train
3zyf,train
3zyh,train
3zyr,train
3zyu,train
3zze,train
3zzf,val
3zzh,val
456c,train
4a0j,train
4a1w,train
4a22,test
4a23,train
4a2a,val
4a4c,test
4a4e,test
4a4f,test
4a4g,test
4a4h,test
4a4l,train
4a4o,train
4a4q,train
4a4v,train
4a4w,train
4a4x,train
4a50,train
4a51,train
4a6b,train
4a6c,train
4a6l,train
4a6s,train
4a6v,train
4a6w,train
4a7b,train
4a7c,train
4a7i,train
4a7j,train
4a95,train
4a9i,train
4a9m,train
4a9n,train
4a9r,train
4a9s,train
4aa0,train
4aa1,train
4aa2,train
4aa4,train
4aa5,train
4aa7,train
4aac,train
4ab8,train
4ab9,train
4aba,train
4abb,train
4abd,train
4abe,train
4abf,train
4abg,train
4abh,train
4abi,train
4abj,train
4abk,val
4abu,train
4ac3,train
4acd,train
4aci,val
4acu,train
4acx,train
4ad2,test
4ad3,test
4ad6,train
4ael,train
4af3,val
4afe,train
4afg,val
4afh,val
4afj,train
4aft,train
4ag8,train
4agc,train
4agd,train
4agl,train
4agm,train
4agn,train
4ago,train
4agp,train
4agq,train
4ah9,train
4ahr,train
4ahs,train
4ahu,train
4ahv,train
4ai5,val
4ai8,train
4aia,val
4aif,val
4aj2,train
4ajl,train
4ajw,train
4akn,train
4al4,train
4alg,train
4alu,train
4alv,train
4alw,train
4alx,train
4aml,test
4amw,val
4amx,val
4amy,train
4amz,train
4an0,train
4an1,train
4an2,train
4an3,train
4an9,train
4anb,train
4anm,train
4anq,train
4anu,train
4anv,train
4anw,train
4anx,train
4aoc,train
4aoi,train
4aom,test
4ap0,train
4ap7,train
4apo,val
4app,train
4apr,train
4aq3,train
4aq4,val
4aqc,train
4aqh,test
4ark,train
4aro,val
4arw,train
4asd,train
4asj,train
4ask,test
4at3,train
4at4,train
4at5,train
4att,train
4au7,val
4au8,train
4aua,train
4auj,train
4auy,train
4av0,train
4av4,train
4av5,train
4avh,train
4avi,train
4avj,train
4avs,train
4avu,train
4avw,train
4aw5,train
4awf,train
4awg,train
4awi,train
4awj,train
4awk,train
4awm,train
4awo,train
4awp,train
4awq,train
4axa,train
4axd,val
4axm,train
4ay5,train
4ay6,train
4ayp,test
4ayq,test
4ayr,test
4ayu,train
4ayv,train
4ayy,train
4az0,val
4az2,train
4az3,val
4az5,test
4az6,test
4aza,train
4azc,test
4aze,train
4azf,train
4azg,test
4azp,train
4azt,val
4azy,train
4b00,train
4b05,train
4b0b,test
4b0c,test
4b0j,test
4b11,train
4b12,train
4b13,train
4b14,train
4b1c,train
4b1d,train
4b1j,test
4b2d,train
4b2i,train
4b2l,train
4b32,train
4b33,train
4b34,train
4b35,train
4b3b,train
4b3c,train
4b3d,train
4b4g,train
4b4m,train
4b4n,train
4b4q,val
4b5b,train
4b5d,val
4b6c,train
4b6o,train
4b6p,train
4b6r,train
4b6s,train
4b6u,val
4b70,train
4b71,train
4b72,train
4b73,train
4b77,train
4b78,train
4b7j,train
4b7n,train
4b7p,train
4b7r,train
4b7z,train
4b81,train
4b83,train
4b84,train
4b8o,train
4b8p,train
4b8y,val
4b95,train
4b9h,val
4b9k,train
4b9z,test
4ba3,train
4bah,train
4bak,train
4ban,train
4baq,train
4bb2,train
4bb4,train
4bbe,train
4bbf,train
4bbh,train
4bc5,val
4bcc,train
4bcd,train
4bcf,train
4bcg,train
4bch,train
4bci,train
4bcj,train
4bck,train
4bcm,train
4bcn,train
4bco,train
4bcp,train
4bcq,train
4bcs,train
4bcw,train
4bd3,test
4bda,train
4bdb,train
4bdc,train
4bdd,train
4bde,train
4bdf,train
4bdg,train
4bdh,train
4bdi,train
4bdj,train
4bdk,train
4bds,train
4bdt,val
4bea,train
4bek,train
4bf1,train
4bf6,train
4bfd,train
4bfp,train
4bfr,train
4bfy,val
4bfz,val
4bg1,test
4bg6,train
4bgg,train
4bgh,train
4bgk,test
4bgm,test
4bgy,train
4bh4,train
4bhf,test
4bhi,test
4bhn,train
4bhz,train
4bi0,train
4bi1,train
4bi2,train
4bi6,train
4bi7,train
4bib,train
4bic,train
4bid,train
4bie,train
4bio,train
4bis,train
4bj8,train
4bj9,train
4bjb,train
4bjc,train
4bjx,train
4bkj,train
4bks,train
4bkt,train
4bky,train
4bkz,train
4bnt,train
4bnu,train
4bnv,train
4bnx,train
4bnz,train
4bo0,train
4bo1,train
4bo2,train
4bo3,train
4bo4,train
4bo5,train
4bo6,train
4bo7,train
4bo8,train
4bo9,train
4bqg,train
4bqh,val
4bqs,test
4bqt,train
4bqw,train
4bqx,train
4bqy,train
4br3,train
4brx,train
4bs0,train
4bs4,train
4bs5,train
4bsq,train
4bt3,val
4bt4,val
4bt5,val
4bt9,test
4btb,test
4btk,val
4btm,val
4btt,train
4btu,train
4btw,test
4btx,test
4bty,test
4bup,val
4buq,train
4bvb,train
4bw1,train
4bw2,train
4bw3,train
4bw4,train
4bxu,test
4byi,train
4byj,train
4bzn,train
4bzo,train
4bzr,train
4bzs,train
4c0r,val
4c16,val
4c1c,train
4c1d,train
4c1e,train
4c1f,train
4c1g,train
4c1m,test
4c1u,val
4c1w,val
4c1y,val
4c2v,train
4c36,train
4c37,train
4c38,train
4c3k,train
4c4e,train
4c4f,train
4c4g,train
4c4h,train
4c4i,train
4c4j,train
4c52,train
4c5d,train
4c5w,test
4c61,train
4c66,train
4c68,train
4c6u,train
4c6v,train
4c6x,train
4c6z,train
4c70,train
4c72,train
4c73,train
4c7t,train
4c8r,test
4c94,test
4c9w,train
4c9x,train
4ca4,train
4ca5,train
4ca6,train
4cae,train
4caf,train
4cbt,train
4cby,train
4cc5,train
4cc6,train
4ccd,test
4cd0,train
4cd1,val
4cd4,val
4cd5,val
4cd6,val
4cd8,val
4cdr,train
4ce1,train
4ce2,train
4ce3,train
4ceb,train
4cfl,train
4cfm,train
4cft,val
4cfu,train
4cfv,train
4cfw,train
4cfx,train
4cg8,train
4cg9,train
4cga,train
4cgi,train
4cgj,train
4ch2,train
4ch8,train
4ci2,train
4cig,train
4cik,train
4civ,train
4ciw,train
4cix,train
4ciz,val
4cj4,train
4cjp,train
4cjq,train
4cjr,train
4ck3,train
4cki,train
4ckj,train
4ckr,train
4cku,train
4cl6,test
4cl9,train
4clb,train
4cli,train
4clj,train
4cmo,train
4cmt,train
4cmu,train
4cnh,train
4cp5,train
4cp7,train
4cpq,train
4cpr,train
4cps,train
4cpt,train
4cpu,train
4cpw,train
4cpx,train
4cpy,train
4cpz,train
4cq0,train
4cqe,train
4cqf,train
4cqg,train
4cr5,train
4cr9,train
4cra,train
4crb,train
4crc,train
4crd,train
4crf,train
4crj,train
4crl,train
4cs9,val
4csd,test
4csj,train
4css,train
4cst,train
4csy,val
4ctj,train
4ctk,train
4cts,test
4cu1,val
4cu7,val
4cu8,val
4cwb,train
4cwf,train
4cwn,train
4cwo,train
4cwp,train
4cwq,train
4cwr,train
4cws,train
4cwt,train
4cxw,train
4cxx,train
4cxy,train
4cy1,train
4czs,test
4d08,train
4d09,train
4d0w,train
4d0x,train
4d1a,test
4d1b,test
4d1c,test
4d1d,test
4d1j,val
4d1s,train
4d1y,val
4d2d,train
4d2p,train
4d2r,train
4d2s,train
4d2t,train
4d2v,train
4d2w,train
4d4d,val
4d52,val
4d62,val
4d63,val
4d7b,train
4d83,train
4d85,train
4d88,train
4d89,train
4d8a,train
4d8c,train
4d8e,test
4d8i,test
4d8n,train
4d8s,train
4d8z,train
4d9p,train
4da5,train
4daf,train
4db7,train
4dbm,train
4dbn,train
4dcd,train
4dce,train
4dcs,val
4dcv,val
4ddh,train
4ddk,train
4ddl,train
4ddm,train
4dds,train
4ddy,train
4de0,train
4de1,train
4de2,train
4de3,train
4de5,train
4de7,val
4dea,train
4deb,train
4ded,train
4deg,train
4deh,train
4dei,train
4del,test
4dem,train
4der,train
4des,train
4det,train
4deu,train
4dew,train
4dfb,test
4dff,train
4dfg,train
4dfl,train
4dfn,train
4dfu,test
4dfw,train
4dgb,train
4dgg,train
4dgm,train
4dgn,train
4dgo,train
4dgr,train
4dh6,train
4dhf,train
4dhl,test
4dhm,train
4dhn,train
4dho,train
4dhp,train
4dht,train
4dhu,train
4di2,train
4dij,train
4djo,train
4djp,train
4djq,train
4djr,train
4dju,train
4djv,train
4djw,train
4djx,train
4djy,train
4dk5,train
4dk7,train
4dk8,train
4dko,train
4dkp,train
4dkq,train
4dkr,train
4dkt,test
4dld,train
4dli,train
4dlj,train
4dma,train
4dmn,train
4dmw,val
4dmy,train
4dn0,test
4do3,train
4do4,test
4do5,test
4dpf,train
4dpi,train
4dpt,test
4dpu,test
4dpy,test
4dq2,test
4dr9,train
4drk,train
4drm,train
4drn,train
4dro,train
4drp,train
4dru,train
4ds1,train
4dst,train
4dsu,train
4dt2,test
4dt6,train
4dtk,train
4dtt,train
4du8,test
4duh,train
4dum,train
4dus,train
4dv8,train
4dv9,train
4dve,val
4dvf,train
4dvi,train
4dwb,train
4dwg,train
4dwk,train
4dxg,val
4dxj,train
4dzw,train
4dzy,test
4e0w,train
4e0x,train
4e1k,train
4e1m,train
4e1n,train
4e1z,train
4e20,train
4e26,train
4e28,train
4e34,train
4e35,train
4e3b,train
4e3d,train
4e3f,train
4e3h,train
4e49,train
4e4a,train
4e4l,train
4e4n,train
4e4x,train
4e5d,val
4e5f,train
4e5g,train
4e5h,train
4e5i,train
4e5j,train
4e5w,train
4e67,train
4e6c,train
4e6d,train
4e6q,train
4e70,val
4e7r,train
4e81,train
4e8w,val
4e8y,val
4e8z,val
4e90,train
4e93,train
4e96,train
4e9c,train
4e9d,train
4e9u,train
4ea1,train
4ea2,train
4ea3,train
4ear,train
4eb8,train
4eb9,train
4ebv,train
4ebw,train
4ec0,train
4ec4,train
4ede,train
4edu,test
4edy,train
4edz,train
4ee0,train
4eeh,train
4eej,train
4eev,train
4ef4,train
4ef6,train
4efg,train
4efk,train
4efs,train
4eft,train
4efu,train
4eg5,train
4eg6,train
4eg7,train
4ega,train
4egh,train
4egk,train
4eh2,train
4eh3,train
4eh4,train
4eh5,train
4eh6,train
4eh7,train
4eh8,train
4eh9,train
4ehe,train
4ehm,train
4ehv,train
4ehz,train
4ei4,train
4ej2,train
4ej8,train
4ejf,train
4ejl,train
4ejn,train
4ek9,train
4eke,train
4ekg,train
4eki,train
4el0,train
4el9,train
4elb,train
4ele,train
4elf,train
4elg,train
4elh,train
4em7,train
4emf,train
4emr,train
4emt,train
4emv,train
4en4,val
4enx,train
4eny,train
4eo4,test
4eo6,train
4eo8,train
4eoh,val
4eoi,train
4eok,train
4eol,train
4eon,train
4eop,train
4eor,train
4eos,train
4eox,train
4eoy,train
4ep2,train
4epy,train
4eqc,train
4eqf,val
4eqj,train
4er1,train
4er2,train
4er4,train
4ere,train
4erf,train
4erk,train
4erq,train
4erw,train
4ery,train
4erz,train
4es0,train
4esg,train
4esi,train
4est,train
4etz,test
4eu0,test
4eu3,val
4euo,test
4euv,test
4ew2,train
4ew3,train
4ewh,train
4ewn,val
4ewo,train
4ewr,train
4exg,train
4exs,train
4exz,train
4eyj,train
4eym,train
4eyr,train
4ez3,train
4ez5,train
4ezk,train
4ezl,train
4ezo,train
4ezq,train
4ezr,train
4ezt,train
4ezx,train
4ezy,train
4ezz,train
4f08,train
4f09,train
4f0c,test
4f14,train
4f1l,train
4f1q,train
4f2w,train
4f39,train
4f3c,train
4f3i,train
4f3k,train
4f49,train
4f4p,train
4f5y,train
4f65,train
4f6s,train
4f6u,train
4f6v,train
4f6w,train
4f6x,train
4f70,train
4f7j,train
4f7l,train
4f7n,train
4f7v,train
4f8h,test
4f8j,val
4f9u,train
4f9v,train
4f9w,train
4f9y,train
4fab,train
4fai,train
4fak,val
4fbe,train
4fbx,train
4fc0,train
4fcb,train
4fcd,train
4fcf,train
4fci,train
4fck,train
4fcm,val
4fcq,train
4fcr,train
4fe6,train
4fe9,val
4fem,val
4fev,test
4few,test
4ff8,train
4ffs,train
4fgy,train
4fgz,test
4fhh,train
4fhi,train
4fht,val
4fi9,val
4fic,train
4fiv,train
4fjz,train
4fk6,train
4fk7,val
4fkk,train
4flh,train
4fli,train
4flj,train
4flk,train
4fll,train
4flp,train
4fm7,train
4fm8,train
4fmo,val
4fmq,train
4fmu,test
4fn5,val
4fnn,train
4fny,train
4fnz,train
4fob,train
4foc,train
4fod,train
4fpf,train
4fpk,train
4fri,train
4frj,train
4frk,train
4frs,train
4fs4,train
4fsl,train
4fut,val
4fvq,train
4fvr,train
4fxp,val
4fxq,val
4fxy,val
4fxz,train
4fyh,test
4fyo,train
4fys,train
4fz6,train
4fzg,train
4fzj,train
4g0c,train
4g0k,val
4g0l,val
4g0p,test
4g0q,test
4g0y,test
4g0z,test
4g11,train
4g16,train
4g17,train
4g19,val
4g1f,train
4g2f,train
4g2j,train
4g2l,train
4g2r,val
4g2w,train
4g2y,train
4g31,train
4g34,train
4g3e,train
4g3f,train
4g3g,train
4g4p,train
4g55,test
4g5f,train
4g5y,train
4g68,val
4g69,train
4g8l,val
4g8m,train
4g8n,train
4g8o,test
4g8r,test
4g8v,train
4g8y,train
4g90,train
4g93,test
4g95,train
4gao,test
4gb9,train
4gbd,val
4gby,val
4gbz,val
4gcj,train
4gd6,train
4gdy,test
4ge1,val
4ge4,test
4ge5,train
4ge6,train
4ge7,test
4ge9,test
4gee,train
4gfd,train
4gfm,train
4gfn,train
4gfo,train
4gg5,train
4gg7,train
4ggl,train
4ggz,val
4gh6,train
4ghi,test
4ght,train
4gid,train
4gih,train
4gii,train
4giu,train
4gj2,train
4gj3,train
4gj6,train
4gj7,train
4gj8,train
4gj9,train
4gja,train
4gjb,train
4gjc,train
4gjd,train
4gk2,train
4gk3,train
4gk4,train
4gk7,train
4gkc,train
4gkh,test
4gkm,train
4glx,train
4gm3,train
4gm8,train
4gmc,train
4gmy,train
4gne,test
4gnf,test
4gng,test
4gny,train
4gpl,train
4gq6,train
4gql,train
4gqp,train
4gqq,train
4gqr,train
4gr0,train
4gr3,train
4gr8,train
4gs6,train
4gs8,train
4gs9,test
4gsc,train
4gsy,train
4gtm,train
4gto,train
4gtp,train
4gtq,train
4gtr,train
4gts,train
4gtt,train
4gtv,train
4gu6,train
4gu9,train
4gue,train
4gui,val
4guj,val
4gv1,train
4gvd,test
4gvm,train
4gvu,train
4gw1,train
4gw5,train
4gw6,train
4gw8,train
4gwi,val
4gwk,val
4gxl,train
4gxs,train
4gy5,train
4gz3,train
4gzp,train
4gzt,train
4gzw,train
4gzx,train
4h1e,train
4h1j,train
4h1m,train
4h2j,train
4h2m,train
4h2o,train
4h39,train
4h3a,train
4h3b,train
4h3f,train
4h3g,train
4h3i,train
4h3j,train
4h3q,train
4h42,train
4h4b,val
4h4d,val
4h4e,val
4h58,train
4h5e,train
4h71,train
4h75,train
4h7q,test
4h81,test
4h85,test
4ha5,train
4hai,train
4hbm,train
4hbn,train
4hbv,train
4hbw,train
4hbx,train
4hby,train
4hco,train
4hct,train
4hcu,train
4hcv,train
4hcz,test
4hdb,train
4hdc,train
4hdf,train
4hdp,train
4he9,train
4heg,train
4hej,train
4heu,train
4hev,train
4hf4,train
4hfp,train
4hfz,train
4hg7,train
4hgc,train
4hge,train
4hgl,train
4hgs,train
4hgt,train
4hhy,train
4hhz,train
4hiq,train
4his,train
4hj2,val
4hki,train
4hkk,train
4hkn,train
4hkp,train
4hl5,train
4hla,train
4hlc,train
4hld,train
4hlf,train
4hlg,train
4hlh,train
4hlk,train
4hlm,train
4hlw,train
4hmh,train
4hmk,train
4hn2,test
4hnc,test
4hnf,train
4hni,train
4hnn,val
4hnp,train
4hod,train
4hp0,test
4hpi,test
4hra,train
4hrc,train
4hrd,train
4hso,test
4ht0,train
4ht2,train
4ht6,train
4htx,train
4hu1,train
4huo,train
4hup,train
4hv3,train
4hv7,train
4hva,train
4hvb,train
4hvd,train
4hvg,train
4hvh,train
4hvi,train
4hvs,train
4hw2,train
4hw3,train
4hw7,train
4hwb,val
4hwo,test
4hwp,test
4hwr,test
4hws,test
4hwt,test
4hxl,train
4hxm,train
4hxr,train
4hxs,train
4hxw,train
4hxz,train
4hy0,train
4hy1,train
4hy4,train
4hy5,train
4hy9,train
4hyb,train
4hyf,train
4hym,train
4hys,train
4hyu,train
4hz5,train
4hzm,test
4hzt,train
4hzx,train
4hzz,train
4i0d,train
4i0f,train
4i0r,train
4i0s,train
4i0t,train
4i0z,train
4i10,train
4i11,train
4i12,train
4i1c,train
4i1r,val
4i31,train
4i32,train
4i33,train
4i3z,train
4i47,train
4i4e,train
4i4f,train
4i54,train
4i5c,train
4i5h,train
4i5m,train
4i5p,train
4i67,val
4i6b,train
4i6f,train
4i6h,train
4i6q,train
4i72,train
4i73,train
4i74,train
4i7b,test
4i7d,test
4i7j,train
4i7k,train
4i7l,train
4i7m,train
4i7p,train
4i80,train
4i8n,train
4i8w,train
4i8x,train
4i8z,train
4i9c,val
4i9h,train
4i9i,train
4i9o,val
4i9r,train
4i9s,train
4i9u,train
4i9z,train
4ia0,train
4iaw,train
4iax,train
4ibb,train
4ibc,train
4ibd,train
4ibe,train
4ibf,train
4ibg,train
4ibi,train
4ibj,train
4ibk,train
4ibm,train
4idn,val
4ido,val
4idt,val
4idv,train
4ie0,train
4ie4,train
4ie5,train
4ie6,train
4ie7,train
4ieh,train
4ifh,train
4igk,train
4igq,train
4igr,train
4igt,train
4ih3,val
4ih5,train
4ih6,train
4ih7,train
4ii9,val
4iic,test
4iid,test
4iie,test
4ij1,train
4ijh,train
4ijl,train
4ijp,train
4ijq,train
4ikn,val
4ikr,train
4iks,train
4iku,train
4imq,train
4in9,train
4inb,train
4inh,train
4int,train
4io2,test
4io3,test
4io4,test
4io5,test
4io6,test
4io7,test
4io8,train
4ipf,train
4ipi,test
4ipj,test
4ipn,val
4iq6,train
4iqt,train
4iqu,train
4ir5,train
4ir6,train
4irx,test
4is6,train
4ish,train
4isi,train
4isu,train
4ith,train
4iti,train
4itj,train
4itp,train
4iu1,train
4iue,train
4iuo,val
4iur,test
4iut,test
4iuu,test
4iuv,test
4iva,train
4ivb,train
4ivc,train
4ivd,train
4ivk,val
4ivs,train
4ivt,train
4iwd,train
4iwz,train
4iz0,train
4izm,train
4izy,train
4j03,train
4j04,train
4j06,train
4j08,train
4j09,test
4j0a,train
4j0p,train
4j0r,train
4j0s,train
4j0t,train
4j0v,train
4j0y,train
4j0z,train
4j17,train
4j1c,train
4j1e,train
4j1f,train
4j1i,train
4j1k,train
4j21,train
4j22,train
4j26,train
4j28,train
4j2c,val
4j3d,train
4j3e,train
4j3i,train
4j3j,train
4j3l,train
4j3m,train
4j3u,val
4j44,train
4j45,train
4j46,train
4j47,train
4j48,train
4j4n,train
4j4o,train
4j4v,val
4j51,train
4j52,train
4j53,train
4j58,train
4j59,train
4j5b,train
4j5c,train
4j5d,train
4j5e,train
4j5p,train
4j6i,train
4j70,train
4j73,train
4j74,train
4j77,train
4j78,train
4j79,train
4j7d,train
4j7e,train
4j7i,train
4j82,train
4j84,train
4j86,train
4j8b,train
4j8g,train
4j8m,train
4j8r,train
4j8s,val
4j8t,val
4j93,train
4j9a,val
4jai,train
4jaj,train
4jal,val
4jaz,train
4jbl,test
4jbo,train
4jbp,train
4jbs,val
4jc1,train
4jck,train
4jda,train
4jdf,train
4je7,test
4je8,test
4jfi,train
4jfj,train
4jfk,train
4jfl,train
4jfm,train
4jfs,train
4jft,train
4jg6,test
4jg8,test
4jgv,val
4jh0,train
4jht,test
4jia,train
4jib,train
4jin,val
4jit,val
4jiz,val
4jj7,train
4jj8,train
4jje,train
4jjm,train
4jjq,test
4jjs,train
4jju,train
4jk5,train
4jk6,train
4jkt,train
4jkw,val
4jlg,train
4jlh,train
4jlj,train
4jlm,train
4jln,train
4jls,val
4jmg,train
4jmh,train
4jmu,test
4jmx,test
4jn2,train
4jn4,train
4jnc,train
4jne,train
4jnj,train
4jnm,train
4joa,train
4joe,train
4jof,train
4jog,train
4joh,train
4joj,train
4jok,train
4joo,train
4jp9,train
4jpa,train
4jpc,train
4jpe,train
4jps,train
4jpx,test
4jpy,test
4jq7,train
4jq8,train
4jql,train
4jr0,train
4jr3,train
4jr5,train
4jrg,train
4jrv,train
4jsa,train
4jsc,train
4jsr,train
4jss,train
4jsz,train
4jt8,train
4jt9,train
4ju3,train
4ju4,train
4ju6,train
4ju7,train
4jv6,train
4jv7,train
4jv8,train
4jv9,train
4jvb,train
4jve,train
4jvi,val
4jvq,train
4jwk,val
4jwr,train
4jx7,train
4jx9,val
4jxs,train
4jxv,train
4jyb,val
4jyc,val
4jym,train
4jyt,train
4jyu,train
4jz1,train
4jzb,train
4jzd,train
4jze,train
4jzf,train
4jzi,train
4jzr,train
4k0o,val
4k0u,val
4k0y,train
4k10,train
4k18,train
4k19,train
4k1b,train
4k1e,train
4k2f,train
4k2g,train
4k2y,train
4k3h,train
4k3m,train
4k3p,train
4k3q,train
4k3r,train
4k42,train
4k43,train
4k4e,train
4k4f,train
4k4j,train
4k55,val
4k5l,train
4k5m,train
4k5n,train
4k5o,train
4k5p,train
4k5y,train
4k5z,train
4k60,train
4k63,train
4k64,train
4k66,train
4k67,train
4k69,train
4k6i,train
4k6t,train
4k6u,train
4k6v,train
4k6w,train
4k6y,train
4k6z,train
4k72,train
4k75,train
4k77,train
4k78,train
4k7i,test
4k7n,test
4k7o,test
4k8a,train
4k8s,train
4k9g,train
4k9h,train
4k9y,train
4kab,train
4kao,train
4kax,val
4kb8,train
4kb9,train
4kba,train
4kbc,train
4kbk,train
4kby,train
4kc1,train
4kc2,train
4kc4,train
4kcg,train
4kcx,train
4ke0,train
4ke1,train
4keq,val
4kfp,train
4kfq,train
4kif,val
4kij,train
4kil,train
4kin,train
4kio,train
4kip,train
4kiq,train
4kiu,train
4kiw,train
4kju,train
4kjv,train
4klb,train
4klv,test
4km0,test
4km2,test
4kmd,train
4kmz,test
4kn0,test
4kn1,test
4knb,train
4kne,test
4kni,train
4knj,train
4knm,train
4knn,train
4knr,train
4knx,train
4kom,train
4kot,test
4kov,test
4kow,test
4kox,test
4kp0,train
4kp4,val
4kp5,train
4kp6,train
4kp8,train
4kpz,train
4kql,train
4kqo,test
4kqp,train
4kqq,test
4kqr,test
4krs,train
4ks1,train
4ks2,train
4ks4,train
4ksp,train
4ksq,train
4ksy,train
4ktc,train
4ktu,train
4kup,train
4kv9,val
4kwo,train
4kwp,train
4kx8,train
4kxl,test
4kxm,test
4kxn,test
4kyh,test
4kyk,test
4kz3,train
4kz4,train
4kz5,train
4kz6,train
4kz7,train
4kz8,train
4kza,train
4kzb,train
4kzc,train
4kzl,train
4kzq,train
4kzu,train
4l02,val
4l09,train
4l0b,train
4l0i,train
4l0l,test
4l0s,train
4l0t,train
4l0v,train
4l10,train
4l19,train
4l1a,train
4l1u,val
4l23,train
4l2f,train
4l2g,train
4l2k,train
4l2l,train
4l31,train
4l32,train
4l33,train
4l34,train
4l3o,train
4l3p,train
4l4l,train
4l4m,train
4l4z,test
4l50,test
4l51,test
4l52,train
4l53,train
4l58,test
4l5j,test
4l6s,train
4l70,train
4l7b,train
4l7f,train
4l7g,train
4l7h,train
4l7j,train
4l7l,train
4l7n,train
4l7o,train
4l7r,train
4l7u,train
4l8m,train
4la7,train
4lar,train
4lbl,train
4lbo,train
4lbp,val
4lbu,train
4lc7,train
4lch,train
4led,val
4leq,train
4lg6,test
4lge,train
4lgg,train
4lgh,train
4lgu,train
4lh2,val
4lh3,val
4lh5,train
4lh6,train
4lh7,train
4lhv,test
4li0,test
4li5,train
4li6,train
4li7,train
4li8,train
4lil,val
4lj5,val
4lj8,val
4ljh,train
4lk6,train
4lk7,train
4lke,train
4lkf,train
4lkg,train
4lkh,train
4lkj,train
4lkl,train
4lkm,train
4lko,train
4lkq,train
4lkt,train
4ll3,train
4llj,train
4llk,train
4llp,train
4llx,train
4lm0,train
4lm1,train
4lm2,train
4lm3,train
4lm4,train
4lm5,train
4lmn,train
4lmu,train
4ln2,test
4ln7,train
4lnb,train
4lng,train
4lnp,train
4lnw,train
4loh,train
4loj,train
4loo,train
4lop,train
4loq,train
4lov,train
4loy,train
4lp0,train
4lp6,train
4lpb,train
4lpf,val
4lph,train
4lps,val
4lq9,test
4lqy,train
4lrh,test
4lsj,train
4lte,train
4lts,train
4luo,train
4luv,train
4luz,train
4lvt,train
4lw1,train
4lwc,train
4lwe,train
4lwh,train
4lwi,train
4lwt,train
4lwu,train
4lwv,train
4lww,train
4lxa,train
4lxb,train
4lxd,train
4lxk,train
4lxm,train
4lxz,train
4ly1,train
4ly9,train
4lyn,train
4lys,train
4lyw,train
4lzr,train
4lzs,train
4m0e,train
4m0r,train
4m0y,train
4m0z,train
4m12,train
4m13,train
4m14,train
4m1d,train
4m2r,train
4m2u,train
4m2v,train
4m2w,train
4m3d,train
4m3m,train
4m3p,val
4m3q,train
4m48,train
4m4q,train
4m5g,train
4m5h,train
4m5i,train
4m5j,train
4m5k,train
4m5l,train
4m5m,train
4m5n,train
4m5o,train
4m5r,train
4m5u,train
4m6p,train
4m6q,train
4m7b,train
4m7c,test
4m7j,train
4m7x,test
4m84,train
4m8e,train
4m8h,train
4m8t,test
4m8x,train
4m8y,train
4man,train
4mao,test
4mb9,train
4mbc,train
4mbf,train
4mbi,train
4mbj,train
4mbl,train
4mbp,train
4mc1,train
4mc2,train
4mc6,train
4mc9,train
4mcb,train
4mcc,train
4mcd,train
4mcv,train
4md6,train
4mdn,train
4mdq,train
4mdr,val
4mds,train
4mdt,train
4men,train
4meo,train
4mep,train
4meq,train
4mf0,train
4mf1,train
4mg6,train
4mg7,train
4mg9,train
4mga,train
4mgb,train
4mgv,train
4mh7,train
4mha,train
4mho,train
4mhs,train
4mhy,train
4mhz,train
4mi9,train
4mib,train
4mic,train
4mjo,train
4mjp,train
4mjq,train
4mjr,train
4mk0,train
4mk1,train
4mk2,train
4mk5,train
4mk7,train
4mk8,train
4mk9,train
4mka,train
4mlt,train
4mlx,train
4mm4,train
4mm5,train
4mm6,train
4mm7,train
4mm8,train
4mm9,train
4mma,train
4mme,train
4mmf,train
4mmm,test
4mmp,test
4mn3,train
4mnp,test
4mnw,train
4mnx,train
4mny,train
4mo4,val
4mo8,train
4mot,train
4mpc,train
4mpe,train
4mpn,train
4mq1,train
4mq2,train
4mq6,train
4mqu,train
4mr3,train
4mr4,train
4mr5,train
4mr6,train
4mra,train
4mrd,test
4mre,test
4mrf,test
4mrg,test
4mrh,test
4mro,train
4mrw,train
4mrz,train
4msa,train
4msc,train
4mse,train
4msg,train
4msk,train
4msl,test
4msn,train
4mss,test
4msu,train
4mt9,train
4mti,train
4mu7,train
4mue,train
4muf,train
4muk,train
4mul,train
4muv,test
4muw,train
4mvh,train
4mvw,train
4mw0,train
4mw1,train
4mw4,train
4mw5,train
4mw6,train
4mw7,train
4mw9,train
4mwb,train
4mwe,train
4mwq,train
4mwr,train
4mwu,train
4mwv,train
4mww,train
4mwy,train
4mx1,train
4mx5,train
4mx9,train
4mxa,train
4mxc,train
4my6,val
4myd,val
4myh,val
4myq,train
4mz4,train
4mz5,train
4mz6,train
4mzf,train
4mzh,train
4mzj,test
4mzk,test
4mzl,test
4mzo,train
4mzs,train
4n00,train
4n1t,train
4n1u,train
4n1z,train
4n3r,train
4n3w,train
4n4s,train
4n4t,train
4n4v,train
4n5d,train
4n5t,train
4n6g,train
4n6h,train
4n6y,train
4n6z,train
4n70,train
4n7e,test
4n7g,train
4n7h,train
4n7j,train
4n7m,train
4n7u,test
4n8d,train
4n8e,train
4n8q,train
4n98,train
4n9a,train
4n9b,train
4n9c,train
4n9d,train
4n9e,train
4na4,test
4na7,train
4na8,train
4na9,train
4nah,train
4nak,train
4nal,train
4nan,train
4nau,train
4nb6,train
4nbk,train
4nbl,train
4nbn,train
4ncm,test
4ncn,val
4nct,train
4ndu,val
4ng9,train
4nga,train
4ngh,train
4ngp,train
4ngr,train
4nh7,train
4nh8,train
4nh9,train
4nhc,train
4nie,train
4nj9,train
4nja,train
4njd,train
4nk3,train
4nk9,train
4nka,train
4nks,train
4nkt,val
4nku,val
4nl1,train
4nld,train
4nmo,train
4nmp,train
4nmq,train
4nmr,train
4nms,train
4nmt,train
4nmv,train
4nmx,train
4nnn,train
4nnr,train
4nnw,train
4no6,train
4no8,train
4no9,train
4non,test
4np2,test
4np3,test
4np9,test
4npv,train
4nq6,train
4nra,train
4nrb,train
4nrc,train
4nrm,test
4nro,test
4nrp,test
4nrq,test
4nrt,test
4nru,test
4ntj,train
4nuc,train
4nud,train
4nue,train
4nuf,train
4nus,train
4nvp,train
4nvq,train
4nw6,train
4nw7,train
4nwc,train
4nwd,train
4nwk,train
4nwm,train
4nxo,train
4nxq,test
4nxr,test
4nxs,test
4nxu,val
4nxv,val
4ny3,val
4nyf,train
4nyj,train
4nym,train
4nyt,val
4nzb,train
4nzm,test
4nzo,test
4o04,train
4o05,train
4o07,train
4o09,train
4o0a,train
4o0b,train
4o0j,train
4o0r,train
4o0t,train
4o0v,train
4o0x,train
4o0y,train
4o0z,train
4o10,train
4o12,train
4o13,train
4o15,train
4o1b,train
4o1d,train
4o1l,test
4o24,test
4o28,train
4o2c,train
4o2e,train
4o2f,train
4o2p,train
4o36,train
4o3b,train
4o3c,train
4o3f,test
4o3t,val
4o3u,val
4o42,val
4o43,test
4o45,train
4o4k,test
4o55,train
4o5b,train
4o5g,test
4o61,test
4o6e,train
4o6w,train
4o70,train
4o71,train
4o72,train
4o74,train
4o75,train
4o76,train
4o77,train
4o78,train
4o7a,train
4o7b,train
4o7c,train
4o7d,train
4o7e,train
4o7f,train
4o91,train
4o97,train
4o9s,test
4o9v,train
4o9w,train
4oag,val
4oak,val
4oar,train
4oas,train
4oaz,test
4oba,train
4obo,train
4obp,train
4obq,train
4obv,val
4obz,train
4oc0,train
4oc2,train
4oc3,train
4oc4,train
4oc6,train
4occ,train
4ocq,test
4oct,test
4ocx,train
4od0,train
4od7,train
4od9,train
4ode,train
4odf,train
4odk,test
4odl,test
4odm,test
4odn,test
4odp,test
4odq,test
4oee,test
4oef,test
4oeg,test
4oel,train
4oeu,val
4oew,train
4oex,train
4ofl,val
4og3,train
4ogi,train
4ogj,train
4ogn,train
4ogt,train
4ogv,train
4ohk,train
4ohm,train
4oho,train
4ohp,train
4oi6,val
4oiv,train
4ojq,train
4ojr,train
4ok3,train
4ok5,train
4ok6,train
4okg,train
4okp,train
4oks,train
4olc,val
4old,train
4olh,train
4oma,test
4omc,train
4omd,train
4omj,val
4omk,val
4ona,train
4onf,train
4ono,train
4oo9,train
4ool,test
4oon,val
4oow,train
4op1,train
4op2,train
4op3,train
4oq3,train
4oq5,train
4oq6,train
4or0,train
4or4,test
4or6,test
4oru,val
4orx,val
4os1,train
4os4,train
4os5,train
4os6,train
4os7,train
4ot6,train
4otf,train
4otg,train
4oth,train
4oti,train
4otw,train
4oty,val
4ou3,train
4oue,val
4ouj,val
4ovf,train
4ovg,train
4ovh,train
4ovz,val
4ow0,val
4owm,train
4owo,train
4owv,train
4oys,train
4oyt,train
4oz1,val
4ozj,train
4ozl,train
4ozo,val
4p0a,test
4p0b,test
4p0n,train
4p0v,train
4p0w,train
4p0x,train
4p10,train
4p1r,train
4p1u,test
4p2t,train
4p3h,train
4p44,train
4p45,train
4p4b,train
4p4d,train
4p4e,train
4p4f,train
4p4i,train
4p4j,train
4p4s,val
4p4t,val
4p58,train
4p5d,test
4p5e,test
4p5z,train
4p6c,val
4p6e,train
4p6g,train
4p6w,train
4p6x,train
4p72,test
4p73,test
4p7e,train
4p90,train
4pax,train
4pb2,train
4pce,train
4pci,train
4pcs,train
4pct,train
4pd7,train
4pd8,train
4pd9,train
4pde,val
4pee,train
4pf3,train
4pf5,test
4pft,val
4pfu,val
4pg3,train
4pg9,train
4pgc,train
4pgd,train
4pge,train
4pgh,val
4ph4,train
4phu,train
4phv,train
4phw,train
4pid,test
4pin,test
4pio,test
4piq,test
4pis,test
4pjt,train
4pkr,train
4pks,train
4pkt,train
4pku,train
4pkv,train
4pkw,train
4pl0,val
4pl3,train
4pl4,train
4pl6,val
4pli,val
4pm0,test
4pml,train
4pmm,train
4pmp,train
4pms,train
4pmt,train
4pn1,val
4pnc,train
4pni,train
4pnk,train
4pnl,train
4pnm,train
4pnn,train
4pnq,train
4pnr,train
4pns,train
4pnt,train
4pnu,train
4pnw,train
4po0,train
4poh,train
4poj,train
4pop,val
4pov,val
4pow,train
4pox,train
4pp0,train
4pp3,train
4pp5,train
4pp7,train
4pp9,train
4ppa,train
4ppb,train
4ppc,train
4pqa,val
4pqn,train
4pr5,train
4pra,train
4prb,train
4prd,train
4pre,train
4prj,train
4prn,train
4pry,train
4ps0,train
4ps1,train
4ps5,train
4psb,val
4psq,test
4psx,test
4ptc,train
4ptg,train
4puj,train
4puk,train
4pul,train
4pum,train
4puz,train
4pv0,train
4pv5,test
4pv7,train
4pvo,train
4pvt,train
4pvv,train
4pvx,train
4px6,train
4pxf,val
4pxm,train
4py1,train
4py2,train
4py4,train
4pyn,train
4pyo,train
4pyq,train
4pyv,train
4pyx,train
4pyy,train
4pz8,val
4pzh,train
4pzv,val
4pzw,train
4pzx,train
4q06,train
4q07,train
4q08,train
4q09,train
4q0a,train
4q0k,val
4q0l,train
4q15,train
4q18,train
4q19,train
4q1a,train
4q1b,train
4q1c,train
4q1e,train
4q1f,train
4q1n,train
4q1s,train
4q1w,train
4q1x,train
4q1y,train
4q2k,train
4q3t,train
4q3u,train
4q46,test
4q4e,train
4q4i,train
4q4o,train
4q4p,train
4q4q,train
4q4r,train
4q4s,train
4q6d,train
4q6e,train
4q6f,train
4q6r,val
4q7p,train
4q7s,train
4q7v,train
4q7w,train
4q81,train
4q83,train
4q87,train
4q8x,train
4q8y,train
4q90,train
4q93,val
4q99,train
4q9m,train
4q9o,train
4q9s,train
4q9y,train
4q9z,train
4qaa,train
4qab,train
4qac,train
4qag,train
4qb3,train
4qbb,val
4qbm,train
4qc1,train
4qd6,train
4qdk,val
4qem,train
4qer,train
4qev,train
4qew,train
4qf7,train
4qf8,train
4qf9,train
4qfg,train
4qfl,test
4qfn,test
4qfo,test
4qfp,test
4qfr,train
4qg7,train
4qga,train
4qgd,train
4qge,train
4qgf,train
4qgg,train
4qgh,train
4qgi,train
4qh7,train
4qhc,train
4qhp,train
4qip,test
4qir,train
4qiy,train
4qiz,train
4qj0,train
4qjm,train
4qjo,train
4qjp,train
4qjw,train
4qjx,train
4qk4,test
4qkd,val
4qkx,train
4ql1,train
4ql8,train
4qlk,train
4qll,train
4qls,train
4qlv,train
4qme,train
4qmm,train
4qmn,train
4qmo,train
4qmp,train
4qmq,train
4qms,train
4qmt,train
4qmu,train
4qmv,train
4qmw,train
4qmx,train
4qmy,train
4qmz,train
4qn7,train
4qn9,val
4qna,train
4qnb,train
4qnu,val
4qo4,train
4qo9,train
4qoc,train
4qp1,train
4qp2,train
4qp6,train
4qp7,train
4qp8,train
4qp9,train
4qpa,train
4qpd,val
4qpl,test
4qps,train
4qq4,test
4qq5,train
4qqc,train
4qqi,test
4qr3,train
4qr4,train
4qr5,train
4qrc,train
4qsm,train
4qsu,train
4qsv,train
4qsw,train
4qsx,train
4qt0,train
4qt1,train
4qt2,train
4qtb,train
4qtc,train
4qtd,train
4qtl,train
4qtn,val
4quo,train
4qvx,train
4qw4,train
4qw5,train
4qw6,train
4qw7,train
4qwf,train
4qwg,train
4qwi,train
4qwj,train
4qwk,train
4qwl,train
4qwr,train
4qws,train
4qwx,train
4qxj,train
4qxo,train
4qxq,train
4qxr,train
4qxt,train
4qy3,train
4qy8,train
4qye,train
4qyg,train
4qyh,train
4qyo,train
4qyy,train
4qz0,train
4qz1,train
4qz2,train
4qz3,train
4qz4,train
4qz5,train
4qz6,train
4qz7,train
4qzw,train
4qzx,train
4r02,train
4r06,train
4r0a,test
4r0i,train
4r17,train
4r18,train
4r1e,test
4r1v,train
4r1y,train
4r3b,train
4r3c,train
4r3s,train
4r3w,test
4r4c,train
4r4i,train
4r4o,train
4r4q,train
4r4t,train
4r59,train
4r5a,train
4r5b,train
4r5n,train
4r5t,train
4r5v,train
4r5w,train
4r5x,train
4r5y,train
4r6e,train
4r6v,train
4r6w,test
4r6x,test
4r73,val
4r74,val
4r75,val
4r8y,train
4r91,train
4r92,train
4r93,train
4r95,train
4ra1,test
4ra5,train
4rac,train
4rad,train
4rak,train
4ran,train
4raq,train
4rcd,train
4rcf,train
4rcg,train
4rcp,train
4rd0,val
4rd3,val
4rd6,val
4rdn,val
4re2,train
4re3,train
4re4,train
4re9,train
4res,train
4ret,train
4rfc,train
4rfd,train
4rfm,train
4rfr,test
4rfy,train
4rfz,train
4rg0,train
4rgd,val
4rhy,train
4ris,train
4riu,train
4rj3,train
4rj4,train
4rj5,train
4rj6,train
4rj7,train
4rj8,train
4rkx,test
4rll,train
4rlt,test
4rlu,test
4rlw,test
4rme,train
4rn0,train
4rn1,train
4rn2,train
4rn4,train
4rn6,train
4rpn,test
4rpo,test
4rpv,train
4rqi,test
4rqk,train
4rqv,train
4rqz,test
4rr6,train
4rra,train
4rrf,train
4rrg,train
4rrn,train
4rro,train
4rrq,train
4rrr,train
4rrs,train
4rrv,train
4rs0,val
4rsc,test
4rsk,train
4rsp,train
4rss,train
4rt0,val
4rt1,val
4ruu,train
4rux,train
4ruy,train
4ruz,train
4rvk,train
4rvl,train
4rvm,train
4rvr,train
4rvt,train
4rwj,train
4rwk,train
4rwl,train
4rx5,train
4rx7,train
4rx8,train
4rx9,train
4rxa,train
4rxd,train
4rxh,train
4rxz,train
4ryc,train
4ryd,train
4ryg,train
4ryl,train
4rz1,train
4s1g,train
4s2i,train
4s3e,val
4s3f,val
4sga,train
4std,test
4tim,train
4tju,train
4tjw,train
4tjy,train
4tjz,train
4tk0,train
4tk1,test
4tk2,test
4tk3,test
4tk4,test
4tk5,train
4tkb,train
4tkf,train
4tkg,train
4tkh,train
4tki,train
4tkj,train
4tln,train
4tlr,train
4tmf,train
4tmk,train
4tmp,train
4tmr,train
4tn2,train
4tn4,train
4to8,train
4tpk,train
4tpm,train
4tpp,train
4tpt,val
4tpw,train
4tq3,val
4tqn,train
4trc,val
4trw,train
4trz,train
4ts1,train
4tsx,train
4tt2,train
4tte,train
4ttv,test
4tu4,train
4tuh,train
4tun,test
4tv3,train
4tvj,train
4tw6,train
4tw7,train
4tw8,train
4tw9,train
4twc,train
4twd,test
4twp,train
4twt,test
4tww,train
4twy,train
4tx6,train
4txc,train
4txe,train
4txs,train
4ty1,train
4ty6,train
4ty7,train
4ty8,train
4ty9,train
4tya,train
4tyb,train
4tyl,train
4tyo,train
4tyt,train
4tz2,train
4tz8,train
4tzm,val
4tzn,val
4tzq,val
4u01,train
4u03,val
4u0a,train
4u0c,train
4u0e,train
4u0f,train
4u0i,train
4u0s,val
4u0w,val
4u1b,train
4u2w,train
4u3f,test
4u43,train
4u44,train
4u45,train
4u4s,train
4u4x,train
4u54,train
4u58,train
4u5j,train
4u5l,train
4u5n,train
4u5o,train
4u5s,train
4u5u,train
4u5v,train
4u68,train
4u69,train
4u6e,train
4u6r,train
4u6w,train
4u6x,train
4u6y,train
4u6z,train
4u70,train
4u71,train
4u73,train
4u79,train
4u7o,val
4u7q,train
4u7t,val
4u7v,train
4u82,train
4u8w,train
4u90,test
4u91,test
4u93,train
4ua8,val
4uac,val
4ual,train
4uat,val
4uau,val
4uc5,test
4ucc,val
4ucd,val
4uce,val
4uco,train
4ucr,train
4ucs,train
4uct,train
4ucu,train
4ucv,train
4ud7,train
4uda,train
4udb,train
4ue1,train
4ufd,train
4ufe,train
4uff,train
4ufg,train
4ufh,test
4ufi,test
4ufj,test
4ufk,test
4ufl,test
4ufm,test
4ufu,train
4ufy,train
4ufz,train
4uhg,train
4ui3,train
4ui4,train
4ui5,train
4ui6,train
4ui7,train
4ui8,train
4uia,train
4uib,train
4uil,train
4uin,train
4uit,train
4uiu,train
4uiv,train
4uiw,train
4uix,train
4uiy,train
4uiz,train
4uj1,train
4uj2,train
4uj9,train
4uja,train
4ujb,train
4um1,train
4um3,train
4uma,test
4umb,test
4umc,test
4umj,val
4umn,train
4umq,train
4umr,train
4umt,train
4umu,train
4unn,train
4unp,train
4unr,train
4uns,train
4uof,train
4uoh,train
4up5,test
4ura,train
4urk,train
4url,train
4urm,train
4urn,train
4uro,train
4uru,train
4urw,train
4ury,train
4us3,val
4usi,train
4usj,val
4utn,train
4utr,train
4utv,train
4utx,train
4uu5,test
4uu7,train
4uu8,train
4uua,train
4uub,train
4uuh,train
4uuq,test
4uv8,train
4uva,train
4uvb,train
4uvc,train
4uvu,train
4uvv,train
4uvw,train
4uvx,train
4uvy,train
4uw1,train
4uwf,train
4uwg,train
4uwh,train
4uwk,train
4uwl,train
4ux4,train
4ux6,val
4ux9,train
4uxb,train
4uxh,val
4uxj,val
4uxl,train
4uxq,train
4uy1,train
4uyd,train
4uye,train
4uyf,train
4uyg,train
4uyh,train
4uyn,train
4uzd,train
4uzh,train
4v01,train
4v05,train
4v0i,train
4v11,test
4v1c,train
4v1f,val
4v24,val
4v25,train
4v27,test
4w4v,train
4w4w,train
4w4x,train
4w4y,train
4w4z,train
4w52,train
4w53,train
4w54,train
4w55,train
4w57,train
4w7p,train
4w7t,train
4w9c,train
4w9d,train
4w9e,train
4w9f,train
4w9g,train
4w9h,train
4w9i,train
4w9j,train
4w9k,train
4w9l,train
4w9n,val
4w9o,train
4w9p,train
4w9q,train
4w9s,train
4w9w,train
4w9x,train
4wa9,train
4waf,train
4wag,val
4wbg,train
4wbo,train
4wcf,train
4wci,train
4wcu,train
4wef,test
4wet,train
4wey,train
4wf2,train
4wf4,train
4wf6,train
4wh7,val
4wh9,val
4whh,train
4whl,train
4whq,train
4whr,train
4whs,train
4why,train
4whz,train
4wiv,train
4wj5,train
4wk2,train
4wk7,train
4wkb,train
4wkc,train
4wke,train
4wki,train
4wkn,train
4wko,train
4wkp,train
4wlb,train
4wm9,train
4wmc,train
4wmu,train
4wmv,train
4wmx,train
4wmy,val
4wn0,val
4wn5,test
4wnk,train
4wnm,train
4wno,test
4wnp,test
4wop,train
4wov,train
4wp7,train
4wpf,train
4wph,val
4wpn,train
4wq2,test
4wq3,test
4wr7,train
4wr8,train
4wrb,train
4wrq,train
4wrs,train
4wsj,train
4wsk,train
4wsy,train
4wt2,train
4wt6,train
4wtu,train
4wup,train
4wuy,train
4wv6,train
4wvl,train
4wvt,train
4wvu,train
4ww6,train
4ww8,train
4wwn,train
4wwo,train
4wwp,train
4wx4,test
4wx6,test
4wx7,test
4wxi,train
4wy1,train
4wy3,train
4wy6,train
4wy7,train
4wyo,train
4wyp,train
4wyz,train
4wz6,test
4wz8,train
4wzv,train
4x0u,val
4x0z,test
4x11,test
4x13,test
4x14,test
4x1f,train
4x1n,train
4x1p,train
4x1q,train
4x1r,train
4x1s,train
4x21,train
4x24,train
4x2i,train
4x2l,train
4x2s,train
4x34,test
4x3e,train
4x3h,val
4x3i,val
4x3k,train
4x3r,train
4x3s,train
4x3t,train
4x3u,train
4x47,train
4x48,train
4x49,train
4x50,train
4x5p,train
4x5r,train
4x5z,train
4x61,train
4x63,train
4x68,train
4x69,train
4x6h,train
4x6i,train
4x6j,train
4x6k,train
4x6m,train
4x6n,train
4x6o,train
4x6p,train
4x6s,train
4x6x,train
4x6y,train
4x7h,train
4x7i,train
4x7j,train
4x7k,train
4x7l,train
4x7n,train
4x7o,train
4x7q,train
4x8n,val
4x8p,val
4x8t,train
4x8u,train
4x8v,train
4x9r,train
4x9v,train
4x9w,train
4xaq,test
4xar,test
4xas,test
4xbb,train
4xbd,train
4xbo,val
4xc2,train
4xcb,val
4xct,train
4xcu,train
4xdo,train
4xe0,train
4xe1,train
4xek,test
4xg3,train
4xg4,train
4xg6,train
4xg7,train
4xg8,train
4xg9,train
4xh6,train
4xhe,train
4xhk,train
4xhl,train
4xhv,test
4xii,train
4xip,train
4xiq,train
4xir,train
4xit,train
4xj0,train
4xjs,train
4xjt,train
4xk9,train
4xkb,val
4xkx,train
4xm6,train
4xm7,train
4xm8,train
4xmb,train
4xmo,train
4xnv,val
4xnw,val
4xo8,train
4xoc,train
4xoe,train
4xpj,val
4xqa,train
4xqb,train
4xrq,train
4xsx,train
4xt2,test
4xt9,train
4xta,train
4xtm,train
4xtp,train
4xtv,train
4xty,train
4xtz,train
4xu0,train
4xu1,train
4xu2,train
4xu3,train
4xua,train
4xub,train
4xuc,train
4xue,train
4xuh,train
4xum,train
4xv1,train
4xv2,train
4xv3,train
4xv9,train
4xwk,test
4xx3,train
4xx4,train
4xx9,train
4xxh,val
4xxs,train
4xy2,train
4xy8,train
4xy9,train
4xya,train
4xyc,test
4xyf,train
4xyn,train
4y0a,test
4y16,train
4y24,test
4y29,train
4y2b,test
4y2j,train
4y2p,train
4y2q,train
4y2s,train
4y2t,train
4y2u,train
4y2v,train
4y2x,train
4y2y,train
4y38,train
4y3j,train
4y3y,train
4y46,train
4y4g,train
4y4j,train
4y4v,val
4y59,train
4y5d,train
4y5h,train
4y5s,val
4y62,train
4y64,train
4y67,val
4y6m,train
4y6p,train
4y6r,train
4y6s,train
4y73,train
4y79,train
4y7r,train
4y83,val
4y85,val
4y87,train
4y8c,train
4y8d,train
4y8x,train
4y8y,train
4y8z,train
4y94,test
4ya8,train
4yab,train
4yad,train
4yas,val
4yat,train
4yax,train
4yay,train
4yb5,val
4yb6,val
4ybi,train
4ybm,train
4ybs,train
4ybt,train
4yc0,val
4yc8,train
4yc9,train
4ycm,train
4ycn,train
4ycv,train
4ycw,train
4ydf,test
4ydg,test
4ydq,train
4ye3,train
4yec,val
4yee,train
4yef,train
4yes,train
4yff,train
4yfi,train
4ygf,test
4yh3,train
4yh4,train
4yha,test
4yhm,train
4yho,train
4yhq,train
4yht,train
4yhz,train
4yje,train
4yjl,train
4yjn,train
4yk0,train
4yk5,train
4yk6,train
4ykk,val
4yl0,train
4yl1,train
4yl3,train
4ylj,train
4ylk,train
4yll,train
4ylu,train
4ym2,val
4ymb,train
4ymg,val
4ymh,val
4ymj,train
4yml,train
4ymq,train
4ymx,train
4ynb,train
4ynd,train
4yne,train
4ynk,train
4ynl,val
4yo8,train
4yog,train
4yoi,train
4yoj,train
4yoz,test
4yps,train
4yqh,train
4yqm,train
4yqu,train
4yqv,train
4yrc,test
4yrd,val
4yrg,test
4yrr,test
4yrs,test
4yrt,test
4ys7,train
4ysi,test
4ysl,val
4yt6,train
4yt7,train
4ytc,train
4ytf,train
4yth,train
4yti,train
4yur,train
4yuw,train
4yux,train
4yuy,train
4yuz,train
4yv0,train
4yv1,train
4yv2,train
4yv5,train
4yv8,train
4yvc,train
4yve,train
4yvz,val
4yw2,train
4yw6,train
4yw7,train
4ywa,train
4yx4,train
4yx9,test
4yxd,test
4yxi,train
4yxo,train
4yxu,train
4yy6,train
4yyi,train
4yyl,train
4yym,train
4yyn,train
4yyt,train
4yz5,train
4yz9,train
4yzc,train
4yzn,train
4yzu,train
4z07,test
4z0e,test
4z0k,train
4z0q,train
4z0u,val
4z16,train
4z1e,train
4z1j,train
4z1k,train
4z1n,train
4z1q,train
4z1s,train
4z22,train
4z2b,val
4z2g,train
4z2h,train
4z2i,train
4z2j,train
4z2k,train
4z2l,train
4z2o,test
4z3v,train
4z5w,val
4z68,train
4z6h,train
4z6i,train
4z7f,val
4z7h,train
4z7i,train
4z83,train
4z84,train
4z88,val
4z8a,train
4z8d,train
4z90,test
4z93,train
4z9l,train
4za0,train
4zae,train
4zam,train
4zb6,test
4zb8,test
4zba,test
4zbf,train
4zbi,train
4zcs,val
4zcw,train
4zdu,train
4ze6,train
4zeb,test
4zec,test
4zed,test
4zei,test
4zek,test
4zfi,train
4zg7,train
4zgk,train
4zh2,train
4zhl,train
4zhm,train
4zij,train
4zim,train
4zip,train
4zj8,train
4zjc,train
4zji,train
4zjj,train
4zjr,train
4zjw,train
4zk5,train
4zki,val
4zl4,val
4zla,val
4zlo,train
4zls,train
4zly,train
4zlz,train
4zme,val
4zmf,val
4znx,train
4zom,train
4zow,val
4zpe,train
4zpf,train
4zpg,train
4zph,test
4zqt,train
4zro,train
4zs2,train
4zs3,train
4zs9,val
4zsg,train
4zsh,train
4zsj,train
4zsl,train
4zsm,train
4zsp,train
4zsq,train
4zsr,train
4zt2,train
4zt3,train
4zt4,train
4zt6,train
4zt8,train
4ztq,train
4ztr,train
4zts,train
4zum,train
4zun,train
4zuo,train
4zup,train
4zuq,train
4zur,train
4zv1,train
4zv2,train
4zvi,train
4zw3,train
4zw5,train
4zw6,train
4zw7,train
4zw8,train
4zwx,train
4zwy,train
4zwz,train
4zx0,train
4zx1,train
4zx3,train
4zx4,train
4zx5,train
4zx8,train
4zxx,train
4zxy,train
4zy2,train
4zy4,train
4zy5,train
4zy6,train
4zyc,train
4zyf,train
4zyi,train
4zyq,train
4zyr,val
4zyt,train
4zyu,train
4zyv,train
4zyw,train
4zyx,train
4zyy,train
4zyz,train
4zz0,train
4zz1,train
4zz2,train
4zz3,train
4zzd,test
4zzx,train
4zzy,train
4zzz,train
5a00,train
5a09,train
5a0a,train
5a0b,train
5a0c,train
5a0e,train
5a1f,train
5a2i,train
5a2j,train
5a2k,train
5a2s,train
5a3h,train
5a3n,train
5a3o,train
5a3t,train
5a3u,train
5a3w,train
5a3x,train
5a46,train
5a4c,train
5a4e,train
5a4l,train
5a4q,train
5a4t,train
5a54,train
5a5d,test
5a5o,train
5a5p,train
5a5q,train
5a5r,train
5a5s,train
5a5v,test
5a5z,train
5a69,test
5a6a,test
5a6h,train
5a6i,train
5a6n,train
5a6x,train
5a7b,train
5a7c,train
5a7i,val
5a7j,val
5a7y,val
5a81,train
5a82,train
5a83,train
5a85,train
5a8x,train
5a8y,train
5a8z,train
5a9u,train
5aa8,train
5aa9,train
5aaa,train
5aab,train
5aac,train
5aad,train
5aae,train
5aaf,train
5aan,test
5ab0,train
5ab9,train
5aba,train
5abe,train
5abf,train
5abg,train
5abh,train
5abw,train
5acb,train
5acw,train
5acx,train
5acy,train
5ad1,test
5adq,train
5adr,train
5ads,train
5adt,train
5aeh,train
5aei,train
5ael,train
5aen,train
5aep,train
5aer,test
5aes,val
5afj,train
5afk,train
5afl,train
5afm,train
5afn,train
5afv,train
5afx,train
5agu,test
5agv,test
5ah2,test
5ahj,train
5ahw,val
5ai0,train
5ai1,test
5ai4,train
5ai5,train
5ai6,train
5ai8,train
5ai9,train
5aia,train
5aib,train
5aic,train
5aip,val
5ais,train
5aiv,train
5aix,train
5ajc,test
5ajp,test
5ajv,train
5ajw,train
5ajy,train
5ajz,train
5ak0,train
5ak2,train
5ak3,train
5ak4,train
5ak5,train
5ak6,train
5ake,train
5akg,train
5akh,train
5aki,train
5akj,train
5akk,train
5akl,train
5akw,train
5akz,train
5al1,train
5al2,train
5al3,train
5al4,train
5al5,train
5alb,train
5alc,train
5ald,train
5ale,train
5alf,train
5alg,train
5alh,train
5ali,train
5alj,train
5alk,train
5all,train
5alm,train
5aln,train
5alo,train
5alp,train
5alr,train
5als,train
5alt,train
5alu,train
5alv,train
5alw,train
5alx,train
5aly,train
5alz,train
5am0,train
5am1,train
5am2,train
5am3,train
5am4,train
5am5,train
5am6,train
5am7,train
5amd,train
5amg,train
5aml,train
5amn,train
5anq,train
5ans,train
5ant,train
5anu,train
5anv,train
5anw,train
5aoi,train
5aoj,train
5aok,train
5aol,train
5aom,train
5ap0,train
5ap1,train
5ap2,train
5ap3,train
5ap4,train
5ap5,train
5ap6,train
5ap7,train
5aph,train
5apj,train
5apr,train
5aqf,train
5aqg,train
5aqh,train
5aqj,train
5aqk,train
5aqn,train
5aqo,train
5aqp,train
5aqq,train
5aqr,train
5aqt,train
5aqu,train
5aqv,train
5aqz,train
5ar0,train
5ar4,train
5ar5,train
5ar8,train
5arf,train
5arg,train
5aut,train
5auu,train
5auv,train
5auw,train
5aux,train
5auy,train
5auz,train
5av0,train
5ave,test
5avf,test
5avi,train
5awj,train
5awt,val
5awu,val
5ax3,train
5ax9,train
5axi,train
5axp,train
5axq,train
5ayf,train
5ayt,train
5ayy,test
5azf,train
5azg,train
5b0x,train
5b1s,train
5b25,train
5b4k,train
5b4l,train
5b4w,val
5b56,train
5b5b,train
5b5f,train
5b5g,train
5b5o,train
5b5p,train
5b6c,train
5b6g,train
5bml,train
5bmm,train
5bms,train
5bnj,train
5bnm,train
5bnr,train
5bns,train
5bot,train
5boy,train
5bpa,train
5bpe,train
5bpp,train
5bq0,train
5bqg,train
5bqh,train
5bqi,train
5bqs,train
5brn,train
5bry,train
5bs4,train
5bsk,train
5btr,train
5btv,train
5btx,val
5bue,train
5bui,train
5buj,train
5bv3,test
5bvd,train
5bve,train
5bvf,train
5bvk,train
5bvn,train
5bvo,train
5bvw,train
5bw4,val
5bwb,train
5bwc,train
5byi,train
5byy,train
5byz,train
5c0k,train
5c0m,test
5c11,test
5c13,test
5c1m,train
5c1w,train
5c1x,train
5c1y,train
5c26,train
5c28,train
5c29,train
5c2a,train
5c2h,train
5c2o,val
5c3k,train
5c3p,val
5c4k,test
5c4l,test
5c4o,train
5c4s,train
5c4t,train
5c4u,train
5c5h,val
5c5t,val
5c6o,val
5c6p,val
5c6v,test
5c7a,train
5c7b,train
5c7c,train
5c7d,train
5c7e,test
5c7n,train
5c83,train
5c84,train
5c85,train
5c87,train
5c8k,train
5c8m,train
5c8n,train
5c91,val
5cal,train
5can,train
5cao,train
5cap,train
5caq,train
5cas,train
5cau,train
5cav,train
5cbm,train
5cbr,train
5cbs,train
5cc2,train
5ccl,train
5ccm,train
5cdh,val
5ceh,train
5cei,train
5ceo,train
5cep,train
5ceq,train
5cf4,train
5cf6,train
5cf8,train
5cfa,val
5cfb,train
5cgc,train
5cgd,train
5cgj,train
5chk,train
5ci7,test
5cil,train
5cin,train
5cj6,train
5cjf,train
5ckr,train
5cks,test
5clm,train
5cls,train
5cnj,test
5cnm,test
5cp5,train
5cp9,train
5cpr,val
5cqj,train
5cqt,train
5cqu,train
5cr7,val
5cs2,val
5cs3,train
5cs5,train
5cs6,train
5csd,val
5csh,train
5cso,train
5csp,train
5cst,train
5csw,train
5csx,train
5csz,train
5ct1,train
5ct2,train
5ct7,train
5ctc,train
5cte,train
5cu2,train
5cu4,train
5cuh,train
5cuq,train
5cvd,test
5cw8,val
5cwa,val
5cxa,train
5cxh,train
5cxi,val
5cxz,train
5cy3,train
5cy9,train
5cyi,train
5czb,train
5czm,train
5d0c,train
5d0j,train
5d0r,train
5d10,train
5d11,train
5d12,train
5d1n,val
5d1r,val
5d1w,val
5d21,train
5d24,train
5d25,train
5d26,train
5d29,train
5d2a,train
5d2r,val
5d3c,train
5d3h,train
5d3j,train
5d3l,train
5d3n,train
5d3p,train
5d3s,train
5d3t,train
5d3x,val
5d45,train
5d47,train
5d48,train
5d4a,train
5d6e,train
5d6f,train
5d6j,train
5d6p,train
5d6q,train
5d6y,test
5d75,train
5d7a,train
5d7c,train
5d7e,test
5d7r,train
5d7x,train
5d9l,train
5d9p,val
5da3,train
5dah,val
5dbm,train
5dcz,train
5dd0,train
5dd9,train
5dda,train
5ddb,train
5ddc,train
5ddf,train
5dex,train
5dey,train
5dfp,train
5dg6,train
5dgj,train
5dgm,train
5dgu,train
5dgw,train
5dgz,train
5dh3,train
5dh4,train
5dh5,train
5dhg,train
5dhh,train
5dhj,train
5dhp,train
5dhq,train
5di1,train
5dia,train
5dif,test
5diq,train
5dit,train
5diu,train
5div,train
5dj5,train
5djp,train
5djr,train
5djv,train
5dkn,train
5dkr,train
5dl1,test
5dls,train
5dlv,train
5dlx,train
5dlz,train
5dnu,train
5doh,train
5dp4,train
5dp5,train
5dp6,train
5dp7,train
5dp8,train
5dp9,train
5dpa,train
5dpw,val
5dpx,train
5dq8,test
5dqc,train
5dqe,test
5dqf,train
5drc,train
5dri,train
5dro,train
5drq,train
5drr,train
5drs,train
5drt,train
5dry,train
5dsx,train
5dt2,train
5dtj,train
5dtk,train
5dtm,train
5dtq,train
5dtr,train
5dts,train
5dtt,train
5du4,test
5du6,test
5du8,test
5duc,test
5duf,test
5dus,val
5duw,train
5dv2,val
5dv4,val
5dva,train
5dw1,train
5dw2,train
5dwr,train
5dx3,train
5dx4,train
5dxe,train
5dxg,train
5dxh,train
5dxt,train
5dxu,train
5dy5,train
5dy7,train
5dya,train
5dyo,train
5dyt,train
5dyw,train
5dyy,train
5e0a,train
5e0g,train
5e0h,train
5e0j,train
5e0l,train
5e0m,train
5e13,train
5e1b,test
5e1d,test
5e1e,train
5e1s,train
5e28,train
5e2k,train
5e2l,test
5e2m,train
5e2n,train
5e2o,train
5e2p,train
5e2q,test
5e2r,train
5e2s,train
5e3a,test
5e3d,train
5e3g,train
5e4w,train
5e5g,test
5e6o,val
5e73,train
5e74,train
5e7n,train
5e7r,train
5e80,train
5e88,train
5e89,train
5e8a,train
5e8f,train
5e8r,train
5e8w,train
5e8z,train
5e90,train
5e91,train
5ea4,test
5eak,train
5eay,train
5eb2,test
5eb3,test
5ece,train
5ech,test
5eci,test
5ect,test
5ecv,train
5edb,train
5edc,train
5edd,test
5edi,train
5edl,val
5edq,train
5edr,train
5eds,train
5edu,train
5ee7,train
5eef,train
5eei,train
5eek,train
5eel,train
5een,train
5ef7,train
5ef8,train
5efa,test
5efb,train
5efc,test
5efh,train
5efj,train
5eg4,train
5ega,train
5egm,train
5egs,train
5egu,train
5eh0,train
5eh5,train
5eh7,train
5eh8,train
5ehg,train
5ehi,train
5ehn,train
5ehp,train
5ehq,train
5ehr,train
5ehv,train
5ehw,train
5ehy,train
5ei2,train
5ei3,train
5ei4,train
5ei6,train
5ei8,train
5eie,train
5eif,train
5eij,train
5eis,train
5eiw,train
5ejl,val
5ejv,train
5ejw,train
5ek0,test
5ek9,train
5ekh,train
5ekj,train
5ekm,train
5ekn,train
5eko,train
5el2,val
5el9,val
5eld,train
5ele,train
5elf,train
5elq,test
5elv,train
5elw,val
5ely,train
5elz,test
5em3,train
5em5,train
5em6,train
5em7,train
5em8,train
5em9,test
5ema,test
5emb,test
5emj,train
5emk,train
5eml,train
5emm,train
5en3,train
5enb,test
5enc,test
5ene,test
5enf,test
5eng,train
5enh,test
5eni,test
5enj,test
5enk,train
5enm,train
5eob,train
5eol,train
5eom,val
5ep7,train
5epk,train
5epl,train
5epn,train
5epp,train
5epr,train
5eps,train
5epy,train
5eq0,train
5eq1,train
5eqe,train
5eqp,train
5eqq,train
5eqy,train
5er1,train
5er2,train
5er4,train
5er5,train
5erg,val
5etb,train
5etf,train
5eth,train
5etj,train
5etk,train
5etl,train
5etm,train
5etn,train
5eto,train
5etp,train
5etq,train
5etr,train
5ets,train
5ett,train
5etv,train
5etx,train
5ety,train
5eu1,train
5eud,val
5eue,val
5ev8,train
5eva,train
5evb,train
5evd,train
5evk,train
5evz,train
5ew0,test
5ew3,train
5ew9,train
5ewa,train
5ewd,train
5ewh,train
5ewj,train
5ewk,val
5ewm,train
5ewy,val
5ewz,train
5exl,train
5exm,train
5exn,train
5ey0,val
5ey4,train
5ey8,train
5ey9,train
5eyc,train
5eyd,train
5eyk,val
5eym,train
5eyr,train
5eyz,test
5ezg,train
5ezh,train
5ezx,train
5ezz,train
5f00,train
5f01,train
5f02,train
5f04,train
5f08,train
5f0c,train
5f0f,train
5f0h,train
5f1h,train
5f1j,train
5f1l,train
5f1r,test
5f1u,val
5f1v,val
5f1z,train
5f20,train
5f25,train
5f27,train
5f2f,train
5f2k,val
5f2p,train
5f2s,train
5f2u,train
5f2w,train
5f37,train
5f39,train
5f3e,train
5f3g,train
5f3i,train
5f3t,train
5f3z,train
5f41,train
5f4l,train
5f4n,train
5f4p,train
5f4u,train
5f5b,test
5f5i,train
5f5z,train
5f60,train
5f61,train
5f62,train
5f63,train
5f67,val
5f6d,test
5f6u,test
5f6v,test
5f74,val
5f8y,test
5f90,test
5f91,test
5f94,train
5f95,train
5f9b,train
5f9e,train
5fa7,train
5fah,train
5fao,train
5fap,train
5faq,train
5fas,train
5fat,train
5fb1,train
5fb7,val
5fbe,train
5fbi,train
5fbn,train
5fck,train
5fcw,train
5fcz,train
5fd2,train
5fdc,train
5fdd,train
5fdg,train
5fdi,train
5fdo,train
5fdp,train
5fdr,train
5fdz,train
5fe6,train
5fe7,train
5fe9,train
5fgk,train
5fh6,train
5fh7,train
5fh8,train
5fhm,train
5fhn,train
5fho,train
5fi2,train
5fi6,train
5fi7,train
5fiv,train
5fjx,val
5fkj,train
5fky,train
5fl0,train
5fl1,train
5fl4,train
5fl5,train
5fl6,train
5flo,train
5flp,train
5flq,train
5fls,train
5flt,train
5fnc,train
5fnd,train
5fnf,train
5fng,train
5fni,train
5fnj,train
5fnq,train
5fnr,train
5fnt,train
5fnu,train
5fog,test
5fol,test
5foo,val
5fos,train
5fot,train
5fou,train
5fov,train
5fow,train
5fox,train
5fp0,train
5fpi,test
5fpk,train
5fpu,train
5fqp,train
5fqr,train
5fqs,train
5fqt,train
5fs5,train
5fsc,val
5fsl,train
5fsm,train
5fsn,train
5fso,train
5fsx,val
5fsy,val
5ftg,train
5fto,train
5ftq,train
5fue,train
5ful,train
5fum,train
5fun,train
5fus,val
5fut,train
5fv7,val
5fwa,train
5fwg,test
5fwj,train
5fwr,train
5fxq,train
5fxr,train
5fxs,train
5fyq,train
5g10,train
5g11,train
5g17,train
5g1a,train
5g1c,train
5g1n,train
5g22,train
5g2b,train
5g2g,test
5g2n,train
5g3m,train
5g3n,train
5g3w,train
5g42,train
5g43,train
5g45,train
5g46,train
5g4m,train
5g4n,train
5g4o,train
5g53,train
5g57,train
5g5f,test
5g5v,train
5g5z,val
5g60,val
5g61,val
5g6u,val
5ggj,test
5ggk,test
5ggl,test
5ggn,test
5ggo,test
5ggp,test
5ggz,train
5ghv,train
5gic,train
5gid,train
5gj9,val
5gja,val
5gjd,train
5gjf,train
5gjg,train
5glu,val
5gmi,val
5gmj,val
5gmm,train
5gmn,train
5gmp,train
5gmu,val
5gmv,train
5gn5,val
5gn6,val
5gn7,test
5gn9,test
5gnk,train
5go2,val
5goe,val
5gow,val
5gp7,train
5gr9,test
5gs4,train
5gs9,val
5gsa,train
5gso,train
5gsw,train
5gty,train
5gu4,train
5gub,test
5gut,val
5gv2,val
5gvk,train
5gvl,train
5gvm,train
5gvn,train
5gvp,train
5gwa,val
5gwy,train
5gwz,train
5gx6,test
5gx7,test
5h08,train
5h09,train
5h0b,train
5h0e,train
5h0g,train
5h0h,train
5h13,train
5h14,train
5h15,train
5h17,train
5h19,train
5h1e,train
5h1t,train
5h1u,train
5h1v,train
5h21,train
5h22,train
5h2u,train
5h3q,train
5h4j,train
5h5f,val
5h5o,val
5h5q,test
5h5r,test
5h63,val
5h6v,train
5h7g,val
5h7h,train
5h85,train
5h8b,train
5h8e,train
5h8g,train
5h8x,train
5h9p,train
5h9q,train
5h9r,train
5h9s,train
5ha1,train
5ha9,train
5hbe,train
5hbh,train
5hbj,train
5hbn,test
5hbs,train
5hcl,train
5hct,val
5hcv,train
5hcx,train
5hcy,train
5hd0,train
5hda,val
5hdu,train
5hdv,train
5hdx,train
5hdz,train
5he0,train
5he1,train
5he2,train
5he3,train
5he4,train
5he5,train
5he7,train
5heb,test
5hed,test
5hes,train
5hey,test
5hf1,test
5hfb,test
5hfc,test
5hff,test
5hfj,val
5hg1,train
5hg9,train
5hgc,test
5hgq,train
5hhx,val
5hi7,train
5hip,val
5his,val
5hjb,train
5hjc,train
5hjd,train
5hjq,val
5hk1,val
5hk2,val
5hk9,test
5hka,test
5hkb,test
5hkh,val
5hkm,train
5hl9,val
5hlb,val
5hld,val
5hln,train
5hlp,train
5hls,train
5hlw,train
5hm0,train
5hm3,train
5hmh,train
5hmi,train
5hmk,train
5hmy,train
5hn0,train
5hn7,train
5hn8,train
5hn9,train
5hna,train
5hng,train
5ho6,train
5ho7,train
5ho8,train
5hoa,train
5hog,val
5hor,train
5hpm,train
5hrv,train
5hrw,train
5hrx,train
5htb,train
5htc,train
5htl,val
5htz,train
5hu0,train
5hu1,train
5hu9,train
5huw,val
5huy,train
5hva,val
5hvp,train
5hvs,train
5hvt,train
5hvy,train
5hwu,val
5hwv,val
5hx6,train
5hyq,train
5hyr,train
5hz5,train
5hz6,train
5hz8,train
5hz9,train
5hzn,train
5hzx,train
5i0b,train
5i0l,train
5i12,train
5i13,train
5i1q,train
5i22,val
5i24,test
5i25,train
5i29,train
5i2e,train
5i2f,train
5i2r,train
5i2z,train
5i38,test
5i3a,test
5i3m,train
5i3v,train
5i3w,train
5i3x,train
5i3y,train
5i40,train
5i43,train
5i4o,train
5i4v,train
5i56,train
5i58,train
5i59,train
5i5x,val
5i5z,train
5i7u,train
5i7y,train
5i80,train
5i83,train
5i86,train
5i88,train
5i89,train
5i8b,train
5i8c,train
5i8g,train
5i8p,val
5i94,train
5i9i,train
5i9x,train
5i9y,train
5i9z,train
5ia0,train
5ia1,train
5ia2,train
5ia3,train
5ia4,train
5ia5,train
5iaw,train
5iay,train
5ick,train
5icp,train
5id0,train
5id1,train
5idn,train
5idp,train
5ie1,train
5iee,val
5ieg,val
5ien,test
5ieo,test
5iep,test
5ier,val
5iez,train
5if4,train
5if6,val
5ifu,train
5igk,train
5igl,train
5igm,train
5igq,test
5ih2,train
5ih5,train
5ih6,train
5ih8,train
5ih9,train
5iha,train
5ihc,train
5ihh,train
5ii1,train
5ii2,train
5iis,train
5ij7,val
5ijj,val
5ijp,val
5ijr,train
5ikb,train
5il1,val
5ime,train
5in9,train
5iok,test
5iop,train
5ioy,train
5ioz,train
5ipa,train
5ipc,train
5ipj,train
5iq6,train
5ir1,train
5irr,val
5isl,train
5ism,train
5itd,train
5itf,train
5ito,train
5itp,train
5iu2,val
5iu4,train
5iu6,train
5iu7,train
5iu8,train
5iua,train
5iub,train
5iug,train
5iuh,train
5iui,train
5iv2,train
5iv4,train
5ivf,train
5ivj,train
5ivn,train
5ivs,train
5ivt,train
5ivv,train
5ivy,train
5ivz,train
5iw0,train
5iwg,train
5ix0,train
5ix1,test
5ixf,train
5ixq,test
5ixt,test
5iy4,train
5iyv,test
5iyy,train
5iz6,train
5iz8,train
5iz9,train
5iza,train
5izc,train
5izf,train
5izj,train
5izu,test
5j0d,train
5j18,val
5j19,train
5j1r,train
5j1v,train
5j1w,train
5j1x,train
5j20,train
5j27,train
5j2x,train
5j31,train
5j32,val
5j3l,train
5j3v,val
5j41,train
5j47,val
5j4n,val
5j4v,val
5j4y,val
5j59,train
5j5d,val
5j5r,train
5j5t,train
5j64,train
5j6a,train
5j6d,test
5j6l,train
5j6m,train
5j6n,train
5j6s,train
5j71,train
5j74,train
5j75,train
5j79,train
5j7b,train
5j7f,train
5j7g,train
5j7j,train
5j7p,train
5j7q,train
5j7s,train
5j7w,train
5j82,train
5j86,train
5j87,train
5j8i,train
5j8m,train
5j8u,train
5j8z,train
5j9f,train
5j9k,test
5j9l,train
5j9x,train
5j9y,train
5j9z,train
5jah,train
5jal,train
5jan,train
5jao,train
5jap,train
5jar,train
5jas,train
5jat,train
5jau,train
5jaz,train
5jbi,train
5jc1,train
5jcb,train
5jcj,train
5jdc,train
5jdi,train
5jer,val
5jf1,train
5jf2,train
5jf3,train
5jf4,train
5jf5,train
5jf6,train
5jf7,train
5jf8,train
5jfd,train
5jfp,train
5jfr,train
5jfu,train
5jg1,train
5jga,train
5jgb,train
5jgd,train
5jgi,train
5jgq,train
5jh6,train
5jha,train
5jhb,train
5jhk,train
5ji6,train
5ji8,train
5jic,test
5jid,train
5jim,train
5jin,train
5jiq,train
5jiy,train
5jjm,train
5jjr,train
5jjs,train
5jk3,train
5jm4,train
5jmp,train
5jmw,train
5jmx,train
5jn8,train
5jn9,train
5jna,train
5jnc,train
5jnl,train
5jnn,train
5jog,val
5joh,val
5jox,val
5jpt,test
5jq5,train
5jq8,train
5jq9,train
5jqb,train
5jr2,train
5jr6,val
5jrq,train
5jrs,train
5js3,train
5jsg,train
5jsj,train
5jsm,train
5jsq,train
5jss,train
5jt2,train
5jt9,train
5jur,test
5jv1,train
5jv2,train
5jvi,train
5jxn,train
5jxq,train
5jy0,val
5jy3,train
5jyo,train
5jz9,test
5jzb,test
5jzn,train
5jzs,test
5jzy,train
5k00,train
5k03,train
5k05,train
5k09,train
5k0b,train
5k0c,train
5k0f,train
5k0h,train
5k0i,train
5k0j,train
5k0m,train
5k0s,train
5k0t,train
5k0x,train
5k13,train
5k1d,train
5k1f,train
5k1i,train
5k1v,train
5k32,train
5k48,train
5k4i,train
5k4j,train
5k4x,train
5k4z,train
5k51,train
5k5c,val
5k5e,train
5k5n,train
5k5s,test
5k6a,train
5k76,train
5k7h,val
5k8n,val
5k8o,val
5k8s,test
5k8v,train
5k9w,train
5ka1,train
5ka3,train
5ka7,train
5ka9,train
5kab,train
5kad,train
5kam,train
5kat,test
5kau,test
5kax,val
5kbe,test
5kbf,test
5kbg,test
5kbh,test
5kbi,test
5kbq,train
5kbr,train
5kby,train
5kcv,train
5kcx,train
5kde,val
5kdf,val
5ke0,train
5kej,test
5kew,val
5kez,train
5kgn,val
5kgw,train
5kgx,train
5kh7,train
5khd,test
5khg,train
5khh,train
5khi,train
5khj,train
5khk,train
5khm,train
5khx,train
5kit,train
5kj0,train
5kj2,val
5kjk,train
5kjm,train
5kjn,train
5kk8,train
5kkr,train
5kks,train
5kkt,train
5klp,val
5klr,train
5kls,test
5klt,train
5kly,train
5klz,train
5km0,train
5km1,train
5km2,train
5km3,train
5km5,train
5km9,train
5kma,train
5kmf,test
5kmh,test
5knj,val
5knr,train
5kns,train
5knt,train
5knu,train
5knx,train
5ko1,val
5ko5,train
5koq,train
5kos,train
5kpk,train
5kpl,train
5kpm,train
5kq5,train
5kqf,train
5kqg,test
5kql,test
5kqx,train
5kqy,train
5kr0,train
5kr1,train
5kr2,train
5kre,val
5ksu,train
5ksv,train
5ksx,train
5ktu,train
5ktw,train
5ktx,train
5ku3,train
5ku6,train
5ku9,train
5kup,train
5kv8,test
5kv9,test
5kva,val
5kw2,train
5kxc,train
5kxi,train
5kya,train
5kyj,train
5kyk,train
5kz0,train
5kzi,train
5kzq,test
5l01,test
5l0c,val
5l0h,val
5l13,val
5l15,train
5l17,train
5l26,train
5l2i,train
5l2m,train
5l2n,train
5l2o,train
5l2s,train
5l2t,train
5l2w,val
5l2y,train
5l2z,train
5l30,train
5l3a,train
5l3e,train
5l3f,train
5l3g,train
5l3j,train
5l4f,train
5l4i,train
5l4j,train
5l4m,train
5l6h,test
5l6j,test
5l6o,train
5l6p,train
5l72,train
5l7e,train
5l7g,train
5l7h,train
5l7k,val
5l87,test
5l8a,test
5l8c,train
5l8n,test
5l8o,test
5l8t,train
5l8y,train
5l96,train
5l97,train
5l98,train
5l99,train
5l9g,test
5l9h,train
5l9i,test
5l9l,test
5l9o,val
5laq,train
5lav,train
5law,train
5lax,train
5lay,train
5laz,train
5lb7,val
5lbq,train
5lca,train
5lce,train
5lch,train
5lcj,train
5lck,train
5ld8,train
5ldm,test
5ldo,test
5ldp,test
5le1,train
5lgn,train
5lgo,train
5lgp,train
5lgq,train
5lgs,train
5lgt,train
5lgu,train
5lh4,train
5lh8,train
5lhg,train
5lhh,train
5lhi,train
5lhu,val
5li3,train
5lif,train
5lj0,train
5lj1,train
5lj2,train
5ljj,train
5ljq,train
5ljt,train
5lkr,train
5ll4,train
5ll5,train
5ll9,train
5lla,train
5llc,train
5lle,train
5llg,train
5llh,train
5lli,train
5llm,train
5llo,train
5llp,train
5lm4,train
5lm6,train
5lma,train
5lmb,train
5lmk,train
5lne,train
5lny,train
5lo5,train
5lo6,train
5loh,train
5lom,train
5lp1,train
5lp6,train
5lpd,train
5lpj,train
5lpk,train
5lpl,train
5lpm,train
5lqf,train
5lqq,train
5lrg,train
5lrj,train
5lrk,train
5lrq,train
5ls6,val
5lsc,train
5lsg,train
5lsh,test
5lso,test
5lss,test
5lsx,test
5lsy,test
5lt6,test
5lt9,val
5lto,val
5lu2,train
5lub,val
5lud,train
5luu,train
5lvd,train
5lvf,test
5lvl,train
5lvn,train
5lvq,train
5lvr,train
5lvx,train
5lwd,train
5lwe,test
5lwm,train
5lwn,train
5lws,train
5lx6,train
5lxb,train
5lxc,train
5lxd,train
5ly1,train
5ly2,train
5ly3,val
5lyh,train
5lyn,test
5lyr,test
5lyw,train
5lyx,train
5lyy,train
5lz2,train
5lz4,train
5lz7,train
5lz8,train
5lz9,train
5lzg,train
5lzh,train
5lzj,train
5m04,val
5m0d,train
5m0m,train
5m0s,train
5m17,test
5m1z,val
5m23,train
5m25,train
5m28,val
5m2v,train
5m39,train
5m3a,train
5m44,train
5m4c,train
5m4f,train
5m4i,train
5m4k,train
5m4u,train
5m51,train
5m53,train
5m55,train
5m56,train
5m57,train
5m5d,test
5m5q,val
5m63,train
5m6f,train
5m6h,train
5m6m,train
5m6u,train
5m77,val
5m7m,train
5m7t,test
5m7u,test
5m9w,train
5ma7,train
5mae,train
5maj,train
5mar,train
5mat,train
5may,train
5meh,test
5mek,val
5mes,train
5mev,train
5mf6,test
5mfr,train
5mfs,train
5mft,train
5mg2,train
5mge,train
5mgf,train
5mgg,train
5mgj,train
5mgk,train
5mgl,train
5mgm,train
5mhq,train
5mi3,test
5mi5,train
5mi6,train
5mi7,train
5mi9,test
5mih,train
5mim,train
5mja,train
5mjb,train
5mjn,train
5mk3,train
5mk9,val
5mka,val
5mkj,train
5mkr,train
5mks,train
5mkx,train
5mky,train
5mkz,train
5ml0,train
5ml2,train
5ml3,train
5ml4,train
5ml5,train
5ml6,train
5ml8,train
5mli,train
5mlj,train
5mlo,train
5mlw,train
5mm9,train
5mme,train
5mmg,train
5mmn,train
5mmp,train
5mn1,train
5mnb,train
5mnc,train
5mng,train
5mnh,train
5mnn,train
5mno,train
5mnr,train
5mnx,train
5mny,train
5mo0,train
5mo2,train
5mo8,train
5mob,train
5mod,train
5moe,train
5mon,train
5moo,train
5moq,train
5mos,train
5mpk,train
5mpn,train
5mpz,train
5mqe,train
5mql,train
5mqt,train
5mqv,train
5mqx,test
5mqy,train
5mra,test
5mrb,train
5mrd,train
5mrh,test
5mri,test
5mrm,train
5mro,train
5mrp,train
5msb,train
5mt0,train
5mt4,train
5mte,test
5mts,train
5mtw,val
5mty,train
5muc,train
5mw2,train
5mw3,train
5mw4,train
5mw6,train
5mwa,train
5mwd,train
5mwg,train
5mwh,train
5mwo,train
5mwp,train
5mwy,train
5mwz,train
5mxf,val
5mxk,train
5mxo,train
5mxq,train
5mxr,train
5mxv,train
5mxx,test
5my8,test
5myd,val
5myg,train
5myk,train
5myl,train
5myn,train
5myr,train
5mys,train
5myv,test
5myx,train
5mz3,train
5mz8,val
5mzg,train
5n0d,train
5n0e,train
5n0f,val
5n16,val
5n17,val
5n18,train
5n1r,train
5n1s,train
5n1v,train
5n1x,train
5n1y,train
5n1z,train
5n20,train
5n21,train
5n24,train
5n25,train
5n2d,test
5n2f,test
5n2t,train
5n2x,train
5n2z,train
5n31,train
5n34,train
5n3v,train
5n3w,train
5n3y,train
5n49,train
5n4s,train
5n4t,train
5n53,train
5n55,train
5n58,train
5n69,train
5n70,train
5n7b,train
5n7g,val
5n7v,train
5n7x,train
5n84,train
5n87,train
5n8b,train
5n8e,train
5n8j,train
5n8t,train
5n8v,test
5n8w,train
5n93,train
5n99,train
5n9k,train
5n9l,train
5n9n,train
5n9r,train
5n9s,train
5n9t,train
5na0,train
5nad,train
5nap,train
5nar,train
5nat,train
5nau,train
5naw,train
5nb6,train
5nb7,train
5nba,train
5nbw,train
5ncy,train
5ncz,train
5ndb,train
5ndd,train
5ndf,test
5ne3,train
5ne5,test
5nea,train
5neb,train
5nev,train
5nf5,train
5nf6,train
5nf9,train
5nfa,train
5nfb,train
5nfh,train
5ng9,train
5ngb,train
5nge,train
5ngf,train
5ngr,train
5ngs,train
5ngt,train
5ngu,train
5ngz,test
5nhh,train
5nhj,train
5nhl,train
5nho,train
5nhp,train
5nhv,train
5nhy,train
5nhz,train
5ni0,train
5ni5,train
5ni7,train
5ni8,train
5nib,train
5nih,train
5nin,train
5niy,val
5njx,train
5njz,train
5nk2,train
5nk3,train
5nk4,train
5nk6,train
5nk7,train
5nk8,train
5nk9,train
5nka,train
5nkb,train
5nkc,train
5nkd,train
5nkg,train
5nkh,train
5nki,train
5nkk,val
5nkn,train
5nlk,train
5nn0,train
5nn4,train
5nn5,train
5nn6,train
5nob,train
5np8,test
5npb,test
5npc,test
5npd,test
5npe,test
5npf,val
5npr,train
5nps,train
5nq5,train
5nqe,train
5nqr,val
5nr7,train
5nr8,train
5nra,train
5nrf,train
5nsp,train
5nsx,train
5nt0,train
5nt4,train
5ntk,train
5ntp,train
5ntq,train
5ntt,train
5ntw,train
5nu1,train
5nu3,train
5nu5,train
5nud,train
5nut,train
5nuu,train
5nvc,train
5nve,train
5nvf,train
5nvh,train
5nvv,train
5nvw,train
5nvx,train
5nvy,train
5nvz,train
5nw0,train
5nw1,train
5nw2,train
5nw7,val
5nw8,train
5nwb,train
5nwc,train
5nwd,train
5nwe,train
5nwg,train
5nwh,val
5nwz,train
5nx2,val
5nxg,train
5nxi,train
5nxo,train
5nxp,train
5nxv,train
5ny1,train
5ny3,train
5ny6,train
5nya,train
5nyh,train
5nyz,train
5nz4,train
5nze,train
5nzf,train
5nzm,val
5nzn,train
5nzo,train
5nzp,train
5nzq,train
5o07,train
5o0a,train
5o0b,train
5o0e,train
5o0j,val
5o0s,val
5o11,train
5o1a,train
5o1b,train
5o1c,train
5o1d,train
5o1e,train
5o1f,train
5o1g,train
5o1h,train
5o1i,train
5o1s,train
5o22,val
5o2d,test
5o3q,test
5o3r,test
5o45,test
5o48,train
5o4f,train
5o4s,train
5o4t,train
5o4y,test
5o55,train
5o5a,train
5o5f,train
5o5h,train
5o7e,val
5o7i,train
5o7n,train
5o87,train
5o8t,train
5o91,train
5o9h,val
5o9o,test
5o9p,test
5o9r,test
5o9y,test
5oa6,test
5oae,test
5oah,test
5oai,train
5oaj,train
5oax,train
5obg,train
5obj,train
5obr,train
5oci,train
5ocj,val
5od1,val
5odu,train
5odx,train
5ody,train
5oei,test
5of0,train
5ofi,train
5ofu,train
5ofv,train
5ofw,train
5ofx,train
5ogb,train
5ogk,val
5oh1,train
5oh2,train
5oh3,train
5oh4,train
5oh7,train
5oh9,train
5oha,train
5ohi,train
5ohj,train
5oht,val
5ohy,val
5oje,train
5ok3,train
5ok6,val
5okt,train
5oku,test
5ol3,train
5olb,train
5olk,val
5om2,train
5om3,train
5om7,train
5om9,train
5one,train
5oot,train
5op2,train
5op4,train
5op5,train
5op6,train
5op8,train
5opb,train
5opc,train
5opr,train
5ops,train
5opu,train
5opv,train
5oq4,train
5oq5,train
5oq6,train
5oq7,train
5oq8,train
5oqu,train
5oqw,train
5or9,train
5orb,train
5org,train
5orh,train
5orj,train
5ork,train
5orl,train
5orr,train
5ort,train
5orv,train
5orw,train
5orx,train
5ory,train
5orz,train
5os0,train
5os1,train
5os2,train
5os3,train
5os4,train
5os7,train
5os8,train
5osd,train
5ose,train
5osk,train
5osl,train
5oss,train
5ost,val
5osy,test
5ot8,train
5ot9,train
5ota,train
5otc,train
5otr,train
5otz,train
5ou1,train
5ou2,train
5oua,train
5oug,train
5ouh,train
5oui,train
5oul,train
5ov8,train
5ov9,train
5ovc,test
5ove,train
5ovf,train
5ovg,train
5ovh,train
5ovi,train
5ovp,test
5ovr,train
5ovv,test
5ovx,train
5ow1,train
5ow8,train
5owa,train
5owc,train
5owf,train
5owh,train
5owl,train
5ows,train
5owt,train
5ox5,train
5ox6,train
5oxg,train
5oxk,train
5oxl,train
5oxm,train
5oxn,train
5oy3,test
5oyd,val
5prc,test
5pzm,train
5pzn,train
5q0d,train
5q0e,train
5q0f,train
5q0g,train
5q0h,train
5q0i,train
5q0j,train
5q0l,train
5q0m,train
5q0n,train
5q0o,train
5q0p,train
5q0q,train
5q0r,train
5q0s,train
5q0t,train
5q0u,train
5q0v,train
5q0w,train
5q0x,train
5q0y,train
5q0z,train
5q10,train
5q11,train
5q12,train
5q13,train
5q14,train
5q15,train
5q16,train
5q17,train
5q18,train
5q19,train
5q1a,train
5q1b,train
5q1c,train
5q1d,train
5q1e,train
5q1f,train
5q1g,train
5q1h,train
5q1i,train
5qa4,train
5qa5,train
5qa6,train
5qa7,train
5qa8,train
5qa9,train
5qaa,train
5qab,train
5qac,train
5qad,train
5qae,train
5qaf,train
5qag,train
5qah,train
5qai,train
5qaj,train
5qak,train
5qal,train
5qam,train
5qan,train
5qao,train
5qap,train
5qaq,train
5qar,train
5qas,train
5qat,train
5qau,train
5qav,train
5qaw,train
5qax,train
5qay,train
5qaz,train
5qb0,train
5qb1,train
5qb2,train
5qb3,train
5qbv,train
5qby,train
5qc4,train
5qck,train
5qcl,train
5qcm,train
5qcn,train
5qik,train
5qil,train
5qim,train
5qj2,test
5qj3,test
5qqo,train
5qqp,train
5qtt,train
5qtu,train
5std,test
5sve,val
5svx,train
5svy,test
5svz,train
5swg,train
5sxk,train
5sxm,train
5sxn,train
5sy2,train
5sy3,train
5sym,val
5syn,val
5sys,train
5sz0,train
5sz1,train
5sz2,train
5sz3,train
5sz4,train
5sz5,train
5sz6,train
5sz7,train
5sz9,train
5szb,test
5szc,test
5t18,train
5t19,train
5t1a,train
5t1i,val
5t1k,train
5t1l,train
5t1w,train
5t23,train
5t27,train
5t28,train
5t2b,train
5t2d,train
5t2g,train
5t2i,train
5t2l,train
5t2m,train
5t2t,val
5t2y,val
5t31,train
5t35,train
5t36,train
5t37,train
5t3n,test
5t4b,train
5t4e,train
5t4f,train
5t4h,train
5t4u,train
5t4v,train
5t52,train
5t54,train
5t5g,test
5t68,train
5t6f,train
5t6g,train
5t6j,val
5t6p,train
5t6z,train
5t70,train
5t78,train
5t7s,train
5t8e,train
5t8j,train
5t8o,train
5t8p,train
5t8q,train
5t8r,train
5t92,train
5t97,train
5t9u,train
5t9w,train
5t9z,train
5ta2,train
5ta4,train
5ta6,train
5tb6,train
5tbj,train
5tbm,test
5tbn,val
5tc0,train
5tca,train
5tcc,train
5tci,val
5tcj,val
5tco,train
5td2,train
5td7,train
5tdb,train
5tdi,train
5tdr,test
5tdw,test
5teg,test
5teh,train
5tex,train
5tfx,train
5tg1,train
5tg2,train
5th4,train
5thi,train
5thj,train
5thn,train
5tho,train
5ti0,train
5ti2,train
5ti3,train
5ti4,train
5ti5,train
5ti6,train
5ti7,train
5tig,val
5tiu,train
5tjx,train
5tkb,train
5tkd,train
5tkj,train
5tkk,train
5tks,train
5tkt,train
5tku,train
5tl9,train
5tln,train
5tmn,train
5tnt,train
5to8,train
5tob,train
5toe,train
5tol,train
5toz,train
5tp0,train
5tpb,train
5tpc,train
5tpg,test
5tpx,train
5tq3,train
5tq4,train
5tq5,train
5tq6,train
5tq7,train
5tq8,train
5tqe,train
5tqf,train
5tqg,train
5tqs,train
5tqu,train
5tr6,train
5trf,train
5trg,train
5trh,train
5tri,train
5trj,train
5trk,train
5trr,train
5trs,train
5try,train
5ts0,train
5tt3,test
5tt7,train
5tt8,test
5ttg,train
5tts,train
5ttu,train
5ttv,train
5ttw,train
5tuo,test
5tur,train
5tus,test
5tuy,train
5tuz,train
5tv1,val
5tv3,test
5tvn,train
5tw2,train
5tw3,train
5tw5,train
5twg,val
5twj,val
5twl,train
5two,train
5twx,train
5twz,train
5tx3,train
5tx5,train
5txy,train
5ty1,train
5ty8,train
5ty9,train
5tya,train
5tyh,val
5tz3,train
5tza,train
5tzc,train
5tzd,test
5tzh,train
5tzo,val
5tzw,train
5tzx,train
5tzz,train
5u00,train
5u06,train
5u0d,train
5u0e,train
5u0f,train
5u0g,train
5u0w,train
5u0y,train
5u0z,train
5u11,train
5u12,train
5u13,train
5u14,train
5u28,train
5u2c,train
5u2e,train
5u2f,train
5u3b,train
5u49,train
5u4b,train
5u4d,train
5u51,val
5u5h,train
5u5k,train
5u5l,train
5u5t,train
5u62,train
5u66,train
5u69,train
5u6b,train
5u6c,train
5u6d,train
5u6j,train
5u6v,train
5u7d,train
5u7i,train
5u7j,train
5u7k,train
5u7l,train
5u7m,train
5u7o,train
5u8a,train
5u8c,train
5u8f,train
5u94,test
5u9d,train
5u9i,val
5uac,train
5uah,train
5ubg,val
5ubt,train
5uc1,train
5uc4,train
5uch,train
5uci,train
5ucj,train
5ue4,train
5ueu,train
5uex,train
5uey,train
5uez,train
5uf0,train
5ufc,val
5uff,val
5ufi,test
5ufo,train
5ufp,test
5ufr,train
5ufs,train
5ug8,train
5ug9,train
5uga,train
5ugb,train
5ugc,train
5ugg,train
5ugh,val
5ugm,train
5uhi,train
5uig,train
5uiq,train
5uir,train
5uis,train
5uit,train
5uiu,train
5ujv,train
5ukj,train
5ukk,train
5ukl,train
5ukm,train
5ul6,train
5ula,train
5uln,train
5ulp,train
5ult,train
5umx,test
5umy,test
5umz,train
5un9,test
5unf,train
5ung,train
5unj,test
5unp,train
5uoo,train
5uor,train
5uov,train
5uox,train
5uoy,train
5up0,train
5up3,train
5upf,train
5upj,train
5upz,train
5uq9,val
5uqv,train
5uqx,train
5ur1,train
5ur5,train
5ur6,train
5ur9,train
5ura,train
5urk,val
5urm,val
5usf,val
5usq,train
5usy,train
5usz,train
5ut0,train
5ut4,train
5ut6,train
5uuu,train
5uv1,val
5uv2,val
5uv5,train
5uvc,train
5uwf,train
5uwi,test
5uwk,train
5uwl,train
5uwm,train
5uwn,train
5ux4,train
5uxm,test
5uxn,test
5uy8,train
5uyu,train
5uzj,train
5uzk,train
5v0n,train
5v13,val
5v19,train
5v1b,train
5v1d,val
5v1y,test
5v24,train
5v2l,test
5v2p,val
5v35,val
5v37,train
5v3h,train
5v3o,train
5v3r,train
5v3x,test
5v3y,test
5v40,test
5v41,test
5v42,test
5v4q,val
5v5d,train
5v5e,train
5v5n,train
5v5o,train
5v5y,train
5v79,train
5v7a,train
5v7i,train
5v7t,train
5v7w,train
5v82,train
5v83,train
5v84,train
5v86,train
5v88,train
5v8h,train
5v8j,train
5v8p,train
5v8q,train
5v8v,train
5v9p,train
5v9t,train
5va9,train
5vad,train
5var,test
5vb5,train
5vb7,train
5vc3,train
5vc4,train
5vc5,train
5vc6,train
5vcv,train
5vcw,train
5vcx,train
5vcy,train
5vcz,train
5vd0,train
5vd1,train
5vd2,train
5vd3,train
5vdk,train
5vdo,train
5vdp,train
5vdq,train
5vdr,train
5vds,train
5vdt,train
5vdu,train
5vdw,train
5vee,train
5vew,train
5vex,train
5vfc,train
5vfd,train
5vfj,train
5vfm,train
5vfn,train
5vgi,train
5vgo,train
5vgy,train
5vh0,val
5vi6,train
5vih,train
5vii,train
5vij,train
5vil,train
5vio,train
5vja,train
5vjn,test
5vjp,test
5vk0,train
5vkc,train
5vkf,val
5vkm,val
5vl2,train
5vlh,train
5vlk,train
5vll,train
5vlp,train
5vlr,train
5vm0,train
5vm6,train
5vnd,train
5vo1,train
5vo2,train
5vo6,train
5voj,train
5vom,train
5vp0,train
5vp1,train
5vp9,train
5vpm,train
5vqe,val
5vqi,train
5vqq,train
5vqs,train
5vqt,train
5vqu,train
5vqv,train
5vqy,train
5vr8,val
5vrp,train
5vs6,train
5vsc,train
5vsd,train
5vse,train
5vsf,train
5vsj,test
5vsk,train
5vt1,train
5vwi,train
5vwk,test
5vyy,train
5vzu,test
5vzy,train
5w0e,train
5w0f,train
5w0i,train
5w0l,train
5w0q,train
5w10,val
5w19,val
5w1e,val
5w2p,train
5w2q,train
5w2s,train
5w38,train
5w3i,train
5w44,train
5w4e,train
5w4r,train
5w4s,test
5w4v,train
5w4w,train
5w5j,train
5w5k,train
5w5o,train
5w5s,train
5w5u,train
5w5v,test
5w6e,train
5w6i,train
5w6o,train
5w6r,train
5w6t,train
5w6u,train
5w73,train
5w7i,val
5w7j,val
5w7u,train
5w84,train
5w85,train
5w86,train
5w88,train
5w8h,train
5w8i,train
5w8j,train
5w92,train
5w99,val
5wa1,train
5wa4,val
5wa5,train
5wa6,train
5wa7,train
5wa8,train
5wa9,train
5wal,train
5wap,train
5wb3,train
5wb6,train
5wbf,val
5wbk,val
5wbl,val
5wbm,train
5wbo,train
5wbp,train
5wbq,train
5wbr,train
5wbz,train
5wcl,train
5wcm,train
5wdc,train
5wdj,test
5wdl,val
5we9,train
5web,train
5wef,train
5wei,train
5wej,train
5wep,test
5wev,train
5wew,test
5wex,train
5wf3,train
5wf5,train
5wf6,train
5wf7,val
5wfc,val
5wfj,train
5wfm,train
5wfw,train
5wfz,train
5wg3,train
5wg4,train
5wg5,train
5wg6,val
5wg7,train
5wg8,train
5wg9,train
5wgd,train
5wgp,train
5wgq,train
5wh5,train
5wh6,train
5whc,train
5wi0,train
5wi1,train
5wic,test
5wij,train
5wik,train
5win,train
5wio,test
5wip,test
5wir,val
5wj6,train
5wjj,train
5wkh,train
5wkl,train
5wkm,train
5wl0,test
5wle,train
5wlo,train
5wlt,train
5wlv,train
5wmg,train
5wmt,train
5wo4,train
5wou,test
5wp5,test
5wqa,train
5wqc,train
5wqd,test
5wqj,val
5wqk,val
5wr7,train
5wre,test
5ws3,train
5wuk,train
5wuu,train
5wvd,train
5wxf,train
5wxg,test
5wxh,test
5wxo,train
5wxp,train
5wyq,train
5wyr,train
5wzr,val
5wzs,train
5wzt,train
5wzu,train
5wzv,train
5x02,train
5x13,val
5x26,train
5x27,train
5x28,train
5x33,train
5x4m,train
5x4n,train
5x4o,train
5x4p,train
5x4q,train
5x54,train
5x5g,val
5x5o,train
5x72,train
5x73,train
5x74,train
5x79,train
5x8i,train
5x9o,train
5x9p,train
5xaf,train
5xbt,val
5xff,train
5xfj,train
5xg4,train
5xg5,test
5xgh,train
5xgl,train
5xhr,train
5xhs,train
5xhz,train
5xig,train
5xih,train
5xii,train
5xij,train
5xiw,train
5xjm,train
5xkm,train
5xmr,train
5xms,train
5xmv,train
5xmx,train
5xo2,val
5xo7,val
5xof,val
5xp7,train
5xpi,train
5xpl,train
5xpm,train
5xpn,train
5xpo,train
5xpp,train
5xqx,train
5xs2,train
5xs8,test
5xsr,train
5xst,train
5xsu,train
5xup,val
5xv7,test
5xva,train
5xvf,train
5xvg,train
5xvk,train
5xvq,train
5xvw,test
5xxf,val
5xxk,train
5xyf,val
5xyx,train
5xyy,train
5xyz,train
5xzr,train
5y0f,train
5y0g,train
5y0x,train
5y0z,train
5y12,train
5y13,train
5y1u,test
5y1y,train
5y20,train
5y21,test
5y24,test
5y2f,test
5y3n,train
5y3o,train
5y48,train
5y53,test
5y59,val
5y5n,train
5y5t,train
5y5u,train
5y62,test
5y6d,train
5y6e,train
5y6f,val
5y6g,val
5y6k,val
5y7h,train
5y7j,train
5y7k,train
5y7w,val
5y7z,train
5y80,train
5y86,train
5y8c,train
5y8w,train
5y8y,train
5y8z,train
5y93,train
5y94,train
5y97,train
5y9l,train
5ya5,train
5yas,val
5yba,train
5ybe,val
5ybi,val
5yc1,test
5yc2,train
5yc3,train
5yc4,train
5yc8,train
5yco,train
5ye7,train
5ye8,train
5ye9,train
5yea,train
5yf1,val
5yfs,val
5yft,val
5yfz,train
5yg2,train
5yg3,train
5yg4,train
5ygf,train
5yh8,test
5yhe,test
5yhg,test
5yhl,val
5yia,train
5yib,train
5yic,train
5yid,train
5yie,train
5yj8,test
5yjb,train
5yjf,train
5yjk,train
5yjm,train
5yjo,train
5yjp,train
5yjy,val
5ykp,train
5yl2,train
5ylj,train
5yls,train
5ylt,train
5ylu,train
5ymx,val
5yof,train
5yov,train
5yp5,train
5yp6,train
5ypp,test
5ypy,test
5yql,train
5yqn,train
5yqo,train
5yqw,val
5yqx,train
5yr4,train
5yr5,train
5yr6,train
5yso,train
5yto,test
5ytu,test
5yu9,train
5yum,test
5yun,val
5yv5,val
5yve,test
5yvt,val
5yvx,test
5ywg,test
5ywx,train
5ywy,val
5yy4,train
5yy6,test
5yy9,train
5yyb,val
5yyf,train
5yyz,val
5yz2,val
5yz7,train
5yzc,val
5z1c,train
5z1d,train
5z1e,train
5z1r,train
5z1s,train
5z1t,train
5z4h,train
5z4o,train
5z5f,val
5z5v,train
5z66,test
5z7b,val
5z7j,val
5z89,train
5z99,val
5z9e,train
5za1,train
5za2,train
5za7,train
5za8,train
5za9,train
5zae,train
5zaf,train
5zag,train
5zah,train
5zaj,train
5zc5,train
5zcu,train
5zdb,test
5zdc,test
5zdd,test
5zde,test
5zdf,test
5zdg,test
5zdp,test
5ze6,val
5zee,train
5zef,train
5zfi,train
5zg0,train
5zg1,train
5zg3,train
5zgg,val
5zh2,train
5zh4,train
5zh5,train
5zhj,train
5zhl,train
5zhm,train
5zhn,train
5zia,train
5zjy,train
5zjz,train
5zk3,train
5zk5,train
5zk7,train
5zk8,train
5zk9,train
5zkb,train
5zkc,train
5zku,val
5zla,val
5zma,val
5zml,train
5zmq,train
5zms,train
5znc,test
5zni,test
5znl,train
5znp,val
5znr,val
5zo7,train
5zo8,train
5zo9,train
5zob,train
5zoo,train
5zop,train
5zqo,train
5zqp,train
5zqq,train
5zqr,train
5zr3,train
5ztn,train
5zty,train
5zu0,val
5zuj,test
5zun,test
5zvw,test
5zw6,test
5zwe,train
5zwf,train
5zwh,train
5zwi,train
5zxi,train
5zxk,test
5zyg,train
5zyh,train
5zyi,train
5zyj,train
5zyk,train
5zyl,train
5zym,train
5zys,val
5zz2,train
5zz4,train
5zzw,val
6a04,train
6a05,train
6a06,train
6a1c,train
6a3n,train
6a5e,val
6a6k,train
6a6w,val
6a73,train
6a84,train
6a87,val
6a8g,train
6a8n,train
6a93,train
6a94,train
6a9c,train
6a9o,test
6aa4,train
6aa5,train
6aad,test
6aah,train
6aam,train
6aan,test
6aao,test
6aaq,test
6abp,train
6abx,val
6acb,train
6aeh,train
6aej,train
6af9,train
6afa,train
6afc,train
6afd,train
6afe,train
6aff,train
6afg,train
6afh,train
6afi,train
6afj,train
6afk,train
6afl,train
6afr,train
6agg,val
6agk,train
6agp,train
6agt,train
6ahi,test
6ahs,train
6ai9,val
6ajg,test
6ajh,test
6aji,test
6ajj,test
6ajr,val
6ajv,train
6ajx,train
6ajy,train
6ajz,train
6ak4,train
6ak5,train
6ak6,train
6akw,train
6alc,train
6alz,train
6am8,train
6ami,train
6an1,train
6anl,train
6aol,train
6aom,train
6aox,train
6aoy,train
6ap6,train
6ap7,train
6ap8,train
6apr,train
6apt,train
6apu,train
6apw,test
6apz,train
6aqf,train
6aqq,test
6aqs,test
6ar2,val
6ar4,val
6arj,train
6arm,train
6arn,train
6aro,train
6arv,train
6ary,train
6as6,train
6as8,train
6asu,train
6asz,train
6at0,train
6atv,train
6au2,test
6au5,train
6au9,train
6aud,train
6aum,train
6avi,train
6awn,train
6awo,train
6awp,train
6ax1,test
6ax4,train
6axb,train
6axj,test
6axk,train
6axl,train
6axp,train
6axq,train
6ay3,train
6ay5,train
6ayd,train
6ayh,val
6ayi,val
6ayn,train
6ayo,train
6ayq,train
6ayr,train
6ays,train
6ayt,train
6azk,train
6azl,train
6b0v,train
6b0y,train
6b16,train
6b1c,train
6b1e,train
6b1f,train
6b1h,train
6b1j,train
6b1k,train
6b1o,train
6b1w,train
6b1x,train
6b1y,train
6b22,train
6b27,val
6b2c,train
6b2p,test
6b2q,test
6b31,train
6b33,train
6b3e,train
6b3v,val
6b41,train
6b4d,train
6b4h,val
6b4l,train
6b4n,train
6b4u,train
6b4w,train
6b59,train
6b5a,train
6b5i,train
6b5j,train
6b5m,train
6b5o,train
6b5q,test
6b5r,train
6b67,train
6b7a,train
6b7b,train
6b7c,train
6b7e,train
6b7f,train
6b7h,test
6b8j,train
6b8u,train
6b8y,train
6b95,train
6b96,train
6b97,train
6b98,train
6ba7,train
6bau,train
6baw,train
6bbs,train
6bbu,train
6bbv,train
6bbx,test
6bc9,train
6bcr,train
6bcy,train
6bd1,train
6bdy,val
6beb,test
6bec,test
6bed,test
6bee,test
6bef,test
6bfa,train
6bfd,train
6bfe,train
6bfn,train
6bfp,train
6bfw,train
6bfx,train
6bg3,train
6bg5,train
6bgg,test
6bgu,train
6bgv,train
6bgw,train
6bgx,train
6bgy,train
6bgz,train
6bh0,train
6bh1,train
6bh2,train
6bh3,train
6bh5,train
6bh8,val
6bhh,test
6bhi,test
6bib,train
6bic,train
6bid,train
6bij,train
6bik,train
6bin,train
6biv,train
6bix,train
6biy,train
6biz,train
6bjo,val
6bke,train
6bkh,train
6bkw,train
6bkx,test
6bky,test
6bl1,test
6bln,train
6bm5,val
6bm6,val
6bmi,train
6bmr,train
6bmv,train
6bmx,train
6bnh,test
6bnk,train
6bnl,train
6bnt,test
6bny,test
6bod,test
6boe,test
6boy,train
6bq0,test
6bqa,train
6bqd,train
6bqg,train
6bqh,train
6bqj,train
6bqk,train
6br2,train
6br3,train
6bs3,val
6bsk,train
6bsx,train
6bt0,train
6bt6,train
6bto,test
6bu0,val
6bu1,train
6bu3,train
6buv,test
6bvh,train
6bw2,train
6bw5,val
6bw8,train
6bx6,train
6bxy,train
6by8,train
6byk,train
6byz,train
6c0n,train
6c0r,train
6c0s,train
6c0t,train
6c2r,train
6c2t,train
6c2x,train
6c2y,train
6c3e,train
6c3l,train
6c3n,train
6c3u,test
6c42,train
6c4d,train
6c4g,val
6c4u,train
6c5f,train
6c5h,train
6c5j,train
6c5k,train
6c5q,train
6c5t,train
6c67,train
6c6o,train
6c7b,train
6c7d,train
6c7e,train
6c7f,train
6c7g,train
6c7i,train
6c7j,train
6c7q,train
6c7r,train
6c7w,train
6c7x,train
6c85,test
6c8c,test
6c8p,train
6c91,train
6c98,train
6c99,train
6c9n,train
6c9p,train
6c9q,train
6c9r,train
6c9s,train
6c9v,train
6cbf,train
6cbg,train
6cbh,train
6cc9,val
6cck,train
6ccl,train
6ccm,train
6ccn,train
6cco,train
6ccq,train
6ccu,test
6ccx,val
6ccy,train
6cd4,train
6cd5,train
6cdj,train
6cdl,train
6cdm,train
6cdo,train
6cdp,train
6ce6,train
6ce8,train
6cea,train
6cec,train
6ced,train
6cee,train
6cef,train
6cen,test
6cer,train
6cex,train
6cf5,train
6cf6,train
6cf7,train
6cfc,val
6cfd,test
6cgp,train
6cgt,val
6chh,train
6chl,train
6chm,train
6chn,train
6cho,train
6chp,train
6chq,train
6cis,train
6ciy,train
6cj1,train
6cj5,train
6cje,train
6cjh,train
6cjj,train
6cjp,train
6cjr,train
6cjs,train
6cjv,train
6cjw,train
6cjy,train
6ck3,train
6ckc,train
6ckl,val
6ckr,train
6cks,train
6ckw,train
6ckx,train
6clv,train
6cmr,train
6cms,train
6cn5,train
6cn6,train
6cn8,test
6cnj,train
6cnk,train
6co4,test
6cpa,train
6cpw,train
6cq0,test
6cq1,train
6cq4,test
6cq5,test
6cqf,train
6cse,val
6csf,val
6csp,train
6csq,train
6csr,train
6css,train
6ct7,train
6cus,test
6cv8,test
6cvd,val
6cve,train
6cvf,train
6cvv,train
6cvw,train
6cvx,train
6cvy,train
6cw4,test
6cw8,train
6cwf,test
6cwh,test
6cwi,test
6cwn,test
6cyb,train
6cyd,train
6cyg,train
6cyh,train
6cyi,train
6cz3,train
6cz4,train
6czb,train
6czc,train
6czd,train
6cze,train
6czf,val
6czi,val
6czu,train
6czv,train
6d07,train
6d19,train
6d1g,train
6d1i,train
6d1k,train
6d1x,train
6d28,train
6d2o,val
6d3g,val
6d3q,train
6d3y,train
6d3z,train
6d40,train
6d49,test
6d4a,test
6d4q,train
6d4r,train
6d4s,train
6d4t,train
6d4v,train
6d4w,train
6d50,val
6d55,train
6d56,train
6d59,train
6d5e,train
6d5g,train
6d5h,train
6d5j,train
6d6u,train
6d8e,train
6d8v,val
6d9s,train
6d9x,train
6da1,val
6da4,train
6dai,train
6dak,train
6dar,train
6das,train
6dat,val
6db3,train
6db4,train
6dcg,train
6dcy,train
6dcz,train
6det,val
6df1,train
6df2,train
6df4,train
6df7,train
6dge,test
6dgl,train
6dgo,train
6dgr,train
6dgt,train
6dgx,train
6dgy,train
6dgz,train
6dh0,train
6dh1,train
6dh2,train
6dh3,train
6dh4,train
6dh5,train
6dh6,train
6dh7,train
6dh8,train
6dha,train
6dhc,train
6dhu,train
6di0,train
6di1,train
6die,train
6dif,train
6dih,train
6dik,train
6dil,train
6dim,train
6dj1,train
6dj2,train
6dj5,train
6dj7,train
6djd,train
6dji,train
6djj,train
6dkb,train
6dkg,train
6dki,train
6dko,train
6dl2,train
6dl9,train
6dlj,train
6dlx,val
6dm8,train
6dn5,test
6dn6,test
6dne,train
6dnp,train
6do1,train
6do3,val
6do4,val
6do5,val
6dpt,train
6dpx,train
6dpy,train
6dpz,train
6dq4,train
6dq5,train
6dq6,train
6dq8,train
6dqa,train
6dqb,train
6dql,val
6drg,test
6drt,val
6drx,train
6dry,train
6drz,train
6ds0,train
6dsp,val
6dtw,train
6dtx,train
6dub,test
6dud,train
6dug,train
6duh,train
6duk,train
6dvl,train
6dvm,train
6dvn,train
6dvo,train
6dxg,train
6dxl,train
6dxx,val
6dy7,train
6dya,train
6dyn,test
6dyo,test
6dyr,test
6dys,test
6dyu,train
6dyv,train
6dyw,train
6dyy,train
6dyz,test
6dz0,test
6dz2,test
6dz3,test
6dzq,train
6dzv,train
6dzx,val
6dzy,train
6e05,train
6e06,train
6e0q,train
6e0r,train
6e13,val
6e1a,train
6e1y,train
6e1z,train
6e22,train
6e23,train
6e2m,train
6e2n,train
6e2o,train
6e3g,train
6e3n,train
6e3o,train
6e3p,train
6e3s,test
6e3z,train
6e49,train
6e4a,train
6e4c,train
6e4f,train
6e4t,train
6e4w,train
6e59,train
6e5g,test
6e5l,train
6e5s,train
6e5t,train
6e5x,val
6e6j,train
6e6m,train
6e6v,train
6e6w,train
6e7j,train
6e7m,train
6e7r,train
6e7s,train
6e7t,train
6e7u,train
6e83,val
6e86,val
6e8k,val
6e8m,val
6e8x,train
6e91,train
6e92,train
6e99,train
6e9a,train
6e9l,train
6e9w,train
6ea1,train
6ea2,train
6eaa,train
6eab,train
6eb1,train
6eb2,train
6ebe,train
6ebw,train
6ecz,train
6ed6,train
6eda,train
6edl,train
6edr,train
6ee4,train
6ee6,train
6eea,train
6eeb,train
6eed,train
6eee,train
6eeh,train
6eeo,train
6efj,train
6efk,val
6eg9,train
6ega,train
6egs,test
6egw,train
6eh2,train
6ehh,train
6ei4,test
6ei5,train
6eif,train
6eij,train
6eil,train
6eip,train
6eiq,train
6eir,train
6eis,train
6ej2,train
6ej3,train
6ej4,train
6eji,val
6ek3,train
6ekd,train
6ekn,train
6ekq,train
6eks,val
6eku,val
6el5,train
6ela,train
6eln,train
6elo,train
6elp,train
6em6,train
6em7,train
6ema,train
6emh,train
6emu,val
6en5,train
6en6,train
6enm,train
6eo8,train
6eo9,train
6eog,train
6eol,train
6eox,train
6ep4,train
6ep9,train
6epa,test
6epz,test
6eq1,test
6eq2,train
6eq3,train
6eq4,train
6eq5,train
6eq6,train
6eq7,train
6eq8,test
6eqm,train
6eqp,train
6eqs,train
6equ,train
6eqv,train
6eqw,train
6eqx,train
6er3,val
6er4,val
6eru,train
6erv,train
6erw,train
6es0,train
6esj,train
6esm,train
6esn,train
6esy,train
6et8,val
6etg,train
6etj,train
6ets,train
6ety,train
6eu6,val
6euc,train
6eum,train
6euv,test
6euw,test
6euz,test
6ev0,test
6evm,test
6evn,test
6evo,test
6evp,test
6evq,val
6evr,train
6ew3,train
6ew6,train
6ew7,train
6ewe,train
6ewk,train
6ex0,val
6ex1,train
6exi,val
6exj,test
6exm,test
6exs,train
6ey7,val
6ey8,train
6ey9,train
6eya,train
6eyb,train
6eyt,val
6eyz,train
6ez6,train
6ez9,train
6ezg,train
6ezh,train
6ezi,test
6ezq,train
6f05,val
6f09,train
6f0y,val
6f1j,val
6f1n,train
6f1w,train
6f1x,train
6f20,train
6f22,train
6f23,train
6f26,train
6f28,train
6f29,train
6f2n,train
6f34,val
6f3b,train
6f3d,train
6f3e,train
6f3f,train
6f3g,train
6f3i,train
6f4n,val
6f4w,train
6f4x,train
6f55,train
6f5h,train
6f5l,train
6f5m,train
6f5w,val
6f6d,test
6f6r,train
6f6u,train
6f7b,val
6f7i,val
6f7q,train
6f86,train
6f8b,val
6f8g,train
6f8j,train
6f8r,train
6f8t,train
6f8u,train
6f8w,train
6f8x,train
6f90,test
6f92,test
6f94,train
6f96,train
6f9g,val
6f9r,train
6f9t,train
6f9u,train
6f9v,train
6fa2,train
6fa3,train
6fa4,train
6fa5,test
6faa,test
6fac,test
6faf,train
6fag,train
6fam,test
6fap,train
6faw,train
6fba,train
6fc6,val
6fcj,train
6fcl,test
6fdc,train
6fdp,test
6fdq,val
6fdt,test
6fdu,val
6fe0,train
6fe1,train
6fe5,train
6fer,train
6few,train
6fex,train
6ffe,train
6fff,train
6ffg,train
6ffh,train
6ffn,train
6ffs,train
6fg6,train
6fgc,test
6fgf,train
6fgg,train
6fgl,train
6fgq,train
6fgy,train
6fh3,val
6fh6,train
6fh7,train
6fhk,train
6fhq,train
6fhu,train
6fi1,train
6fi4,train
6fil,train
6fim,train
6fiv,train
6fkp,train
6fkq,val
6fkz,train
6flg,train
6fmc,train
6fmf,train
6fmi,train
6fmj,train
6fmk,train
6fmn,train
6fmp,train
6fn9,train
6fne,val
6fnf,train
6fng,train
6fni,train
6fnj,train
6fnq,test
6fnr,test
6fns,test
6fnt,test
6fnx,train
6fo5,train
6fo7,train
6fo8,train
6fo9,train
6fob,train
6fod,train
6fpu,train
6fqo,train
6fqu,train
6fr0,train
6fr2,train
6frf,train
6frj,train
6fs0,train
6fs1,train
6fsd,train
6fse,train
6fsy,train
6ft3,train
6ft4,train
6ft7,train
6ft8,train
6ft9,train
6ftf,val
6ftn,train
6ftp,train
6ftw,train
6fty,train
6ftz,train
6fu1,train
6fu4,val
6fu5,train
6fug,train
6fuh,train
6fui,train
6fuj,train
6ful,test
6fut,train
6fv1,train
6fv2,train
6fv4,val
6fvl,train
6fvm,train
6fvn,test
6fx1,val
6fyi,train
6fyk,train
6fyl,train
6fym,train
6fyp,train
6fyv,train
6fyz,train
6fz4,train
6fzf,train
6fzg,train
6fzm,train
6fzp,train
6fzu,train
6fzx,val
6g01,train
6g07,train
6g0q,train
6g0v,train
6g0w,train
6g0z,val
6g14,val
6g15,val
6g1u,train
6g1v,train
6g1w,train
6g24,train
6g25,train
6g27,train
6g28,val
6g29,train
6g2a,val
6g2b,train
6g2c,train
6g2e,train
6g2f,train
6g2m,test
6g2n,test
6g2o,train
6g2r,train
6g2s,train
6g33,train
6g34,train
6g35,train
6g36,train
6g37,train
6g39,train
6g3a,train
6g3c,train
6g3o,train
6g3q,train
6g3v,train
6g3y,val
6g47,train
6g4m,train
6g4n,train
6g4y,train
6g4z,train
6g5j,train
6g5l,train
6g5u,train
6g6t,train
6g6w,train
6g6x,train
6g6y,train
6g6z,train
6g7a,train
6g7f,train
6g86,val
6g8i,train
6g8j,train
6g8k,train
6g8l,train
6g8m,train
6g8n,train
6g8p,train
6g91,train
6g92,train
6g93,train
6g97,train
6g98,train
6g9a,train
6g9d,train
6g9f,val
6g9h,train
6g9i,train
6g9j,train
6g9k,train
6g9n,train
6g9s,val
6g9u,train
6g9x,val
6gbe,val
6gbw,train
6gbx,train
6gcl,train
6gcr,train
6gcw,train
6gcx,train
6gdg,train
6gdy,val
6ge0,train
6ge7,train
6gev,train
6gf3,train
6gf9,train
6gfm,val
6gfs,train
6gfx,train
6gfy,train
6gfz,train
6gg4,train
6gg5,train
6gg8,train
6gga,train
6ggb,train
6ggd,train
6gge,train
6ggf,train
6ggg,train
6ggn,train
6ggv,train
6gh9,val
6ghh,train
6ghj,train
6ghp,train
6ghv,val
6gi6,train
6gih,train
6gin,train
6gip,train
6giu,val
6gj5,train
6gj6,train
6gj7,train
6gj8,train
6gjb,train
6gjd,train
6gji,train
6gjj,train
6gjl,train
6gjm,train
6gjn,train
6gjr,train
6gjw,train
6gjy,train
6gl3,val
6gl8,train
6gl9,train
6gla,train
6glb,train
6gmd,train
6gmq,train
6gmx,train
6gn1,train
6gnm,train
6gnp,train
6gnr,train
6gnw,train
6gon,train
6goo,train
6gop,train
6got,train
6gpb,train
6gqm,train
6gr7,train
6grp,train
6gu2,train
6gu3,train
6gu4,train
6gu6,train
6gu7,train
6gub,train
6guc,train
6gue,train
6guf,train
6guh,train
6guk,train
6gva,train
6gvf,train
6gvg,train
6gvi,train
6gvx,train
6gvz,test
6gw1,test
6gw4,test
6gwr,train
6gx3,train
6gxa,train
6gxb,train
6gxe,train
6gxg,val
6gxq,train
6gxu,train
6gxw,train
6gxy,val
6gy0,train
6gy1,train
6gy5,train
6gz9,train
6gzd,train
6gzh,train
6gzl,train
6gzm,train
6gzy,val
6h0b,test
6h0u,train
6h12,train
6h13,train
6h14,train
6h1d,val
6h1i,test
6h1u,val
6h29,train
6h2t,val
6h2z,train
6h33,train
6h34,train
6h36,train
6h37,train
6h38,train
6h3k,train
6h41,val
6h4a,val
6h4d,val
6h4o,train
6h4p,train
6h4q,train
6h4s,train
6h4t,train
6h4u,train
6h4v,train
6h4w,train
6h52,train
6h5w,train
6h5x,train
6h75,test
6h76,test
6h77,val
6h78,val
6h7d,val
6h7f,val
6h7j,train
6h7k,train
6h7l,train
6h7m,train
6h7n,train
6h7o,train
6h7u,train
6h7y,train
6h7z,train
6h8c,train
6h8s,train
6h96,val
6h9b,train
6h9v,test
6h9x,val
6ha4,test
6hah,test
6hai,val
6haj,test
6hax,train
6hay,train
6hb7,train
6hbm,val
6hbn,train
6hck,test
6hcu,train
6hcv,train
6hcw,train
6hd4,train
6hd6,train
6hdn,train
6hdo,train
6hdq,train
6hf5,train
6hgf,train
6hgg,train
6hgi,train
6hgj,train
6hgr,test
6hgs,test
6hgv,train
6hgy,train
6hgz,val
6hh3,val
6hh5,val
6hhg,train
6hhh,train
6hhj,train
6hhp,train
6hhr,train
6hjj,train
6hjk,train
6hk3,train
6hk4,train
6hk6,val
6hk7,train
6hke,test
6hkj,train
6hkm,train
6hkn,train
6hks,test
6hky,train
6hkz,train
6hlb,train
6hld,train
6hle,train
6hlx,val
6hly,test
6hlz,test
6hm1,val
6hm2,test
6hm6,train
6hm7,train
6hmb,train
6hmg,test
6hmp,train
6hmr,train
6hmt,train
6hmx,train
6hmy,train
6hni,val
6hoi,train
6hol,train
6hop,train
6hoq,train
6hor,train
6hot,train
6hou,train
6hov,train
6hoy,test
6hp0,train
6hp5,test
6hp9,train
6hpg,test
6hpw,train
6hq3,val
6hq4,val
6hq7,val
6hqy,train
6hr2,train
6hrp,train
6hrq,train
6hrt,train
6hrw,test
6hrx,test
6hry,test
6hrz,test
6hs0,test
6hs4,train
6hsh,train
6hsk,train
6hsz,train
6ht1,train
6ht8,train
6htc,train
6htg,train
6hth,train
6hti,train
6htn,test
6htp,train
6htt,train
6htz,train
6hu0,train
6hu1,train
6hu2,train
6hu3,train
6huq,train
6huu,train
6huv,train
6hv0,train
6hv2,train
6hv4,train
6hv7,train
6hvh,train
6hvi,train
6hvt,train
6hvu,train
6hvv,train
6hvw,train
6hwu,train
6hwv,train
6hx1,train
6hx8,train
6hy2,test
6hy7,train
6hza,train
6hzb,train
6hzc,train
6hzd,train
6hzp,train
6hzu,train
6hzv,train
6hzy,train
6i0b,train
6i0c,train
6i0k,val
6i0p,val
6i0r,val
6i0x,val
6i0z,train
6i10,train
6i11,train
6i12,train
6i13,train
6i14,train
6i15,train
6i16,train
6i17,train
6i18,train
6i1r,val
6i3s,train
6i3u,train
6i4x,train
6i5g,train
6i5i,train
6i5j,train
6i5y,train
6i61,train
6i63,train
6i64,train
6i65,train
6i66,train
6i67,train
6i74,train
6i75,train
6i77,train
6i78,train
6i8b,train
6i8t,train
6i8y,train
6i8z,train
6i9a,val
6ia7,val
6iae,val
6iar,train
6ib0,train
6ibk,test
6ibl,train
6ibx,train
6iby,train
6ibz,train
6ic0,train
6ic2,train
6ic5,train
6ic6,train
6ic7,train
6idb,train
6idg,train
6idz,train
6iez,train
6if0,train
6ift,val
6iik,val
6iil,val
6iin,val
6iiu,val
6ijh,train
6iji,train
6ijl,train
6ikm,train
6ilq,train
6ilz,train
6im4,test
6im6,train
6imb,train
6imd,train
6imi,train
6imo,train
6imr,train
6imt,train
6ind,train
6ink,train
6inm,train
6inz,test
6ior,test
6ios,test
6iot,test
6iou,test
6iph,train
6ipi,train
6ipj,train
6ipl,train
6ipm,train
6iqg,train
6iql,train
6irt,val
6isd,test
6iso,train
6itj,train
6itp,train
6itq,train
6iuo,train
6iup,train
6ixd,train
6iyv,test
6iyw,test
6izq,train
6j06,test
6j0g,test
6j0k,test
6j0o,train
6j10,test
6j1l,train
6j3o,train
6j3p,train
6j5l,train
6j63,test
6j6m,train
6j72,val
6j7l,val
6j81,train
6j9w,train
6j9y,train
6jad,train
6jag,train
6jam,train
6jan,train
6jao,train
6jap,train
6jaq,train
6jav,train
6jaw,train
6jax,train
6jay,train
6jb0,train
6jb4,train
6jbb,train
6jbe,train
6jfk,val
6jib,val
6jid,val
6jij,train
6jio,train
6jjm,val
6jjn,val
6jjz,train
6jki,train
6jmf,train
6joe,train
6jof,train
6jpj,train
6jse,train
6jsf,train
6jsg,train
6jsn,train
6jt3,train
6jtc,val
6jwa,train
6jz0,train
6k04,train
6k0j,train
6k1q,val
6k2n,test
6k3l,train
6k4r,val
6k4x,train
6k5r,train
6k5t,train
6k9u,train
6kdi,train
6kdx,train
6kdz,train
6ke0,train
6keb,test
6kjd,val
6kjf,val
6kla,train
6klk,val
6kmj,train
6knh,val
6kqi,train
6kzc,train
6kzd,train
6m7i,train
6m87,train
6m88,test
6m89,test
6m8a,test
6m8b,test
6m8c,test
6m8d,test
6m8e,test
6m8q,val
6m8w,test
6m8y,test
6m95,train
6m9d,test
6m9f,test
6m9l,train
6m9t,train
6ma1,train
6ma2,train
6ma3,train
6ma4,train
6ma5,train
6maj,test
6max,val
6mbo,train
6mbp,train
6mck,train
6md0,train
6md4,train
6md6,test
6md7,train
6md8,train
6mdb,train
6mdc,train
6mdd,train
6mdq,train
6mdu,train
6me2,train
6me3,train
6me4,train
6me5,train
6mey,train
6mg5,train
6mh1,train
6mh7,train
6mhb,train
6mhc,train
6mhd,train
6mhm,val
6mi6,val
6mia,train
6mil,train
6mim,train
6min,test
6miq,test
6miv,train
6miy,train
6mj7,val
6mjf,val
6mji,train
6mjj,train
6mjq,train
6mju,train
6mjw,train
6mkq,train
6mku,train
6mkw,train
6ml9,train
6mla,train
6mle,train
6mlf,test
6mlg,train
6mlh,test
6mli,train
6mlj,train
6mll,train
6mln,train
6mlo,train
6mlp,train
6mlw,test
6mm5,train
6mmc,test
6mmo,test
6mmq,test
6mnf,train
6mnp,train
6mnv,test
6mny,train
6mo0,train
6mo1,train
6mo2,train
6mo4,train
6mo5,train
6mo7,train
6mo8,train
6mo9,train
6moa,train
6mob,train
6mod,train
6mom,train
6moo,train
6mq3,train
6mqc,train
6mqe,train
6mqm,train
6mr5,train
6mrg,train
6ms1,test
6msa,train
6msc,train
6msn,val
6mso,val
6msy,train
6mt0,train
6mt4,train
6mt5,train
6mtu,test
6mtv,test
6mu3,train
6mub,train
6mv3,train
6mvu,val
6mwe,train
6mx3,train
6mx8,train
6mxb,train
6mxc,train
6mxd,train
6mxe,train
6myn,train
6mzq,train
6mzw,train
6n0j,test
6n0k,test
6n0m,val
6n0p,train
6n0q,train
6n17,train
6n3f,test
6n3k,train
6n3l,train
6n3n,train
6n3o,train
6n3v,train
6n3x,train
6n3y,train
6n3z,train
6n48,train
6n4b,val
6n4e,train
6n4t,train
6n5c,test
6n5f,train
6n5g,train
6n5h,train
6n5x,val
6n69,train
6n6o,train
6n77,train
6n78,train
6n79,train
6n7a,train
6n7b,train
6n7c,train
6n7d,train
6n82,train
6n83,train
6n8x,train
6n8y,train
6n95,test
6n96,test
6n97,val
6n9h,val
6n9l,val
6n9p,train
6n9t,train
6nad,train
6naf,val
6nao,train
6ncj,train
6ncn,val
6nco,val
6ncp,train
6nd3,val
6ndl,test
6ne5,train
6nel,train
6nem,train
6nfg,train
6nfh,train
6nfi,train
6nfn,train
6nfo,train
6nfy,train
6nfz,train
6ng0,train
6njh,train
6nji,train
6njj,train
6njz,train
6nk0,train
6nk1,train
6nkp,train
6nlj,val
6nm4,val
6nmb,train
6nng,train
6no9,train
6np2,test
6np3,test
6np4,test
6np5,test
6npe,train
6npi,test
6npm,test
6npp,test
6npt,train
6npu,train
6npv,train
6nrf,train
6nrg,train
6nrh,train
6nri,train
6nrj,train
6nsp,train
6nsq,train
6nss,train
6nsv,val
6nsx,test
6nt2,train
6ntb,test
6nti,test
6ntj,test
6nu5,train
6nv7,train
6nv9,train
6nvh,train
6nvi,train
6nvj,train
6nvl,train
6nw3,train
6nwc,train
6nwk,train
6nwl,train
6nxz,val
6nyh,train
6nyv,test
6nyw,test
6nze,train
6nzf,train
6nzg,val
6nzh,train
6nzk,val
6nzm,train
6nzp,train
6nzq,train
6nzt,train
6nzv,train
6o0h,val
6o0o,train
6o1g,val
6o21,train
6o3w,test
6o3x,test
6o3y,test
6o48,train
6o4w,train
6o4x,train
6o50,train
6o57,train
6o5a,train
6o5g,train
6o5u,test
6o5x,train
6o68,train
6o6f,train
6o6g,train
6o8i,train
6o8u,train
6o94,train
6o9b,train
6o9c,train
6o9d,train
6o9x,test
6oa1,test
6oa3,test
6oac,train
6oah,train
6ob0,val
6oco,train
6ocq,train
6ocw,train
6ocz,train
6od6,train
6ode,train
6odz,train
6oe0,train
6oe1,train
6of5,test
6oh2,val
6oh3,val
6ohd,train
6oht,val
6ohu,val
6oi8,train
6oi9,train
6oim,train
6oin,test
6oio,test
6oip,test
6oiq,test
6oir,test
6oja,val
6oko,val
6olx,train
6om4,val
6om8,val
6omu,train
6oos,train
6oot,train
6oou,train
6ooy,test
6op9,train
6oqb,train
6oqc,train
6oqd,train
6oqn,train
6orr,train
6os5,val
6os6,val
6otg,train
6ouv,val
6ovc,train
6ovz,train
6ow2,train
6ow7,train
6ox0,val
6oxp,train
6oxq,train
6oxr,train
6oxs,train
6oxt,train
6oxu,train
6oxv,train
6oxw,train
6oxx,train
6oxy,train
6oxz,train
6oy0,train
6oy1,train
6oy2,train
6oyh,train
6oyt,train
6oyw,train
6oyz,train
6oz6,train
6p10,test
6p11,test
6p12,test
6p14,test
6p1d,train
6p1l,train
6p3p,train
6p3u,val
6p3v,val
6p3w,train
6p5o,train
6p5v,train
6p5w,train
6p83,train
6p84,train
6p85,train
6p86,train
6p87,train
6p88,train
6p89,train
6p8a,train
6p8x,train
6p8y,train
6p8z,train
6p9e,val
6pdj,train
6peb,train
6peg,train
6pek,test
6peu,val
6pf3,train
6pf4,train
6pf5,train
6pf6,train
6pfj,val
6pg3,train
6pg4,train
6pg5,train
6pg6,train
6pg7,train
6pg8,train
6pg9,train
6pga,train
6pgb,train
6pgc,train
6pge,train
6pgo,train
6pgp,train
6phr,train
6phx,val
6phz,train
6pi1,train
6pi5,val
6pi6,val
6pia,train
6pic,train
6pid,train
6pii,val
6pit,train
6pl1,train
6pl2,train
6pl3,train
6plf,train
6plg,train
6pm9,test
6pml,train
6pnm,train
6pnn,train
6pno,train
6poh,train
6poi,train
6poq,train
6ppy,test
6prc,test
6prf,train
6prg,val
6prt,train
6ps0,train
6ps1,train
6ps3,train
6ps4,train
6ps6,train
6ps9,train
6psb,train
6pt3,train
6pu3,test
6pve,train
6pvs,train
6pvu,train
6pvx,train
6pvy,train
6pvz,train
6pxc,train
6py0,val
6pya,test
6pyb,test
6pyc,train
6pyd,train
6pyr,train
6pys,train
6pyu,train
6pz4,train
6q36,test
6q38,train
6q3q,test
6q3y,train
6q3z,train
6q4e,train
6q4g,train
6q4q,train
6q54,train
6q5b,train
6q60,train
6q6m,train
6q6o,train
6q6y,train
6q73,train
6q74,train
6q7a,train
6q7h,train
6q7v,val
6q7w,val
6q89,train
6q8a,train
6q8b,train
6q8c,train
6q8k,train
6q8p,train
6q96,train
6q9h,train
6q9l,train
6q9o,train
6q9q,train
6q9s,train
6q9u,train
6q9w,train
6q9y,train
6qaa,train
6qab,train
6qac,train
6qad,train
6qae,train
6qas,test
6qat,test
6qau,test
6qav,test
6qc0,train
6qcg,train
6qcj,test
6qdx,val
6qe0,val
6qe5,val
6qed,train
6qef,train
6qeg,train
6qfq,train
6qft,train
6qg4,train
6qg7,train
6qgf,train
6qgg,train
6qgh,train
6qgk,train
6qh9,train
6qha,train
6qhb,train
6qhc,train
6qhg,val
6qho,train
6qi4,test
6qi7,train
6qk8,train
6ql1,train
6ql2,train
6ql3,train
6qln,train
6qlo,train
6qlp,train
6qlq,train
6qlr,train
6qls,train
6qlt,train
6qlu,train
6qm7,train
6qmd,train
6qme,train
6qmj,train
6qmk,train
6qmr,train
6qmt,train
6qmu,train
6qqt,train
6qqv,train
6qqw,train
6qqz,train
6qr0,train
6qr1,train
6qr2,train
6qr4,train
6qr7,train
6qr9,train
6qrc,train
6qrd,train
6qre,train
6qrf,train
6qri,train
6qs1,train
6qs5,train
6qsz,test
6qto,test
6qtq,test
6qtr,test
6qts,test
6qtw,test
6qtx,test
6quv,train
6quw,train
6qw7,train
6qw8,train
6qw9,train
6qwa,train
6qwb,train
6qxa,val
6qxd,test
6qxj,train
6qxs,train
6qxu,train
6qyk,train
6qyl,train
6qyn,train
6qyo,train
6qyp,train
6qz5,train
6qz6,train
6qz7,train
6qz8,train
6qzb,train
6qzh,test
6r0k,train
6r0v,train
6r11,train
6r18,train
6r1a,train
6r1b,val
6r1c,train
6r1d,train
6r1w,train
6r1x,train
6r49,train
6r4k,train
6r5f,train
6r7d,val
6r7j,train
6r7k,train
6r7r,train
6r8i,val
6r8l,train
6r8o,train
6r8p,val
6r8q,val
6r8r,val
6r8w,train
6r9s,train
6r9u,train
6r9x,train
6ra1,train
6rfi,train
6rfj,train
6rfn,train
6rfw,train
6rhe,train
6rih,train
6rj2,train
6rj3,train
6rj5,train
6rj6,train
6rjp,val
6rk4,val
6rln,train
6rml,val
6rmm,val
6rn6,train
6rn7,train
6rn9,train
6rna,train
6rne,train
6rni,train
6rnt,test
6rot,train
6rpg,test
6rqk,val
6rr0,test
6rtw,val
6rz6,train
6s07,val
6s0e,val
6s43,test
6s4n,train
6s4t,train
6s4u,train
6s55,train
6s56,train
6s57,train
6s5k,train
6s7z,test
6s88,test
6s89,train
6s8a,train
6s9b,train
6s9c,train
6s9d,train
6s9w,train
6s9x,train
6saf,train
6sal,train
6sbt,train
6sd9,train
6sdc,train
6sdd,train
6sde,train
6sen,test
6sfc,train
6sfi,train
6sfj,train
6sfk,train
6sge,train
6slg,train
6sq0,train
6ssy,val
6st0,val
6st3,train
6std,test
6stl,val
6suo,train
6sy7,val
6sze,train
6szj,train
6szp,test
6t1i,train
6t1j,train
6t1l,train
6t1m,train
6t1n,train
6t1o,train
6t6a,train
6te6,train
6tel,train
6ten,train
6tim,train
6tl2,val
6tld,train
6tyz,val
6u5m,train
6u5y,train
6u6w,train
6u80,train
6u8b,train
6u8l,train
6u8o,train
6u9v,test
6ud2,train
6udi,train
6udt,train
6udu,train
6udv,train
6udx,train
6udy,train
6ueg,test
6uf0,train
6ufo,train
6ugn,train
6ugo,train
6ugp,train
6ugq,train
6ugr,train
6ugz,train
6uh0,train
6uhv,train
6uii,train
6uil,train
6uim,train
6ul8,train
6un1,test
6un3,test
6upj,train
6uvp,train
6uvv,train
6uvy,train
6uwp,train
6uwv,train
6uyx,train
6uyy,train
6v1c,val
6v5l,train
7abp,train
7cpa,train
7hvp,train
7prc,test
7std,test
7upj,train
830c,train
8a3h,train
8abp,train
8cpa,train
8gpb,train
8hvp,train
966c,train
9abp,train
9hvp,train
9icd,val
