pid,split
10gs,train
11gs,train
184l,train
185l,train
186l,train
187l,train
188l,train
1a07,train
1a08,train
1a1b,train
1a1c,train
1a1e,train
1a28,train
1a4h,train
1a4k,train
1a4r,train
1a4w,train
1a52,train
1a5v,train
1a99,train
1acj,train
1af6,train
1ai4,train
1ai5,train
1ai6,train
1ai7,train
1aj6,train
1aj7,train
1ajn,train
1ajq,train
1ajv,train
1ajx,train
1akq,train
1akr,train
1akt,train
1aku,train
1akw,train
1al8,train
1alw,train
1amk,train
1amn,train
1aq1,train
1aq7,train
1aqi,train
1aqj,train
1at5,train
1at6,train
1avd,train
1aw1,train
1axs,train
1b11,train
1b42,train
1b55,train
1b6j,train
1b6k,train
1b6l,train
1b6m,train
1b6p,train
1b9s,train
1b9t,train
1b9v,train
1bcu,train
1bdl,train
1bdq,train
1bdr,train
1bhx,train
1bju,train
1bjv,train
1bkm,train
1bky,train
1bm2,train
1bm7,train
1bmb,train
1bo5,train
1bq3,train
1bq4,train
1br5,train
1br6,train
1btn,train
1bxo,train
1bxq,train
1bzc,train
1bzj,train
1c29,train
1c5c,train
1c5f,train
1c5o,train
1c5s,train
1c5t,train
1c5y,train
1c7e,train
1c7f,train
1c8v,train
1c9d,train
1cbr,train
1cet,train
1cj1,train
1cqp,train
1ctr,train
1cw2,train
1cx9,train
1d09,train
1d4h,train
1d4i,train
1d4j,train
1d4k,train
1d4l,train
1d4w,train
1d7i,train
1d7j,train
1d8e,train
1db1,train
1det,train
1df8,train
1dfo,train
1di8,train
1di9,train
1dqx,train
1drj,train
1drk,train
1dtq,train
1dtt,train
1dub,train
1dud,train
1duv,train
1dx6,train
1dy4,train
1dzj,train
1e2k,train
1e2l,train
1e3g,train
1e5j,train
1e66,train
1e6q,train
1e6s,train
1e72,train
1e8h,train
1ebw,train
1eby,train
1ebz,train
1ec0,train
1ec1,train
1ec2,train
1ec3,train
1eef,train
1eei,train
1efi,train
1egh,train
1eix,train
1ej4,train
1enu,train
1err,train
1eve,train
1ezf,train
1ezq,train
1f0s,train
1f0t,train
1f0u,train
1f3e,train
1f73,train
1f74,train
1f8a,train
1f8b,train
1f8c,train
1f8d,train
1f8e,train
1fcx,train
1fcy,train
1fd0,train
1fd7,train
1fh7,train
1fh8,train
1fh9,train
1fhd,train
1fiv,train
1fj4,train
1fjs,train
1fkn,train
1fl3,train
1flm,train
1fm9,train
1fq4,train
1fq5,train
1fq6,train
1fq7,train
1fq8,train
1fvv,train
1fzj,train
1fzk,train
1fzm,train
1fzq,train
1g2k,train
1g2l,train
1g2m,train
1g30,train
1g32,train
1g35,train
1g36,train
1g50,train
1g5f,train
1g6s,train
1g7f,train
1g7g,train
1g9s,train
1gaf,train
1gah,train
1gai,train
1gcz,train
1ghv,train
1ghw,train
1ghz,train
1gi1,train
1gi6,train
1gi7,train
1gi8,train
1gi9,train
1gj4,train
1gj5,train
1gj6,train
1gj7,train
1gj8,train
1gja,train
1gjb,train
1gjc,train
1gni,train
1gnj,train
1gpk,train
1gpn,train
1gqs,train
1gt1,train
1gt3,train
1gt5,train
1gwq,train
1gwr,train
1gyx,train
1gyy,train
1h01,train
1h0a,train
1h0r,train
1h0w,train
1h1p,train
1h1q,train
1h1r,train
1h1s,train
1h22,train
1h23,train
1h24,train
1h25,train
1h26,train
1h27,train
1h28,train
1h2t,train
1h2u,train
1h46,train
1h5v,train
1h60,train
1h61,train
1h62,train
1h6h,train
1h8s,train
1h9z,train
1ha2,train
1hbv,train
1hge,train
1hgi,train
1hgj,train
1hiy,train
1hkj,train
1hkk,train
1hkm,train
1hnn,train
1hp5,train
1hty,train
1hvy,train
1hxb,train
1i00,train
1i3z,train
1i5r,train
1i7c,train
1i7z,train
1ibc,train
1ibg,train
1ie9,train
1iep,train
1igj,train
1ihy,train
1iiq,train
1ik4,train
1ikt,train
1ikv,train
1ikw,train
1ikx,train
1iky,train
1il3,train
1il4,train
1il9,train
1ilh,train
1imx,train
1inf,train
1ing,train
1inh,train
1is0,train
1iup,train
1j07,train
1j17,train
1j4r,train
1jak,train
1jgl,train
1jlq,train
1jlr,train
1jlx,train
1jmf,train
1jmg,train
1jmi,train
1jq3,train
1jqy,train
1jtq,train
1juj,train
1jut,train
1jvp,train
1jwt,train
1jyq,train
1k03,train
1k1i,train
1k1j,train
1k1l,train
1k1m,train
1k1n,train
1k1o,train
1k1p,train
1k1y,train
1kav,train
1kdk,train
1ke5,train
1ke6,train
1ke8,train
1kel,train
1kll,train
1kmv,train
1kna,train
1kne,train
1koj,train
1kqb,train
1ktt,train
1kv5,train
1kyn,train
1kz8,train
1kzk,train
1kzn,train
1l2s,train
1l83,train
1lbk,train
1lee,train
1leg,train
1lev,train
1lf2,train
1lf3,train
1lf9,train
1lfo,train
1lgw,train
1lhu,train
1lhw,train
1li2,train
1li3,train
1li6,train
1ljt,train
1lke,train
1ll4,train
1lnm,train
1lol,train
1loq,train
1lor,train
1los,train
1lpg,train
1lpk,train
1lpz,train
1lqd,train
1lqe,train
1lqf,train
1lt6,train
1lvc,train
1lyx,train
1lzo,train
1lzq,train
1m0b,train
1m21,train
1m48,train
1m4h,train
1m5b,train
1m5e,train
1m5f,train
1m7y,train
1m9n,train
1maw,train
1mcz,train
1me8,train
1mh5,train
1mhw,train
1mj7,train
1mjj,train
1ml1,train
1moq,train
1mq5,train
1mq6,train
1mui,train
1n0s,train
1n2v,train
1n43,train
1n46,train
1n4h,train
1n5r,train
1n7i,train
1n7m,train
1n9m,train
1nax,train
1nc1,train
1nc3,train
1ndj,train
1nf8,train
1ngw,train
1nh0,train
1nhu,train
1nhz,train
1nj1,train
1nj5,train
1njf,train
1njj,train
1njs,train
1nli,train
1nmk,train
1nnk,train
1nox,train
1np0,train
1nq7,train
1nvq,train
1nvr,train
1nw4,train
1nw5,train
1nw7,train
1nzl,train
1nzv,train
1o0f,train
1o0h,train
1o0m,train
1o0n,train
1o0o,train
1o2g,train
1o2h,train
1o2j,train
1o2k,train
1o2n,train
1o2o,train
1o2p,train
1o2q,train
1o2r,train
1o2s,train
1o2t,train
1o2z,train
1o30,train
1o32,train
1o33,train
1o34,train
1o35,train
1o36,train
1o38,train
1o39,train
1o3b,train
1o3c,train
1o3d,train
1o3e,train
1o3f,train
1o3p,train
1o5a,train
1o5c,train
1o5e,train
1o5f,train
1o5g,train
1o6i,train
1o79,train
1o9d,train
1o9e,train
1oar,train
1oau,train
1oay,train
1oba,train
1ocn,train
1ocq,train
1od8,train
1odi,train
1odj,train
1ody,train
1oe7,train
1oe8,train
1ofz,train
1ogg,train
1ogu,train
1ogx,train
1oh4,train
1oi9,train
1oif,train
1oim,train
1oiq,train
1oir,train
1oit,train
1oiu,train
1oiy,train
1okx,train
1oky,train
1okz,train
1ol1,train
1ol2,train
1osv,train
1ouk,train
1ouy,train
1ove,train
1ow4,train
1owe,train
1owh,train
1owi,train
1owj,train
1owk,train
1oxn,train
1oxq,train
1oy7,train
1oyq,train
1oyt,train
1oz0,train
1ozv,train
1p0y,train
1p1n,train
1p1o,train
1p1q,train
1p4r,train
1p57,train
1p93,train
1pa9,train
1pbk,train
1pcg,train
1pdq,train
1pf7,train
1pf8,train
1pgp,train
1pk0,train
1pkx,train
1pl0,train
1pmn,train
1pmu,train
1pmv,train
1pq6,train
1pqc,train
1pr1,train
1pr5,train
1pu7,train
1pu8,train
1pum,train
1pw6,train
1pwy,train
1pxi,train
1pxj,train
1pxk,train
1pxm,train
1pxn,train
1pxp,train
1py1,train
1py2,train
1pyw,train
1pzi,train
1pzj,train
1pzo,train
1pzp,train
1q1g,train
1q3d,train
1q3w,train
1q41,train
1q4k,train
1q4l,train
1q4w,train
1q4x,train
1q63,train
1q65,train
1q66,train
1q6j,train
1q6m,train
1q6n,train
1q6p,train
1q6s,train
1q6t,train
1q72,train
1q83,train
1q84,train
1q8t,train
1q8u,train
1q8w,train
1q95,train
1q9d,train
1qbo,train
1qiw,train
1qkn,train
1qkt,train
1qku,train
1qng,train
1qnh,train
1qpb,train
1qpf,train
1qpl,train
1qr3,train
1qti,train
1qvt,train
1qvu,train
1qw7,train
1qy1,train
1qy2,train
1qyg,train
1r4w,train
1r5n,train
1r5y,train
1r6n,train
1r9l,train
1rbo,train
1rgk,train
1rgl,train
1rjk,train
1rnt,train
1rpj,train
1rr6,train
1rt9,train
1s19,train
1s26,train
1s38,train
1s39,train
1s4d,train
1s5z,train
1s89,train
1s9t,train
1sb1,train
1sdt,train
1sdu,train
1sdv,train
1sgu,train
1sh9,train
1sj0,train
1skj,train
1sqc,train
1sqn,train
1sqo,train
1sqt,train
1sr7,train
1sw2,train
1swg,train
1swk,train
1swn,train
1swp,train
1swr,train
1syh,train
1syi,train
1syo,train
1sz0,train
1szd,train
1t13,train
1t1r,train
1t2v,train
1t31,train
1t32,train
1t46,train
1t79,train
1t7d,train
1t7f,train
1t7r,train
1tc1,train
1thz,train
1tjp,train
1tkt,train
1tkx,train
1tkz,train
1tl1,train
1tl3,train
1tl9,train
1tou,train
1tow,train
1tr7,train
1tt1,train
1tvo,train
1tvr,train
1tx7,train
1tze,train
1u0g,train
1u1b,train
1u1w,train
1u33,train
1u59,train
1u65,train
1u6q,train
1u9q,train
1ua4,train
1uef,train
1ugx,train
1ugy,train
1uh1,train
1ui0,train
1uj5,train
1uk0,train
1uk1,train
1ule,train
1ulg,train
1ung,train
1unh,train
1unl,train
1uom,train
1uou,train
1ur9,train
1urw,train
1utj,train
1utl,train
1utn,train
1uto,train
1uu3,train
1uu7,train
1uu8,train
1uu9,train
1uvr,train
1uwb,train
1uwf,train
1uwh,train
1uwt,train
1uwu,train
1uy6,train
1uy7,train
1uy8,train
1uy9,train
1uyc,train
1uyd,train
1uye,train
1uyf,train
1uyg,train
1uyh,train
1uyi,train
1uyk,train
1uym,train
1uys,train
1uz1,train
1uz4,train
1v0k,train
1v0l,train
1v0m,train
1v0n,train
1v0o,train
1v0p,train
1v1j,train
1v1k,train
1v2h,train
1v2k,train
1v2n,train
1v2o,train
1v2p,train
1v2q,train
1v2r,train
1v2t,train
1v2w,train
1v41,train
1v48,train
1vcj,train
1vcu,train
1vea,train
1vjb,train
1vjd,train
1vkj,train
1vot,train
1vso,train
1vyg,train
1vyq,train
1vyw,train
1vyz,train
1vzq,train
1w0x,train
1w0y,train
1w1d,train
1w1g,train
1w1p,train
1w1t,train
1w1v,train
1w1y,train
1w25,train
1w2g,train
1w2h,train
1w2x,train
1w3j,train
1w3k,train
1w3l,train
1w4l,train
1w4o,train
1w4p,train
1w4q,train
1w51,train
1w5v,train
1w5w,train
1w5x,train
1w5y,train
1w6r,train
1w6y,train
1w70,train
1w76,train
1w7g,train
1w7x,train
1w80,train
1w96,train
1w9u,train
1w9v,train
1waw,train
1wb0,train
1wcq,train
1wdr,train
1wok,train
1wqv,train
1ws4,train
1ws5,train
1wss,train
1wtg,train
1wun,train
1wv7,train
1wvj,train
1wzy,train
1x38,train
1x39,train
1x70,train
1x8d,train
1x8r,train
1x8t,train
1xa5,train
1xap,train
1xbb,train
1xbc,train
1xd0,train
1xdd,train
1xdg,train
1xgi,train
1xgj,train
1xhy,train
1xk5,train
1xk9,train
1xkk,train
1xnx,train
1xo2,train
1xow,train
1xoz,train
1xp1,train
1xp6,train
1xp9,train
1xpc,train
1xqc,train
1xuo,train
1xws,train
1xxh,train
1xxi,train
1y0l,train
1y1m,train
1y1z,train
1y20,train
1y3a,train
1y3n,train
1y3p,train
1y3v,train
1y3w,train
1y3x,train
1y4z,train
1y57,train
1y6a,train
1y6b,train
1y6q,train
1y6r,train
1y91,train
1y98,train
1ya4,train
1ybg,train
1yc1,train
1yc4,train
1yc5,train
1ydk,train
1ydr,train
1yds,train
1yhs,train
1yi3,train
1ym2,train
1ym4,train
1ynd,train
1yon,train
1yp9,train
1ype,train
1ypg,train
1ypj,train
1yvh,train
1yvx,train
1yvz,train
1yw2,train
1ywh,train
1ywr,train
1yys,train
1yz3,train
1z1h,train
1z1r,train
1z2b,train
1z34,train
1z3c,train
1z3t,train
1z3v,train
1z6d,train
1z6e,train
1z6j,train
1z6s,train
1z95,train
1z9h,train
1zaj,train
1zc9,train
1zd2,train
1zd3,train
1zd4,train
1zd5,train
1zea,train
1zeo,train
1zgb,train
1zhy,train
1zkk,train
1zky,train
1zm7,train
1zp8,train
1zpa,train
1zrz,train
1zsf,train
1zsr,train
1zyj,train
1zyr,train
1zz2,train
1zzl,train
220l,train
223l,train
2a0c,train
2a14,train
2a2x,train
2a3a,train
2a3b,train
2a3c,train
2a3i,train
2a4l,train
2a4r,train
2a4z,train
2a5c,train
2a5u,train
2aa6,train
2aa9,train
2aac,train
2aay,train
2ad5,train
2adm,train
2aei,train
2aj8,train
2al5,train
2am9,train
2ama,train
2an5,train
2anl,train
2ans,train
2ao6,train
2aoc,train
2aod,train
2aof,train
2aog,train
2aoh,train
2aoi,train
2aoj,train
2aq7,train
2aqu,train
2avm,train
2avo,train
2avq,train
2avs,train
2avv,train
2ax6,train
2axi,train
2ayr,train
2az5,train
2az8,train
2az9,train
2azb,train
2azc,train
2azr,train
2b07,train
2b1g,train
2b1i,train
2b1z,train
2b4l,train
2b4m,train
2b53,train
2b54,train
2b55,train
2b7d,train
2b7f,train
2baj,train
2bak,train
2bal,train
2ban,train
2bes,train
2bet,train
2bfq,train
2bfr,train
2bgd,train
2bj4,train
2bjm,train
2bks,train
2bkt,train
2bkz,train
2bmg,train
2boh,train
2bpm,train
2bq6,train
2bq7,train
2bqv,train
2bqw,train
2br1,train
2brb,train
2brc,train
2brh,train
2brm,train
2brn,train
2bro,train
2bt9,train
2btr,train
2bts,train
2bvd,train
2byh,train
2byi,train
2byp,train
2byr,train
2bys,train
2bz5,train
2bz6,train
2bza,train
2bzz,train
2c0o,train
2c1n,train
2c1p,train
2c1q,train
2c3i,train
2c3j,train
2c3k,train
2c3l,train
2c4f,train
2c4g,train
2c4w,train
2c57,train
2c5n,train
2c5o,train
2c5x,train
2c5y,train
2c6e,train
2c6k,train
2c6l,train
2c6m,train
2c6o,train
2c80,train
2c8w,train
2c8x,train
2c8y,train
2c90,train
2c92,train
2c93,train
2c94,train
2c97,train
2c9b,train
2c9d,train
2ca8,train
2cbj,train
2cbr,train
2cbs,train
2cbu,train
2cbv,train
2cen,train
2ceq,train
2cer,train
2ces,train
2cet,train
2cex,train
2cf8,train
2cf9,train
2cgf,train
2cgw,train
2cgx,train
2chw,train
2chx,train
2chz,train
2ci9,train
2cia,train
2cji,train
2ckm,train
2cle,train
2clf,train
2clh,train
2cli,train
2clk,train
2cll,train
2clm,train
2clo,train
2clx,train
2cmf,train
2cn0,train
2cvd,train
2d06,train
2d0k,train
2d3u,train
2d3z,train
2d41,train
2dq7,train
2dri,train
2dxs,train
2e27,train
2e2b,train
2e2p,train
2e2r,train
2e5y,train
2e7f,train
2e93,train
2e98,train
2e99,train
2e9a,train
2e9c,train
2e9d,train
2epn,train
2esm,train
2etk,train
2etr,train
2euk,train
2eum,train
2evl,train
2ewy,train
2f01,train
2f0z,train
2f10,train
2f2h,train
2f34,train
2f35,train
2f3e,train
2f3f,train
2f3k,train
2f3r,train
2f4j,train
2f6j,train
2f6t,train
2f6v,train
2f6y,train
2f6z,train
2f70,train
2f71,train
2f80,train
2f81,train
2f8g,train
2f9b,train
2fai,train
2fb8,train
2fdd,train
2fde,train
2fdp,train
2fgh,train
2fgi,train
2fgu,train
2fjm,train
2fjn,train
2fjp,train
2fl5,train
2flb,train
2fle,train
2flh,train
2flr,train
2fmb,train
2fme,train
2fpz,train
2fq6,train
2fqw,train
2fqx,train
2fqy,train
2fr3,train
2fr8,train
2frd,train
2fsa,train
2fsv,train
2fum,train
2fvc,train
2fvd,train
2fw3,train
2fwp,train
2fx6,train
2fx8,train
2fx9,train
2fxs,train
2fxu,train
2fxv,train
2fzc,train
2fzg,train
2fzk,train
2fzz,train
2g00,train
2g0g,train
2g0h,train
2g1r,train
2g1y,train
2g24,train
2g2r,train
2g6q,train
2g70,train
2g71,train
2g72,train
2g78,train
2g8n,train
2g96,train
2g97,train
2g9x,train
2gbi,train
2gc8,train
2gcd,train
2gej,train
2gek,train
2gfa,train
2gfd,train
2gfs,train
2gga,train
2ggd,train
2gh7,train
2gj4,train
2gl0,train
2gm9,train
2gmk,train
2gnf,train
2gnh,train
2gni,train
2gnj,train
2gnl,train
2gpp,train
2gss,train
2gtk,train
2gu8,train
2gv2,train
2gz2,train
2h02,train
2h03,train
2h13,train
2h1h,train
2h21,train
2h23,train
2h2d,train
2h2e,train
2h2g,train
2h2h,train
2h2j,train
2h3e,train
2h5e,train
2h6b,train
2h6k,train
2h6q,train
2h6t,train
2h8h,train
2h9n,train
2h9t,train
2ha0,train
2ha2,train
2ha3,train
2ha4,train
2ha5,train
2ha6,train
2ha7,train
2hah,train
2hb3,train
2hdq,train
2hds,train
2hdu,train
2hdx,train
2hfp,train
2hha,train
2hiz,train
2hj4,train
2hjb,train
2hk5,train
2hm1,train
2hmh,train
2hmu,train
2hmv,train
2hmw,train
2hnx,train
2hny,train
2hrm,train
2hs1,train
2hs2,train
2hvc,train
2hvx,train
2hw2,train
2hxm,train
2hyy,train
2hz0,train
2hz4,train
2hzi,train
2hzl,train
2hzn,train
2i0a,train
2i0d,train
2i0g,train
2i0h,train
2i0j,train
2i0v,train
2i0y,train
2i1m,train
2i2b,train
2i3i,train
2i3z,train
2i40,train
2i4t,train
2i7c,train
2i80,train
2ica,train
2idw,train
2ieh,train
2ien,train
2ieo,train
2igx,train
2igy,train
2ihj,train
2ihq,train
2iit,train
2iiv,train
2iko,train
2iku,train
2il2,train
2in6,train
2io6,train
2iog,train
2iok,train
2ipo,train
2isc,train
2itk,train
2ito,train
2itp,train
2itt,train
2ity,train
2itz,train
2iuz,train
2iw6,train
2iw8,train
2iw9,train
2iws,train
2iwu,train
2iwx,train
2iyf,train
2izl,train
2izx,train
2j27,train
2j2i,train
2j2u,train
2j34,train
2j3q,train
2j47,train
2j4g,train
2j4i,train
2j4z,train
2j50,train
2j62,train
2j6m,train
2j75,train
2j77,train
2j78,train
2j79,train
2j7b,train
2j7d,train
2j7e,train
2j7f,train
2j7g,train
2j7h,train
2j7x,train
2j94,train
2j95,train
2j9h,train
2j9l,train
2ja3,train
2jaj,train
2jb5,train
2jb6,train
2jbo,train
2jbp,train
2jbu,train
2jbv,train
2jc0,train
2jdo,train
2jds,train
2jdt,train
2jdv,train
2jf4,train
2jfh,train
2jfz,train
2jg0,train
2jg8,train
2jgs,train
2jh0,train
2jh5,train
2jh6,train
2jiu,train
2jiw,train
2jj3,train
2jjb,train
2jjk,train
2jk7,train
2jkh,train
2jkk,train
2jkm,train
2jkq,train
2jkr,train
2jkt,train
2jle,train
2nmy,train
2nmz,train
2nnd,train
2nnk,train
2nnp,train
2nnq,train
2np9,train
2nsj,train
2nsl,train
2nsx,train
2nta,train
2ntf,train
2nw4,train
2nwl,train
2nww,train
2nyr,train
2o0u,train
2o1c,train
2o2u,train
2o4j,train
2o4r,train
2o7e,train
2o7n,train
2o8h,train
2o9i,train
2o9k,train
2oag,train
2oax,train
2obf,train
2oc4,train
2oc9,train
2ogy,train
2ogz,train
2oh4,train
2ohk,train
2ohl,train
2ohm,train
2ohq,train
2ohr,train
2ohs,train
2oht,train
2ohu,train
2oiq,train
2oj9,train
2ojg,train
2oji,train
2ojj,train
2ok1,train
2ole,train
2on3,train
2on6,train
2onc,train
2ony,train
2onz,train
2oo8,train
2opb,train
2oph,train
2oqi,train
2oqv,train
2ot1,train
2ov4,train
2ovq,train
2ow3,train
2owb,train
2oxn,train
2oyk,train
2oyl,train
2oym,train
2oz5,train
2oz6,train
2oz7,train
2p09,train
2p0d,train
2p15,train
2p16,train
2p2a,train
2p2h,train
2p2i,train
2p33,train
2p3a,train
2p3b,train
2p3c,train
2p3d,train
2p3g,train
2p3i,train
2p3o,train
2p4j,train
2p4s,train
2p4y,train
2p7a,train
2p7g,train
2p7z,train
2p83,train
2p8n,train
2p8s,train
2p93,train
2p94,train
2p95,train
2pax,train
2pbw,train
2pcp,train
2pe0,train
2pe1,train
2pe2,train
2pg2,train
2pgj,train
2pgl,train
2pgz,train
2phb,train
2pix,train
2pjl,train
2pl0,train
2pmk,train
2pmn,train
2pnx,train
2pog,train
2poq,train
2pq9,train
2pqb,train
2pqc,train
2pqj,train
2pql,train
2pqz,train
2pre,train
2psj,train
2psu,train
2psv,train
2psx,train
2pt9,train
2pu2,train
2pwc,train
2pwd,train
2pwg,train
2pwr,train
2pym,train
2pyn,train
2pzi,train
2q1j,train
2q1l,train
2q54,train
2q55,train
2q5k,train
2q63,train
2q64,train
2q6b,train
2q6c,train
2q6f,train
2q70,train
2q72,train
2q7m,train
2q7o,train
2q7q,train
2q7y,train
2q88,train
2q89,train
2q8g,train
2q8h,train
2q8i,train
2q8m,train
2q8s,train
2q8y,train
2q8z,train
2qa8,train
2qbu,train
2qcd,train
2qcf,train
2qci,train
2qcm,train
2qd6,train
2qd7,train
2qd8,train
2qd9,train
2qe2,train
2qe4,train
2qe5,train
2qft,train
2qfu,train
2qh6,train
2qhc,train
2qhy,train
2qhz,train
2qi0,train
2qi1,train
2qi3,train
2qi4,train
2qi5,train
2qi6,train
2qi7,train
2qic,train
2qju,train
2qk5,train
2qk8,train
2qm7,train
2qmd,train
2qmf,train
2qmg,train
2qn1,train
2qn2,train
2qnn,train
2qnx,train
2qoe,train
2qoh,train
2qp8,train
2qpu,train
2qqs,train
2qrk,train
2qrl,train
2qt9,train
2qtb,train
2qtg,train
2qtn,train
2qtr,train
2qtt,train
2qtu,train
2qu5,train
2qu6,train
2qzr,train
2qzx,train
2r0z,train
2r1w,train
2r2m,train
2r2w,train
2r38,train
2r3c,train
2r3f,train
2r3g,train
2r3h,train
2r3i,train
2r3m,train
2r3n,train
2r3o,train
2r3p,train
2r3t,train
2r3w,train
2r43,train
2r4f,train
2r58,train
2r5a,train
2r5b,train
2r5d,train
2r5p,train
2r5q,train
2r6w,train
2r6y,train
2r9b,train
2r9m,train
2r9s,train
2r9w,train
2r9x,train
2ra6,train
2rc8,train
2rc9,train
2rcb,train
2rcn,train
2rcu,train
2reg,train
2rfn,train
2rfy,train
2rg5,train
2rg6,train
2rgp,train
2rgu,train
2rin,train
2rip,train
2rkf,train
2rkg,train
2rku,train
2rl5,train
2tsr,train
2uue,train
2uuo,train
2uup,train
2uvm,train
2uw0,train
2uw3,train
2uw4,train
2uw6,train
2uw7,train
2uw8,train
2uwd,train
2uwl,train
2uwo,train
2uwp,train
2uxi,train
2uxx,train
2uy3,train
2uy4,train
2uy5,train
2uyi,train
2uym,train
2uyn,train
2uyq,train
2uyw,train
2uzb,train
2uzd,train
2uze,train
2uzl,train
2uzo,train
2v00,train
2v0n,train
2v22,train
2v2c,train
2v2h,train
2v2q,train
2v2v,train
2v3d,train
2v3e,train
2v3u,train
2v54,train
2v57,train
2v59,train
2v5a,train
2v7d,train
2v83,train
2v85,train
2v86,train
2v87,train
2v88,train
2v8w,train
2v95,train
2va5,train
2va6,train
2va7,train
2vaq,train
2vb8,train
2vba,train
2vc9,train
2vcb,train
2vci,train
2vcj,train
2vcq,train
2vcw,train
2vcx,train
2vd0,train
2vd1,train
2vd4,train
2veu,train
2vev,train
2vew,train
2vex,train
2vey,train
2vfk,train
2vi5,train
2vie,train
2vin,train
2vio,train
2vip,train
2viq,train
2viv,train
2viw,train
2viy,train
2viz,train
2vj1,train
2vj6,train
2vj7,train
2vj9,train
2vjx,train
2vk2,train
2vk6,train
2vkm,train
2vl4,train
2vle,train
2vmc,train
2vmd,train
2vmf,train
2vnf,train
2vnm,train
2vnn,train
2vo4,train
2vo5,train
2vo7,train
2vot,train
2vpe,train
2vpg,train
2vpn,train
2vpo,train
2vpp,train
2vqt,train
2vr0,train
2vr4,train
2vrj,train
2vrx,train
2vsl,train
2vt3,train
2vta,train
2vtd,train
2vte,train
2vth,train
2vti,train
2vtj,train
2vtl,train
2vtn,train
2vto,train
2vtp,train
2vtq,train
2vtr,train
2vts,train
2vtt,train
2vu3,train
2vuk,train
2vur,train
2vv9,train
2vvc,train
2vvn,train
2vvo,train
2vvs,train
2vvt,train
2vvu,train
2vvv,train
2vw1,train
2vw2,train
2vw5,train
2vwc,train
2vwl,train
2vwm,train
2vwn,train
2vwo,train
2vwu,train
2vwv,train
2vww,train
2vwx,train
2vwy,train
2vwz,train
2vx0,train
2vx1,train
2vx9,train
2vxa,train
2vxn,train
2vyt,train
2w05,train
2w06,train
2w0j,train
2w16,train
2w17,train
2w1c,train
2w1d,train
2w1e,train
2w1g,train
2w1i,train
2w26,train
2w3i,train
2w3k,train
2w3l,train
2w4i,train
2w4x,train
2w54,train
2w5g,train
2w5i,train
2w66,train
2w67,train
2w6c,train
2w6n,train
2w6o,train
2w6p,train
2w6q,train
2w6t,train
2w6u,train
2w6z,train
2w70,train
2w71,train
2w76,train
2w77,train
2w78,train
2w8f,train
2w8g,train
2w8j,train
2w8w,train
2w8y,train
2w97,train
2w9h,train
2wb5,train
2wbg,train
2wc3,train
2wc4,train
2wca,train
2wcg,train
2wcx,train
2wd1,train
2wd7,train
2wei,train
2weq,train
2wer,train
2wev,train
2wez,train
2wf0,train
2wf1,train
2wf2,train
2wf3,train
2wf4,train
2wfj,train
2wgj,train
2wgs,train
2whp,train
2wi1,train
2wi2,train
2wi4,train
2wi5,train
2wi6,train
2wi7,train
2wib,train
2wih,train
2wjg,train
2wk2,train
2wks,train
2wkt,train
2wky,train
2wkz,train
2wl0,train
2wl4,train
2wl5,train
2wly,train
2wlz,train
2wm0,train
2wmr,train
2wmu,train
2wmv,train
2wmx,train
2wn9,train
2wnc,train
2wnj,train
2wnl,train
2won,train
2wor,train
2wos,train
2wot,train
2wou,train
2wp1,train
2wpa,train
2wqb,train
2wr8,train
2wsx,train
2wtc,train
2wtd,train
2wti,train
2wtj,train
2wtv,train
2wtw,train
2wtx,train
2wu6,train
2wu7,train
2wuu,train
2wvt,train
2wxd,train
2wxf,train
2wxg,train
2wxh,train
2wxi,train
2wxj,train
2wxk,train
2wxl,train
2wxm,train
2wxn,train
2wxo,train
2wxp,train
2wxq,train
2wxv,train
2wyg,train
2wyj,train
2wyn,train
2wzm,train
2wzy,train
2x00,train
2x09,train
2x0y,train
2x24,train
2x2c,train
2x2i,train
2x2k,train
2x2l,train
2x2m,train
2x38,train
2x39,train
2x3t,train
2x4z,train
2x52,train
2x5o,train
2x6f,train
2x6i,train
2x6j,train
2x6k,train
2x6x,train
2x7c,train
2x7d,train
2x7o,train
2x7x,train
2x81,train
2x8d,train
2x8e,train
2x8i,train
2x9e,train
2x9f,train
2xa4,train
2xab,train
2xah,train
2xaj,train
2xaq,train
2xas,train
2xb7,train
2xb8,train
2xb9,train
2xba,train
2xbv,train
2xbw,train
2xbx,train
2xc0,train
2xc4,train
2xcg,train
2xch,train
2xck,train
2xcs,train
2xd6,train
2xd9,train
2xda,train
2xde,train
2xdk,train
2xdl,train
2xdx,train
2xel,train
2xey,train
2xez,train
2xf0,train
2xfi,train
2xfj,train
2xfk,train
2xg3,train
2xg5,train
2xg9,train
2xgm,train
2xgo,train
2xgs,train
2xh5,train
2xhr,train
2xht,train
2xhx,train
2xib,train
2xii,train
2xix,train
2xiy,train
2xiz,train
2xj0,train
2xj1,train
2xj2,train
2xj7,train
2xjg,train
2xjj,train
2xjx,train
2xk3,train
2xk4,train
2xk6,train
2xk7,train
2xk8,train
2xk9,train
2xkc,train
2xkd,train
2xke,train
2xkf,train
2xm1,train
2xm2,train
2xm8,train
2xm9,train
2xmy,train
2xn5,train
2xnb,train
2xne,train
2xng,train
2xnm,train
2xnn,train
2xno,train
2xnp,train
2xog,train
2xp2,train
2xp3,train
2xp4,train
2xp5,train
2xp6,train
2xp7,train
2xp8,train
2xpa,train
2xpb,train
2xpc,train
2xpk,train
2xqq,train
2xru,train
2xrw,train
2xs0,train
2xsb,train
2xtk,train
2xuc,train
2xuf,train
2xui,train
2xup,train
2xvd,train
2xvn,train
2xwd,train
2xwe,train
2xwy,train
2xx2,train
2xx4,train
2xx5,train
2xxt,train
2xxy,train
2xye,train
2xyf,train
2xyn,train
2xyr,train
2xys,train
2xyt,train
2xyu,train
2xz5,train
2xzg,train
2y1n,train
2y1o,train
2y1w,train
2y1x,train
2y54,train
2y56,train
2y57,train
2y58,train
2y5f,train
2y5g,train
2y5h,train
2y5k,train
2y68,train
2y6o,train
2y71,train
2y76,train
2y77,train
2y7k,train
2y7p,train
2y7w,train
2y7x,train
2y7z,train
2y80,train
2y81,train
2y82,train
2y8c,train
2y8l,train
2y8q,train
2y9q,train
2ya6,train
2ya7,train
2ya8,train
2yac,train
2yb0,train
2ybt,train
2ybu,train
2ycq,train
2ycs,train
2ydi,train
2ydj,train
2ydk,train
2ydo,train
2ydt,train
2ydv,train
2ydw,train
2ye9,train
2yek,train
2yel,train
2yem,train
2yer,train
2yex,train
2yfa,train
2yfe,train
2yfx,train
2yg2,train
2yga,train
2yge,train
2ygf,train
2ygu,train
2yhd,train
2yi5,train
2yim,train
2yiq,train
2yir,train
2yis,train
2yit,train
2yiu,train
2yiv,train
2yiw,train
2yix,train
2yjq,train
2yjw,train
2yjx,train
2yk1,train
2yk9,train
2ykb,train
2ykc,train
2yke,train
2yki,train
2ykj,train
2ylp,train
2ym3,train
2ym4,train
2ym5,train
2ym6,train
2ym7,train
2ym8,train
2ymd,train
2yme,train
2ynd,train
2yne,train
2yof,train
2yog,train
2yoh,train
2yoj,train
2yol,train
2yq6,train
2yxj,train
2z1w,train
2z4b,train
2z4o,train
2z4y,train
2z50,train
2z60,train
2z6w,train
2z78,train
2z8e,train
2z92,train
2za3,train
2zas,train
2zaz,train
2zb0,train
2zb1,train
2zbk,train
2zc9,train
2zcs,train
2zda,train
2zdk,train
2zdl,train
2zdm,train
2zdn,train
2zdt,train
2zdx,train
2zfp,train
2zfs,train
2zft,train
2zga,train
2zgx,train
2zhd,train
2zif,train
2zit,train
2zjf,train
2zju,train
2zjv,train
2zm1,train
2zmd,train
2zmj,train
2znt,train
2znu,train
2zo3,train
2zp0,train
2zpk,train
2zq1,train
2zq2,train
2zsc,train
2zv2,train
2zv9,train
2zva,train
2zwz,train
2zx5,train
2zx6,train
2zx7,train
2zx8,train
2zx9,train
2zxa,train
2zxb,train
2zxd,train
2zy1,train
2zyb,train
2zz1,train
2zz2,train
2zzu,train
3a1t,train
3a29,train
3a2c,train
3a2o,train
3a4o,train
3a4p,train
3a5y,train
3a6t,train
3abt,train
3abu,train
3acw,train
3acx,train
3ad7,train
3ad8,train
3adt,train
3adu,train
3adv,train
3afk,train
3ag9,train
3agl,train
3agm,train
3ah8,train
3al3,train
3ama,train
3amb,train
3anq,train
3anr,train
3ans,train
3ant,train
3ao1,train
3ao4,train
3aox,train
3apc,train
3ara,train
3arb,train
3ard,train
3are,train
3arf,train
3arg,train
3arn,train
3arp,train
3arq,train
3arr,train
3arw,train
3arx,train
3as2,train
3ask,train
3asx,train
3at3,train
3at4,train
3atk,train
3atm,train
3atv,train
3atw,train
3avz,train
3aw0,train
3ax5,train
3axz,train
3ay0,train
3aya,train
3ayc,train
3ayd,train
3az8,train
3az9,train
3aza,train
3azb,train
3b0w,train
3b1m,train
3b24,train
3b25,train
3b26,train
3b27,train
3b28,train
3b3x,train
3b4p,train
3b50,train
3b5j,train
3b5r,train
3b66,train
3b67,train
3b68,train
3b78,train
3b82,train
3b8h,train
3b8q,train
3b8r,train
3b9s,train
3bbt,train
3bc3,train
3bc4,train
3bc5,train
3bcn,train
3be2,train
3bea,train
3bel,train
3bex,train
3bf1,train
3bft,train
3bfu,train
3bgb,train
3bgc,train
3bgl,train
3bgm,train
3bgq,train
3bgs,train
3bgz,train
3bh8,train
3bh9,train
3bhb,train
3bho,train
3bi6,train
3biz,train
3bki,train
3bl7,train
3bl9,train
3bla,train
3blr,train
3bmn,train
3bmo,train
3bmq,train
3bpr,train
3bqc,train
3bqn,train
3br9,train
3brn,train
3bsc,train
3bt9,train
3btc,train
3bti,train
3btj,train
3bu1,train
3bum,train
3bun,train
3buo,train
3buw,train
3bux,train
3bv2,train
3bv3,train
3bv9,train
3bva,train
3bvb,train
3bwj,train
3bx5,train
3bxe,train
3bxf,train
3bxg,train
3bxh,train
3bxs,train
3byo,train
3bz3,train
3bzi,train
3c1x,train
3c2f,train
3c2o,train
3c2r,train
3c2u,train
3c39,train
3c43,train
3c45,train
3c49,train
3c4h,train
3c5u,train
3c6t,train
3c6u,train
3c6w,train
3c79,train
3c7q,train
3c84,train
3c8e,train
3cbp,train
3cbs,train
3ccb,train
3ccc,train
3ccn,train
3cct,train
3ccw,train
3ccz,train
3cd0,train
3cd5,train
3cd7,train
3cd8,train
3cda,train
3cdb,train
3cde,train
3ce0,train
3ce3,train
3cen,train
3cf1,train
3cfn,train
3cft,train
3cgf,train
3cgo,train
3ch9,train
3chc,train
3chd,train
3che,train
3chf,train
3chg,train
3cib,train
3cic,train
3cid,train
3cjf,train
3cjo,train
3cke,train
3ckp,train
3ckr,train
3ckt,train
3ckz,train
3cl0,train
3cl2,train
3clp,train
3cm2,train
3cm7,train
3cn0,train
3co9,train
3coh,train
3coj,train
3cow,train
3coy,train
3coz,train
3cp9,train
3cpb,train
3cpc,train
3cqu,train
3cqw,train
3cs7,train
3cso,train
3cth,train
3ctj,train
3ctq,train
3ctr,train
3ctt,train
3cvk,train
3cwj,train
3cwk,train
3cy2,train
3cyw,train
3cyx,train
3cz1,train
3d0e,train
3d14,train
3d1f,train
3d1v,train
3d1x,train
3d1y,train
3d1z,train
3d20,train
3d28,train
3d45,train
3d4l,train
3d4q,train
3d5m,train
3d6o,train
3d6p,train
3d78,train
3d7b,train
3d7z,train
3d83,train
3d8y,train
3d8z,train
3d91,train
3d94,train
3d9n,train
3d9v,train
3da6,train
3da9,train
3daj,train
3db6,train
3db8,train
3dba,train
3dbd,train
3dbs,train
3dcr,train
3dct,train
3dcv,train
3ddp,train
3ddq,train
3ddu,train
3dg8,train
3dga,train
3dgl,train
3dgn,train
3dgo,train
3dhk,train
3di6,train
3djf,train
3djk,train
3djo,train
3djp,train
3djq,train
3djv,train
3djx,train
3dk1,train
3dkf,train
3dkg,train
3dkj,train
3dla,train
3dm6,train
3dnd,train
3dne,train
3dog,train
3dp4,train
3dp9,train
3dpd,train
3dpk,train
3dpo,train
3drp,train
3drr,train
3drs,train
3ds6,train
3dsz,train
3dt1,train
3dtc,train
3du8,train
3dux,train
3duy,train
3dv1,train
3dv5,train
3dxh,train
3dxj,train
3dxk,train
3dy6,train
3dz2,train
3dz4,train
3dz5,train
3dz6,train
3dzt,train
3e0p,train
3e16,train
3e2m,train
3e3b,train
3e51,train
3e5a,train
3e5u,train
3e63,train
3e64,train
3e6y,train
3e7o,train
3e85,train
3e92,train
3e93,train
3ebl,train
3ebo,train
3ebp,train
3eeb,train
3efj,train
3efk,train
3efr,train
3efs,train
3efw,train
3egk,train
3ehn,train
3eid,train
3eig,train
3eio,train
3ej1,train
3ej5,train
3eka,train
3ekn,train
3eko,train
3ekp,train
3ekq,train
3ekr,train
3eks,train
3ekt,train
3ekv,train
3ekw,train
3eky,train
3el0,train
3el1,train
3el4,train
3el5,train
3el9,train
3elj,train
3emg,train
3eml,train
3ens,train
3eoc,train
3eos,train
3eou,train
3eov,train
3eq7,train
3eq8,train
3eq9,train
3eql,train
3eqr,train
3ern,train
3ess,train
3et7,train
3eta,train
3eu7,train
3evc,train
3evf,train
3ew2,train
3ewh,train
3ewz,train
3ex2,train
3exo,train
3eyg,train
3eyh,train
3eyl,train
3eys,train
3eyu,train
3ezr,train
3f0r,train
3f34,train
3f35,train
3f36,train
3f37,train
3f38,train
3f39,train
3f3c,train
3f3d,train
3f3e,train
3f3t,train
3f3u,train
3f3v,train
3f3w,train
3f48,train
3f5p,train
3f66,train
3f68,train
3f69,train
3f70,train
3f78,train
3f7g,train
3f7h,train
3f7z,train
3f81,train
3f82,train
3f88,train
3f8c,train
3f8s,train
3f8w,train
3f9n,train
3f9w,train
3f9y,train
3faa,train
3fal,train
3fat,train
3fbr,train
3fc1,train
3fc2,train
3fcf,train
3fci,train
3fcl,train
3fdm,train
3fdn,train
3fdt,train
3fe7,train
3fea,train
3fei,train
3fej,train
3ff6,train
3ffg,train
3fhb,train
3fhr,train
3fi2,train
3fi3,train
3fj7,train
3fjg,train
3fjz,train
3fk1,train
3fkt,train
3fl5,train
3fl8,train
3fl9,train
3fmz,train
3fnu,train
3fpd,train
3fpm,train
3fq7,train
3fqa,train
3fqe,train
3fqh,train
3fqk,train
3fql,train
3fqs,train
3fr2,train
3fr4,train
3fr5,train
3frz,train
3fsm,train
3ft2,train
3ft5,train
3ft8,train
3fts,train
3ftu,train
3ftw,train
3fuc,train
3fue,train
3fuf,train
3fuh,train
3fup,train
3fur,train
3fv1,train
3fv2,train
3fv3,train
3fvg,train
3fvh,train
3fvk,train
3fvn,train
3fxb,train
3fxv,train
3fxw,train
3fyj,train
3fyk,train
3fyz,train
3fz1,train
3fzr,train
3fzs,train
3fzt,train
3fzy,train
3g08,train
3g0b,train
3g0c,train
3g0d,train
3g0e,train
3g0f,train
3g0i,train
3g0w,train
3g1d,train
3g1m,train
3g1v,train
3g2v,train
3g2y,train
3g2z,train
3g30,train
3g31,train
3g32,train
3g34,train
3g35,train
3g5d,train
3g6g,train
3g6h,train
3g6m,train
3g6z,train
3g70,train
3g72,train
3g76,train
3g86,train
3g8i,train
3g8o,train
3g90,train
3g9e,train
3g9l,train
3g9n,train
3ga5,train
3gb2,train
3gba,train
3gbb,train
3gbe,train
3gc4,train
3gc5,train
3gc7,train
3gcp,train
3gcq,train
3gcs,train
3gcu,train
3gcv,train
3gds,train
3gdt,train
3ge7,train
3gen,train
3gep,train
3gfe,train
3gfw,train
3ggc,train
3ggj,train
3ggu,train
3ggv,train
3gi4,train
3gi5,train
3gi6,train
3gjd,train
3gjw,train
3gkz,train
3gm0,train
3gn7,train
3gnv,train
3gnw,train
3gol,train
3gp0,train
3gqo,train
3gr2,train
3gs6,train
3gsm,train
3gt9,train
3gta,train
3gur,train
3gus,train
3guz,train
3gv6,train
3gv9,train
3gvu,train
3gw5,train
3gwu,train
3gwv,train
3gww,train
3gwx,train
3gx0,train
3gxl,train
3gxt,train
3gxz,train
3gy2,train
3gy3,train
3gy4,train
3gyn,train
3gz9,train
3gzn,train
3h03,train
3h06,train
3h0a,train
3h0b,train
3h0j,train
3h0q,train
3h0s,train
3h0v,train
3h0w,train
3h0y,train
3h0z,train
3h21,train
3h22,train
3h23,train
3h26,train
3h2a,train
3h2c,train
3h2f,train
3h2m,train
3h2n,train
3h2o,train
3h30,train
3h3c,train
3h52,train
3h59,train
3h5b,train
3h5s,train
3h5u,train
3h6z,train
3h78,train
3h89,train
3h8b,train
3h8c,train
3h91,train
3h98,train
3h9k,train
3h9o,train
3ha6,train
3hab,train
3hac,train
3hau,train
3hav,train
3haw,train
3hb8,train
3hbo,train
3hc8,train
3hcm,train
3hdk,train
3hdm,train
3hdz,train
3hec,train
3heg,train
3hek,train
3hfv,train
3hfz,train
3hhk,train
3hhm,train
3hhu,train
3hig,train
3hii,train
3hik,train
3hio,train
3hit,train
3hiv,train
3hiw,train
3hjo,train
3hk1,train
3hkw,train
3hky,train
3hl5,train
3hl7,train
3hl8,train
3hlo,train
3hmm,train
3hmo,train
3hmp,train
3hng,train
3hnz,train
3ho2,train
3ho9,train
3hp5,train
3hp9,train
3hpt,train
3hq5,train
3hqw,train
3hrb,train
3hrf,train
3hub,train
3huc,train
3hv3,train
3hv4,train
3hv5,train
3hv6,train
3hv7,train
3hv8,train
3hvc,train
3hvg,train
3hw1,train
3hxi,train
3hy5,train
3hzy,train
3i02,train
3i0r,train
3i0s,train
3i1y,train
3i25,train
3i28,train
3i4b,train
3i5n,train
3i5z,train
3i60,train
3i6c,train
3i6m,train
3i6o,train
3i6z,train
3i7b,train
3i7e,train
3i81,train
3i90,train
3i91,train
3i97,train
3ia6,train
3idp,train
3ie3,train
3iej,train
3ies,train
3if7,train
3ig6,train
3ig7,train
3igb,train
3igg,train
3igv,train
3ihz,train
3ii5,train
3iit,train
3iiw,train
3iiy,train
3ij0,train
3ij1,train
3ijh,train
3ik3,train
3ikd,train
3ikg,train
3il6,train
3ilq,train
3imc,train
3ime,train
3img,train
3imy,train
3in3,train
3in4,train
3ind,train
3ine,train
3inf,train
3inh,train
3iny,train
3io7,train
3iob,train
3ioc,train
3iod,train
3ioe,train
3iok,train
3ion,train
3iop,train
3ip8,train
3ip9,train
3ipe,train
3iph,train
3ipq,train
3ips,train
3ipu,train
3ipy,train
3iqj,train
3iqu,train
3iqv,train
3irx,train
3isj,train
3iss,train
3itz,train
3iub,train
3iue,train
3iux,train
3ivc,train
3ivg,train
3ivh,train
3ivi,train
3ivx,train
3iw4,train
3iw5,train
3iw6,train
3iw7,train
3iwy,train
3ixj,train
3ixk,train
3jpv,train
3jpx,train
3jq7,train
3jq8,train
3jq9,train
3jqa,train
3jqb,train
3jqf,train
3jqg,train
3jrs,train
3jrx,train
3jvk,train
3jvr,train
3jvs,train
3jxw,train
3jy0,train
3jy9,train
3jya,train
3jyj,train
3jyr,train
3jzf,train
3jzg,train
3jzh,train
3jzi,train
3jzj,train
3k02,train
3k05,train
3k0h,train
3k0k,train
3k15,train
3k16,train
3k1j,train
3k22,train
3k23,train
3k27,train
3k37,train
3k39,train
3k3a,train
3k3b,train
3k3g,train
3k3j,train
3k41,train
3k4d,train
3k4q,train
3k54,train
3k5c,train
3k5d,train
3k5f,train
3k5g,train
3k5i,train
3k5k,train
3k5u,train
3k5v,train
3k8c,train
3k8o,train
3k8q,train
3k97,train
3k98,train
3k99,train
3k9x,train
3kab,train
3kac,train
3kad,train
3kaf,train
3kag,train
3kah,train
3kai,train
3kb3,train
3kb7,train
3kba,train
3kbz,train
3kc0,train
3kc1,train
3kc3,train
3kce,train
3kcf,train
3kck,train
3kdb,train
3kdc,train
3kdd,train
3kdm,train
3kdt,train
3kdu,train
3kf4,train
3kf7,train
3kfa,train
3kfc,train
3kfn,train
3kga,train
3kgu,train
3khv,train
3kjd,train
3kl6,train
3km4,train
3kmm,train
3kmx,train
3kmy,train
3kn0,train
3koo,train
3kpu,train
3kpv,train
3kpw,train
3kqb,train
3kqc,train
3kqd,train
3kqe,train
3kqo,train
3kqs,train
3kqt,train
3kqw,train
3kqy,train
3kr0,train
3kr1,train
3kr2,train
3kr8,train
3krj,train
3krl,train
3krr,train
3krw,train
3krx,train
3kvx,train
3kwf,train
3kwj,train
3kyf,train
3kyg,train
3kyq,train
3kyr,train
3l08,train
3l0e,train
3l0k,train
3l0n,train
3l13,train
3l17,train
3l1s,train
3l38,train
3l3a,train
3l3l,train
3l3m,train
3l3x,train
3l3z,train
3l4t,train
3l4u,train
3l4v,train
3l4w,train
3l4x,train
3l4y,train
3l4z,train
3l54,train
3l58,train
3l5c,train
3l5d,train
3l5e,train
3l5f,train
3l6f,train
3l6h,train
3l8v,train
3l8x,train
3l9h,train
3l9l,train
3l9m,train
3l9n,train
3lau,train
3lbj,train
3lbk,train
3lbl,train
3lc3,train
3lc5,train
3lcd,train
3lco,train
3ldp,train
3ldq,train
3le6,train
3le8,train
3lf0,train
3lfn,train
3lfs,train
3lgs,train
3lhg,train
3lhj,train
3liw,train
3lj3,train
3ljj,train
3ljo,train
3lk1,train
3lkh,train
3lkj,train
3lkz,train
3lm1,train
3lmp,train
3lnj,train
3lnk,train
3lp2,train
3lpb,train
3lpi,train
3lpj,train
3lpk,train
3lpp,train
3lq5,train
3lq8,train
3lqi,train
3lqj,train
3ls4,train
3lvp,train
3lvw,train
3lw0,train
3lxk,train
3lxl,train
3lxo,train
3lzb,train
3lzs,train
3lzu,train
3lzv,train
3lzz,train
3m11,train
3m17,train
3m2u,train
3m2w,train
3m35,train
3m36,train
3m37,train
3m3c,train
3m3e,train
3m3z,train
3m53,train
3m54,train
3m55,train
3m56,train
3m57,train
3m58,train
3m59,train
3m6f,train
3m8q,train
3m8u,train
3m93,train
3m9f,train
3ma3,train
3mag,train
3mb7,train
3mct,train
3mea,train
3mf5,train
3mg4,train
3mg6,train
3mg7,train
3mg8,train
3mi2,train
3miy,train
3mj1,train
3mj2,train
3mj5,train
3mks,train
3mlb,train
3mo2,train
3mo5,train
3mo8,train
3mp1,train
3mp6,train
3mpm,train
3mpt,train
3mrt,train
3mrv,train
3mrx,train
3ms2,train
3ms4,train
3ms7,train
3ms9,train
3msj,train
3msk,train
3msl,train
3mss,train
3mt8,train
3mt9,train
3mtb,train
3muk,train
3mv5,train
3mvh,train
3mvj,train
3mvl,train
3mvm,train
3mw1,train
3mwu,train
3mww,train
3mxc,train
3mxd,train
3mxe,train
3mxf,train
3mxy,train
3my1,train
3my5,train
3myg,train
3n0h,train
3n1c,train
3n1v,train
3n1w,train
3n23,train
3n2e,train
3n3g,train
3n3l,train
3n45,train
3n46,train
3n49,train
3n4l,train
3n51,train
3n5e,train
3n5h,train
3n5j,train
3n5k,train
3n6k,train
3n75,train
3n76,train
3n7a,train
3n7h,train
3n7o,train
3n7r,train
3n86,train
3n87,train
3n8k,train
3n8n,train
3nal,train
3nam,train
3nan,train
3nc9,train
3ncg,train
3ncz,train
3ndm,train
3nee,train
3neo,train
3nes,train
3new,train
3nex,train
3nf6,train
3nf7,train
3nf8,train
3nf9,train
3ng4,train
3nga,train
3nhi,train
3nht,train
3nif,train
3njq,train
3nk8,train
3nkk,train
3nkx,train
3nlb,train
3nm6,train
3nmq,train
3nnu,train
3nnv,train
3nnw,train
3nnx,train
3nok,train
3nox,train
3np7,train
3npc,train
3nq3,train
3nq9,train
3nrm,train
3nrz,train
3ns9,train
3nsh,train
3nsn,train
3nth,train
3nti,train
3nu3,train
3nu4,train
3nu5,train
3nu6,train
3nu9,train
3nuj,train
3nuo,train
3nuu,train
3nuy,train
3nw5,train
3nw6,train
3nw7,train
3nww,train
3nyd,train
3nyn,train
3nyx,train
3nzs,train
3nzu,train
3nzw,train
3nzx,train
3o0e,train
3o0g,train
3o0u,train
3o1d,train
3o1e,train
3o23,train
3o2m,train
3o5n,train
3o5x,train
3o75,train
3o84,train
3o8g,train
3o8p,train
3o95,train
3o96,train
3o99,train
3o9a,train
3o9b,train
3o9c,train
3o9d,train
3o9e,train
3o9f,train
3o9g,train
3o9h,train
3o9i,train
3o9l,train
3o9p,train
3o9v,train
3oad,train
3oaf,train
3oag,train
3oap,train
3oaw,train
3oay,train
3ob1,train
3ob2,train
3oc0,train
3ocb,train
3ocg,train
3ocp,train
3oct,train
3od0,train
3odi,train
3odk,train
3odl,train
3odu,train
3oe0,train
3oe6,train
3oe8,train
3oe9,train
3oeu,train
3oev,train
3og7,train
3ogm,train
3ogp,train
3ogq,train
3ohf,train
3ohh,train
3ok9,train
3okh,train
3oki,train
3old,train
3ole,train
3olf,train
3olg,train
3oli,train
3omc,train
3omg,train
3omm,train
3oob,train
3oof,train
3ook,train
3oot,train
3ooz,train
3opm,train
3oq5,train
3oqf,train
3oqk,train
3osi,train
3ot8,train
3otf,train
3otq,train
3otx,train
3ov1,train
3ove,train
3ovn,train
3ovz,train
3ow3,train
3ow4,train
3ow6,train
3owb,train
3owd,train
3owk,train
3owl,train
3own,train
3oxc,train
3oxi,train
3oxz,train
3oy3,train
3oy8,train
3oyw,train
3oz1,train
3ozj,train
3ozp,train
3p0g,train
3p17,train
3p1d,train
3p2e,train
3p2h,train
3p2k,train
3p3r,train
3p3t,train
3p3u,train
3p4q,train
3p4r,train
3p4w,train
3p50,train
3p5k,train
3p5o,train
3p78,train
3p79,train
3p7a,train
3p7b,train
3p7c,train
3p7i,train
3p8o,train
3p8p,train
3p8z,train
3p9j,train
3p9t,train
3pa3,train
3pa4,train
3pa5,train
3pax,train
3pb3,train
3pd2,train
3pd3,train
3pd4,train
3pd8,train
3pd9,train
3pdc,train
3pdh,train
3pe1,train
3pe2,train
3peq,train
3pgu,train
3phe,train
3pix,train
3piy,train
3piz,train
3pj1,train
3pj2,train
3pj3,train
3pj8,train
3pjc,train
3pjg,train
3pjt,train
3pju,train
3pm1,train
3pn1,train
3po1,train
3poa,train
3poz,train
3pp0,train
3ppj,train
3ppk,train
3ppm,train
3ppo,train
3ppp,train
3ppq,train
3ppr,train
3pqz,train
3prf,train
3prs,train
3prz,train
3ps6,train
3psb,train
3psd,train
3ptg,train
3pvu,train
3pvw,train
3pwd,train
3pwh,train
3pwk,train
3pwm,train
3pww,train
3px8,train
3px9,train
3pxe,train
3pxq,train
3pxy,train
3pxz,train
3py0,train
3py1,train
3pyy,train
3q0z,train
3q2j,train
3q2m,train
3q32,train
3q3b,train
3q3k,train
3q3t,train
3q4b,train
3q4k,train
3q4l,train
3q5h,train
3q6w,train
3q6z,train
3q71,train
3q77,train
3q8d,train
3q92,train
3q96,train
3qa2,train
3qaa,train
3qai,train
3qak,train
3qaq,train
3qar,train
3qbc,train
3qbh,train
3qbn,train
3qc4,train
3qce,train
3qcf,train
3qch,train
3qci,train
3qcj,train
3qck,train
3qcq,train
3qcs,train
3qcx,train
3qcy,train
3qd0,train
3qd3,train
3qd4,train
3qdd,train
3qel,train
3qem,train
3qfv,train
3qfy,train
3qfz,train
3qgw,train
3qgy,train
3qi1,train
3qj9,train
3qk0,train
3qk5,train
3qkd,train
3qkk,train
3qkl,train
3qkm,train
3ql9,train
3qmk,train
3qo2,train
3qo3,train
3qox,train
3qqk,train
3qqs,train
3qqu,train
3qri,train
3qrj,train
3qrk,train
3qs1,train
3qs4,train
3qs5,train
3qs8,train
3qsb,train
3qt6,train
3qt7,train
3qtf,train
3qti,train
3qto,train
3qtq,train
3qtr,train
3qts,train
3qtu,train
3qtv,train
3qtw,train
3qtx,train
3qtz,train
3qu0,train
3que,train
3qup,train
3qvu,train
3qvv,train
3qwc,train
3qx5,train
3qx8,train
3qxm,train
3qxp,train
3qxt,train
3qxv,train
3qzq,train
3qzt,train
3qzv,train
3r04,train
3r0h,train
3r0t,train
3r0w,train
3r0y,train
3r21,train
3r22,train
3r24,train
3r2a,train
3r2b,train
3r2f,train
3r2y,train
3r4m,train
3r4n,train
3r4o,train
3r4p,train
3r5j,train
3r5m,train
3r5n,train
3r6c,train
3r6g,train
3r6u,train
3r7b,train
3r7n,train
3r7o,train
3r7q,train
3r7r,train
3r88,train
3r8u,train
3r8v,train
3r8z,train
3r91,train
3r92,train
3r93,train
3r9d,train
3r9h,train
3r9n,train
3r9o,train
3rah,train
3rak,train
3ral,train
3rbq,train
3rcd,train
3rcj,train
3re4,train
3rf4,train
3rf5,train
3rg2,train
3rhk,train
3rhx,train
3ri1,train
3rik,train
3ril,train
3rin,train
3rjc,train
3rjw,train
3rk5,train
3rk7,train
3rk9,train
3rkb,train
3rkz,train
3rlb,train
3rlp,train
3rlq,train
3rlr,train
3rm8,train
3rm9,train
3rme,train
3rmf,train
3rni,train
3ro4,train
3roc,train
3rpr,train
3rpv,train
3rpy,train
3rq7,train
3rqw,train
3rr4,train
3rsv,train
3rsx,train
3rt6,train
3rt8,train
3rtf,train
3rth,train
3rti,train
3rtm,train
3rtn,train
3rtp,train
3rtx,train
3rul,train
3rum,train
3rux,train
3rv7,train
3rv8,train
3rv9,train
3rvg,train
3rvi,train
3rw9,train
3rwg,train
3rwp,train
3rwq,train
3rx5,train
3rx7,train
3rx8,train
3rxa,train
3rxb,train
3rxd,train
3rxf,train
3rxg,train
3rxh,train
3rxi,train
3rxk,train
3rxl,train
3rxm,train
3rxo,train
3rz3,train
3rzb,train
3s00,train
3s0b,train
3s0e,train
3s0n,train
3s0o,train
3s1g,train
3s1h,train
3s2a,train
3s2o,train
3s2v,train
3s3i,train
3s3k,train
3s3v,train
3s43,train
3s4q,train
3s53,train
3s54,train
3s56,train
3s5y,train
3s6t,train
3s74,train
3s7a,train
3s7b,train
3s7f,train
3s7l,train
3s7m,train
3s8l,train
3s8n,train
3s8o,train
3s9y,train
3sc1,train
3sd5,train
3sdg,train
3sdi,train
3sdk,train
3sfc,train
3sfg,train
3sfi,train
3sgt,train
3sgv,train
3sgx,train
3sh0,train
3sh1,train
3sha,train
3shc,train
3shj,train
3shv,train
3si3,train
3si4,train
3sio,train
3sk2,train
3ska,train
3skc,train
3ske,train
3skf,train
3skg,train
3skh,train
3slz,train
3sm0,train
3sm1,train
3sm2,train
3smq,train
3so9,train
3spk,train
3sqq,train
3sr4,train
3srv,train
3st5,train
3st6,train
3su0,train
3su1,train
3su2,train
3su3,train
3su4,train
3su5,train
3su6,train
3sud,train
3sue,train
3suf,train
3sur,train
3sus,train
3sut,train
3suu,train
3suv,train
3suw,train
3sv2,train
3sw2,train
3sw9,train
3sww,train
3sx4,train
3sx9,train
3sxf,train
3sz1,train
3szm,train
3t0l,train
3t0m,train
3t0w,train
3t0x,train
3t19,train
3t1a,train
3t1l,train
3t1m,train
3t1n,train
3t2w,train
3t3c,train
3t3u,train
3t3v,train
3t4n,train
3t5i,train
3t60,train
3t64,train
3t6y,train
3t70,train
3t8s,train
3ta0,train
3ta1,train
3tam,train
3tao,train
3tb6,train
3tc5,train
3tcp,train
3tct,train
3td4,train
3tdc,train
3tdh,train
3tdj,train
3te5,train
3tf6,train
3tfu,train
3tg5,train
3tge,train
3tgs,train
3th0,train
3th9,train
3thb,train
3thd,train
3ti1,train
3ti3,train
3ti4,train
3ti5,train
3ti6,train
3ti8,train
3tia,train
3tib,train
3tic,train
3tiy,train
3tiz,train
3tjc,train
3tjd,train
3tkh,train
3tki,train
3tkm,train
3tku,train
3tkw,train
3tkz,train
3tl0,train
3tl5,train
3tlh,train
3tll,train
3tmk,train
3tn8,train
3tne,train
3tnh,train
3tpp,train
3tpr,train
3tpx,train
3tsd,train
3tt0,train
3tti,train
3ttj,train
3ttm,train
3ttp,train
3tu1,train
3tu7,train
3tu9,train
3tv5,train
3tv6,train
3tv7,train
3tv8,train
3tvl,train
3tvw,train
3twd,train
3twj,train
3twp,train
3twr,train
3tws,train
3twu,train
3twv,train
3tww,train
3twx,train
3txo,train
3ty0,train
3tyq,train
3tyv,train
3tz0,train
3tz2,train
3tz4,train
3tza,train
3tzd,train
3tzm,train
3u0p,train
3u10,train
3u15,train
3u2q,train
3u3z,train
3u4h,train
3u4i,train
3u4o,train
3u4r,train
3u4u,train
3u4w,train
3u51,train
3u5j,train
3u5l,train
3u6a,train
3u6h,train
3u6i,train
3u6j,train
3u7s,train
3u81,train
3u8j,train
3u8k,train
3u8l,train
3u8w,train
3u90,train
3u92,train
3u9c,train
3u9n,train
3u9q,train
3ua8,train
3ua9,train
3ual,train
3uat,train
3ubd,train
3ubx,train
3ud5,train
3ud7,train
3ud8,train
3ud9,train
3udd,train
3udh,train
3udj,train
3udk,train
3udm,train
3udn,train
3udr,train
3udv,train
3ue4,train
3uec,train
3ued,train
3ueo,train
3ueu,train
3uev,train
3uew,train
3uex,train
3ufl,train
3ug2,train
3ugc,train
3uh2,train
3uh4,train
3uib,train
3uig,train
3uix,train
3uj9,train
3ujb,train
3ujc,train
3ujd,train
3ukr,train
3umq,train
3umw,train
3umx,train
3unj,train
3unk,train
3unn,train
3unz,train
3uo4,train
3uo5,train
3uo6,train
3uo9,train
3uod,train
3uoj,train
3uok,train
3uol,train
3up2,train
3up7,train
3upf,train
3uph,train
3upi,train
3upk,train
3upx,train
3upz,train
3uqf,train
3uqg,train
3uqp,train
3uqr,train
3ur0,train
3uri,train
3ut5,train
3uu1,train
3uug,train
3uvk,train
3uvp,train
3uvq,train
3uvw,train
3uvx,train
3uw4,train
3uw5,train
3uw9,train
3uwk,train
3uwl,train
3uwo,train
3uxd,train
3uyt,train
3uz5,train
3uza,train
3uzc,train
3uzd,train
3uzj,train
3uzp,train
3v2n,train
3v2p,train
3v2q,train
3v2w,train
3v3b,train
3v3m,train
3v3q,train
3v3v,train
3v49,train
3v4t,train
3v51,train
3v5j,train
3v5l,train
3v5p,train
3v5q,train
3v5t,train
3v66,train
3v78,train
3v7c,train
3v7d,train
3v7s,train
3v8s,train
3v8t,train
3v8w,train
3va4,train
3vap,train
3vbg,train
3vbq,train
3vbt,train
3vbv,train
3vbw,train
3vby,train
3vc4,train
3veh,train
3veu,train
3vf5,train
3vf7,train
3vf8,train
3vf9,train
3vfa,train
3vfb,train
3vfj,train
3vfq,train
3vg1,train
3vha,train
3vhc,train
3vhd,train
3vhe,train
3vhk,train
3vhu,train
3vhv,train
3vi5,train
3vid,train
3vjc,train
3vje,train
3vjk,train
3vjl,train
3vjm,train
3vnt,train
3vo3,train
3voz,train
3vp1,train
3vp2,train
3vp3,train
3vqs,train
3vqu,train
3vrt,train
3vru,train
3vrv,train
3vrw,train
3vry,train
3vs3,train
3vsw,train
3vsx,train
3vtb,train
3vtc,train
3vtd,train
3vtr,train
3vuc,train
3vv6,train
3vv7,train
3vvy,train
3vvz,train
3vw0,train
3vw1,train
3vw2,train
3vw6,train
3vw7,train
3vws,train
3vx3,train
3vyd,train
3vye,train
3vyf,train
3vzd,train
3vzv,train
3w07,train
3w0l,train
3w1f,train
3w2o,train
3w2r,train
3w2s,train
3w32,train
3w33,train
3w37,train
3w55,train
3w5n,train
3w5t,train
3w69,train
3w9k,train
3w9r,train
3wb4,train
3wb5,train
3wcb,train
3wcf,train
3wcg,train
3wch,train
3wd1,train
3wd2,train
3wdc,train
3wdd,train
3wde,train
3wdz,train
3we4,train
3wf5,train
3wf6,train
3wf7,train
3wf8,train
3wf9,train
3wff,train
3wfg,train
3wgg,train
3wha,train
3wi6,train
3wix,train
3wiy,train
3wiz,train
3wjw,train
3wk4,train
3wk5,train
3wk6,train
3wk7,train
3wk8,train
3wka,train
3wkb,train
3wkc,train
3wkd,train
3wke,train
3wnr,train
3wns,train
3wnt,train
3wp0,train
3wp1,train
3wpn,train
3wq5,train
3wq6,train
3wqh,train
3wqv,train
3wqw,train
3ws9,train
3wt5,train
3wt7,train
3wth,train
3wti,train
3wtj,train
3wtl,train
3wtm,train
3wtn,train
3wto,train
3wvm,train
3wyj,train
3wyx,train
3wyy,train
3wz6,train
3wz8,train
3wzj,train
3wzk,train
3wzn,train
3wzp,train
3wzq,train
3x00,train
3x1k,train
3zbf,train
3zbx,train
3zc5,train
3zc6,train
3zcl,train
3zcw,train
3zdg,train
3zdh,train
3zep,train
3zh8,train
3zha,train
3zhz,train
3zi0,train
3zi8,train
3zj6,train
3zk6,train
3zkf,train
3zki,train
3zlk,train
3zll,train
3zln,train
3zlo,train
3zlq,train
3zlr,train
3zlv,train
3zlw,train
3zlx,train
3zly,train
3zm4,train
3zm5,train
3zm6,train
3zm9,train
3zmg,train
3zmm,train
3zmp,train
3zmq,train
3zmt,train
3zmu,train
3zmv,train
3zmz,train
3zn0,train
3zn1,train
3zo1,train
3zo2,train
3zo4,train
3zos,train
3zov,train
3zpq,train
3zpr,train
3zq9,train
3zqe,train
3zqt,train
3zrc,train
3zrk,train
3zrm,train
3zs0,train
3zsq,train
3zsw,train
3zsx,train
3zsy,train
3zsz,train
3zt1,train
3zt2,train
3zt3,train
3zt4,train
3ztc,train
3ztd,train
3zv7,train
3zvv,train
3zw3,train
3zxe,train
3zxz,train
3zy5,train
3zya,train
3zyb,train
3zyu,train
3zze,train
3zzf,train
3zzh,train
4a0j,train
4a16,train
4a1w,train
4a23,train
4a2a,train
4a4c,train
4a4l,train
4a4o,train
4a4q,train
4a4v,train
4a4w,train
4a4x,train
4a51,train
4a6c,train
4a6l,train
4a7c,train
4a7i,train
4a7j,train
4a95,train
4a9c,train
4a9i,train
4a9m,train
4a9n,train
4a9r,train
4a9s,train
4a9t,train
4a9u,train
4aa0,train
4aa4,train
4aa5,train
4aa7,train
4aac,train
4aaw,train
4ab8,train
4ab9,train
4aba,train
4abb,train
4abd,train
4abe,train
4abg,train
4abh,train
4abj,train
4abk,train
4ac3,train
4acc,train
4acd,train
4acg,train
4ach,train
4acm,train
4acu,train
4acx,train
4ad2,train
4ad3,train
4ad6,train
4ael,train
4af3,train
4afe,train
4afg,train
4afh,train
4afj,train
4aft,train
4ag8,train
4agc,train
4agd,train
4ah9,train
4ahr,train
4ahs,train
4ahu,train
4ahv,train
4ai5,train
4aia,train
4aj1,train
4aj2,train
4aj4,train
4aji,train
4ajk,train
4ajl,train
4ajn,train
4ajo,train
4ajw,train
4akn,train
4al4,train
4alg,train
4alx,train
4aml,train
4anq,train
4anu,train
4anv,train
4anw,train
4anx,train
4aof,train
4aoi,train
4ap0,train
4ap7,train
4app,train
4apr,train
4aq4,train
4aqc,train
4aqh,train
4ara,train
4arb,train
4aro,train
4arw,train
4as9,train
4asd,train
4ase,train
4asj,train
4asy,train
4at3,train
4at4,train
4at5,train
4att,train
4au8,train
4aua,train
4auj,train
4av4,train
4av5,train
4avu,train
4avw,train
4aw5,train
4awi,train
4awj,train
4awo,train
4awp,train
4awq,train
4axa,train
4axd,train
4ay5,train
4ay6,train
4ayw,train
4az2,train
4az5,train
4az6,train
4aza,train
4azb,train
4aze,train
4azf,train
4azg,train
4azi,train
4azp,train
4azt,train
4azy,train
4b00,train
4b05,train
4b0b,train
4b0c,train
4b0j,train
4b11,train
4b12,train
4b13,train
4b14,train
4b1c,train
4b1d,train
4b1j,train
4b2d,train
4b2i,train
4b2l,train
4b32,train
4b33,train
4b34,train
4b35,train
4b3c,train
4b3d,train
4b3u,train
4b4g,train
4b4m,train
4b4q,train
4b5b,train
4b5d,train
4b6c,train
4b6e,train
4b6f,train
4b6o,train
4b6p,train
4b6q,train
4b6r,train
4b6s,train
4b70,train
4b71,train
4b72,train
4b73,train
4b74,train
4b76,train
4b77,train
4b78,train
4b7j,train
4b7n,train
4b7p,train
4b7q,train
4b7r,train
4b7z,train
4b80,train
4b81,train
4b82,train
4b83,train
4b84,train
4b85,train
4b95,train
4b9h,train
4b9k,train
4b9w,train
4b9z,train
4bb2,train
4bb4,train
4bb9,train
4bbe,train
4bbf,train
4bbh,train
4bc5,train
4bcd,train
4bcf,train
4bcg,train
4bch,train
4bci,train
4bcj,train
4bck,train
4bcm,train
4bcn,train
4bco,train
4bcq,train
4bcs,train
4bda,train
4bdb,train
4bdc,train
4bdd,train
4bde,train
4bdf,train
4bdg,train
4bdh,train
4bdi,train
4bdj,train
4bdk,train
4bds,train
4bdt,train
4bea,train
4bek,train
4bfd,train
4bfp,train
4bfr,train
4bfy,train
4bfz,train
4bgg,train
4bhn,train
4bhz,train
4bi0,train
4bi1,train
4bi2,train
4bi6,train
4bib,train
4bic,train
4bid,train
4bie,train
4bj8,train
4bj9,train
4bjc,train
4bjx,train
4bkj,train
4bks,train
4bkt,train
4bkz,train
4bnu,train
4bnv,train
4bnx,train
4bny,train
4bnz,train
4bo0,train
4bo1,train
4bo2,train
4bo3,train
4bo4,train
4bo5,train
4bo6,train
4bo8,train
4bo9,train
4bqg,train
4bqs,train
4bqt,train
4br3,train
4brx,train
4bs0,train
4bs4,train
4bti,train
4btk,train
4btl,train
4btt,train
4btu,train
4btw,train
4btx,train
4bty,train
4buq,train
4bv2,train
4bvb,train
4bw1,train
4bw2,train
4bw3,train
4bw4,train
4bxn,train
4byi,train
4byj,train
4bzn,train
4bzo,train
4c1m,train
4c1t,train
4c1u,train
4c1y,train
4c2v,train
4c35,train
4c36,train
4c38,train
4c3k,train
4c4e,train
4c4f,train
4c4g,train
4c4h,train
4c4i,train
4c4j,train
4c52,train
4c61,train
4c66,train
4c68,train
4c6u,train
4c6v,train
4c6x,train
4c6z,train
4c70,train
4c71,train
4c72,train
4c73,train
4c7t,train
4c94,train
4c9w,train
4c9x,train
4ca4,train
4cae,train
4caf,train
4cc3,train
4cc5,train
4cc6,train
4cd0,train
4cd1,train
4cd4,train
4cd5,train
4cd6,train
4cd8,train
4cdr,train
4ce1,train
4ce2,train
4ce3,train
4ceb,train
4cfl,train
4cfm,train
4cft,train
4cfu,train
4cfv,train
4cfw,train
4cfx,train
4cg8,train
4cg9,train
4cga,train
4cgi,train
4cgj,train
4ch2,train
4ch8,train
4ci1,train
4ci2,train
4ci3,train
4cig,train
4cik,train
4civ,train
4ciw,train
4cix,train
4ciy,train
4ciz,train
4cj4,train
4cjp,train
4cjq,train
4cjr,train
4ck3,train
4cki,train
4ckj,train
4ckr,train
4cku,train
4cl6,train
4cl9,train
4clb,train
4cli,train
4clj,train
4clp,train
4clz,train
4cmo,train
4cmt,train
4cmu,train
4cnh,train
4cp5,train
4cp7,train
4cps,train
4cpt,train
4cpw,train
4cpy,train
4cpz,train
4cqe,train
4cqg,train
4cr5,train
4cr9,train
4cra,train
4crb,train
4crc,train
4crd,train
4crf,train
4crl,train
4csd,train
4csj,train
4css,train
4cst,train
4ctj,train
4ctk,train
4cu1,train
4cu7,train
4cu8,train
4cwn,train
4cwo,train
4cwp,train
4cwq,train
4cwr,train
4cws,train
4cwt,train
4d0w,train
4d0x,train
4d1a,train
4d1b,train
4d1d,train
4d1j,train
4d1s,train
4d1y,train
4d2d,train
4d2p,train
4d2r,train
4d2s,train
4d2t,train
4d2v,train
4d3h,train
4d4d,train
4d52,train
4d7b,train
4d83,train
4d85,train
4d88,train
4d89,train
4d8a,train
4d8c,train
4d8n,train
4d8s,train
4d8z,train
4d9p,train
4daf,train
4dai,train
4db7,train
4dbm,train
4dbn,train
4dce,train
4dcs,train
4dcv,train
4ddh,train
4ddk,train
4ddm,train
4dds,train
4ddy,train
4de0,train
4de1,train
4de2,train
4de5,train
4de7,train
4dea,train
4deb,train
4ded,train
4deg,train
4deh,train
4dei,train
4des,train
4det,train
4deu,train
4dfg,train
4dfl,train
4dfn,train
4dfu,train
4dfw,train
4dgg,train
4dgm,train
4dgn,train
4dgr,train
4dh6,train
4dhm,train
4dhn,train
4dho,train
4dhp,train
4dhq,train
4dhr,train
4dhs,train
4dht,train
4dhu,train
4di2,train
4dij,train
4djh,train
4djo,train
4djp,train
4djq,train
4djr,train
4djs,train
4dju,train
4djv,train
4djw,train
4djx,train
4djy,train
4dk5,train
4dk8,train
4dkq,train
4dkr,train
4dld,train
4dlj,train
4dn0,train
4do3,train
4do4,train
4do5,train
4dow,train
4dpf,train
4dpi,train
4dpu,train
4dpy,train
4dq2,train
4drk,train
4drm,train
4drn,train
4dro,train
4drp,train
4dru,train
4dst,train
4dsu,train
4dt6,train
4dtk,train
4du8,train
4duh,train
4dum,train
4dus,train
4dv9,train
4dvf,train
4dvi,train
4dwk,train
4dxg,train
4dy6,train
4dzy,train
4e0w,train
4e0x,train
4e1k,train
4e1z,train
4e20,train
4e4l,train
4e4n,train
4e4x,train
4e5d,train
4e5w,train
4e67,train
4e6d,train
4e6q,train
4e70,train
4e8w,train
4e8y,train
4e93,train
4e96,train
4e9c,train
4ea3,train
4ear,train
4eb8,train
4eb9,train
4ebv,train
4ebw,train
4ec4,train
4ede,train
4edu,train
4edz,train
4ee0,train
4eeh,train
4eej,train
4eev,train
4ef4,train
4ef6,train
4efg,train
4efk,train
4eft,train
4efu,train
4eg5,train
4egh,train
4egi,train
4egk,train
4eh2,train
4eh3,train
4eh5,train
4eh6,train
4eh7,train
4eh8,train
4ehe,train
4ehg,train
4ehv,train
4ehz,train
4ei4,train
4ej8,train
4ejl,train
4ejn,train
4ek9,train
4ekg,train
4eki,train
4el9,train
4elb,train
4ele,train
4elf,train
4elg,train
4elh,train
4em7,train
4emf,train
4emr,train
4emt,train
4emv,train
4enx,train
4eny,train
4eo6,train
4eo8,train
4eoi,train
4eok,train
4eol,train
4eon,train
4eop,train
4eor,train
4eos,train
4epy,train
4eqc,train
4ere,train
4erf,train
4erw,train
4esi,train
4etz,train
4eu0,train
4euc,train
4euo,train
4euv,train
4ew2,train
4ew3,train
4ewh,train
4ewn,train
4ewo,train
4exg,train
4exh,train
4eyj,train
4eym,train
4eyr,train
4ez3,train
4ez5,train
4ezj,train
4ezk,train
4ezl,train
4f08,train
4f09,train
4f0c,train
4f1l,train
4f1q,train
4f1s,train
4f2w,train
4f39,train
4f3c,train
4f3h,train
4f3i,train
4f3k,train
4f4p,train
4f5y,train
4f6s,train
4f6u,train
4f6w,train
4f70,train
4f7j,train
4f7l,train
4f7n,train
4f7v,train
4f8h,train
4f9g,train
4f9w,train
4f9y,train
4fak,train
4fc0,train
4fcf,train
4fcq,train
4fcr,train
4fe6,train
4feq,train
4fev,train
4few,train
4ff8,train
4ffs,train
4fgt,train
4fgx,train
4fgy,train
4fgz,train
4fhh,train
4fhi,train
4fht,train
4fic,train
4fiv,train
4fjz,train
4fk6,train
4fk7,train
4flh,train
4flp,train
4fm7,train
4fm8,train
4fmq,train
4fn5,train
4fns,train
4fny,train
4fnz,train
4fob,train
4foc,train
4fod,train
4fpf,train
4fpk,train
4fr3,train
4fri,train
4frj,train
4frk,train
4frs,train
4fs3,train
4fs4,train
4fse,train
4fsl,train
4ft2,train
4fxf,train
4fxp,train
4fxq,train
4fxy,train
4fyh,train
4fyo,train
4fz3,train
4fz6,train
4fzj,train
4g0k,train
4g0l,train
4g0p,train
4g0q,train
4g0y,train
4g0z,train
4g11,train
4g17,train
4g19,train
4g2r,train
4g31,train
4g34,train
4g3e,train
4g3f,train
4g3g,train
4g5f,train
4g68,train
4g8l,train
4g8m,train
4g8n,train
4g8r,train
4g95,train
4g9c,train
4gah,train
4gao,train
4gb9,train
4gby,train
4gbz,train
4gcj,train
4gdy,train
4ge1,train
4ge4,train
4ge7,train
4ge9,train
4gee,train
4gfm,train
4gfn,train
4gfo,train
4gg5,train
4gg7,train
4ggl,train
4ggz,train
4ghi,train
4gid,train
4gih,train
4gii,train
4giu,train
4gj2,train
4gj3,train
4gj6,train
4gj7,train
4gj8,train
4gj9,train
4gja,train
4gjb,train
4gjc,train
4gjd,train
4gk2,train
4gk3,train
4gk4,train
4gkc,train
4gkh,train
4gki,train
4gkm,train
4glr,train
4glw,train
4gm3,train
4gm8,train
4gmc,train
4gmy,train
4gny,train
4gpl,train
4gq4,train
4gqp,train
4gqq,train
4gs8,train
4gsc,train
4gsy,train
4gu6,train
4gu9,train
4gue,train
4gui,train
4guj,train
4gv1,train
4gvd,train
4gvu,train
4gw8,train
4gwk,train
4gxs,train
4gye,train
4gz3,train
4gzf,train
4gzp,train
4gzt,train
4h1e,train
4h1j,train
4h1m,train
4h3c,train
4h3f,train
4h3g,train
4h3i,train
4h3j,train
4h3q,train
4h4b,train
4h4d,train
4h4e,train
4h4m,train
4h58,train
4h75,train
4h7q,train
4h81,train
4h85,train
4ha5,train
4hai,train
4hbm,train
4hbn,train
4hbw,train
4hbx,train
4hco,train
4hct,train
4hcz,train
4hdb,train
4hdc,train
4hdf,train
4hdp,train
4he9,train
4heg,train
4hej,train
4hfp,train
4hg7,train
4hgc,train
4hge,train
4hgl,train
4hgs,train
4hgt,train
4hhy,train
4hhz,train
4hiq,train
4his,train
4hj2,train
4hki,train
4hkk,train
4hkn,train
4hkp,train
4hl5,train
4hla,train
4hlc,train
4hld,train
4hlf,train
4hlg,train
4hlh,train
4hlk,train
4hlm,train
4hlw,train
4hmh,train
4hnf,train
4hni,train
4hnn,train
4hp0,train
4hpi,train
4hra,train
4hso,train
4huo,train
4hup,train
4hv3,train
4hv7,train
4hva,train
4hvb,train
4hvd,train
4hvg,train
4hvh,train
4hvi,train
4hvs,train
4hw2,train
4hw3,train
4hw7,train
4hwb,train
4hxl,train
4hxm,train
4hxr,train
4hxs,train
4hxw,train
4hxz,train
4hy0,train
4hy1,train
4hy4,train
4hy5,train
4hy9,train
4hyb,train
4hyf,train
4hyh,train
4hyi,train
4hym,train
4hys,train
4hyu,train
4hz5,train
4hzm,train
4hzt,train
4hzw,train
4hzx,train
4hzz,train
4i0d,train
4i0f,train
4i0r,train
4i0s,train
4i0t,train
4i0z,train
4i10,train
4i11,train
4i12,train
4i1c,train
4i1r,train
4i32,train
4i4e,train
4i4f,train
4i54,train
4i5c,train
4i5h,train
4i5m,train
4i5p,train
4i67,train
4i6b,train
4i6f,train
4i6h,train
4i6q,train
4i7b,train
4i7f,train
4i7k,train
4i7m,train
4i8w,train
4i8x,train
4i8z,train
4i9h,train
4i9i,train
4i9r,train
4i9s,train
4i9u,train
4iaw,train
4iax,train
4ibb,train
4ibc,train
4ibg,train
4ibi,train
4ibj,train
4ibk,train
4ibm,train
4idv,train
4ieh,train
4ifi,train
4igk,train
4igr,train
4igt,train
4ih5,train
4ih6,train
4ih7,train
4ii9,train
4iic,train
4iid,train
4iie,train
4iif,train
4ij1,train
4ijh,train
4ijl,train
4ijp,train
4im0,train
4inb,train
4io8,train
4ipf,train
4iq6,train
4ir5,train
4ir6,train
4ish,train
4isi,train
4isu,train
4ith,train
4iti,train
4itj,train
4iue,train
4iuo,train
4iur,train
4iut,train
4iuu,train
4iuv,train
4iva,train
4ivb,train
4ivc,train
4ivd,train
4ivt,train
4iwd,train
4ixh,train
4iz0,train
4izy,train
4j03,train
4j04,train
4j08,train
4j0a,train
4j0p,train
4j0r,train
4j0s,train
4j0t,train
4j0v,train
4j0y,train
4j0z,train
4j17,train
4j1c,train
4j1e,train
4j1f,train
4j1h,train
4j1i,train
4j1k,train
4j1p,train
4j21,train
4j22,train
4j24,train
4j26,train
4j28,train
4j2t,train
4j3e,train
4j3j,train
4j3l,train
4j3m,train
4j3u,train
4j4n,train
4j4o,train
4j4v,train
4j52,train
4j53,train
4j58,train
4j59,train
4j5b,train
4j5c,train
4j5e,train
4j6i,train
4j74,train
4j7d,train
4j7e,train
4j7i,train
4j8m,train
4j8t,train
4j93,train
4j9a,train
4jai,train
4jaj,train
4jal,train
4jbo,train
4jbp,train
4jda,train
4jfi,train
4jfj,train
4jfk,train
4jfm,train
4jfs,train
4jft,train
4jfx,train
4jfz,train
4jg0,train
4jg1,train
4jgv,train
4jh0,train
4jia,train
4jik,train
4jin,train
4jit,train
4jiz,train
4jjm,train
4jjs,train
4jju,train
4jkt,train
4jlg,train
4jlj,train
4jlm,train
4jln,train
4jls,train
4jmg,train
4jmh,train
4jmu,train
4jn2,train
4jnc,train
4jnj,train
4jnm,train
4joa,train
4jp9,train
4jpc,train
4jpe,train
4jps,train
4jq7,train
4jq8,train
4jr3,train
4jr5,train
4jrg,train
4jrv,train
4jsc,train
4jsr,train
4jsz,train
4jt8,train
4jt9,train
4ju3,train
4ju6,train
4ju7,train
4jv6,train
4jv8,train
4jv9,train
4jvb,train
4jvi,train
4jvq,train
4jwr,train
4jx7,train
4jxs,train
4jxv,train
4jxw,train
4jyb,train
4jyc,train
4jym,train
4jyt,train
4jyu,train
4jyv,train
4jz1,train
4jzd,train
4jze,train
4jzf,train
4k0o,train
4k0y,train
4k18,train
4k1b,train
4k2f,train
4k2g,train
4k2y,train
4k3h,train
4k3k,train
4k42,train
4k43,train
4k4e,train
4k4f,train
4k4j,train
4k5y,train
4k6i,train
4k6z,train
4k75,train
4k77,train
4k78,train
4k7i,train
4k7n,train
4k7o,train
4k8s,train
4k9g,train
4k9h,train
4k9y,train
4kab,train
4kao,train
4kb8,train
4kb9,train
4kba,train
4kbc,train
4kbk,train
4kby,train
4kcg,train
4kcx,train
4ke0,train
4ke1,train
4kfp,train
4kfq,train
4kij,train
4kin,train
4kip,train
4kiq,train
4kiu,train
4kiw,train
4kju,train
4kjv,train
4klb,train
4klv,train
4km0,train
4km2,train
4kmu,train
4kmz,train
4kn0,train
4kn1,train
4kn2,train
4kn4,train
4kn7,train
4knb,train
4kne,train
4knr,train
4knx,train
4kod,train
4kot,train
4kov,train
4kow,train
4kox,train
4kp0,train
4kpx,train
4kpz,train
4kql,train
4kqq,train
4kqr,train
4krs,train
4ks1,train
4ks2,train
4ks3,train
4ks4,train
4ks5,train
4ksp,train
4ksq,train
4ksy,train
4ktc,train
4kup,train
4kv9,train
4kvm,train
4kw6,train
4kwf,train
4kwo,train
4kww,train
4kxl,train
4kxm,train
4kxn,train
4kz0,train
4kz3,train
4kz4,train
4kz5,train
4kz6,train
4kz7,train
4kz8,train
4kza,train
4kzb,train
4kzc,train
4kzl,train
4kzq,train
4l02,train
4l09,train
4l0b,train
4l0i,train
4l0s,train
4l0t,train
4l0v,train
4l10,train
4l1a,train
4l1u,train
4l23,train
4l2g,train
4l2k,train
4l31,train
4l32,train
4l33,train
4l34,train
4l3o,train
4l3p,train
4l4l,train
4l4m,train
4l4v,train
4l4z,train
4l50,train
4l51,train
4l52,train
4l53,train
4l58,train
4l5j,train
4l6s,train
4l6t,train
4l70,train
4l7b,train
4l7c,train
4l7d,train
4l7f,train
4l7g,train
4l7h,train
4l7j,train
4l7l,train
4l7n,train
4l7o,train
4l7r,train
4l7u,train
4l8m,train
4l9i,train
4la7,train
4lar,train
4lbu,train
4lc7,train
4led,train
4leq,train
4lge,train
4lgg,train
4lgh,train
4lgu,train
4lh2,train
4lh3,train
4lh7,train
4lhm,train
4li0,train
4li5,train
4li6,train
4li8,train
4lj5,train
4lj8,train
4lkl,train
4lkm,train
4lko,train
4lkt,train
4ll3,train
4lm3,train
4lm5,train
4lmu,train
4loh,train
4loi,train
4loj,train
4loo,train
4lop,train
4loq,train
4loy,train
4lp0,train
4lp9,train
4lpb,train
4lpg,train
4lph,train
4lq3,train
4lq9,train
4lrh,train
4lsj,train
4lte,train
4lts,train
4luo,train
4lvt,train
4lw1,train
4lwc,train
4lwe,train
4lwh,train
4lwi,train
4lwt,train
4lwu,train
4lwv,train
4lww,train
4lxa,train
4lxb,train
4lxd,train
4lxk,train
4lxm,train
4ly9,train
4lyn,train
4lyw,train
4lzr,train
4lzs,train
4m0e,train
4m0f,train
4m0r,train
4m0y,train
4m12,train
4m13,train
4m14,train
4m3b,train
4m3d,train
4m3e,train
4m3f,train
4m3g,train
4m3m,train
4m6p,train
4m6q,train
4m7b,train
4m7y,train
4m84,train
4m8e,train
4m8h,train
4m8x,train
4m8y,train
4man,train
4mb9,train
4mbc,train
4mbi,train
4mbj,train
4mbl,train
4mc1,train
4mc2,train
4mc6,train
4mc9,train
4mcb,train
4mcc,train
4mcd,train
4mcv,train
4mdn,train
4mdq,train
4mds,train
4men,train
4meo,train
4mep,train
4meq,train
4mex,train
4mf0,train
4mf1,train
4mg5,train
4mg6,train
4mg7,train
4mg8,train
4mg9,train
4mga,train
4mgb,train
4mgc,train
4mgd,train
4mha,train
4mib,train
4mjp,train
4mjr,train
4mk0,train
4mk7,train
4mk8,train
4mk9,train
4mka,train
4mmm,train
4mmp,train
4mnp,train
4mo4,train
4mot,train
4mp7,train
4mpc,train
4mpe,train
4mpn,train
4mq1,train
4mq2,train
4mq6,train
4mqp,train
4mqu,train
4mr3,train
4mr4,train
4mr5,train
4mr6,train
4mra,train
4mrd,train
4mre,train
4mrf,train
4mrg,train
4mrh,train
4mro,train
4msg,train
4msk,train
4msl,train
4msn,train
4mss,train
4msu,train
4mt9,train
4mti,train
4mu7,train
4mue,train
4muf,train
4muk,train
4mul,train
4muv,train
4mvw,train
4mvx,train
4mvy,train
4mw0,train
4mw1,train
4mw2,train
4mw5,train
4mw6,train
4mw9,train
4mwb,train
4mwc,train
4mwe,train
4mwq,train
4mwr,train
4mwu,train
4mwv,train
4mww,train
4mwx,train
4mwy,train
4mx0,train
4mx1,train
4mx5,train
4mx9,train
4mxa,train
4mxc,train
4my6,train
4myd,train
4mzf,train
4mzh,train
4mzj,train
4mzk,train
4mzl,train
4n00,train
4n07,train
4n1b,train
4n1t,train
4n1u,train
4n3r,train
4n3w,train
4n4s,train
4n4t,train
4n4v,train
4n5g,train
4n5t,train
4n6y,train
4n6z,train
4n70,train
4n7e,train
4n7h,train
4n7u,train
4n7y,train
4n84,train
4n8d,train
4n8e,train
4n8q,train
4n8r,train
4n9a,train
4n9b,train
4n9c,train
4n9d,train
4n9e,train
4na4,train
4na7,train
4na8,train
4na9,train
4nah,train
4nat,train
4nb3,train
4nb6,train
4nbn,train
4ncg,train
4ncm,train
4nct,train
4ndu,train
4ng9,train
4nga,train
4ngh,train
4nh7,train
4nh8,train
4nhc,train
4nie,train
4nj3,train
4nj9,train
4nja,train
4njd,train
4nk9,train
4nka,train
4nks,train
4nl1,train
4nld,train
4nmo,train
4nmp,train
4nmq,train
4nms,train
4nmt,train
4nni,train
4nnr,train
4non,train
4np2,train
4np3,train
4nra,train
4nrb,train
4nrc,train
4nrt,train
4nru,train
4ntj,train
4nuc,train
4nud,train
4nue,train
4nus,train
4nvp,train
4nvq,train
4nw2,train
4nw5,train
4nw6,train
4nwc,train
4nwd,train
4nwk,train
4nwm,train
4nxr,train
4nxu,train
4nxv,train
4nyi,train
4nym,train
4nyt,train
4nzb,train
4o04,train
4o05,train
4o07,train
4o09,train
4o0a,train
4o0b,train
4o0r,train
4o0t,train
4o0v,train
4o0x,train
4o0y,train
4o0z,train
4o10,train
4o12,train
4o13,train
4o15,train
4o1b,train
4o1d,train
4o24,train
4o28,train
4o2a,train
4o2b,train
4o2p,train
4o37,train
4o3f,train
4o42,train
4o43,train
4o4g,train
4o4r,train
4o4y,train
4o62,train
4o6e,train
4o6w,train
4o70,train
4o71,train
4o72,train
4o74,train
4o75,train
4o76,train
4o77,train
4o78,train
4o7a,train
4o7b,train
4o7c,train
4o7e,train
4o7f,train
4o91,train
4o97,train
4o9s,train
4o9v,train
4o9w,train
4oag,train
4oar,train
4oas,train
4oaz,train
4oba,train
4obo,train
4obp,train
4obq,train
4obv,train
4obz,train
4occ,train
4ocq,train
4ocx,train
4ocz,train
4od0,train
4od9,train
4ode,train
4odf,train
4oee,train
4oef,train
4oeg,train
4ofb,train
4og3,train
4og4,train
4og5,train
4og6,train
4og7,train
4og8,train
4ogi,train
4ogj,train
4ogn,train
4ogt,train
4ogv,train
4ohk,train
4ohm,train
4oho,train
4ohp,train
4oiv,train
4ojr,train
4ok3,train
4ok5,train
4ok6,train
4okp,train
4oks,train
4old,train
4olh,train
4oma,train
4omj,train
4omk,train
4ona,train
4oo9,train
4op1,train
4op2,train
4op3,train
4oq3,train
4oq5,train
4oq6,train
4or0,train
4or4,train
4or6,train
4oru,train
4orx,train
4ory,train
4os1,train
4os2,train
4os4,train
4os6,train
4os7,train
4osf,train
4otf,train
4otg,train
4oth,train
4oti,train
4oty,train
4oue,train
4ovf,train
4ovg,train
4ovz,train
4ow0,train
4owm,train
4owo,train
4oya,train
4oyb,train
4oyi,train
4oym,train
4oyo,train
4oyp,train
4oys,train
4oyt,train
4oz2,train
4oz3,train
4ozj,train
4ozl,train
4ozn,train
4ozo,train
4p00,train
4p02,train
4p0n,train
4p1r,train
4p1u,train
4p2t,train
4p3h,train
4p4t,train
4p58,train
4p5d,train
4p5e,train
4p5z,train
4p6c,train
4p6e,train
4p6g,train
4p6w,train
4p6x,train
4p72,train
4p73,train
4p74,train
4p75,train
4p7e,train
4p90,train
4pax,train
4pce,train
4pci,train
4pcs,train
4pct,train
4pde,train
4pdk,train
4pee,train
4pf3,train
4pg3,train
4pgh,train
4ph4,train
4phu,train
4pin,train
4pio,train
4pjt,train
4pl6,train
4pml,train
4pmm,train
4pmp,train
4pms,train
4pmt,train
4pni,train
4pnk,train
4pnl,train
4pnm,train
4pnn,train
4pnq,train
4pnr,train
4pnt,train
4po0,train
4poh,train
4poj,train
4pop,train
4pov,train
4pow,train
4pp0,train
4pp3,train
4pp5,train
4pp7,train
4pp9,train
4ppa,train
4ppb,train
4ppc,train
4pqn,train
4prg,train
4prj,train
4pry,train
4ps0,train
4ps1,train
4ps3,train
4ps5,train
4ps7,train
4ps8,train
4psb,train
4psq,train
4psx,train
4ptc,train
4pte,train
4ptg,train
4puj,train
4puk,train
4pul,train
4pum,train
4puz,train
4pv0,train
4pv7,train
4pvv,train
4px6,train
4pxf,train
4pxm,train
4py1,train
4py2,train
4py4,train
4pyo,train
4pyq,train
4pyv,train
4pz8,train
4pzv,train
4pzw,train
4pzx,train
4q0a,train
4q0k,train
4q18,train
4q19,train
4q1a,train
4q1b,train
4q1c,train
4q1d,train
4q1e,train
4q1f,train
4q1n,train
4q1w,train
4q1x,train
4q1y,train
4q46,train
4q4o,train
4q4p,train
4q4q,train
4q4r,train
4q4s,train
4q93,train
4q9m,train
4q9o,train
4q9s,train
4q9z,train
4qaa,train
4qab,train
4qac,train
4qb3,train
4qbm,train
4qd6,train
4qdk,train
4qem,train
4qer,train
4qew,train
4qf9,train
4qfg,train
4qfr,train
4qg7,train
4qga,train
4qgf,train
4qgg,train
4qgh,train
4qgi,train
4qhc,train
4qij,train
4qip,train
4qjr,train
4qk4,train
4ql1,train
4ql8,train
4qlq,train
4qls,train
4qlt,train
4qlu,train
4qlv,train
4qmm,train
4qmn,train
4qmo,train
4qmp,train
4qmq,train
4qms,train
4qmt,train
4qmv,train
4qmw,train
4qmx,train
4qmy,train
4qmz,train
4qn7,train
4qn9,train
4qna,train
4qnb,train
4qnu,train
4qo4,train
4qo9,train
4qoc,train
4qp1,train
4qp2,train
4qp6,train
4qp7,train
4qp8,train
4qp9,train
4qpa,train
4qpd,train
4qpl,train
4qq4,train
4qr3,train
4qr4,train
4qr5,train
4qrc,train
4qsh,train
4qsk,train
4qsm,train
4qsu,train
4qsv,train
4qsw,train
4qsx,train
4qt0,train
4qt1,train
4qt2,train
4qta,train
4qtb,train
4qtc,train
4qvx,train
4qxo,train
4qxq,train
4qxr,train
4qxs,train
4qy3,train
4qye,train
4qyg,train
4qyh,train
4qyy,train
4qzs,train
4r06,train
4r07,train
4r0a,train
4r0i,train
4r17,train
4r18,train
4r1v,train
4r1y,train
4r3c,train
4r3w,train
4r4c,train
4r4o,train
4r4q,train
4r4t,train
4r5n,train
4r5w,train
4r5y,train
4r6e,train
4r6w,train
4r6x,train
4r73,train
4r74,train
4r75,train
4r8y,train
4r91,train
4r92,train
4r93,train
4r95,train
4ra1,train
4ra5,train
4rak,train
4rcd,train
4rce,train
4rcf,train
4rcg,train
4rcp,train
4rdn,train
4re2,train
4re3,train
4re4,train
4rfm,train
4rfy,train
4rfz,train
4rg0,train
4rh5,train
4rio,train
4rj3,train
4rj4,train
4rj5,train
4rj6,train
4rj7,train
4rj8,train
4rkx,train
4rlk,train
4rll,train
4rlt,train
4rlu,train
4rlw,train
4rme,train
4rn6,train
4rpn,train
4rpo,train
4rpv,train
4rqk,train
4rqv,train
4rr6,train
4rra,train
4rrf,train
4rrg,train
4rrn,train
4rro,train
4rrq,train
4rrr,train
4rrs,train
4rrv,train
4rs0,train
4rss,train
4rt0,train
4rt1,train
4ruu,train
4rvk,train
4rvl,train
4rvm,train
4rvr,train
4rvt,train
4rwj,train
4rwl,train
4rww,train
4rx5,train
4rx7,train
4rx8,train
4rx9,train
4ryc,train
4ryg,train
4ryl,train
4rz1,train
4s1g,train
4s3e,train
4s3f,train
4tju,train
4tjw,train
4tjy,train
4tjz,train
4tk0,train
4tk5,train
4tkb,train
4tkf,train
4tkg,train
4tkh,train
4tkj,train
4tlr,train
4tmf,train
4tmk,train
4tmp,train
4tmr,train
4tn2,train
4tn4,train
4tnw,train
4tpk,train
4tpt,train
4tpw,train
4tqn,train
4trc,train
4trw,train
4tsz,train
4tt2,train
4tte,train
4tu4,train
4tuh,train
4tun,train
4tv3,train
4tvj,train
4tw6,train
4tw7,train
4tw8,train
4twc,train
4twd,train
4twp,train
4twt,train
4tx6,train
4txc,train
4txe,train
4txs,train
4ty1,train
4ty6,train
4ty7,train
4ty8,train
4tya,train
4tyb,train
4tyl,train
4tyo,train
4tz2,train
4tz8,train
4u01,train
4u03,train
4u0e,train
4u0f,train
4u0g,train
4u0i,train
4u0m,train
4u0w,train
4u2y,train
4u3f,train
4u43,train
4u44,train
4u45,train
4u4x,train
4u54,train
4u58,train
4u5j,train
4u5s,train
4u5u,train
4u5v,train
4u68,train
4u6r,train
4u79,train
4u7o,train
4u7q,train
4u7t,train
4u7v,train
4u8w,train
4u90,train
4u93,train
4uac,train
4ual,train
4ucc,train
4ucd,train
4uco,train
4ucr,train
4ucs,train
4uct,train
4ucu,train
4ucv,train
4ud7,train
4uda,train
4udb,train
4ue1,train
4ufh,train
4ufi,train
4ufj,train
4ufk,train
4ufl,train
4ufm,train
4ufu,train
4ufz,train
4uhg,train
4ui3,train
4ui4,train
4ui5,train
4ui6,train
4ui7,train
4ui8,train
4uil,train
4uin,train
4uit,train
4uiu,train
4uiv,train
4uiw,train
4uiy,train
4uj1,train
4uj9,train
4ujb,train
4um1,train
4umn,train
4umq,train
4umr,train
4umt,train
4umu,train
4und,train
4unn,train
4unp,train
4unq,train
4unr,train
4uns,train
4urk,train
4url,train
4urm,train
4urn,train
4uro,train
4uru,train
4urw,train
4ury,train
4urz,train
4usj,train
4utn,train
4utr,train
4utv,train
4utx,train
4uu7,train
4uu8,train
4uua,train
4uub,train
4uuh,train
4uv8,train
4uv9,train
4uva,train
4uvb,train
4uvc,train
4uvu,train
4uvv,train
4uvw,train
4uvx,train
4uvy,train
4uw1,train
4uwf,train
4uwg,train
4uwh,train
4uwk,train
4uwl,train
4ux4,train
4ux9,train
4uxb,train
4uxh,train
4uxl,train
4uxq,train
4uyd,train
4uye,train
4uyf,train
4uyg,train
4uyn,train
4uzd,train
4uzh,train
4v01,train
4v05,train
4v0i,train
4v24,train
4v25,train
4v27,train
4w4s,train
4w4v,train
4w4w,train
4w4x,train
4w4y,train
4w4z,train
4w50,train
4w52,train
4w53,train
4w54,train
4w55,train
4w57,train
4w5a,train
4w7p,train
4w7t,train
4w97,train
4w9c,train
4w9d,train
4w9e,train
4w9f,train
4w9g,train
4w9h,train
4w9i,train
4w9j,train
4w9k,train
4w9l,train
4w9n,train
4w9o,train
4w9p,train
4w9q,train
4w9w,train
4w9x,train
4wa9,train
4waf,train
4wbo,train
4wcf,train
4wet,train
4wey,train
4wf2,train
4wf4,train
4wgi,train
4wh7,train
4wh9,train
4whh,train
4whl,train
4whq,train
4whs,train
4whz,train
4wi1,train
4wiv,train
4wj5,train
4wk1,train
4wkb,train
4wkc,train
4wkn,train
4wko,train
4wkp,train
4wlb,train
4wmu,train
4wmv,train
4wmx,train
4wn5,train
4wnk,train
4wnm,train
4wno,train
4wnp,train
4wop,train
4wov,train
4wp7,train
4wpf,train
4wpn,train
4wr8,train
4wrb,train
4wri,train
4wrq,train
4wrs,train
4wsy,train
4wt2,train
4wt6,train
4wtu,train
4wuy,train
4wvl,train
4wvs,train
4wvt,train
4wvu,train
4wwn,train
4wwo,train
4wwp,train
4wxi,train
4wy1,train
4wy6,train
4wyo,train
4wyp,train
4wyz,train
4wz8,train
4x0z,train
4x14,train
4x1f,train
4x1n,train
4x1p,train
4x1r,train
4x1s,train
4x24,train
4x2i,train
4x2l,train
4x34,train
4x3e,train
4x3s,train
4x3u,train
4x47,train
4x48,train
4x49,train
4x50,train
4x5p,train
4x5q,train
4x5r,train
4x5y,train
4x5z,train
4x60,train
4x61,train
4x63,train
4x6h,train
4x6k,train
4x6m,train
4x6n,train
4x6o,train
4x6s,train
4x6x,train
4x6y,train
4x7h,train
4x7i,train
4x7j,train
4x7k,train
4x7l,train
4x7n,train
4x7o,train
4x7q,train
4x8n,train
4x8t,train
4x8u,train
4x8v,train
4x9r,train
4x9v,train
4x9w,train
4xaq,train
4xar,train
4xas,train
4xbo,train
4xe0,train
4xg3,train
4xg4,train
4xg6,train
4xg7,train
4xg8,train
4xg9,train
4xhe,train
4xhk,train
4xhl,train
4xii,train
4xip,train
4xiq,train
4xir,train
4xit,train
4xj0,train
4xjs,train
4xjt,train
4xk9,train
4xkb,train
4xkx,train
4xmb,train
4xmo,train
4xnv,train
4xo8,train
4xoc,train
4xoe,train
4xqa,train
4xqb,train
4xrq,train
4xs2,train
4xsx,train
4xsy,train
4xsz,train
4xt9,train
4xta,train
4xtt,train
4xtv,train
4xtw,train
4xtx,train
4xty,train
4xtz,train
4xu0,train
4xu1,train
4xu2,train
4xu3,train
4xua,train
4xub,train
4xuh,train
4xum,train
4xv1,train
4xv2,train
4xv3,train
4xv9,train
4xx3,train
4xx4,train
4xx9,train
4xxh,train
4xxs,train
4xyc,train
4xyf,train
4y0a,train
4y16,train
4y24,train
4y2j,train
4y2p,train
4y2q,train
4y2s,train
4y2t,train
4y2u,train
4y2x,train
4y2y,train
4y32,train
4y38,train
4y3j,train
4y3y,train
4y46,train
4y4g,train
4y4j,train
4y4v,train
4y59,train
4y5d,train
4y5h,train
4y5i,train
4y62,train
4y64,train
4y6m,train
4y73,train
4y79,train
4y83,train
4y85,train
4y8d,train
4y8x,train
4y8y,train
4ya8,train
4yab,train
4yad,train
4yat,train
4yax,train
4yay,train
4yb6,train
4ybi,train
4ybj,train
4ybk,train
4ybm,train
4ybs,train
4ybt,train
4yc0,train
4yc8,train
4yc9,train
4ycm,train
4ycn,train
4ycu,train
4ycv,train
4ycw,train
4ydf,train
4ydg,train
4ydn,train
4ye3,train
4yes,train
4yfi,train
4yh3,train
4yh4,train
4yhm,train
4yho,train
4yhp,train
4yhq,train
4yht,train
4yhz,train
4yjn,train
4yk0,train
4yk5,train
4ykk,train
4ykn,train
4yl0,train
4yl1,train
4ylu,train
4ym2,train
4ymb,train
4ymg,train
4ymh,train
4ymj,train
4yml,train
4ynb,train
4ynd,train
4yne,train
4ynk,train
4yo6,train
4yo8,train
4yoi,train
4yoj,train
4yp1,train
4yp8,train
4ypf,train
4yps,train
4yqh,train
4yrc,train
4ysl,train
4yt6,train
4yt7,train
4ytc,train
4ytf,train
4yth,train
4yur,train
4yuw,train
4yux,train
4yuy,train
4yuz,train
4yv0,train
4yv1,train
4yv2,train
4yvc,train
4yve,train
4yxd,train
4yxo,train
4yxu,train
4yy6,train
4yyi,train
4yym,train
4yyn,train
4yz5,train
4yz9,train
4yzc,train
4yzn,train
4yzu,train
4z07,train
4z0e,train
4z0f,train
4z0k,train
4z1q,train
4z1s,train
4z22,train
4z2g,train
4z2h,train
4z2i,train
4z2j,train
4z2k,train
4z2l,train
4z3v,train
4z5w,train
4z6h,train
4z6i,train
4z7f,train
4z7h,train
4z84,train
4z8d,train
4z90,train
4z93,train
4z9l,train
4zae,train
4zam,train
4zb8,train
4zba,train
4zbf,train
4zbi,train
4zcs,train
4ze6,train
4zeb,train
4zec,train
4zed,train
4zei,train
4zek,train
4zfi,train
4zg7,train
4zg9,train
4zga,train
4zgk,train
4zh2,train
4zh4,train
4zhm,train
4zim,train
4zip,train
4zj8,train
4zjc,train
4zji,train
4zjj,train
4zjr,train
4zjw,train
4zk5,train
4zki,train
4zl4,train
4zlo,train
4zls,train
4zly,train
4zlz,train
4zme,train
4zmf,train
4zom,train
4zow,train
4zpf,train
4zpg,train
4zph,train
4zs0,train
4zs9,train
4zsa,train
4zsg,train
4zsh,train
4zsj,train
4zsm,train
4zsp,train
4zsq,train
4zsr,train
4ztl,train
4ztm,train
4ztn,train
4ztq,train
4ztr,train
4zts,train
4zud,train
4zxx,train
4zxy,train
4zy4,train
4zy5,train
4zy6,train
4zyc,train
4zyf,train
4zyi,train
4zyr,train
4zyt,train
4zyu,train
4zyv,train
4zyw,train
4zyx,train
4zyy,train
4zyz,train
4zz0,train
4zz1,train
4zz2,train
4zz3,train
4zzx,train
4zzy,train
4zzz,train
5a00,train
5a09,train
5a0a,train
5a0b,train
5a0c,train
5a0e,train
5a14,train
5a2k,train
5a3x,train
5a46,train
5a4c,train
5a4e,train
5a4l,train
5a4q,train
5a4t,train
5a54,train
5a5p,train
5a5q,train
5a5r,train
5a5s,train
5a69,train
5a6a,train
5a6b,train
5a6i,train
5a6k,train
5a6n,train
5a7b,train
5a7c,train
5a7j,train
5a7y,train
5a81,train
5a82,train
5a83,train
5a85,train
5a8x,train
5a8y,train
5a8z,train
5a9u,train
5aa8,train
5aa9,train
5aab,train
5aad,train
5aae,train
5aaf,train
5aag,train
5ab9,train
5abe,train
5abf,train
5abg,train
5abh,train
5abw,train
5acy,train
5adq,train
5adr,train
5ads,train
5adt,train
5aeh,train
5aep,train
5afk,train
5afl,train
5afn,train
5afv,train
5agu,train
5agv,train
5ah2,train
5ahw,train
5ai1,train
5ai5,train
5ai8,train
5aia,train
5aib,train
5aic,train
5ais,train
5aiv,train
5aix,train
5ajc,train
5ajo,train
5ajv,train
5ajw,train
5ajx,train
5ajy,train
5ajz,train
5ak0,train
5ak2,train
5ak4,train
5ak5,train
5ake,train
5akg,train
5akh,train
5aki,train
5akj,train
5akl,train
5aku,train
5akw,train
5akz,train
5al1,train
5al2,train
5al3,train
5al4,train
5al5,train
5alb,train
5alc,train
5ald,train
5ale,train
5alg,train
5alh,train
5alj,train
5alk,train
5all,train
5alm,train
5aln,train
5alo,train
5alp,train
5alr,train
5als,train
5alt,train
5alu,train
5alv,train
5alw,train
5alx,train
5aly,train
5alz,train
5am0,train
5am1,train
5am2,train
5am3,train
5am4,train
5am5,train
5am6,train
5am7,train
5amn,train
5ans,train
5ant,train
5anu,train
5anv,train
5anw,train
5aok,train
5aom,train
5ap0,train
5ap2,train
5ap3,train
5ap4,train
5ap5,train
5ap6,train
5ap7,train
5aph,train
5apj,train
5aqf,train
5aqg,train
5aqj,train
5aqk,train
5aqn,train
5aqo,train
5aqp,train
5aqq,train
5aqr,train
5aqt,train
5aqu,train
5aqv,train
5aqz,train
5ar0,train
5ar4,train
5ar5,train
5ar7,train
5ar8,train
5arf,train
5arg,train
5aut,train
5auu,train
5auv,train
5auw,train
5aux,train
5auy,train
5auz,train
5av0,train
5avf,train
5avi,train
5awj,train
5ax9,train
5axi,train
5ayf,train
5ayt,train
5ayy,train
5b0x,train
5b1s,train
5b4w,train
5b5b,train
5b5f,val
5b5g,val
5bml,train
5bmm,train
5bms,train
5bnj,train
5bnr,train
5bns,train
5boj,train
5bpe,train
5bq0,train
5bqg,train
5bqh,train
5bqi,train
5bqs,train
5bry,train
5bs4,train
5btr,train
5btv,train
5btx,train
5bue,train
5bui,train
5buj,train
5bv3,train
5bvd,train
5bve,train
5bvf,train
5bvk,train
5bvn,train
5bvo,train
5bvw,train
5bw4,train
5bwb,train
5byy,train
5byz,train
5c0k,train
5c0m,train
5c11,train
5c13,train
5c1m,train
5c26,train
5c3k,train
5c42,train
5c4k,train
5c4l,train
5c4o,train
5c4s,train
5c4t,train
5c4u,train
5c5h,train
5c6o,train
5c6p,train
5c7a,train
5c7b,train
5c7c,train
5c7d,train
5c83,train
5c84,train
5c87,train
5c8k,train
5c8m,train
5c8n,train
5cal,train
5can,train
5cao,train
5cap,train
5caq,train
5cas,train
5cau,train
5cav,train
5cbr,train
5cbs,train
5cc2,train
5ccl,train
5ccm,train
5ceo,train
5cep,train
5ceq,train
5cf4,train
5cf5,train
5cf6,train
5cf8,train
5cfb,train
5cgc,train
5cgd,train
5cgj,train
5chk,train
5ckr,train
5cks,train
5clm,train
5cnj,train
5cnm,train
5cp5,train
5cp9,train
5cpr,val
5cqt,train
5cr7,train
5cs3,train
5cs6,train
5csd,train
5csp,train
5cst,train
5csw,train
5csx,train
5ct2,train
5ct7,train
5ctb,train
5ctc,train
5cte,train
5cu2,train
5cu4,train
5cvd,train
5cw8,train
5cwa,train
5cxh,train
5cxi,train
5cxz,train
5cy3,train
5cy9,train
5czb,train
5d0c,train
5d0r,train
5d10,train
5d12,train
5d1j,train
5d1r,train
5d1w,train
5d24,train
5d25,train
5d26,train
5d3h,train
5d3j,train
5d3l,train
5d3n,train
5d3p,train
5d3s,train
5d3t,train
5d3x,train
5d45,train
5d47,train
5d48,train
5d4a,train
5d6p,train
5d6q,train
5d6y,train
5d75,train
5d7a,train
5d7e,train
5d7x,train
5d9k,train
5d9l,train
5da3,train
5db0,train
5db1,train
5db2,train
5db3,train
5dbm,train
5dcz,train
5dd9,train
5dda,train
5ddb,train
5ddc,train
5ddd,train
5dde,train
5ddf,train
5dex,train
5dey,train
5dfp,train
5dgm,train
5dgu,train
5dgw,train
5dgz,train
5dh3,train
5dhg,train
5dhh,train
5dhj,train
5dhp,train
5dhr,train
5dhs,train
5dhu,train
5di1,train
5dia,train
5dif,train
5dit,train
5diu,train
5div,train
5djp,train
5djr,train
5djv,train
5dkr,train
5dl1,train
5dls,train
5dlx,train
5dlz,train
5dms,train
5dnu,train
5dq8,train
5dqc,train
5dqf,train
5drt,train
5dry,train
5dsx,train
5dt2,train
5dtj,train
5dtk,train
5dtm,train
5dtq,train
5dtr,train
5dts,train
5dtt,train
5dtw,train
5du4,train
5du6,train
5du8,train
5duc,train
5duf,train
5dus,train
5duw,train
5dv2,train
5dva,train
5dw1,train
5dw2,train
5dwr,train
5dx3,train
5dxb,train
5dxe,train
5dxg,train
5dxh,train
5dxt,train
5dxu,train
5dy5,train
5dy7,train
5dya,train
5dyo,train
5dyt,train
5dyw,val
5dyy,val
5e13,train
5e1b,train
5e1d,train
5e1e,train
5e1m,train
5e1o,train
5e1s,train
5e2l,train
5e2o,train
5e2p,train
5e2v,train
5e2w,train
5e3d,train
5e5g,train
5e73,train
5e74,train
5e80,train
5e88,train
5e89,train
5e8a,train
5e8f,train
5e8r,train
5e8w,train
5e8z,train
5e90,train
5e91,train
5ea3,train
5ea5,train
5ea6,train
5ea7,train
5eak,train
5eb3,train
5ece,train
5ech,train
5eci,train
5edb,train
5edc,train
5edl,train
5edq,train
5edr,train
5eds,train
5ee7,train
5eeq,train
5efa,train
5efc,train
5eg4,train
5egm,train
5egs,train
5egu,train
5eh0,train
5ehi,train
5ehp,train
5ehq,train
5ehr,train
5ehy,train
5ei2,train
5ei3,train
5ei4,train
5ei6,train
5ei8,train
5eie,train
5eif,train
5eis,train
5eiw,train
5ejl,train
5ejv,train
5ejw,train
5ek0,train
5ek9,train
5ekn,train
5eko,train
5ekx,train
5el2,train
5eld,train
5elf,train
5elv,train
5em3,train
5em5,train
5em6,train
5em7,train
5ema,train
5emb,train
5emj,train
5emk,train
5eml,train
5emm,train
5en3,train
5enb,train
5eng,train
5enk,train
5enm,train
5eob,train
5eol,train
5eom,train
5ep7,train
5epk,train
5epl,train
5epn,train
5epr,train
5eps,train
5epy,train
5eq0,train
5eq1,train
5eqe,train
5eqp,train
5eqq,train
5eqy,train
5er4,train
5er5,train
5erg,train
5es1,train
5etb,train
5eth,train
5etj,train
5etx,train
5ety,train
5eu1,train
5euk,train
5eva,train
5ew3,train
5ew9,train
5ewd,train
5ewh,train
5ewj,train
5ewk,train
5ewm,train
5ewy,train
5ewz,train
5exl,train
5exm,train
5exn,train
5exw,train
5exx,train
5ey0,train
5ey4,train
5ey8,train
5ey9,train
5eyc,train
5eyd,train
5eyk,train
5eym,train
5eyr,train
5ezg,train
5ezh,train
5ezx,train
5ezz,train
5f00,train
5f01,train
5f08,train
5f0c,train
5f0f,train
5f0h,train
5f1h,train
5f1j,train
5f1l,train
5f1r,train
5f1u,train
5f1v,train
5f1x,train
5f1z,train
5f20,train
5f25,train
5f27,train
5f29,val
5f2f,train
5f2k,train
5f2p,train
5f2u,train
5f3t,train
5f3z,train
5f41,train
5f4l,train
5f4n,train
5f5z,val
5f60,val
5f61,val
5f62,val
5f63,val
5f6d,train
5f6u,train
5f6v,train
5f74,train
5f8y,train
5f90,train
5f91,train
5f94,train
5f95,train
5f9e,train
5fah,train
5fb0,train
5fb1,train
5fb7,train
5fbe,train
5fbn,train
5fbo,train
5fck,train
5fcz,train
5fd2,train
5fdo,train
5fdp,train
5fdr,train
5fdz,train
5fe6,train
5fe7,train
5fe9,train
5fgk,train
5fh6,train
5fh7,train
5fh8,train
5fhm,train
5fhn,train
5fho,train
5fi2,train
5fi6,train
5fiv,train
5fkj,train
5fky,train
5fl0,train
5fl1,train
5fnc,train
5fnd,train
5fnf,train
5fnq,train
5fnr,train
5fns,train
5fnt,train
5fnu,train
5fog,train
5fol,train
5fot,train
5fp0,train
5fpp,train
5fqp,train
5fqr,train
5fqs,train
5fqt,train
5fqv,train
5fs5,train
5fsc,val
5fsl,train
5fsm,train
5fsn,train
5fso,val
5fsx,train
5fsy,train
5ftg,train
5fto,train
5ftq,train
5fum,train
5fus,train
5fwa,train
5fwg,train
5fwr,train
5fxq,train
5fxr,train
5fxs,train
5fyq,train
5g1n,train
5g1p,train
5g1z,val
5g22,val
5g2g,train
5g2n,train
5g42,train
5g43,train
5g46,train
5g4m,train
5g4n,train
5g4o,train
5g53,train
5g5f,val
5g5z,val
5g60,val
5g61,val
5ggj,train
5ggk,train
5ggl,train
5ggn,train
5ggo,train
5ggz,val
5ghv,train
5gic,train
5gid,train
5gjd,train
5gjf,train
5gjg,train
5gmh,train
5gmv,val
5goe,val
5gr9,train
5gs4,val
5gsa,val
5gsw,val
5gtr,val
5gub,val
5gvk,val
5gvl,val
5gvm,val
5gvn,val
5gvp,val
5gx6,val
5gx7,val
5h08,val
5h09,val
5h0b,val
5h0e,val
5h0g,val
5h0h,val
5h13,val
5h14,val
5h15,val
5h17,val
5h19,val
5h1e,val
5h1t,val
5h1u,val
5h1v,val
5h21,val
5h2u,val
5h3q,val
5h4j,val
5h5f,val
5h5q,train
5h5r,train
5h5s,train
5h85,val
5h8b,train
5h8e,train
5h8g,train
5h9p,train
5h9q,train
5h9r,train
5h9s,train
5ha1,train
5hbe,train
5hbh,train
5hbj,train
5hbn,train
5hbs,train
5hcl,val
5hct,train
5hcv,train
5hcx,train
5hcy,train
5hd0,train
5hdu,train
5hdv,train
5hdx,train
5hdz,train
5he0,train
5he1,train
5he2,train
5he3,train
5he4,train
5he5,train
5he7,train
5hes,train
5hfj,train
5hfu,train
5hg1,train
5hgc,train
5hgq,train
5hjb,train
5hjc,train
5hjd,train
5hk1,train
5hk9,train
5hka,train
5hkm,train
5hln,train
5hlp,train
5hls,train
5hlw,train
5hm0,train
5hmh,train
5hmi,train
5hmk,train
5hmy,train
5hn0,train
5hn7,train
5hn8,train
5hn9,train
5hna,train
5hng,train
5ho6,train
5ho7,train
5ho8,train
5hor,train
5hpm,train
5hrv,train
5hrw,train
5hrx,train
5htb,train
5htc,train
5htl,train
5htz,train
5hu0,train
5hu1,train
5hu9,train
5hv1,train
5hvs,train
5hvt,train
5hvu,val
5hvy,train
5hwv,train
5hx6,train
5hx8,train
5hyq,train
5hyr,train
5hyx,val
5hz5,val
5hz6,train
5hz8,train
5hz9,train
5hzn,train
5hzx,train
5i1q,train
5i29,train
5i2e,train
5i3v,train
5i3w,train
5i3x,train
5i3y,train
5i40,train
5i4v,train
5i56,train
5i58,train
5i59,train
5i5x,train
5i5z,train
5i7u,train
5i7x,train
5i7y,train
5i80,train
5i83,train
5i86,train
5i88,train
5i89,train
5i8b,train
5i8g,train
5i8p,train
5i94,train
5i9i,train
5i9x,train
5i9y,train
5i9z,train
5ia0,train
5ia1,train
5ia2,train
5ia3,train
5ia4,train
5ia5,train
5iaw,val
5ick,val
5icp,train
5icv,train
5icx,train
5icy,train
5id0,train
5idn,train
5idp,train
5ie1,train
5iee,train
5ief,train
5ieg,train
5ier,val
5iez,val
5if4,val
5ifu,train
5igk,train
5igl,train
5igm,train
5ih5,train
5ih8,train
5ih9,train
5iha,train
5ihc,train
5ihh,train
5ii1,train
5ii2,train
5iis,train
5ij7,train
5ijr,val
5ikb,train
5il1,train
5ime,train
5in9,train
5iok,train
5ioy,val
5ioz,val
5ipa,val
5ipc,val
5ipj,train
5iql,train
5ism,train
5itd,train
5ito,train
5itp,train
5iu2,train
5iu4,train
5iu6,val
5iu7,train
5iu8,train
5iua,train
5iub,train
5iug,train
5iuh,train
5iui,train
5iv2,train
5iv4,train
5ivn,train
5ivs,train
5ivt,train
5ivz,train
5ix1,train
5ixq,train
5ixt,train
5iyv,train
5iyy,val
5izc,val
5izf,train
5izj,train
5izk,train
5izq,train
5j0d,train
5j19,train
5j1r,val
5j1v,train
5j1w,train
5j1x,val
5j20,val
5j27,val
5j31,train
5j3l,val
5j3s,train
5j41,train
5j47,train
5j4n,train
5j4v,train
5j4y,train
5j58,val
5j59,val
5j5r,train
5j64,val
5j6a,val
5j6l,val
5j6m,val
5j6n,val
5j71,val
5j74,train
5j75,train
5j79,train
5j7b,train
5j7f,val
5j7g,val
5j7p,train
5j7q,train
5j7w,train
5j82,val
5j86,val
5j8u,val
5j9f,train
5j9l,val
5j9x,val
5ja0,val
5jah,train
5jal,train
5jan,train
5jao,train
5jap,train
5jar,train
5jas,train
5jat,train
5jau,train
5jcb,val
5jcj,train
5jdc,train
5jdi,train
5jek,train
5jeo,train
5jfp,train
5jfu,train
5jg1,train
5jga,train
5jgb,train
5jgd,train
5jgi,val
5jgq,val
5jha,val
5jhb,val
5jhk,val
5ji8,train
5jid,train
5jim,train
5jin,train
5jiq,train
5jiy,train
5jjm,val
5jjr,train
5jjs,train
5jlz,train
5jm4,val
5jnn,train
5jox,train
5jq5,val
5jq7,train
5jq8,val
5jq9,train
5jqb,train
5jr2,train
5jrq,train
5jrs,train
5jsg,val
5jsj,val
5jsm,train
5jsq,train
5jt2,train
5jur,val
5juz,val
5jv0,val
5jxq,train
5jy3,train
5jyo,train
5jyp,train
5jyy,train
5jz9,val
5jzb,val
5jzn,train
5k00,val
5k03,train
5k05,train
5k0b,train
5k0i,train
5k0m,val
5k0s,train
5k0t,train
5k0x,val
5k13,train
5k1d,val
5k1f,val
5k4i,train
5k4j,train
5k4x,train
5k4z,train
5k51,train
5k5e,train
5k5n,train
5k6a,val
5k6s,train
5k76,val
5k7h,train
5k8n,train
5k8s,train
5k9w,val
5ka1,val
5ka3,val
5ka7,val
5ka9,val
5kab,val
5kad,val
5kau,train
5kax,train
5kbe,train
5kbf,train
5kbg,train
5kbh,train
5kbi,train
5kbq,train
5kbr,train
5kby,train
5kcv,train
5kde,train
5kdf,train
5kdr,train
5ke0,train
5kej,val
5kew,train
5kez,val
5kh3,train
5kh7,train
5khd,train
5khg,train
5khh,train
5khi,train
5khj,train
5khk,train
5khm,train
5khx,train
5kit,train
5kj0,val
5kjk,train
5kjm,train
5kjn,train
5kkr,train
5kks,val
5kkt,val
5klp,train
5kly,val
5klz,val
5km0,val
5km1,val
5km2,val
5km3,val
5km5,val
5km9,val
5kma,val
5kmf,train
5knj,train
5ko1,train
5ko5,val
5koq,train
5kos,train
5kpk,test
5kpl,test
5kpm,test
5kq5,train
5kqd,train
5kqf,train
5kqg,train
5kql,train
5kqx,train
5kqy,train
5kr0,train
5kr1,train
5kr2,train
5kr8,train
5ks7,train
5ksx,val
5ktu,train
5ktw,train
5ktx,train
5ku3,train
5kup,train
5kv8,val
5kv9,val
5kw2,test
5kww,val
5kx7,train
5kx8,train
5kxi,train
5kya,train
5kyj,train
5kz0,train
5kzi,train
5kzq,train
5l13,val
5l15,val
5l17,val
5l2i,train
5l2m,val
5l2n,val
5l2o,val
5l2s,train
5l2t,train
5l2w,train
5l2y,train
5l2z,train
5l30,train
5l3a,train
5l3e,train
5l3f,train
5l3g,train
5l4e,train
5l4f,train
5l4i,train
5l6h,val
5l6i,val
5l6j,val
5l72,train
5l7e,train
5l7g,train
5l7h,train
5l7k,train
5l87,val
5l8a,val
5l8n,train
5l8o,train
5l8t,train
5l96,train
5l97,train
5l98,train
5l99,train
5l9o,train
5lav,train
5law,train
5lax,train
5lay,train
5lbq,train
5ld8,train
5ldm,val
5ldo,val
5lg3,train
5lgn,val
5lgo,train
5lgp,val
5lgs,val
5lgt,val
5lgu,val
5lh4,test
5lh8,train
5lhg,val
5lhh,val
5lhi,val
5lj0,train
5lj1,train
5lj2,train
5ljj,train
5lkr,train
5lli,train
5llm,val
5lm4,val
5lma,train
5lmb,train
5lne,train
5lny,val
5loh,train
5lom,train
5lp1,val
5lp6,train
5lpj,val
5lpk,val
5lpl,val
5lpm,val
5lqf,val
5ls6,val
5lsh,val
5lu2,val
5lud,val
5luu,train
5lvl,train
5lvn,train
5lvq,train
5lvr,train
5lwe,train
5lwm,train
5lws,val
5lx6,val
5lxb,train
5lxc,train
5lxd,train
5lxp,train
5ly3,train
5lyh,train
5lyr,val
5lyy,train
5lz2,train
5lz4,train
5lz5,train
5lz7,train
5lz8,train
5lz9,train
5lzg,val
5lzh,val
5lzj,val
5m0d,val
5m0m,val
5m0s,val
5m17,val
5m1z,train
5m23,val
5m25,val
5m2v,val
5m39,val
5m3a,val
5m44,val
5m4c,val
5m4f,val
5m4i,val
5m4k,val
5m4u,val
5m51,train
5m53,train
5m55,train
5m56,val
5m57,train
5m5d,val
5m63,val
5m6f,val
5m6h,val
5m6m,val
5m6u,val
5m77,val
5m7s,val
5m7t,val
5m7u,val
5mar,val
5mat,val
5mek,val
5mes,val
5mev,val
5mf6,train
5mg2,val
5mge,val
5mgf,val
5mgg,val
5mgj,val
5mgk,val
5mgl,val
5mgm,val
5mhq,val
5mi5,val
5mi7,val
5mim,val
5mja,val
5mkj,val
5mkr,val
5mks,val
5mkx,val
5mky,val
5mkz,val
5ml0,val
5ml2,val
5ml3,val
5ml4,val
5ml5,val
5ml6,val
5ml8,val
5mli,val
5mme,val
5mmg,val
5mmn,val
5mmp,val
5mn1,val
5mnb,val
5mnc,val
5mnn,test
5mno,test
5mo8,val
5mob,val
5mpk,test
5mpn,test
5mpz,val
5mql,val
5mqt,val
5mqv,val
5mrb,val
5mrh,val
5mri,val
5mro,val
5mrp,val
5mt0,val
5mt4,val
5mtx,val
5mty,val
5muc,test
5mw2,val
5mw3,val
5mw4,val
5mw6,val
5mwd,val
5mwg,test
5mwh,test
5mwj,val
5mwo,val
5mwp,test
5mwy,test
5mwz,test
5mxf,val
5mxk,val
5mxo,val
5mxv,val
5mxx,val
5my8,val
5myg,val
5myk,val
5myl,val
5mym,val
5myn,val
5myo,val
5myr,val
5mys,val
5myv,val
5myx,val
5mz3,val
5mz8,val
5mzg,test
5n0f,val
5n16,val
5n17,val
5n18,val
5n1v,val
5n1x,val
5n1z,val
5n20,val
5n21,val
5n2d,val
5n2f,val
5n49,val
5n53,val
5n69,val
5n6s,val
5n7v,val
5n8j,val
5n8t,val
5n8v,val
5n8w,val
5n93,val
5n99,val
5n9k,test
5n9l,test
5n9n,test
5n9s,val
5n9t,val
5na0,val
5nad,val
5nap,test
5nar,val
5nau,test
5naw,val
5nb6,val
5nba,val
5nbw,val
5ncy,val
5ncz,val
5ndd,val
5ndf,val
5neb,val
5nev,val
5nf5,val
5nf6,val
5nf9,val
5nfa,val
5nfb,val
5nfh,val
5ng9,val
5ngb,val
5nge,val
5ngr,val
5ngs,val
5ngt,val
5ngu,val
5ngz,val
5nhf,val
5nhh,val
5nhj,val
5nhl,val
5nho,val
5nhp,val
5nhv,val
5nhy,val
5ni5,test
5ni7,test
5ni8,test
5nib,test
5nih,val
5njz,val
5nk2,val
5nk3,val
5nk4,val
5nk6,val
5nk7,val
5nk8,val
5nk9,val
5nka,val
5nkb,val
5nkc,val
5nkd,val
5nkg,val
5nkh,val
5nki,val
5nkn,test
5nlk,test
5nn0,test
5nn4,val
5nn5,val
5nn6,val
5nne,test
5nob,val
5npc,val
5npd,val
5npe,val
5npf,val
5npr,test
5nps,test
5nq5,test
5nqe,val
5nqr,test
5nr7,test
5nrf,test
5nsp,val
5nsx,test
5nt0,test
5nt4,test
5ntk,val
5ntp,val
5ntq,val
5ntt,val
5ntw,val
5nu1,val
5nu3,val
5nu5,val
5nut,test
5nvc,test
5nve,test
5nvf,test
5nvh,test
5nvv,val
5nvw,val
5nvx,val
5nvy,val
5nvz,val
5nw0,val
5nw1,val
5nw2,val
5nwb,test
5nwc,test
5nwd,test
5nwe,test
5nwg,test
5nwh,test
5nwi,val
5nwk,val
5nx2,val
5nxq,val
5ny6,test
5nyh,test
5nz4,test
5nze,test
5nzf,test
5nzn,test
5nzo,val
5nzp,val
5nzq,val
5o0s,val
5o11,val
5o1s,test
5o22,test
5o2d,val
5o3q,test
5o3r,test
5o45,val
5o48,test
5o4f,val
5o4s,test
5o4t,test
5o4y,val
5o55,test
5o5a,test
5o5f,test
5o83,val
5o87,test
5o91,val
5o9h,test
5o9o,test
5o9p,test
5o9q,test
5o9r,test
5o9y,test
5oa2,test
5oa6,test
5oaj,test
5oax,test
5obg,test
5oci,test
5ocj,test
5ods,test
5odx,test
5ody,test
5oei,val
5ofu,val
5ofv,val
5ofw,val
5ogb,test
5ogk,val
5oh1,test
5oh2,test
5oh3,test
5oh4,test
5oh7,test
5oh9,test
5oha,test
5oht,test
5ohy,test
5oje,test
5okt,test
5oku,val
5om2,test
5om7,test
5one,val
5oot,val
5op2,val
5op4,val
5op5,val
5opb,val
5opr,val
5ops,val
5opu,val
5opv,val
5oq4,val
5oq5,val
5oq6,val
5oq7,val
5oq8,val
5oqu,test
5oqw,test
5or9,val
5orb,val
5orh,test
5ork,test
5orr,val
5ort,val
5orv,val
5orw,val
5orx,val
5ory,val
5orz,val
5os0,val
5os1,val
5os2,val
5os3,val
5os4,val
5os5,val
5os7,test
5os8,test
5osd,val
5ose,val
5osk,val
5osl,test
5oss,test
5ost,test
5osy,test
5ot8,val
5ot9,val
5ota,val
5otc,val
5otz,test
5oul,test
5ov8,test
5ov9,val
5ovr,val
5ovx,val
5ow1,val
5owa,test
5ows,test
5owt,test
5oxg,val
5oxk,test
5oxl,test
5oxm,test
5oxn,test
5prc,train
5pzm,val
5pzn,val
5q0d,val
5q0e,val
5q0f,val
5q0g,val
5q0h,val
5q0i,val
5q0j,val
5q0m,val
5q0n,val
5q0o,val
5q0p,val
5q0q,val
5q0r,val
5q0s,val
5q0t,val
5q0u,val
5q0v,val
5q0x,val
5q0y,val
5q0z,val
5q10,val
5q11,val
5q12,val
5q13,val
5q14,val
5q15,val
5q16,val
5q18,val
5q19,val
5q1a,val
5q1b,val
5q1c,val
5q1d,val
5q1f,val
5q1g,val
5q1h,val
5q1i,val
5qa4,test
5qa5,test
5qa6,test
5qad,test
5qae,test
5qah,test
5qak,test
5qaq,test
5qar,test
5qau,test
5qax,test
5qay,test
5qb1,test
5qbv,val
5qby,val
5qc4,val
5qck,val
5qcl,val
5qcm,val
5qcn,val
5qik,test
5qil,test
5qim,test
5qin,test
5qqp,test
5qtt,test
5svk,train
5svx,train
5svy,train
5swf,train
5swg,val
5sxk,val
5sxn,train
5sy2,train
5sy3,train
5sym,train
5syn,train
5sz2,train
5sz9,train
5t18,val
5t19,val
5t1a,train
5t1i,train
5t1k,train
5t1l,train
5t1m,train
5t1s,val
5t1t,val
5t1u,val
5t1w,val
5t23,val
5t27,val
5t28,val
5t2b,val
5t2d,val
5t2g,val
5t2i,val
5t2l,val
5t2m,val
5t2p,val
5t2y,val
5t31,test
5t35,val
5t36,val
5t37,val
5t3n,train
5t4b,train
5t4e,train
5t4f,train
5t4h,train
5t4u,val
5t4v,val
5t5g,train
5t68,train
5t78,val
5t7s,val
5t8e,val
5t8j,val
5t8o,val
5t8p,val
5t8q,val
5t92,val
5t97,val
5t9u,val
5t9w,val
5t9z,val
5ta2,val
5ta4,val
5ta6,val
5tb6,train
5tbe,val
5tbm,train
5tbp,val
5tc0,val
5tci,val
5tcj,val
5tco,val
5td2,val
5tdb,val
5tdw,train
5tef,train
5teg,train
5tex,val
5tgc,val
5tha,train
5tho,val
5ti2,val
5ti4,val
5ti6,val
5tig,test
5tiu,val
5tjx,train
5tkd,train
5tks,val
5tkt,val
5tku,val
5tl9,val
5tmp,train
5tnt,val
5to8,train
5tob,val
5toe,val
5tp0,val
5tpb,val
5tpx,val
5tq1,val
5tq3,val
5tq4,val
5tq5,val
5tq6,val
5tq7,val
5tq8,val
5tqe,val
5tqf,val
5tqg,val
5tqs,val
5tqu,val
5tr6,train
5trf,train
5trg,val
5trh,train
5tri,train
5trj,train
5trk,train
5trr,val
5trs,val
5try,val
5ts0,val
5tt7,train
5ttf,train
5ttg,val
5ttw,val
5tuq,val
5tus,val
5tuy,val
5tuz,val
5tvn,val
5tw3,val
5tw5,val
5twh,val
5twj,val
5twl,val
5two,val
5twx,val
5tx3,val
5tx5,val
5tyh,val
5tyr,val
5tys,val
5tzd,val
5tzf,val
5tzg,val
5tzo,val
5tzy,val
5u0w,val
5u0y,val
5u0z,val
5u11,val
5u12,val
5u13,val
5u14,val
5u28,val
5u2c,val
5u2e,val
5u2f,val
5u49,val
5u4b,val
5u4d,val
5u4x,train
5u5h,val
5u5k,val
5u5l,val
5u5t,val
5u62,val
5u66,val
5u69,val
5u6b,val
5u6c,val
5u6d,val
5u6j,val
5u6k,val
5u6v,val
5u7m,val
5u7o,val
5u8f,val
5u98,val
5u9d,val
5uac,val
5uah,val
5ual,val
5ubt,val
5uc1,val
5uc4,test
5uch,test
5uci,test
5ucj,test
5ueu,val
5uex,val
5uey,val
5uez,val
5uf0,val
5ufi,val
5ufo,val
5ufp,val
5ufr,val
5ufs,val
5uga,val
5ugb,val
5ugd,val
5ugg,val
5ugh,val
5uig,val
5uiq,val
5uir,val
5uis,val
5uit,val
5uiu,val
5ujv,val
5uk8,val
5ukj,val
5ukk,val
5ukl,val
5ukm,val
5ul1,val
5ula,val
5ult,val
5umx,test
5umy,test
5un9,val
5unf,val
5ung,val
5unh,val
5unj,val
5unp,test
5uoo,val
5uor,val
5uov,val
5uox,val
5up3,val
5upe,val
5upf,val
5upz,val
5uqv,val
5uqx,val
5ur1,val
5ur5,val
5ur6,val
5ur9,val
5ura,val
5urj,val
5urk,val
5urm,val
5usf,val
5usq,val
5usy,val
5usz,val
5ut0,val
5ut4,val
5ut6,val
5uuu,val
5uvc,val
5uwi,val
5uwj,val
5uwp,val
5ux4,test
5uxf,val
5uxm,test
5uxn,test
5uy8,test
5uyu,val
5uz0,test
5uzj,test
5uzk,test
5v0n,val
5v13,val
5v19,val
5v24,val
5v2l,val
5v35,val
5v3o,val
5v3x,val
5v3y,val
5v40,val
5v41,val
5v42,val
5v49,val
5v4b,val
5v5d,val
5v5e,val
5v5n,val
5v5y,val
5v6u,val
5v79,val
5v7a,val
5v7t,val
5v7w,val
5v82,val
5v83,val
5v84,val
5v86,val
5v8o,val
5v8q,val
5v8v,val
5vad,val
5var,test
5vb5,val
5vb6,val
5vb7,val
5vc3,val
5vc4,val
5vc5,val
5vc6,val
5vcv,val
5vcw,val
5vcx,val
5vcy,val
5vcz,val
5vd0,val
5vd1,val
5vd2,val
5vd3,val
5vdk,val
5vdp,val
5vdq,val
5vdr,val
5vds,val
5vdt,val
5vdu,val
5vdv,val
5vdw,val
5vee,val
5vew,val
5vex,val
5vfc,val
5vfd,val
5vgo,val
5vh0,test
5vih,val
5vii,val
5vil,test
5vio,test
5vja,test
5vjn,val
5vjp,val
5vl2,test
5vlk,val
5vlp,val
5vlr,val
5vm0,test
5vm6,test
5vnb,test
5vo1,val
5vo2,val
5vo6,val
5voj,val
5vom,val
5vp9,val
5vpm,val
5vqq,val
5vqr,val
5vqs,val
5vqt,val
5vqu,val
5vqw,val
5vr8,val
5vrp,val
5vs6,val
5vsb,val
5vsc,val
5vsd,val
5vse,val
5vsf,val
5vsj,val
5vsk,val
5vt1,val
5vt4,val
5vyy,test
5w0e,test
5w0f,test
5w0i,test
5w0l,test
5w0q,test
5w19,test
5w1e,val
5w2s,test
5w4r,val
5w4v,val
5w4w,val
5w5j,val
5w5o,val
5w5s,val
5w5u,val
5w5v,test
5w6i,val
5w6o,test
5w6r,val
5w6t,val
5w6u,val
5w7x,test
5w84,val
5w85,val
5w86,val
5w8h,test
5w8j,test
5w99,val
5wa5,test
5wa8,val
5wa9,val
5wal,val
5wb6,val
5wbf,val
5wbm,val
5wbo,val
5wbp,val
5wbq,val
5wbr,val
5wbz,val
5wdj,test
5wev,val
5wf5,test
5wf6,test
5wf7,test
5wfc,test
5wfd,test
5wg3,val
5wg4,val
5wg5,val
5wg6,test
5wgd,test
5wgq,test
5whc,val
5wi0,test
5wi1,test
5wic,val
5wii,val
5wij,test
5win,test
5wip,val
5wj6,test
5wjj,test
5wl0,val
5wle,val
5wlo,val
5wmg,test
5wmt,test
5wo4,val
5wp5,val
5wqc,val
5wr7,val
5wre,val
5wrs,val
5ws3,val
5wuk,val
5wuu,val
5wvd,test
5wxf,test
5wxh,val
5wxo,test
5wxp,test
5wyx,val
5wyz,val
5x13,val
5x26,test
5x27,test
5x28,test
5x33,test
5x4n,val
5x4o,val
5x4q,val
5x62,val
5x72,val
5x73,val
5x74,val
5x8i,val
5xaf,val
5xag,test
5xg5,val
5xhs,test
5xiw,test
5xmp,val
5xmr,val
5xms,val
5xmt,val
5xmu,val
5xmv,val
5xmx,test
5xo7,test
5xpl,test
5xpm,test
5xpn,test
5xpo,test
5xpp,test
5xqx,val
5xs2,val
5xs8,test
5xsr,test
5xst,test
5xsu,test
5xv7,test
5xva,test
5xvf,test
5xvg,test
5xvk,val
5xvq,val
5xw6,val
5xxk,val
5xyx,test
5xyy,test
5xzr,val
5y0f,test
5y0g,test
5y0x,test
5y0z,test
5y12,test
5y20,test
5y3o,val
5y5n,val
5y5t,test
5y5u,test
5y7w,val
5y7z,test
5y80,test
5y86,test
5y8c,test
5y9l,val
5ya5,test
5yc3,test
5yc4,test
5yc8,test
5ye7,test
5ye8,test
5ye9,test
5yea,test
5yf1,test
5yfs,test
5yft,test
5yfz,test
5yg2,test
5yg3,test
5yg4,test
5ygd,test
5yia,test
5yib,test
5yic,test
5yij,test
5yj8,test
5yjb,test
5yjf,test
5yji,test
5yjk,val
5yjm,val
5yjp,val
5yjy,test
5yl2,test
5ylj,test
5yls,test
5ylt,test
5ylu,test
5ymx,test
5yp5,test
5yp6,test
5ypo,test
5yql,test
5yqn,test
5yqo,test
5yqw,test
5yqx,test
5ytu,test
5yv5,test
5yve,test
5yvx,test
5ywx,test
5ywy,test
5yyf,test
5yyz,test
5yz2,test
5yzc,test
5yzd,test
5z4h,test
5z4o,test
5z5f,test
5z66,test
5z7b,test
5z7j,test
5z89,test
5z99,test
5z9e,test
5za1,test
5za7,test
5za8,test
5zae,test
5zaf,test
5zag,test
5zah,test
5zaj,test
5zc5,test
5zdb,test
5zfi,test
5zg0,test
5zg1,test
5zg3,test
5zh2,test
5zh3,test
5zh4,test
5zh5,test
5zhl,test
5zia,test
5zk3,test
5zk8,test
5zkb,test
5zkc,test
5zku,test
5zla,test
5zmq,test
5zms,test
5znc,test
5znp,test
5znr,test
5zob,test
5ztn,test
5zun,test
5zwi,test
5zyg,test
5zyl,test
5zym,test
5zz4,test
5zzw,test
6aah,test
6aaj,test
6aak,test
6aam,test
6agg,test
6ajr,test
6ajv,test
6an1,test
6anl,test
6aol,val
6aom,val
6aox,test
6ap6,test
6ap7,test
6ap8,test
6apr,train
6apt,test
6apw,test
6aqf,test
6aqo,test
6aqq,test
6aqs,test
6ar2,test
6arj,test
6arm,test
6arn,test
6aro,test
6arv,test
6as8,test
6asz,val
6au5,val
6aud,val
6aum,test
6ax4,test
6axj,val
6axk,val
6axp,val
6axq,test
6ay3,test
6ay5,test
6ayd,val
6ayi,val
6ayn,val
6ayo,test
6ayq,test
6ayr,test
6ays,test
6ayt,test
6azk,val
6azl,val
6b16,val
6b1c,test
6b1k,test
6b22,test
6b2c,test
6b2p,test
6b31,test
6b4l,val
6b4n,val
6b4u,val
6b4w,val
6b5i,test
6b5j,test
6b5q,test
6b5r,test
6b5t,test
6b7a,val
6b7b,val
6b7c,val
6b7d,val
6b7e,val
6b7f,val
6b7h,test
6b8j,val
6b8u,val
6b8y,test
6baw,test
6bbu,test
6bbv,test
6bdy,test
6beb,test
6bec,test
6bfa,val
6bfd,val
6bfe,val
6bfn,val
6bfw,val
6bfx,val
6bg3,test
6bg5,test
6bhd,val
6bhe,val
6bhh,val
6bhi,val
6bhv,test
6bij,test
6bil,test
6bin,test
6bir,test
6biv,test
6bix,test
6biy,test
6biz,test
6bm5,test
6bm6,test
6bmr,test
6bmv,test
6bmx,test
6bnk,test
6bnl,test
6bny,test
6bod,test
6boy,test
6bqg,test
6bqh,test
6bqj,test
6bqk,test
6br2,test
6br3,test
6bsk,test
6bsx,test
6bt6,test
6bu0,test
6bu3,test
6bvb,test
6bw2,test
6bw5,test
6bw8,test
6c0n,test
6c0r,test
6c0s,test
6c0t,test
6c0u,test
6c1s,test
6c28,test
6c2r,test
6c2y,test
6c3e,test
6c4d,test
6c4g,test
6c4u,test
6c5f,test
6c5q,test
6c7r,test
6c85,test
6c91,test
6c98,test
6c99,test
6c9s,test
6c9v,test
6cb5,test
6cbf,test
6cbg,test
6cbh,test
6ccl,test
6ccn,test
6cco,test
6ccq,test
6ccs,test
6ccy,test
6cd4,test
6cdj,test
6cdl,test
6ce2,test
6ce6,test
6ce8,test
6cea,test
6cec,test
6ced,test
6cee,test
6cef,test
6cen,test
6cer,test
6cex,test
6cf5,test
6cfc,test
6cfd,test
6cgt,train
6chh,test
6chl,test
6chm,test
6chn,test
6cho,test
6chp,test
6chq,test
6cis,test
6ciy,test
6cj1,test
6cj5,test
6cje,test
6cjh,test
6cjr,test
6cjs,test
6cjw,test
6cjy,test
6ck3,test
6ck6,test
6ckc,test
6cki,test
6ckr,test
6cks,test
6ckw,test
6ckx,test
6clv,test
6cmj,test
6cmr,test
6cms,test
6cn5,test
6cn6,test
6coj,test
6cpw,test
6cq1,test
6cq4,test
6cq5,test
6cqf,test
6cvw,test
6cvx,test
6cvy,test
6cwf,test
6cwh,test
6cwi,test
6cwn,test
6cz3,test
6cz4,test
6czi,test
6czv,test
6d15,test
6d16,test
6d17,test
6d18,test
6d28,test
6d50,test
6d55,test
6d56,test
6d59,test
6d5e,test
6d5g,test
6d5h,test
6d5j,test
6dai,test
6dak,test
6dar,test
6das,test
6db3,test
6dcg,test
6df1,test
6df2,test
6df4,test
6df7,test
6dgl,test
6dgq,test
6dgr,test
6dgt,test
6dgx,test
6dgy,test
6dgz,test
6dh0,test
6dh1,test
6dh2,test
6dh3,test
6dh4,test
6dh5,test
6dh6,test
6dh7,test
6dh8,test
6dhc,test
6di0,test
6dif,test
6dik,test
6dil,test
6dj1,test
6dj2,test
6dj5,test
6dj7,test
6djc,test
6dk1,test
6dkb,test
6dkg,test
6dki,test
6dl2,test
6dm8,test
6dne,test
6dpt,test
6dpx,test
6dpy,test
6dpz,test
6drx,test
6dry,test
6drz,test
6ds0,test
6dsp,test
6dub,test
6duf,test
6dug,test
6duh,test
6dxg,test
6dxl,test
6dxx,test
6dy7,test
6dyr,test
6dys,test
6dyu,test
6dyv,test
6dyw,test
6dyy,test
6dyz,test
6dz0,test
6dz2,test
6dz3,test
6dzx,test
6e1y,test
6e1z,test
6e22,test
6e23,test
6e2m,test
6e2n,test
6e2o,test
6e4a,test
6e4f,test
6e4u,test
6e4w,test
6e59,test
6e5l,test
6e5t,test
6e6m,test
6e7j,test
6e7r,test
6e7t,test
6e7u,test
6e8k,test
6e8m,test
6e99,test
6e9a,test
6e9l,test
6e9w,test
6ed6,test
6ehh,test
6ei5,test
6eif,test
6eij,test
6eil,test
6eip,test
6eiq,test
6eir,test
6eis,test
6eiz,test
6ej2,test
6ej3,test
6ej4,test
6ek3,test
6ekd,test
6ekq,test
6eks,val
6eku,val
6el5,test
6eln,test
6elo,test
6elp,test
6emh,test
6emu,test
6en4,test
6enx,val
6eo0,val
6eo8,val
6eo9,val
6eog,test
6eol,test
6ep4,val
6epz,test
6eq1,test
6eq2,test
6eq3,test
6eq5,test
6eq7,test
6eq8,test
6eqm,test
6eqs,val
6es0,test
6esj,val
6esn,test
6esy,val
6etj,test
6euc,test
6euv,val
6euw,val
6eux,val
6euz,test
6ev0,test
6ew6,test
6ew7,test
6eww,val
6ex0,test
6exm,test
6exs,test
6ey8,test
6ey9,test
6eya,test
6eyb,test
6ez6,val
6ezg,test
6ezh,test
6ezq,val
6f05,test
6f08,test
6f09,test
6f1n,test
6f1x,test
6f20,test
6f22,test
6f23,test
6f28,test
6f29,test
6f34,test
6f3d,test
6f3e,test
6f3g,test
6f3i,test
6f4w,test
6f4x,test
6f5h,test
6f5m,test
6f5u,test
6f5w,test
6f6i,test
6f6s,test
6f7q,test
6f9g,test
6fa3,test
6fa4,test
6fam,test
6fap,test
6fav,test
6faw,test
6fba,test
6fbw,test
6fby,test
6fcj,test
6fcl,test
6fel,test
6fer,test
6few,test
6ffi,test
6fg6,test
6fgf,test
6fgg,test
6fgl,test
6fgq,test
6fh3,test
6fh7,test
6fhq,test
6fhu,test
6fi4,test
6fi5,test
6fii,test
6fil,test
6fiv,train
6fjm,test
6fky,test
6fkz,test
6flg,test
6fmc,test
6fmf,test
6fmi,test
6fmj,test
6fmk,test
6fn9,test
6fnf,test
6fng,test
6fni,test
6fnj,test
6fnq,test
6fnr,test
6fns,test
6fnt,test
6fnx,test
6fo5,test
6fo7,test
6fo8,test
6fo9,test
6fob,test
6fod,test
6fqo,test
6fqu,test
6fr0,test
6fr2,test
6frf,test
6fs0,test
6fs1,test
6fse,test
6fsy,test
6ft7,test
6ft8,test
6ftf,test
6ftn,test
6fty,test
6ftz,test
6fu5,test
6fug,test
6fuh,test
6fui,test
6fuj,test
6fut,test
6fx1,test
6fyi,test
6fyk,test
6fyl,test
6fyp,test
6fyv,test
6fz4,test
6fzu,test
6g07,test
6g0q,test
6g0v,test
6g0w,test
6g0z,test
6g14,test
6g15,test
6g1u,test
6g1v,test
6g1w,test
6g24,test
6g25,test
6g27,test
6g29,test
6g2b,test
6g2c,test
6g2e,test
6g2f,test
6g2o,test
6g2r,test
6g2s,test
6g36,test
6g37,test
6g38,test
6g4m,test
6g4n,test
6g4y,test
6g4z,test
6g6w,test
6g6y,test
6g6z,test
6g91,test
6g92,test
6g93,test
6g97,test
6g9a,test
6g9b,test
6g9d,test
6g9h,test
6g9i,test
6g9j,test
6g9k,test
6g9m,test
6g9n,test
6ge0,test
6ge7,test
6gf9,test
6gfs,test
6gfx,test
6gfy,test
6gfz,test
6gg4,test
6gg5,test
6ggb,test
6ggf,test
6ggn,test
6gh9,test
6ghh,test
6ghj,test
6ghp,test
6gi6,test
6gih,test
6gin,test
6gip,test
6gj6,test
6gj8,test
6gji,test
6gjj,test
6gjl,test
6gjm,test
6gjr,test
6gjy,test
6gl3,test
6gl8,test
6gl9,test
6gla,test
6glb,test
6gmd,test
6gmq,test
6gmx,test
6gnp,test
6gnr,test
6gnw,test
6goo,test
6gqm,test
6gr7,test
6grp,test
6gu2,test
6gu3,test
6gu4,test
6gu6,test
6gu7,test
6gub,test
6guc,test
6gue,test
6guf,test
6guh,test
6guk,test
6gvf,test
6gvz,test
6gw1,test
6gw4,test
6gwe,test
6gwr,test
6gxg,test
6gzd,test
6gzh,test
6gzm,test
6h1d,test
6h3k,test
6h7j,test
6h7l,test
6h7m,test
6h7n,test
6h7o,test
6h8s,test
6h9b,test
6hai,test
6hax,test
6hay,test
6hd4,test
6hd6,test
6hdn,test
6hdo,test
6hdq,test
6hgf,test
6hgg,test
6hgi,test
6hgj,test
6hgr,test
6hgs,test
6hhr,test
6hjj,test
6hjk,test
6hk3,test
6hk4,test
6hke,test
6hlx,test
6hly,test
6hlz,test
6hm1,test
6hm4,test
6hm6,test
6hm7,test
6hmg,test
6hmx,test
6hoq,test
6hoy,test
6hq7,test
6hr2,test
6ht1,test
6hvh,test
6hvi,test
6hvj,test
6hzy,test
6i0z,test
6i11,test
6i12,test
6i13,test
6i14,test
6i17,test
6i18,test
6i3s,test
6i61,test
6i62,test
6i63,test
6i64,test
6i65,test
6i66,test
6i67,test
6i8m,test
6i8t,test
6i8y,test
6ibk,test
6idg,test
6iez,test
6if0,test
6ift,test
6iik,test
6iil,test
6iin,test
6iiu,test
6iiv,test
6ixd,test
6j0g,test
6j0o,test
6j1l,test
6j3o,test
6j3p,test
6jad,test
6jag,test
6jao,test
6jap,test
6jaw,test
6jbb,test
6jfk,test
6jof,test
6jtc,test
6k04,test
6k3l,test
6kjd,test
6m9t,test
6ma1,test
6ma2,test
6ma3,test
6ma4,test
6ma5,test
6maj,test
6md6,test
6md8,test
6mg5,test
6mh1,test
6mh7,test
6mi6,test
6mil,test
6mim,test
6min,test
6miq,test
6mj4,test
6mj7,test
6mjf,test
6mji,test
6mll,test
6mnc,test
6mrg,test
6mvu,test
6mvx,test
6mwe,test
6mx3,test
6mx8,test
6mxe,test
6n3v,test
6n3w,test
6n3x,test
6n3y,test
6n78,test
6n79,test
6n7a,test
6n7b,test
6n7d,test
6n8x,test
6n95,test
6n9l,test
6nao,test
6ncn,test
6nco,test
6ndl,test
6ne5,test
6nfh,test
6nfy,test
6nmb,test
6no9,test
6np2,test
6np3,test
6np4,test
6np5,test
6nu1,test
6nu5,test
6nv7,test
6nv9,test
6nw3,test
6nwk,test
6nwl,test
6ny0,test
6nyv,test
6nzv,test
6o0k,test
6o0m,test
6o0o,test
6o0p,test
6o48,test
6o5a,test
6o5u,test
6o5x,test
6o94,test
6o95,test
6olx,test
6om8,test
6ooy,test
6oqb,test
6oqc,test
6oqd,test
6orr,test
6otg,test
6p3t,test
6p3v,test
6p83,test
6p84,test
6p85,test
6p86,test
6p87,test
6p88,test
6p89,test
6p8a,test
6p9e,test
6pg3,test
6pg4,test
6pg5,test
6pg6,test
6pg7,test
6pg8,test
6pg9,test
6pga,test
6pgb,test
6pgc,test
6pge,test
6phx,test
6pi5,test
6pi6,test
6pl1,test
6plf,test
6poi,test
6ppy,test
6prc,train
6prf,test
6pve,test
6pvv,test
6pvz,test
6q3y,test
6q3z,test
6q4g,test
6q54,test
6q60,test
6q6y,test
6q73,test
6q74,test
6qas,test
6qau,test
6qav,test
6qe0,test
6qe5,test
6qge,test
6qgf,test
6qgg,test
6qgh,test
6qi7,test
6qln,test
6qlo,test
6qlp,test
6qlq,test
6qlr,test
6qls,test
6qlt,test
6qlu,test
6qmj,test
6qmk,test
6qpl,test
6qqq,test
6qqu,test
6qqv,test
6qqw,test
6qqz,test
6qr0,test
6qr1,test
6qr2,test
6qr3,test
6qr4,test
6qr7,test
6qr9,test
6qrc,test
6quv,test
6qz5,test
6r0v,test
6r11,test
6r13,test
6r18,test
6r1a,test
6r1b,test
6r1d,test
6r1w,test
6r4k,test
6r8l,test
6r8o,test
6r8w,test
6r9u,test
6r9x,test
6rih,test
6rot,test
6rtw,test
6s4n,test
6s4t,test
6s56,test
6s57,test
6s5k,test
6sbt,test
6ssy,test
6st0,test
6stl,test
6szp,test
6t1i,test
6t1m,test
6t1n,test
6ud2,test
6udi,test
6udt,test
6udu,test
6udv,test
6ueg,test
7prc,train
8a3h,train
