plinder_pdb	plinder_chain	casf_pdb	casf_chain	pident	query_coverage	subject_coverage	alignment_length	query_length	subject_length	evalue	bitscore
1acj	1acj_A	1h23	1h23__chain0	100.0	100.0	100.0	528	528	528	0.0	1100.0
1acl	1acl_A	1h23	1h23__chain0	99.8	100.0	100.0	528	527	528	0.0	1093.0
1afq	1afq_C	4crc	4crc__chain0	50.6	87.5	36.7	87	96	237	9.69e-25	87.0
1ax9	1ax9_A	1h23	1h23__chain0	99.8	100.0	100.0	528	527	528	0.0	1093.0
1bso	1bso_A	3nq9	3nq9__chain0	98.8	100.0	100.0	162	162	162	1.56e-115	318.0
1bxo	1bxo_A	2v00	2v00__chain0	54.1	98.5	99.1	327	323	330	1.63e-113	326.0
1bzm	1bzm_A	4jsz	4jsz__chain0	60.2	98.5	99.2	256	260	257	7.770000000000001e-110	311.0
1c1p	1c1p_A	1k1i	1k1i__chain0	100.0	100.0	100.0	223	223	223	4.94e-167	453.0
1c1w	1c1w_H	2zda	2zda__chain1	100.0	99.6	100.0	251	252	251	1.7999999999999999e-199	537.0
1c2e	1c2e_A	1k1i	1k1i__chain0	100.0	100.0	100.0	223	223	223	4.94e-167	453.0
1c2g	1c2g_A	1k1i	1k1i__chain0	100.0	100.0	100.0	223	223	223	4.94e-167	453.0
1c2h	1c2h_A	1k1i	1k1i__chain0	100.0	100.0	100.0	223	223	223	4.94e-167	453.0
1c2j	1c2j_A	1k1i	1k1i__chain0	100.0	100.0	100.0	223	223	223	4.94e-167	453.0
1c5r	1c5r_A	1k1i	1k1i__chain0	100.0	100.0	100.0	223	223	223	4.94e-167	453.0
1c5u	1c5u_A	1k1i	1k1i__chain0	100.0	100.0	100.0	223	223	223	4.94e-167	453.0
1c5w	1c5w_B	1owh	1owh__chain0	99.6	98.8	100.0	245	248	245	2.6700000000000002e-194	524.0
1daw	1daw_A	4eor	4eor__chain0	32.6	89.0	96.6	301	327	294	1.95e-39	134.0
1day	1day_A	4eor	4eor__chain0	32.6	89.0	96.6	301	327	294	1.95e-39	134.0
1dkf	1dkf_A	2qe4	2qe4__chain0	33.5	76.5	80.2	170	217	207	9.33e-22	82.8
1e3k	1e3k_B	3b5r	3b5r__chain0	55.5	99.2	100.0	247	249	247	2.5000000000000003e-103	294.0
1e3q	1e3q_A	1e66	1e66__chain0	100.0	99.8	100.0	532	533	532	0.0	1108.0
1e66	1e66_A	1e66	1e66__chain0	100.0	99.8	100.0	532	533	532	0.0	1108.0
1e6i	1e6i_A	3p5o	3p5o__chain0	41.7	84.7	75.6	96	111	127	4.13e-22	78.2
1e6q	1e6q_M	2wbg	2wbg__chain0	34.0	95.2	98.0	479	499	443	1.54e-87	270.0
1e6x	1e6x_M	2wbg	2wbg__chain0	34.0	95.2	98.0	479	499	443	1.54e-87	270.0
1ere	1ere_A	2p15	2p15__chain1	97.1	99.6	99.2	240	235	242	1.87e-165	450.0
1f0v	1f0v_A	1o0h	1o0h__chain0	100.0	100.0	100.0	124	124	124	4.43e-90	250.0
1fa9	1fa9_A	3ebp	3ebp__chain0	80.0	98.7	99.8	823	834	810	0.0	1363.0
1fc0	1fc0_A	3ebp	3ebp__chain0	81.3	99.9	97.9	795	792	810	0.0	1343.0
1ffq	1ffq_A	3arp	3arp__chain0	51.7	98.5	98.6	574	540	574	1.43e-190	540.0
1fiw	1fiw_A	4ty7	4ty7__chain0	40.0	95.0	98.3	250	260	238	1.15e-53	167.0
1fiz	1fiz_A	4ty7	4ty7__chain0	38.9	93.9	98.3	247	263	238	1.79e-53	167.0
1fm6	1fm6_D	2yfe	2yfe__chain0	95.9	99.6	98.5	271	272	264	1.29e-180	491.0
1fmu	1fmu_A	3uri	3uri__chain0	30.4	93.2	92.7	316	322	328	4.98e-26	99.4
1fn8	1fn8_A	1k1i	1k1i__chain0	42.0	95.1	93.7	219	224	223	5.81e-40	130.0
1fy4	1fy4_A	1k1i	1k1i__chain0	42.0	95.1	93.7	219	224	223	5.81e-40	130.0
1g0e	1g0e_A	4jsz	4jsz__chain0	99.2	99.6	100.0	257	258	257	5.579999999999999e-197	531.0
1gdu	1gdu_A	1k1i	1k1i__chain0	42.0	95.1	93.7	219	224	223	5.81e-40	130.0
1gi0	1gi0_A	1k1i	1k1i__chain0	100.0	100.0	100.0	223	223	223	4.94e-167	453.0
1gi2	1gi2_A	1k1i	1k1i__chain0	100.0	100.0	100.0	223	223	223	4.94e-167	453.0
1gi3	1gi3_A	1k1i	1k1i__chain0	100.0	100.0	100.0	223	223	223	4.94e-167	453.0
1gi5	1gi5_A	1k1i	1k1i__chain0	100.0	100.0	100.0	223	223	223	4.94e-167	453.0
1gj9	1gj9_B	1owh	1owh__chain0	99.6	99.6	100.0	245	246	245	3.5e-194	523.0
1gpn	1gpn_A	1gpn	1gpn__chain0	100.0	100.0	100.0	529	529	529	0.0	1103.0
1gqr	1gqr_A	1e66	1e66__chain0	100.0	100.0	100.0	532	532	532	0.0	1108.0
1gs4	1gs4_A	3g0w	3g0w__chain0	97.6	100.0	99.6	248	244	249	6.620000000000001e-179	485.0
1gwx	1gwx_A	3b1m	3b1m__chain0	62.5	99.3	98.8	269	271	260	1.05e-120	339.0
1gz8	1gz8_A	1pxn	1pxn__chain0	99.0	100.0	100.0	294	291	294	4.42e-216	583.0
1h0s	1h0s_A	3n7a	3n7a__chain5	98.5	98.5	100.0	137	137	137	5.1499999999999995e-93	259.0
1hax	1hax_B	1k1i	1k1i__chain0	37.6	100.0	100.0	242	240	223	1.53e-41	135.0
1hj1	1hj1_A	2qe4	2qe4__chain0	59.9	99.5	98.1	207	204	207	3.33e-85	244.0
1hj9	1hj9_A	1k1i	1k1i__chain0	97.3	100.0	100.0	223	223	223	5.1e-160	435.0
1i44	1i44_A	3pyy	3pyy__chain0	39.3	91.1	95.5	272	282	265	8.81e-66	200.0
1ig1	1ig1_A	2wtv	2wtv__chain0	31.7	96.8	97.3	271	280	264	3.35e-42	139.0
1ir3	1ir3_A	3pyy	3pyy__chain0	40.3	90.1	95.5	273	303	265	3.4399999999999996e-68	207.0
1ize	1ize_A	2v00	2v00__chain0	57.9	99.4	100.0	330	323	330	6.08e-121	345.0
1j1b	1j1b_A	2fvd	2fvd__chain0	33.7	82.5	97.2	297	354	284	1.45e-50	164.0
1j2y	1j2y_A	2xb8	2xb8__chain0	38.8	84.8	92.9	134	158	141	4.3200000000000004e-29	98.2
1jf7	1jf7_A	1bzc	1bzc__chain0	99.3	100.0	94.6	281	281	297	2.49e-211	570.0
1jir	1jir_A	1k1i	1k1i__chain0	100.0	100.0	100.0	223	223	223	4.94e-167	453.0
1jqh	1jqh_A	3mss	3mss__chain0	44.4	89.7	94.7	268	291	264	3.5000000000000004e-70	212.0
1kak	1kak_A	1bzc	1bzc__chain0	99.3	100.0	100.0	297	297	297	1.0600000000000001e-223	602.0
1kav	1kav_A	1bzc	1bzc__chain0	99.3	100.0	100.0	297	297	297	1.0600000000000001e-223	602.0
1knu	1knu_A	2yfe	2yfe__chain0	98.5	100.0	99.2	265	265	264	3.5500000000000002e-183	497.0
1ksw	1ksw_A	3k5v	3k5v__chain0	48.3	58.4	92.3	265	450	286	9.48e-83	250.0
1kvl	1kvl_A	2r9w	2r9w__chain0	99.7	100.0	100.0	358	358	358	6.31e-274	734.0
1kyn	1kyn_B	1k1i	1k1i__chain0	34.1	99.6	99.6	229	225	223	1.04e-37	125.0
1l0g	1l0g_B	2r9w	2r9w__chain0	99.7	100.0	100.0	358	358	358	6.31e-274	734.0
1l2i	1l2i_B	4mgd	4mgd__chain1	97.9	100.0	98.7	233	231	236	1.13e-159	435.0
1l2j	1l2j_A	2p15	2p15__chain1	59.5	98.3	97.5	237	232	242	1.45e-94	271.0
1l5v	1l5v_A	3ebp	3ebp__chain0	44.7	95.9	94.3	777	796	810	4.1099999999999995e-236	674.0
1l5w	1l5w_A	3ebp	3ebp__chain0	44.7	95.9	94.3	777	796	810	4.1099999999999995e-236	674.0
1lp4	1lp4_A	4eor	4eor__chain0	32.6	89.0	96.6	301	327	294	1.95e-39	134.0
1m17	1m17_A	3mss	3mss__chain0	39.3	84.9	95.8	267	312	264	5.0699999999999994e-61	189.0
1m2z	1m2z_D	3b5r	3b5r__chain0	50.6	97.2	100.0	247	253	247	1.65e-90	261.0
1m52	1m52_B	3k5v	3k5v__chain0	99.6	100.0	94.8	272	272	286	2.49e-206	557.0
1maa	1maa_C	1e66	1e66__chain0	59.7	98.1	99.8	533	540	532	2.07e-246	680.0
1moo	1moo_A	4jsz	4jsz__chain0	99.2	100.0	99.6	256	256	257	6e-196	529.0
1mts	1mts_A	1k1i	1k1i__chain0	100.0	100.0	100.0	223	223	223	4.94e-167	453.0
1mtu	1mtu_A	1k1i	1k1i__chain0	100.0	100.0	100.0	223	223	223	4.94e-167	453.0
1mtv	1mtv_A	1k1i	1k1i__chain0	100.0	100.0	100.0	223	223	223	4.94e-167	453.0
1mtw	1mtw_A	1k1i	1k1i__chain0	100.0	100.0	100.0	223	223	223	4.94e-167	453.0
1n2b	1n2b_A	3ivg	3ivg__chain0	100.0	100.0	99.7	286	286	287	3.86e-182	496.0
1n2e	1n2e_A	3coz	3coz__chain0	100.0	100.0	100.0	288	288	288	6.44e-184	501.0
1n2g	1n2g_A	4ddh	4ddh__chain0	100.0	100.0	100.0	289	289	289	2.43e-184	502.0
1n2h	1n2h_A	3coz	3coz__chain0	100.0	100.0	100.0	288	288	288	6.44e-184	501.0
1n2i	1n2i_A	3ivg	3ivg__chain0	100.0	100.0	99.7	286	286	287	3.86e-182	496.0
1n2j	1n2j_A	3ivg	3ivg__chain0	100.0	100.0	100.0	287	287	287	6.95e-183	498.0
1n9b	1n9b_A	4de2	4de2__chain0	41.0	94.0	95.0	249	265	260	3.18e-60	185.0
1nde	1nde_A	2qe4	2qe4__chain0	59.4	91.8	98.6	212	231	207	4.85e-87	250.0
1nxy	1nxy_A	4de2	4de2__chain0	40.0	96.6	96.9	255	263	260	2.67e-58	180.0
1nym	1nym_A	4de2	4de2__chain0	40.0	96.6	96.9	255	263	260	2.67e-58	180.0
1o2i	1o2i_A	1k1i	1k1i__chain0	100.0	100.0	100.0	223	223	223	4.94e-167	453.0
1o31	1o31_A	1k1i	1k1i__chain0	100.0	100.0	100.0	223	223	223	4.94e-167	453.0
1o3n	1o3n_A	1k1i	1k1i__chain0	100.0	100.0	100.0	223	223	223	4.94e-167	453.0
1o3o	1o3o_A	1k1i	1k1i__chain0	100.0	100.0	100.0	223	223	223	4.94e-167	453.0
1o5d	1o5d_H	1mq6	1mq6__chain0	39.0	94.5	100.0	241	254	233	5.88e-65	196.0
1o6k	1o6k_A	1q8t	1q8t__chain0	43.0	92.1	85.0	293	318	341	6.82e-88	261.0
1o6l	1o6l_A	1ydr	1ydr__chain0	43.0	92.4	86.3	293	317	336	3.2000000000000002e-87	259.0
1o9u	1o9u_A	4eor	4eor__chain0	34.3	83.4	97.3	300	350	294	3.09e-51	166.0
1odc	1odc_A	1h22	1h22__chain0	100.0	100.0	100.0	529	529	529	0.0	1101.0
1odw	1odw_A	1g2k	1g2k__chain0	99.0	100.0	100.0	99	99	99	2.45e-73	206.0
1odx	1odx_A	1g2k	1g2k__chain0	98.0	100.0	100.0	99	99	99	2.0200000000000002e-72	204.0
1oew	1oew_A	3uri	3uri__chain0	100.0	99.4	100.0	328	330	328	1.0199999999999998e-228	618.0
1ook	1ook_A	2zda	2zda__chain0	100.0	80.6	100.0	29	36	29	1.46e-17	60.8
1opj	1opj_A	3k5v	3k5v__chain0	99.7	100.0	100.0	287	287	286	3.4e-217	585.0
1opk	1opk_A	3k5v	3k5v__chain0	99.3	62.8	98.3	282	449	286	5.22e-210	574.0
1opl	1opl_A	3k5v	3k5v__chain0	98.9	62.5	98.3	282	451	286	2.29e-209	572.0
1ozq	1ozq_A	3rr4	3rr4__chain0	98.7	100.0	100.0	372	372	368	3.67e-270	726.0
1p0b	1p0b_A	3gc5	3gc5__chain0	99.5	100.0	100.0	369	369	368	9.710000000000001e-272	730.0
1p0e	1p0e_A	1s38	1s38__chain0	98.9	99.7	100.0	365	363	364	5.77e-266	715.0
1p0p	1p0p_A	1e66	1e66__chain0	53.2	100.0	98.9	526	522	532	1.12e-219	611.0
1p1u	1p1u_A	1p1n	1p1n__chain0	100.0	100.0	100.0	258	258	258	3.5999999999999996e-191	517.0
1p1w	1p1w_A	1p1n	1p1n__chain0	99.6	100.0	100.0	258	258	258	1.4699999999999999e-190	515.0
1p4f	1p4f_A	2wtv	2wtv__chain0	32.0	97.4	97.3	269	269	264	1.9e-41	137.0
1p5e	1p5e_B	4eor	4eor__chain1	100.0	99.6	100.0	257	258	257	4.23e-192	519.0
1pkd	1pkd_B	4eor	4eor__chain1	100.0	99.6	100.0	257	258	257	4.23e-192	519.0
1psa	1psa_A	3uri	3uri__chain0	30.1	96.3	95.1	329	326	328	5.64e-27	102.0
1pso	1pso_E	3uri	3uri__chain0	30.8	96.3	95.1	331	326	328	4.26e-28	105.0
1pyx	1pyx_A	2fvd	2fvd__chain0	34.4	82.5	97.2	291	343	284	7.65e-51	164.0
1q2p	1q2p_A	4de2	4de2__chain0	41.4	94.0	95.0	249	265	260	5.63e-61	187.0
1q2r	1q2r_A	3rr4	3rr4__chain0	98.9	98.9	100.0	372	376	368	3.69e-271	729.0
1q2s	1q2s_A	3rr4	3rr4__chain0	98.9	98.9	100.0	372	376	368	3.69e-271	729.0
1q6n	1q6n_A	1bzc	1bzc__chain0	99.3	98.3	95.6	284	289	297	3.59e-213	575.0
1q84	1q84_A	1e66	1e66__chain0	59.5	98.9	99.4	531	536	532	2.38e-244	674.0
1qkm	1qkm_A	2p15	2p15__chain1	59.5	98.3	97.5	237	230	242	1.16e-95	273.0
1qy8	1qy8_A	2yki	2yki__chain0	54.4	91.6	97.1	206	225	207	1.17e-71	211.0
1r20	1r20_A	2qe4	2qe4__chain1	30.0	74.1	84.3	180	239	204	3.9e-21	81.6
1r5k	1r5k_A	2p15	2p15__chain0	98.7	100.0	97.9	237	236	242	3.37e-166	452.0
1rcj	1rcj_A	4de2	4de2__chain0	41.0	94.0	95.0	249	265	260	8.97e-60	184.0
1rj6	1rj6_A	4jsz	4jsz__chain0	35.4	99.6	99.6	263	259	257	6.37e-45	145.0
1rl8	1rl8_A	1g2k	1g2k__chain0	98.0	100.0	100.0	99	99	99	4.08e-72	203.0
1s5s	1s5s_A	1k1i	1k1i__chain0	82.1	100.0	100.0	223	223	223	8.57e-143	392.0
1s6h	1s6h_A	1k1i	1k1i__chain0	82.1	100.0	100.0	223	223	223	8.57e-143	392.0
1s7y	1s7y_B	3gbb	3gbb__chain0	87.3	100.0	98.0	251	251	255	8.480000000000001e-167	455.0
1s83	1s83_A	1k1i	1k1i__chain0	82.1	100.0	100.0	223	223	223	8.57e-143	392.0
1s9p	1s9p_D	4mgd	4mgd__chain1	37.6	98.7	94.9	226	225	236	2.4899999999999998e-45	145.0
1s9q	1s9q_A	4mgd	4mgd__chain1	37.6	98.7	94.9	226	224	236	1.07e-43	140.0
1sd3	1sd3_A	3gbb	3gbb__chain0	87.3	100.0	98.0	251	251	255	8.480000000000001e-167	455.0
1sgu	1sgu_A	1g2k	1g2k__chain0	89.9	100.0	100.0	99	99	99	1.3199999999999998e-68	194.0
1sp5	1sp5_A	1g2k	1g2k__chain0	100.0	100.0	100.0	99	99	99	1.7200000000000002e-73	206.0
1t48	1t48_A	1bzc	1bzc__chain0	97.3	99.7	100.0	297	292	297	3.11e-217	586.0
1t49	1t49_A	1bzc	1bzc__chain0	99.3	99.6	94.6	281	282	297	2.59e-211	570.0
1t4j	1t4j_A	1bzc	1bzc__chain0	99.3	99.6	94.6	281	282	297	2.59e-211	570.0
1t5z	1t5z_A	3g0w	3g0w__chain0	100.0	99.6	100.0	249	250	249	2.4499999999999997e-187	506.0
1t63	1t63_A	3g0w	3g0w__chain0	100.0	99.6	100.0	249	250	249	2.4499999999999997e-187	506.0
1t65	1t65_A	3g0w	3g0w__chain0	100.0	99.2	100.0	249	251	249	1.26e-187	507.0
1t73	1t73_A	3g0w	3g0w__chain0	100.0	99.6	100.0	249	250	249	2.4499999999999997e-187	506.0
1t74	1t74_A	3g0w	3g0w__chain0	100.0	100.0	100.0	249	249	249	2.35e-187	506.0
1t76	1t76_A	3g0w	3g0w__chain0	100.0	100.0	100.0	249	249	249	2.35e-187	506.0
1t7m	1t7m_A	3g0w	3g0w__chain0	100.0	100.0	100.0	249	249	249	2.35e-187	506.0
1t7t	1t7t_A	3g0w	3g0w__chain0	100.0	99.6	100.0	249	250	249	2.4499999999999997e-187	506.0
1tdg	1tdg_A	4de2	4de2__chain0	41.0	94.0	95.0	249	265	260	4.49e-60	185.0
1tdl	1tdl_A	4de2	4de2__chain0	41.0	94.0	95.0	249	265	260	4.49e-60	185.0
1tio	1tio_A	1k1i	1k1i__chain0	100.0	100.0	100.0	223	223	223	4.94e-167	453.0
1tq9	1tq9_A	1o0h	1o0h__chain0	81.5	100.0	100.0	124	124	124	1.5300000000000001e-72	206.0
1tx8	1tx8_A	1k1i	1k1i__chain0	100.0	100.0	100.0	223	223	223	4.94e-167	453.0
1txf	1txf_A	4dld	4dld__chain1	100.0	99.6	97.6	248	249	254	5.46e-185	501.0
1tzs	1tzs_A	3uri	3uri__chain0	33.0	95.0	93.6	321	322	328	7.79e-29	107.0
1u0z	1u0z_B	2yki	2yki__chain0	53.7	88.9	97.1	201	226	207	1.5e-72	213.0
1u2o	1u2o_A	2yki	2yki__chain0	51.7	88.5	97.1	203	226	207	8.559999999999999e-67	199.0
1u4d	1u4d_B	3mss	3mss__chain0	42.0	93.5	91.7	250	262	264	1.7899999999999999e-62	191.0
1u54	1u54_B	3pyy	3pyy__chain0	41.4	94.3	92.5	251	261	265	7.14e-62	189.0
1uki	1uki_A	4f9w	4f9w__chain0	49.6	99.1	97.3	335	328	336	4.39e-106	307.0
1unh	1unh_A	4eor	4eor__chain0	58.7	99.3	95.6	283	277	294	2.05e-113	322.0
1ut6	1ut6_A	1h23	1h23__chain0	100.0	100.0	100.0	528	528	528	0.0	1100.0
1uwj	1uwj_B	4hge	4hge__chain0	30.5	92.0	93.7	282	263	286	3.92e-27	100.0
1uyq	1uyq_A	2j78	2j78__chain0	47.4	98.7	99.3	445	447	443	1.18e-155	442.0
1v03	1v03_A	2wbg	2wbg__chain0	37.6	95.7	96.8	468	487	443	1.29e-102	308.0
1v08	1v08_A	2j78	2j78__chain0	36.4	95.9	96.6	473	491	443	3.08e-95	289.0
1w4l	1w4l_A	1gpk	1gpk__chain0	100.0	100.0	100.0	529	529	529	0.0	1102.0
1w6r	1w6r_A	1h23	1h23__chain0	100.0	100.0	100.0	528	528	528	0.0	1100.0
1w8b	1w8b_H	1mq6	1mq6__chain0	39.0	94.3	100.0	241	247	233	4.82e-62	188.0
1w8c	1w8c_A	1pxn	1pxn__chain0	99.0	100.0	100.0	294	291	294	4.42e-216	583.0
1w9b	1w9b_M	2wbg	2wbg__chain0	34.0	95.2	98.0	479	499	443	1.54e-87	270.0
1w9d	1w9d_M	2wbg	2wbg__chain0	34.0	95.2	98.0	479	499	443	1.54e-87	270.0
1wbk	1wbk_A	1g2k	1g2k__chain0	100.0	100.0	100.0	99	99	99	1.7200000000000002e-73	206.0
1wbm	1wbm_A	1g2k	1g2k__chain0	100.0	100.0	100.0	99	99	99	1.7200000000000002e-73	206.0
1wm0	1wm0_X	2yfe	2yfe__chain0	97.8	98.5	99.6	268	272	264	1.64e-183	498.0
1wv7	1wv7_H	1mq6	1mq6__chain0	39.0	94.5	100.0	241	254	233	5.88e-65	196.0
1x6n	1x6n_A	3arp	3arp__chain0	51.6	98.7	98.6	574	539	574	1.96e-190	539.0
1xdk	1xdk_A	2qe4	2qe4__chain0	33.5	76.5	80.2	170	217	207	6.680000000000001e-22	83.2
1xiu	1xiu_A	2qe4	2qe4__chain0	30.6	75.1	80.2	170	221	207	3.98e-20	78.6
1xl2	1xl2_A	1g2k	1g2k__chain0	100.0	100.0	100.0	99	99	99	1.7200000000000002e-73	206.0
1xl5	1xl5_A	1g2k	1g2k__chain0	100.0	100.0	100.0	99	99	99	1.7200000000000002e-73	206.0
1xls	1xls_A	2p15	2p15__chain1	32.8	80.2	80.2	195	232	242	6.3299999999999995e-25	92.4
1xnn	1xnn_A	3g0w	3g0w__chain0	99.6	100.0	99.2	247	247	249	1.7100000000000002e-184	499.0
1xq3	1xq3_A	1z95	1z95__chain0	98.8	98.8	100.0	240	243	238	2.27e-174	473.0
1xr1	1xr1_A	4k18	4k18__chain0	100.0	100.0	100.0	277	277	277	3.66e-214	577.0
1xuf	1xuf_A	1k1i	1k1i__chain0	100.0	100.0	100.0	223	223	223	4.94e-167	453.0
1xuh	1xuh_A	1k1i	1k1i__chain0	100.0	100.0	100.0	223	223	223	4.94e-167	453.0
1xuj	1xuj_A	1k1i	1k1i__chain0	100.0	100.0	100.0	223	223	223	4.94e-167	453.0
1xvm	1xvm_A	1k1i	1k1i__chain0	42.0	95.1	93.7	219	224	223	5.81e-40	130.0
1xvp	1xvp_A	2p15	2p15__chain1	32.8	80.2	80.2	195	232	242	6.3299999999999995e-25	92.4
1y0s	1y0s_A	3u9q	3u9q__chain0	63.4	98.8	99.2	262	260	257	1.38e-117	331.0
1y3u	1y3u_A	1k1i	1k1i__chain0	100.0	100.0	100.0	223	223	223	4.94e-167	453.0
1y59	1y59_T	1k1i	1k1i__chain0	99.1	100.0	100.0	223	223	223	5.77e-166	450.0
1y5a	1y5a_T	1k1i	1k1i__chain0	99.1	100.0	100.0	223	223	223	5.77e-166	450.0
1y5b	1y5b_T	1k1i	1k1i__chain0	99.1	100.0	100.0	223	223	223	5.77e-166	450.0
1y5u	1y5u_T	1k1i	1k1i__chain0	99.1	100.0	100.0	223	223	223	5.77e-166	450.0
1y5v	1y5v_A	3ge7	3ge7__chain0	99.4	100.0	99.7	360	360	359	8.55e-266	714.0
1y5w	1y5w_A	3ge7	3ge7__chain0	99.7	100.0	99.7	358	357	359	4.38e-265	712.0
1y5x	1y5x_A	3gc5	3gc5__chain0	99.5	100.0	99.7	368	367	368	1.2200000000000001e-269	724.0
1y8y	1y8y_A	1pxn	1pxn__chain0	99.0	100.0	100.0	294	292	294	9.299999999999999e-216	582.0
1y9r	1y9r_A	3b5r	3b5r__chain0	54.1	97.9	98.0	242	239	247	4.28e-87	252.0
1ya3	1ya3_A	3b5r	3b5r__chain0	53.3	98.3	98.0	242	233	247	1.2099999999999999e-82	241.0
1ya8	1ya8_A	1gpn	1gpn__chain0	36.0	99.2	98.5	550	532	529	1.2e-84	266.0
1yae	1yae_E	3gbb	3gbb__chain0	86.5	97.3	98.4	252	257	255	5.9700000000000004e-164	448.0
1yaj	1yaj_A	1gpn	1gpn__chain0	36.0	99.2	98.5	550	532	529	1.2e-84	266.0
1yc3	1yc3_A	1yc1	1yc1__chain0	100.0	97.7	99.5	209	214	210	4.24e-149	407.0
1ycj	1ycj_B	3gbb	3gbb__chain0	100.0	99.6	100.0	255	256	255	2.55e-192	520.0
1ygc	1ygc_H	1mq6	1mq6__chain0	39.0	94.5	100.0	241	254	233	5.88e-65	196.0
1ypk	1ypk_H	1oyt	1oyt__chain1	100.0	100.0	100.0	250	250	250	3.78e-198	534.0
1ypl	1ypl_H	1oyt	1oyt__chain1	100.0	100.0	100.0	250	250	250	3.78e-198	534.0
1ysz	1ysz_A	2yki	2yki__chain0	51.7	92.2	97.1	203	217	207	2.1799999999999998e-67	200.0
1yth	1yth_A	3o9i	3o9i__chain0	99.0	100.0	100.0	99	99	99	6.01e-74	207.0
1yti	1yti_A	3o9i	3o9i__chain0	51.5	100.0	100.0	99	99	99	9.600000000000001e-37	114.0
1ytj	1ytj_A	3o9i	3o9i__chain0	51.5	100.0	100.0	99	99	99	9.600000000000001e-37	114.0
1yvf	1yvf_A	4ih5	4ih5__chain0	95.4	99.5	99.8	561	564	557	0.0	1079.0
1ywn	1ywn_A	3mss	3mss__chain0	37.3	97.2	98.5	279	281	264	8.500000000000001e-57	177.0
1yxt	1yxt_A	3jya	3jya__chain0	100.0	100.0	100.0	274	274	274	1.9600000000000002e-212	572.0
1z4u	1z4u_A	4ih5	4ih5__chain0	95.4	99.5	99.8	561	564	557	0.0	1079.0
1z5n	1z5n_A	1nc1	1nc1__chain0	99.6	100.0	100.0	234	234	234	9.87e-168	456.0
1z5o	1z5o_A	1nc3	1nc3__chain0	99.6	100.0	100.0	235	235	235	5.2799999999999995e-168	456.0
1z5x	1z5x_U	2qe4	2qe4__chain0	34.1	86.0	80.2	170	193	207	1.66e-24	89.4
1z8d	1z8d_A	3ebp	3ebp__chain0	95.2	98.8	100.0	819	821	810	0.0	1576.0
1zgb	1zgb_A	1h23	1h23__chain0	100.0	100.0	100.0	528	528	528	0.0	1100.0
1zgc	1zgc_A	1h23	1h23__chain0	100.0	100.0	100.0	528	528	528	0.0	1100.0
1zgf	1zgf_A	4jsz	4jsz__chain0	99.6	100.0	99.6	256	256	257	5.35e-199	536.0
1zgy	1zgy_A	2yfe	2yfe__chain0	95.9	99.6	98.5	271	272	264	1.29e-180	491.0
1zh9	1zh9_A	4jsz	4jsz__chain0	98.8	100.0	99.6	256	256	257	3.6199999999999995e-197	532.0
1zos	1zos_A	4f3c	4f3c__chain0	41.9	99.6	99.6	229	230	230	6.94e-62	187.0
1zsj	1zsj_A	4cr9	4cr9__chain0	100.0	100.0	100.0	238	238	238	5.789999999999999e-187	504.0
1zsk	1zsk_A	4cr9	4cr9__chain0	100.0	100.0	100.0	238	238	238	5.789999999999999e-187	504.0
1zvw	1zvw_A	3qqs	3qqs__chain0	100.0	100.0	100.0	346	346	346	8.87e-243	655.0
1zw9	1zw9_A	2fxs	2fxs__chain0	96.7	100.0	100.0	213	206	213	4.11e-141	386.0
1zxy	1zxy_A	3r88	3r88__chain0	31.4	85.5	86.6	299	344	344	2.65e-44	149.0
1zyk	1zyk_C	3r88	3r88__chain0	31.4	85.7	86.6	299	343	344	2.59e-44	149.0
2a2q	2a2q_H	1mq6	1mq6__chain0	39.0	94.5	100.0	241	254	233	5.88e-65	196.0
2a31	2a31_A	1k1i	1k1i__chain0	82.1	100.0	100.0	223	223	223	8.57e-143	392.0
2a32	2a32_A	1k1i	1k1i__chain0	82.1	100.0	100.0	223	223	223	8.57e-143	392.0
2a3e	2a3e_B	3arp	3arp__chain0	30.8	86.8	71.8	419	394	574	9.869999999999999e-48	164.0
2a3i	2a3i_A	3b5r	3b5r__chain0	52.9	95.7	98.0	242	253	247	5.41e-89	258.0
2a3u	2a3u_A	4de2	4de2__chain0	41.0	94.0	95.0	249	265	260	8.97e-60	184.0
2a65	2a65_A	3f3c	3f3c__chain0	100.0	99.8	100.0	509	510	509	0.0	1004.0
2a86	2a86_A	3coz	3coz__chain0	100.0	100.0	100.0	288	288	288	6.44e-184	501.0
2aa2	2aa2_A	1z95	1z95__chain0	53.2	94.0	98.3	237	252	238	5.93e-86	249.0
2aa5	2aa5_A	3b5r	3b5r__chain0	54.3	92.5	98.0	243	255	247	3.34e-88	256.0
2aa7	2aa7_A	1z95	1z95__chain0	53.4	94.1	98.3	238	253	238	1.2400000000000001e-85	249.0
2aax	2aax_A	3b5r	3b5r__chain0	53.3	92.3	98.0	242	261	247	2.93e-88	256.0
2ab2	2ab2_B	3b5r	3b5r__chain0	53.3	93.1	98.0	242	259	247	8.29e-90	260.0
2abi	2abi_B	3b5r	3b5r__chain0	53.7	98.3	98.0	242	234	247	6.27e-83	241.0
2ack	2ack_A	1h23	1h23__chain0	99.8	100.0	100.0	528	527	528	0.0	1093.0
2acl	2acl_A	2qe4	2qe4__chain0	33.3	80.8	82.1	177	214	207	6.22e-22	83.2
2acx	2acx_B	3ag9	3ag9__chain0	33.9	59.1	90.3	295	492	319	1.54e-50	169.0
2agi	2agi_X	1k1i	1k1i__chain0	100.0	100.0	100.0	223	223	223	4.94e-167	453.0
2aix	2aix_A	2al5	2al5__chain0	100.0	100.0	99.2	258	258	260	3.88e-191	517.0
2al4	2al4_B	2al5	2al5__chain0	100.0	100.0	99.6	259	259	260	3.46e-192	520.0
2amb	2amb_A	3g0w	3g0w__chain0	98.8	99.6	99.6	248	246	249	9.11e-182	492.0
2anj	2anj_A	2al5	2al5__chain0	99.6	99.2	100.0	260	262	260	9.6e-193	521.0
2asu	2asu_B	1k1i	1k1i__chain0	33.5	100.0	98.7	236	225	223	7.34e-38	125.0
2asv	2asv_A	3ebp	3ebp__chain0	44.7	95.9	94.3	777	796	810	4.1099999999999995e-236	674.0
2awh	2awh_B	2p4y	2p4y__chain0	64.5	100.0	97.5	251	250	244	5.37e-114	321.0
2ax7	2ax7_A	1z95	1z95__chain0	99.2	100.0	100.0	238	238	238	4.54e-175	474.0
2ax8	2ax8_A	1z95	1z95__chain0	100.0	100.0	100.0	238	238	238	6.72e-177	479.0
2ax9	2ax9_A	1z95	1z95__chain0	99.6	100.0	100.0	238	238	238	7.85e-176	476.0
2axa	2axa_A	1z95	1z95__chain0	99.6	100.0	100.0	238	238	238	7.85e-176	476.0
2azd	2azd_A	3ebp	3ebp__chain0	44.7	95.9	94.3	777	796	810	4.1099999999999995e-236	674.0
2b50	2b50_B	3u9q	3u9q__chain0	64.1	98.5	99.2	262	263	257	6.61e-119	334.0
2b60	2b60_A	1g2k	1g2k__chain0	91.9	100.0	100.0	99	99	99	3.23e-69	196.0
2b7d	2b7d_H	1mq6	1mq6__chain0	39.0	94.5	100.0	241	254	233	5.88e-65	196.0
2b7z	2b7z_B	1g2k	1g2k__chain0	89.9	100.0	100.0	99	99	99	1.8699999999999997e-68	194.0
2baq	2baq_A	4f9w	4f9w__chain0	96.4	100.0	99.7	338	330	336	3.07e-241	650.0
2baw	2baw_A	2p4y	2p4y__chain0	64.8	100.0	96.7	250	250	244	4.63e-115	323.0
2bbf	2bbf_A	3rr4	3rr4__chain0	99.2	100.0	100.0	369	367	368	4.2599999999999994e-270	726.0
2bdg	2bdg_A	1k1i	1k1i__chain0	40.8	99.1	98.7	223	223	223	7.09e-61	184.0
2bdh	2bdh_A	1k1i	1k1i__chain0	40.8	99.1	98.7	223	223	223	7.09e-61	184.0
2bdi	2bdi_A	1k1i	1k1i__chain0	40.8	99.1	98.7	223	223	223	7.09e-61	184.0
2bfy	2bfy_B	2wtv	2wtv__chain0	70.6	94.6	100.0	265	280	264	1.23e-141	393.0
2bhe	2bhe_A	2fvd	2fvd__chain0	93.7	100.0	100.0	287	274	284	1.0099999999999999e-196	533.0
2bhh	2bhh_A	2fvd	2fvd__chain0	93.7	100.0	100.0	287	274	284	1.0099999999999999e-196	533.0
2bik	2bik_B	3jya	3jya__chain0	99.6	100.0	99.6	273	273	274	6.3e-211	568.0
2bil	2bil_B	3jya	3jya__chain0	99.6	100.0	100.0	274	274	274	1.61e-211	570.0
2bm2	2bm2_A	4crc	4crc__chain0	40.9	97.5	97.5	242	243	237	2.46e-59	181.0
2bre	2bre_A	2fxs	2fxs__chain0	100.0	100.0	100.0	213	213	213	1.3e-148	405.0
2brk	2brk_A	4ih5	4ih5__chain0	97.1	99.8	94.3	525	512	557	0.0	1016.0
2brl	2brl_A	4ih5	4ih5__chain0	97.1	99.8	94.3	525	512	557	0.0	1016.0
2bsm	2bsm_A	3b27	3b27__chain0	100.0	100.0	97.2	209	209	215	1.69e-148	405.0
2byq	2byq_A	2wn9	2wn9__chain2	100.0	100.0	100.0	214	214	214	6.520000000000001e-163	442.0
2bzi	2bzi_B	3jya	3jya__chain0	99.6	100.0	99.6	273	273	274	6.3e-211	568.0
2bzj	2bzj_A	3jya	3jya__chain0	99.6	100.0	99.6	273	273	274	6.3e-211	568.0
2bzk	2bzk_B	3jya	3jya__chain0	97.8	100.0	99.6	273	268	274	2.63e-204	551.0
2c0i	2c0i_A	3k5v	3k5v__chain0	45.3	57.6	92.3	265	434	286	1.46e-77	236.0
2c0t	2c0t_A	3k5v	3k5v__chain0	45.3	58.4	92.3	265	428	286	1.22e-77	236.0
2c4h	2c4h_A	1e66	1e66__chain0	100.0	99.8	100.0	532	533	532	0.0	1108.0
2c4w	2c4w_A	2xb8	2xb8__chain0	38.8	79.8	92.9	134	168	141	8.400000000000001e-29	97.8
2c58	2c58_A	1e66	1e66__chain0	100.0	99.8	100.0	532	533	532	0.0	1108.0
2c5f	2c5f_A	1e66	1e66__chain0	100.0	99.8	100.0	532	533	532	0.0	1108.0
2c5g	2c5g_A	1e66	1e66__chain0	100.0	99.8	100.0	532	533	532	0.0	1108.0
2c5v	2c5v_B	4eor	4eor__chain1	100.0	99.6	100.0	257	258	257	4.23e-192	519.0
2c6t	2c6t_B	4eor	4eor__chain1	100.0	99.6	100.0	257	258	257	4.23e-192	519.0
2c8z	2c8z_B	1bcu	1bcu__chain1	100.0	99.2	100.0	249	251	249	7.66e-198	533.0
2cdz	2cdz_A	2br1	2br1__chain0	31.3	82.8	89.7	249	290	272	5.43e-25	94.7
2cek	2cek_A	1e66	1e66__chain0	100.0	100.0	100.0	532	532	532	0.0	1108.0
2chn	2chn_A	2w4x	2w4x__chain0	99.8	90.0	100.0	579	642	579	0.0	1181.0
2cjf	2cjf_A	2xb8	2xb8__chain0	43.5	92.6	97.2	138	149	141	5.59e-38	120.0
2cke	2cke_B	3bgz	3bgz__chain0	33.5	90.0	95.1	275	300	268	6.2600000000000005e-27	100.0
2clq	2clq_A	3ag9	3ag9__chain0	33.2	88.6	72.7	244	263	319	4.83e-30	108.0
2dwb	2dwb_A	3uo4	3uo4__chain0	99.2	100.0	99.2	264	262	266	3.73e-196	530.0
2e40	2e40_A	2wbg	2wbg__chain0	42.6	97.8	97.5	458	459	443	1.12e-119	351.0
2eb3	2eb3_A	3mss	3mss__chain0	38.1	82.7	92.8	257	294	264	2.84e-55	174.0
2ec9	2ec9_H	1mq6	1mq6__chain0	39.0	94.5	100.0	241	254	233	5.88e-65	196.0
2esa	2esa_A	2yki	2yki__chain0	52.2	90.5	97.1	201	220	207	3.69e-69	204.0
2eu2	2eu2_A	4jsz	4jsz__chain0	99.6	100.0	100.0	257	257	257	3.93e-199	537.0
2eu3	2eu3_A	4jsz	4jsz__chain0	99.6	100.0	99.6	256	256	257	5.35e-199	536.0
2exl	2exl_B	2yki	2yki__chain0	51.2	91.2	97.1	201	204	207	4.4400000000000005e-66	196.0
2f2u	2f2u_A	1q8t	1q8t__chain0	34.7	83.4	90.9	323	386	341	1.46e-66	208.0
2f36	2f36_C	4dld	4dld__chain1	100.0	99.6	99.6	253	254	254	1.08e-190	515.0
2f6w	2f6w_A	1bzc	1bzc__chain0	99.3	100.0	100.0	297	297	297	1.0600000000000001e-223	602.0
2f9n	2f9n_A	4crc	4crc__chain0	40.5	97.5	97.5	242	243	237	2.79e-58	179.0
2f9p	2f9p_D	4crc	4crc__chain0	40.9	97.9	97.5	242	242	237	6.73e-59	180.0
2fjm	2fjm_A	1bzc	1bzc__chain0	97.9	98.2	95.6	284	285	297	2.31e-208	563.0
2fo0	2fo0_A	3k5v	3k5v__chain0	98.9	60.5	98.3	282	466	286	2.85e-209	573.0
2foe	2foe_A	1k1i	1k1i__chain0	37.6	100.0	100.0	242	240	223	7.709999999999999e-42	136.0
2fvj	2fvj_A	3b1m	3b1m__chain0	99.6	100.0	99.6	259	258	260	3.15e-181	492.0
2g2h	2g2h_A	3k5v	3k5v__chain0	98.9	100.0	94.8	272	272	286	6.85e-204	551.0
2g2i	2g2i_A	3k5v	3k5v__chain0	97.8	100.0	95.5	274	271	286	8.96e-202	545.0
2g5n	2g5n_A	1k1i	1k1i__chain0	100.0	100.0	100.0	223	223	223	4.94e-167	453.0
2g5o	2g5o_A	2p15	2p15__chain1	98.3	99.2	99.2	240	238	242	5.639999999999999e-170	462.0
2g5v	2g5v_A	1k1i	1k1i__chain0	100.0	100.0	100.0	223	223	223	4.94e-167	453.0
2g8t	2g8t_A	1k1i	1k1i__chain0	100.0	100.0	100.0	223	223	223	4.94e-167	453.0
2gfe	2gfe_A	2al5	2al5__chain0	99.2	99.2	99.6	259	261	260	2.17e-191	518.0
2ghm	2ghm_A	4f9w	4f9w__chain0	98.8	100.0	100.0	337	336	336	3.800000000000001e-248	667.0
2giq	2giq_A	4ih5	4ih5__chain0	100.0	100.0	100.0	557	557	557	0.0	1125.0
2gir	2gir_A	4ih5	4ih5__chain0	100.0	100.0	100.0	557	557	557	0.0	1125.0
2giu	2giu_A	2pog	2pog__chain0	58.3	98.2	97.4	228	225	233	1.8e-91	262.0
2gpu	2gpu_A	4mgd	4mgd__chain1	37.3	99.5	94.5	225	222	236	1.27e-44	143.0
2gpv	2gpv_B	4mgd	4mgd__chain1	37.3	99.1	94.5	225	223	236	1.31e-44	143.0
2gqg	2gqg_A	3k5v	3k5v__chain0	99.3	99.6	96.5	277	278	286	2.43e-210	567.0
2gqp	2gqp_A	2yki	2yki__chain0	50.7	88.5	97.1	201	209	207	6.13e-65	193.0
2gs7	2gs7_B	3mss	3mss__chain0	39.2	91.0	95.8	265	288	264	1.1899999999999999e-61	190.0
2gtm	2gtm_A	3e92	3e92__chain0	96.8	100.0	99.4	348	341	349	4.3800000000000004e-247	665.0
2gvq	2gvq_D	3r88	3r88__chain0	31.4	85.2	86.6	299	345	344	2.72e-44	149.0
2gyu	2gyu_B	1e66	1e66__chain0	59.7	99.4	99.8	533	533	532	6.429999999999999e-246	678.0
2gyv	2gyv_B	1e66	1e66__chain0	59.7	99.4	99.8	533	533	532	6.429999999999999e-246	678.0
2gyw	2gyw_B	1e66	1e66__chain0	59.7	99.4	99.8	533	533	532	6.429999999999999e-246	678.0
2h04	2h04_A	1bzc	1bzc__chain0	41.1	85.4	85.2	253	280	297	7.54e-66	201.0
2h0t	2h0t_A	4de2	4de2__chain0	41.0	94.0	95.0	249	265	260	8.97e-60	184.0
2h0y	2h0y_A	4de2	4de2__chain0	41.0	94.0	95.0	249	265	260	8.97e-60	184.0
2h10	2h10_A	4de2	4de2__chain0	41.0	94.0	95.0	249	265	260	8.97e-60	184.0
2h4k	2h4k_A	1bzc	1bzc__chain0	99.3	100.0	100.0	297	297	297	1.0600000000000001e-223	602.0
2h55	2h55_A	3b27	3b27__chain0	100.0	100.0	97.2	209	209	215	1.69e-148	405.0
2h5s	2h5s_A	4de2	4de2__chain0	41.4	94.0	95.0	249	265	260	5.63e-61	187.0
2h8m	2h8m_A	2yki	2yki__chain0	52.2	92.1	97.1	201	215	207	8.76e-69	203.0
2h9e	2h9e_H	1mq6	1mq6__chain0	100.0	100.0	100.0	233	233	233	4.95e-181	489.0
2h9v	2h9v_A	1q8t	1q8t__chain0	34.6	83.6	90.3	321	383	341	1.3400000000000002e-66	208.0
2ha6	2ha6_B	1e66	1e66__chain0	59.5	99.4	99.8	533	533	532	2.61e-245	677.0
2hb1	2hb1_A	1bzc	1bzc__chain0	99.3	100.0	100.0	297	297	297	1.0600000000000001e-223	602.0
2hch	2hch_A	2yki	2yki__chain0	52.2	89.1	97.1	201	221	207	3.56e-67	199.0
2hg1	2hg1_B	2yki	2yki__chain0	52.5	89.4	97.1	204	226	207	5.26e-68	202.0
2hrq	2hrq_B	1gpn	1gpn__chain0	36.0	99.4	98.5	550	531	529	1.17e-84	266.0
2hrr	2hrr_B	1gpn	1gpn__chain0	36.0	99.4	98.5	550	531	529	1.17e-84	266.0
2hw7	2hw7_A	3myg	3myg__chain0	31.1	91.5	92.9	254	271	252	6.84e-39	130.0
2hy8	2hy8_1	4eor	4eor__chain0	31.6	89.8	99.0	294	293	294	7.92e-34	119.0
2i0b	2i0b_C	3gbb	3gbb__chain0	85.9	99.6	99.6	255	256	255	1.5399999999999998e-168	459.0
2i0c	2i0c_A	3gbb	3gbb__chain0	86.7	99.2	100.0	256	258	255	1.7399999999999997e-170	464.0
2i3w	2i3w_A	2al5	2al5__chain0	99.6	99.6	99.2	258	259	260	1.6399999999999998e-190	515.0
2i4g	2i4g_A	1bzc	1bzc__chain0	41.0	85.1	85.2	256	289	297	1.43e-65	201.0
2i4h	2i4h_A	1bzc	1bzc__chain0	40.7	84.6	85.2	253	280	297	2.39e-64	197.0
2i5x	2i5x_A	1bzc	1bzc__chain0	41.4	83.2	82.2	244	280	297	7.54e-66	201.0
2ieg	2ieg_B	3ebp	3ebp__chain0	99.0	99.8	99.9	809	805	810	0.0	1609.0
2iei	2iei_A	3ebp	3ebp__chain0	98.4	100.0	99.4	805	794	810	0.0	1585.0
2itq	2itq_A	3mss	3mss__chain0	39.0	88.3	95.8	267	300	264	2.7699999999999997e-60	187.0
2itu	2itu_A	3mss	3mss__chain0	38.1	83.9	95.8	265	304	264	9.88e-59	183.0
2itv	2itv_A	3mss	3mss__chain0	37.7	84.5	95.8	265	303	264	2.7000000000000002e-58	182.0
2itw	2itw_A	3mss	3mss__chain0	39.3	88.0	95.8	267	301	264	3.5999999999999995e-61	189.0
2itx	2itx_A	3pyy	3pyy__chain0	39.1	85.0	96.6	266	307	265	2.5099999999999997e-60	187.0
2iw9	2iw9_D	4eor	4eor__chain1	100.0	100.0	99.2	255	255	257	7.24e-190	513.0
2j0j	2j0j_A	3k5v	3k5v__chain0	39.3	43.0	94.1	275	611	286	3.92e-62	201.0
2j0k	2j0k_B	3pyy	3pyy__chain0	38.9	41.5	98.5	270	612	265	1.64e-60	196.0
2j0l	2j0l_A	3k5v	3k5v__chain0	40.7	97.1	92.3	270	276	286	2.57e-71	215.0
2j0m	2j0m_B	3k5v	3k5v__chain0	38.9	98.1	92.3	270	257	286	8.02e-65	197.0
2j38	2j38_A	1lpg	1lpg__chain0	100.0	100.0	100.0	234	234	234	1.31e-181	491.0
2j4c	2j4c_A	1e66	1e66__chain0	52.9	100.0	98.9	526	524	532	2.5899999999999997e-221	615.0
2j7c	2j7c_B	2j78	2j78__chain0	100.0	99.8	99.8	442	443	443	0.0	929.0
2j7t	2j7t_A	1pxn	1pxn__chain0	31.7	90.2	96.9	290	285	294	4.83e-33	116.0
2j7y	2j7y_A	2p15	2p15__chain0	59.9	100.0	97.5	237	226	242	5.23e-98	279.0
2j90	2j90_B	2wtv	2wtv__chain0	34.3	98.5	95.5	265	264	264	3.8300000000000004e-43	141.0
2j9m	2j9m_A	2fvd	2fvd__chain0	93.8	100.0	100.0	288	275	284	3.6599999999999994e-197	534.0
2jam	2jam_A	1ydr	1ydr__chain0	35.7	84.2	70.2	244	279	336	5.43e-49	159.0
2jav	2jav_A	3myg	3myg__chain0	31.7	95.7	96.0	249	253	252	7.930000000000001e-35	119.0
2jc1	2jc1_A	4ih5	4ih5__chain0	98.2	99.8	99.8	556	549	557	0.0	1096.0
2jc6	2jc6_C	1nvq	1nvq__chain0	32.0	81.6	92.8	250	277	264	7.599999999999999e-34	117.0
2jdr	2jdr_A	1ydr	1ydr__chain0	43.0	92.4	86.3	293	317	336	3.2000000000000002e-87	259.0
2jed	2jed_B	1ydr	1ydr__chain0	38.1	87.6	83.9	286	322	336	1.28e-67	209.0
2jey	2jey_B	1e66	1e66__chain0	59.7	99.3	99.8	533	534	532	6.68e-246	678.0
2jez	2jez_B	1e66	1e66__chain0	59.5	99.2	99.8	533	533	532	8.61e-244	673.0
2jf6	2jf6_A	2wbg	2wbg__chain0	37.9	98.7	98.4	467	464	443	1.56e-100	302.0
2jf9	2jf9_A	4mgd	4mgd__chain1	98.6	100.0	90.7	215	215	236	2.37e-150	411.0
2jfa	2jfa_A	2p15	2p15__chain0	99.5	100.0	91.7	222	221	242	7.360000000000001e-157	428.0
2jj3	2jj3_A	2pog	2pog__chain0	59.1	99.1	97.4	230	224	233	3.02e-92	264.0
2jjc	2jjc_A	2xdl	2xdl__chain0	100.0	100.0	99.5	207	207	208	2.0099999999999998e-147	402.0
2npa	2npa_C	3b1m	3b1m__chain0	61.8	100.0	99.6	267	267	260	1.05e-119	337.0
2nxx	2nxx_A	2p15	2p15__chain1	32.0	82.1	79.3	197	224	242	2.66e-25	93.2
2o1u	2o1u_B	2yki	2yki__chain0	47.1	28.0	90.3	187	575	207	2.96e-48	160.0
2o8w	2o8w_A	1owh	1owh__chain0	98.8	100.0	100.0	245	245	245	1.12e-192	520.0
2o9t	2o9t_A	2j78	2j78__chain0	42.7	98.9	98.6	445	445	443	3.91e-130	377.0
2ocf	2ocf_A	4mgd	4mgd__chain1	98.7	100.0	99.2	234	233	236	2.3000000000000002e-164	447.0
2of0	2of0_A	3udh	3udh__chain0	99.0	100.0	96.7	381	377	394	1.75e-287	771.0
2oi4	2oi4_X	4k18	4k18__chain0	99.6	100.0	99.3	275	275	277	4.6e-212	571.0
2ojt	2ojt_A	4dld	4dld__chain1	100.0	100.0	98.8	251	251	254	1.07e-187	508.0
2om9	2om9_A	2yfe	2yfe__chain0	95.9	100.0	98.1	270	270	264	1.98e-179	488.0
2ouz	2ouz_A	1qkt	1qkt__chain0	98.8	100.0	99.2	246	246	248	2.59e-174	473.0
2ovm	2ovm_A	3b5r	3b5r__chain0	53.0	98.4	100.0	247	243	247	7.84e-96	275.0
2ozo	2ozo_A	3qgy	3qgy__chain0	39.0	42.2	90.6	231	545	245	4.1699999999999996e-46	155.0
2p0c	2p0c_B	3mss	3mss__chain0	44.1	90.7	90.2	245	248	264	5.4e-66	199.0
2p1t	2p1t_A	2pog	2pog__chain0	32.7	91.5	84.5	205	211	233	6.3599999999999996e-24	89.0
2p1u	2p1u_A	2pog	2pog__chain0	32.7	91.5	84.5	205	211	233	6.3599999999999996e-24	89.0
2p1v	2p1v_A	2pog	2pog__chain0	32.7	91.5	84.5	205	211	233	6.3599999999999996e-24	89.0
2p3t	2p3t_A	1z6e	1z6e__chain1	100.0	100.0	100.0	52	52	52	4.75e-41	121.0
2p3u	2p3u_B	1mq6	1mq6__chain0	100.0	100.0	100.0	233	233	233	4.95e-181	489.0
2p54	2p54_A	3b1m	3b1m__chain0	61.4	100.0	98.5	267	267	260	1.21e-118	334.0
2p8o	2p8o_C	4crc	4crc__chain0	50.6	88.4	36.7	87	95	237	9.33e-25	87.0
2pio	2pio_A	3g0w	3g0w__chain0	100.0	100.0	99.6	248	248	249	1.85e-186	504.0
2pip	2pip_L	3g0w	3g0w__chain0	100.0	100.0	100.0	249	249	249	2.35e-187	506.0
2piq	2piq_A	3g0w	3g0w__chain0	100.0	100.0	100.0	249	249	249	2.35e-187	506.0
2pir	2pir_A	3g0w	3g0w__chain0	100.0	99.6	100.0	249	250	249	2.4499999999999997e-187	506.0
2pit	2pit_A	3g0w	3g0w__chain0	100.0	99.6	100.0	249	250	249	2.4499999999999997e-187	506.0
2piu	2piu_A	3g0w	3g0w__chain0	100.0	100.0	99.6	248	248	249	1.85e-186	504.0
2piv	2piv_A	3g0w	3g0w__chain0	100.0	100.0	100.0	249	249	249	2.35e-187	506.0
2piw	2piw_A	3g0w	3g0w__chain0	100.0	100.0	99.6	248	248	249	1.85e-186	504.0
2pkl	2pkl_A	3g0w	3g0w__chain0	100.0	100.0	100.0	249	249	249	2.35e-187	506.0
2pnu	2pnu_A	1z95	1z95__chain0	98.3	98.4	100.0	241	245	238	3.49e-174	473.0
2pqf	2pqf_B	3kr8	3kr8__chain0	33.1	86.7	79.6	175	181	206	5.85e-13	58.2
2pr3	2pr3_A	1lpg	1lpg__chain0	100.0	100.0	100.0	234	234	234	1.31e-181	491.0
2psy	2psy_A	1k1i	1k1i__chain0	47.1	99.6	100.0	227	227	223	2.42e-75	221.0
2puu	2puu_A	4f9w	4f9w__chain0	96.7	100.0	100.0	336	330	336	1.07e-241	651.0
2pvf	2pvf_A	3k5v	3k5v__chain0	41.5	93.8	89.2	270	288	286	5.47e-71	214.0
2pvy	2pvy_B	3k5v	3k5v__chain0	41.1	93.7	90.6	275	286	286	2.12e-64	197.0
2pwv	2pwv_A	3ge7	3ge7__chain0	98.9	100.0	100.0	361	361	359	8.53e-264	709.0
2py3	2py3_A	3k5v	3k5v__chain0	41.8	95.0	90.6	268	282	286	9.15e-68	206.0
2pz5	2pz5_A	3k5v	3k5v__chain0	42.2	95.0	90.6	268	280	286	1.93e-66	202.0
2pzp	2pzp_A	3k5v	3k5v__chain0	42.2	95.0	90.6	268	280	286	9.659999999999999e-67	203.0
2q1b	2q1b_A	4jsz	4jsz__chain0	99.6	100.0	99.6	256	256	257	5.35e-199	536.0
2q1h	2q1h_A	3b5r	3b5r__chain0	60.7	98.8	98.8	244	244	247	2.5399999999999998e-104	296.0
2q1v	2q1v_A	3b5r	3b5r__chain0	60.7	98.8	98.8	244	244	247	2.5399999999999998e-104	296.0
2q3k	2q3k_A	3o9i	3o9i__chain0	100.0	100.0	100.0	99	99	99	2.9799999999999997e-74	208.0
2q3y	2q3y_A	3b5r	3b5r__chain0	60.2	98.8	98.8	244	244	247	5.92e-103	293.0
2q59	2q59_A	3b1m	3b1m__chain0	99.2	100.0	98.8	257	255	260	5.3900000000000005e-179	486.0
2q5g	2q5g_B	2p4y	2p4y__chain0	63.0	100.0	91.0	235	235	244	1.14e-104	296.0
2q5s	2q5s_A	3b1m	3b1m__chain0	99.2	100.0	99.2	258	256	260	6.839999999999999e-180	488.0
2q61	2q61_A	3b1m	3b1m__chain0	99.6	100.0	98.8	257	256	260	4.81e-180	489.0
2q6j	2q6j_A	2p15	2p15__chain1	99.2	100.0	99.6	242	242	242	9.829999999999999e-172	466.0
2q6r	2q6r_B	3b1m	3b1m__chain0	96.6	100.0	99.6	263	258	260	2.77e-175	477.0
2q6s	2q6s_A	3b1m	3b1m__chain0	99.2	100.0	98.5	256	254	260	6.04e-178	483.0
2q7i	2q7i_A	1z95	1z95__chain0	99.2	98.8	100.0	238	241	238	6.2399999999999995e-176	477.0
2q7j	2q7j_A	3g0w	3g0w__chain0	99.2	99.6	99.6	248	247	249	1.15e-182	494.0
2q7k	2q7k_A	1z95	1z95__chain0	98.7	98.8	100.0	239	242	238	7.28e-173	469.0
2q7l	2q7l_A	3g0w	3g0w__chain0	98.8	99.6	99.6	248	247	249	2.72e-181	491.0
2qa6	2qa6_B	2p15	2p15__chain1	100.0	100.0	100.0	242	242	242	3.73e-176	478.0
2qab	2qab_B	2p15	2p15__chain1	98.8	99.6	99.6	244	245	242	1.3499999999999998e-172	469.0
2qak	2qak_A	1g2k	1g2k__chain0	97.0	100.0	100.0	99	99	99	1.66e-71	201.0
2qb4	2qb4_A	3f3c	3f3c__chain0	100.0	99.6	100.0	509	511	509	0.0	1004.0
2qbp	2qbp_A	1bzc	1bzc__chain0	99.3	100.0	100.0	297	297	297	1.0600000000000001e-223	602.0
2qbq	2qbq_A	1bzc	1bzc__chain0	99.3	100.0	100.0	297	297	297	1.0600000000000001e-223	602.0
2qbr	2qbr_A	1bzc	1bzc__chain0	99.3	99.7	100.0	297	298	297	1.1e-223	602.0
2qbs	2qbs_A	1bzc	1bzc__chain0	99.3	100.0	100.0	297	297	297	1.0600000000000001e-223	602.0
2qca	2qca_A	1o0h	1o0h__chain0	100.0	100.0	100.0	124	124	124	4.43e-90	250.0
2qcs	2qcs_A	1q8t	1q8t__chain0	97.0	100.0	99.1	338	338	341	1.7300000000000001e-248	669.0
2qei	2qei_A	3f3c	3f3c__chain0	100.0	99.4	100.0	509	512	509	0.0	1005.0
2qgt	2qgt_B	2p15	2p15__chain1	99.2	99.6	99.2	240	239	242	1.76e-171	466.0
2qi6	2qi6_A	3o9i	3o9i__chain0	100.0	100.0	100.0	99	99	99	2.9799999999999997e-74	208.0
2qii	2qii_A	3gc5	3gc5__chain0	99.5	100.0	100.0	369	368	368	3.12e-270	726.0
2qll	2qll_A	3ebp	3ebp__chain0	79.3	98.5	99.8	811	806	810	0.0	1321.0
2qo7	2qo7_A	3pyy	3pyy__chain0	38.2	86.0	94.3	259	279	265	9.16e-62	190.0
2qoc	2qoc_A	3mss	3mss__chain0	39.9	88.0	93.6	258	283	264	6.25e-66	201.0
2qoq	2qoq_A	3k5v	3k5v__chain0	38.6	84.9	88.5	259	285	286	9.18e-63	193.0
2qpy	2qpy_A	3g0w	3g0w__chain0	100.0	100.0	99.6	248	248	249	1.85e-186	504.0
2qr9	2qr9_B	2p15	2p15__chain1	100.0	100.0	100.0	242	242	242	3.73e-176	478.0
2qs1	2qs1_A	4dld	4dld__chain1	100.0	100.0	98.8	251	251	254	1.07e-187	508.0
2qs3	2qs3_A	4dld	4dld__chain1	100.0	100.0	98.8	251	251	254	1.07e-187	508.0
2qs4	2qs4_A	3gbb	3gbb__chain0	100.0	99.6	100.0	255	256	255	2.55e-192	520.0
2qse	2qse_B	2p15	2p15__chain1	100.0	100.0	100.0	242	242	242	3.73e-176	478.0
2qxm	2qxm_B	2p15	2p15__chain1	100.0	100.0	100.0	242	242	242	3.73e-176	478.0
2qxs	2qxs_A	2p15	2p15__chain1	98.3	100.0	98.8	239	237	242	8.620000000000001e-167	454.0
2qzo	2qzo_B	2p15	2p15__chain1	98.3	100.0	99.6	241	237	242	5.4199999999999994e-170	462.0
2r3q	2r3q_A	1pxn	1pxn__chain0	98.3	100.0	100.0	294	289	294	2.75e-214	578.0
2r3r	2r3r_A	1pxn	1pxn__chain0	99.0	100.0	100.0	294	291	294	4.42e-216	583.0
2r40	2r40_A	2qe4	2qe4__chain1	30.2	73.9	84.3	179	238	204	5.3200000000000004e-21	81.3
2r5t	2r5t_A	1ydr	1ydr__chain0	42.0	98.2	85.7	293	284	336	2.47e-80	240.0
2r9w	2r9w_A	2r9w	2r9w__chain0	100.0	100.0	100.0	358	358	358	7.68e-275	737.0
2r9x	2r9x_A	2r9w	2r9w__chain0	100.0	100.0	100.0	358	358	358	7.68e-275	737.0
2rew	2rew_A	3b1m	3b1m__chain0	63.1	100.0	99.2	260	255	260	3.6e-117	330.0
2rfs	2rfs_A	3pyy	3pyy__chain0	42.2	91.7	92.8	251	264	265	4.2399999999999996e-67	203.0
2uuj	2uuj_B	2zda	2zda__chain1	100.0	99.6	100.0	251	252	251	1.7999999999999999e-199	537.0
2uvx	2uvx_A	1q8t	1q8t__chain0	98.2	100.0	98.8	337	337	341	8.98e-253	679.0
2uvy	2uvy_A	1q8t	1q8t__chain0	98.2	100.0	98.5	336	336	341	3.5100000000000004e-252	678.0
2uvz	2uvz_A	1q8t	1q8t__chain0	98.2	100.0	98.8	337	337	341	8.98e-253	679.0
2uw9	2uw9_A	1ydr	1ydr__chain0	43.0	92.4	86.3	293	317	336	3.2000000000000002e-87	259.0
2uxa	2uxa_A	2al5	2al5__chain0	98.1	99.2	100.0	260	262	260	5.33e-190	514.0
2v0d	2v0d_A	1pxn	1pxn__chain0	99.0	100.0	100.0	294	292	294	9.299999999999999e-216	582.0
2v3h	2v3h_H	1oyt	1oyt__chain1	100.0	100.0	100.0	250	250	250	3.78e-198	534.0
2v55	2v55_A	1q8t	1q8t__chain0	37.5	76.3	85.6	301	393	341	1.0499999999999998e-68	214.0
2v7o	2v7o_A	3ag9	3ag9__chain0	31.8	84.6	78.7	261	306	319	1.13e-37	130.0
2v96	2v96_B	1e66	1e66__chain0	100.0	99.8	100.0	532	533	532	0.0	1108.0
2v97	2v97_B	1e66	1e66__chain0	100.0	100.0	100.0	532	532	532	0.0	1108.0
2vd5	2vd5_B	3ag9	3ag9__chain0	37.1	72.9	86.5	283	380	319	1.51e-57	184.0
2vij	2vij_A	3udh	3udh__chain0	97.6	100.0	96.4	380	374	394	6.769999999999999e-282	757.0
2vja	2vja_B	1e66	1e66__chain0	100.0	100.0	100.0	532	532	532	0.0	1108.0
2vjb	2vjb_B	1e66	1e66__chain0	100.0	100.0	100.0	532	532	532	0.0	1108.0
2vjc	2vjc_B	1e66	1e66__chain0	100.0	100.0	100.0	532	532	532	0.0	1108.0
2vjd	2vjd_B	1e66	1e66__chain0	100.0	100.0	100.0	532	532	532	0.0	1108.0
2vn9	2vn9_A	2wtv	2wtv__chain0	32.1	88.4	97.3	268	301	264	5.08e-44	145.0
2vnw	2vnw_A	1q8t	1q8t__chain0	98.2	100.0	98.8	337	337	341	8.98e-253	679.0
2vny	2vny_A	1q8t	1q8t__chain0	98.2	100.0	98.8	337	337	341	8.98e-253	679.0
2vo0	2vo0_A	1q8t	1q8t__chain0	98.2	99.1	99.7	340	343	341	1.7e-254	684.0
2vo3	2vo3_A	1q8t	1q8t__chain0	98.2	100.0	98.8	337	337	341	8.98e-253	679.0
2vo6	2vo6_A	1q8t	1q8t__chain0	98.2	100.0	99.1	338	338	341	1.62e-253	681.0
2vq6	2vq6_A	1gpn	1gpn__chain0	100.0	100.0	100.0	529	529	529	0.0	1103.0
2vx3	2vx3_C	1pxn	1pxn__chain0	30.7	93.8	96.3	322	339	294	1.63e-31	114.0
2vz6	2vz6_A	2wtv	2wtv__chain0	36.6	77.0	80.7	224	291	264	6.99e-45	147.0
2w4o	2w4o_A	3myg	3myg__chain0	32.2	86.0	98.8	258	278	252	7.66e-40	133.0
2w5b	2w5b_A	2wtv	2wtv__chain0	32.8	95.9	95.5	262	271	264	1.1e-40	135.0
2wd2	2wd2_A	4jsz	4jsz__chain0	98.1	99.6	100.0	257	254	257	2.16e-193	522.0
2wel	2wel_A	1ydr	1ydr__chain0	32.8	81.9	71.4	250	304	336	2.51e-41	140.0
2wfy	2wfy_B	4eor	4eor__chain1	100.0	100.0	100.0	257	257	257	1.1599999999999999e-191	518.0
2wg1	2wg1_A	1e66	1e66__chain0	100.0	100.0	100.0	532	532	532	0.0	1108.0
2whb	2whb_B	4eor	4eor__chain1	100.0	99.6	100.0	257	258	257	4.23e-192	519.0
2whh	2whh_A	1g2k	1g2k__chain0	98.0	49.5	100.0	99	200	99	4.37e-70	202.0
2who	2who_A	4ih5	4ih5__chain0	99.1	99.8	94.3	530	531	557	0.0	1054.0
2whr	2whr_B	1e66	1e66__chain0	59.7	99.3	99.8	533	534	532	6.68e-246	678.0
2wip	2wip_B	4eor	4eor__chain1	100.0	99.6	100.0	257	258	257	4.23e-192	519.0
2wjo	2wjo_A	3udh	3udh__chain0	99.2	100.0	97.5	384	381	394	1.3e-290	779.0
2wkm	2wkm_A	4twp	4twp__chain0	41.0	89.9	92.1	261	287	266	2.72e-63	194.0
2wma	2wma_B	4eor	4eor__chain1	100.0	99.6	100.0	257	258	257	4.23e-192	519.0
2wmb	2wmb_B	4eor	4eor__chain1	100.0	99.6	100.0	257	258	257	4.23e-192	519.0
2wmq	2wmq_A	1nvq	1nvq__chain0	96.1	100.0	97.0	256	246	264	1.2100000000000001e-185	503.0
2wms	2wms_A	3jvs	3jvs__chain0	97.6	100.0	97.3	249	243	256	1.27e-182	494.0
2wph	2wph_E	1mq6	1mq6__chain1	53.2	79.7	90.2	47	59	51	7.05e-18	63.2
2wpi	2wpi_E	1mq6	1mq6__chain1	53.2	79.7	90.2	47	59	51	7.05e-18	63.2
2wpj	2wpj_E	1mq6	1mq6__chain1	53.2	79.7	90.2	47	59	51	7.05e-18	63.2
2wpk	2wpk_E	1mq6	1mq6__chain1	53.2	79.7	90.2	47	59	51	7.05e-18	63.2
2wpl	2wpl_E	1mq6	1mq6__chain1	53.2	79.7	90.2	47	59	51	7.05e-18	63.2
2wpm	2wpm_E	1mq6	1mq6__chain1	53.2	79.7	90.2	47	59	51	7.05e-18	63.2
2wqo	2wqo_A	3myg	3myg__chain0	30.9	95.5	96.0	249	242	252	8.87e-28	100.0
2wrm	2wrm_A	4ih5	4ih5__chain0	99.1	99.8	94.3	530	531	557	0.0	1054.0
2wtk	2wtk_C	3ag9	3ag9__chain0	30.7	88.4	78.1	270	285	319	1.1400000000000001e-29	108.0
2wu4	2wu4_A	1h23	1h23__chain0	59.8	98.9	99.6	527	529	528	1.58e-244	674.0
2wub	2wub_C	1owh	1owh__chain0	39.8	97.4	98.4	241	229	245	2.82e-56	173.0
2wvs	2wvs_A	2wvt	2wvt__chain1	99.8	100.0	100.0	439	439	439	0.0	931.0
2wvu	2wvu_A	2wvt	2wvt__chain0	100.0	100.0	99.8	437	437	438	0.0	928.0
2wzh	2wzh_A	2w4x	2w4x__chain0	98.8	100.0	99.8	578	572	579	0.0	1156.0
2wzi	2wzi_A	2w4x	2w4x__chain0	99.7	90.6	100.0	580	640	579	0.0	1180.0
2x0h	2x0h_B	2vvn	2vvn__chain0	98.8	100.0	100.0	649	642	648	0.0	1285.0
2x0u	2x0u_A	5a7b	5a7b__chain0	100.0	100.0	99.5	195	195	196	1.28e-153	417.0
2x0v	2x0v_B	5a7b	5a7b__chain0	100.0	99.5	99.0	194	195	196	7.42e-153	415.0
2x0w	2x0w_A	5a7b	5a7b__chain0	100.0	100.0	99.5	195	195	196	1.28e-153	417.0
2x1n	2x1n_B	4eor	4eor__chain1	100.0	99.6	100.0	257	258	257	4.23e-192	519.0
2x7f	2x7f_A	3myg	3myg__chain0	30.4	87.7	95.2	257	276	252	3.9100000000000004e-26	97.1
2xc5	2xc5_A	1lpg	1lpg__chain0	100.0	99.6	100.0	234	235	234	1.37e-181	491.0
2xds	2xds_A	2xdl	2xdl__chain0	100.0	100.0	99.5	207	207	208	2.0099999999999998e-147	402.0
2xdu	2xdu_A	2xdl	2xdl__chain0	100.0	100.0	100.0	208	208	208	1.0399999999999999e-147	403.0
2xhd	2xhd_A	2al5	2al5__chain0	98.1	99.2	100.0	260	262	260	5.33e-190	514.0
2xik	2xik_A	3uo4	3uo4__chain0	32.4	84.8	92.5	256	289	266	2.1999999999999998e-38	130.0
2xir	2xir_A	3pyy	3pyy__chain0	38.5	95.6	98.5	283	296	265	3.1599999999999995e-61	189.0
2xkw	2xkw_A	3b1m	3b1m__chain0	99.6	99.2	100.0	260	261	260	2.14e-182	495.0
2xm8	2xm8_A	3e5a	3e5a__chain0	34.4	89.1	86.4	241	265	265	5.37e-35	120.0
2xnt	2xnt_A	2xys	2xys__chain0	100.0	100.0	100.0	205	205	205	9.68e-156	423.0
2xnv	2xnv_A	2xys	2xys__chain0	100.0	100.0	100.0	205	205	205	9.68e-156	423.0
2xug	2xug_B	1e66	1e66__chain0	59.7	99.3	99.8	533	536	532	8.34e-245	676.0
2xuh	2xuh_A	1e66	1e66__chain0	59.6	98.9	99.6	532	537	532	3.51e-244	674.0
2xuj	2xuj_A	1e66	1e66__chain0	59.4	98.9	99.6	532	538	532	2.22e-245	677.0
2xuk	2xuk_A	1e66	1e66__chain0	59.6	98.9	99.6	532	537	532	3.51e-244	674.0
2xuo	2xuo_A	1e66	1e66__chain0	59.5	98.9	99.4	531	536	532	6.8e-244	673.0
2xuq	2xuq_A	1e66	1e66__chain0	59.5	98.9	99.4	531	536	532	6.8e-244	673.0
2xx7	2xx7_A	2al5	2al5__chain0	99.6	98.9	100.0	260	263	260	9.99e-193	521.0
2xx8	2xx8_A	2al5	2al5__chain0	99.6	99.6	100.0	260	261	260	2.6400000000000003e-192	520.0
2xx9	2xx9_A	2al5	2al5__chain0	99.6	98.5	100.0	260	264	260	1.04e-192	521.0
2xxh	2xxh_A	2al5	2al5__chain0	99.6	98.9	100.0	260	263	260	9.99e-193	521.0
2xxi	2xxi_A	2al5	2al5__chain0	99.6	98.5	100.0	260	264	260	1.04e-192	521.0
2xxu	2xxu_B	4dld	4dld__chain1	87.2	99.6	98.0	250	251	254	5.52e-165	450.0
2xxv	2xxv_B	4dld	4dld__chain1	87.1	100.0	97.6	249	249	254	2.07e-164	449.0
2xyj	2xyj_B	3u9q	3u9q__chain0	63.1	100.0	99.6	263	259	257	6.5700000000000005e-118	332.0
2xyw	2xyw_A	3u9q	3u9q__chain0	62.2	100.0	99.2	267	263	257	4.4100000000000005e-117	330.0
2xyx	2xyx_B	3u9q	3u9q__chain0	62.2	100.0	99.2	267	263	257	4.4100000000000005e-117	330.0
2y7j	2y7j_B	3ag9	3ag9__chain0	34.6	86.5	71.5	243	281	319	9.78e-41	137.0
2y91	2y91_A	4de2	4de2__chain0	43.3	98.0	97.7	254	256	260	2.4399999999999997e-68	206.0
2yat	2yat_A	2pog	2pog__chain1	95.7	89.0	100.0	211	227	211	1.04e-139	384.0
2ye2	2ye2_A	3b27	3b27__chain0	100.0	100.0	97.2	209	209	215	1.69e-148	405.0
2ye3	2ye3_A	3b27	3b27__chain0	100.0	100.0	97.2	209	209	215	1.69e-148	405.0
2ye4	2ye4_A	3b27	3b27__chain0	100.0	100.0	97.2	209	209	215	1.69e-148	405.0
2ye6	2ye6_A	3b27	3b27__chain0	100.0	100.0	97.2	209	209	215	1.69e-148	405.0
2ye7	2ye7_A	2xdl	2xdl__chain0	100.0	99.5	100.0	208	209	208	7.6e-148	403.0
2ye8	2ye8_A	2xdl	2xdl__chain0	100.0	99.5	100.0	208	209	208	7.6e-148	403.0
2yea	2yea_A	3b27	3b27__chain0	100.0	100.0	97.2	209	209	215	1.69e-148	405.0
2yeb	2yeb_A	3b27	3b27__chain0	100.0	100.0	97.2	209	209	215	1.69e-148	405.0
2yed	2yed_A	3b27	3b27__chain0	100.0	100.0	97.2	209	209	215	1.69e-148	405.0
2yee	2yee_A	2xdl	2xdl__chain0	99.5	99.5	99.5	207	208	208	9.939999999999999e-146	398.0
2yef	2yef_A	3rlr	3rlr__chain0	100.0	99.5	98.2	215	216	219	1.39e-152	416.0
2yeg	2yeg_A	3b27	3b27__chain0	100.0	100.0	97.2	209	209	215	1.69e-148	405.0
2yeh	2yeh_A	3b27	3b27__chain0	100.0	100.0	97.2	209	209	215	1.69e-148	405.0
2yei	2yei_A	2xdl	2xdl__chain0	100.0	99.5	100.0	208	209	208	7.6e-148	403.0
2yej	2yej_A	2xdl	2xdl__chain0	100.0	99.5	100.0	208	209	208	7.6e-148	403.0
2yi6	2yi6_A	3b27	3b27__chain0	100.0	100.0	97.2	209	209	215	1.69e-148	405.0
2yiy	2yiy_A	4rfm	4rfm__chain0	33.9	81.9	96.4	248	293	249	4.14e-39	131.0
2yja	2yja_B	1qkt	1qkt__chain0	98.8	100.0	98.8	245	245	248	5.8700000000000004e-173	470.0
2yjd	2yjd_A	4mgd	4mgd__chain1	61.0	100.0	96.2	228	223	236	2.0699999999999998e-95	272.0
2yk2	2yk2_A	2yki	2yki__chain0	100.0	100.0	100.0	207	207	207	1.3599999999999998e-147	402.0
2yly	2yly_B	4mgd	4mgd__chain1	59.4	99.1	97.0	229	221	236	1.28e-93	268.0
2yn8	2yn8_A	3qgy	3qgy__chain0	41.1	93.7	97.6	241	253	245	6.01e-62	189.0
2z1x	2z1x_A	1s38	1s38__chain0	98.9	99.7	100.0	365	364	364	8.54e-266	714.0
2z4j	2z4j_A	3g0w	3g0w__chain0	100.0	100.0	99.6	248	248	249	1.85e-186	504.0
2z54	2z54_A	1g2k	1g2k__chain0	98.0	100.0	100.0	99	99	99	1.4200000000000002e-72	204.0
2z7k	2z7k_A	1s38	1s38__chain0	99.7	100.0	100.0	364	363	364	1.27e-269	724.0
2z7l	2z7l_A	2zb1	2zb1__chain0	47.6	99.7	95.7	338	329	345	3.67e-102	298.0
2z8c	2z8c_A	3pyy	3pyy__chain0	40.3	91.0	95.5	273	300	265	2.2e-68	207.0
2zcq	2zcq_A	3acw	3acw__chain0	100.0	100.0	100.0	284	284	284	3.36e-209	565.0
2zd8	2zd8_A	4de2	4de2__chain0	41.4	94.0	95.0	249	265	260	5.63e-61	187.0
2zdu	2zdu_A	4f9w	4f9w__chain0	48.1	99.4	97.6	341	330	336	1e-102	299.0
2zdv	2zdv_H	2zda	2zda__chain1	99.6	100.0	100.0	251	250	251	1.31e-196	530.0
2zeb	2zeb_A	4crc	4crc__chain0	40.9	97.5	97.5	242	243	237	2.46e-59	181.0
2zec	2zec_A	4crc	4crc__chain0	40.9	97.5	97.5	242	243	237	2.46e-59	181.0
2zf0	2zf0_H	2zda	2zda__chain1	100.0	100.0	100.0	251	251	251	2.46e-199	537.0
2zff	2zff_H	2zda	2zda__chain1	100.0	100.0	100.0	251	251	251	2.46e-199	537.0
2zfq	2zfq_H	2zda	2zda__chain1	100.0	100.0	100.0	251	251	251	2.46e-199	537.0
2zg0	2zg0_H	1bcu	1bcu__chain1	100.0	100.0	100.0	249	249	249	1.4199999999999997e-197	532.0
2zgb	2zgb_H	1bcu	1bcu__chain1	99.6	99.6	100.0	249	249	249	1.12e-194	525.0
2zgh	2zgh_A	1k1i	1k1i__chain0	33.2	97.8	97.8	229	231	223	2.72e-32	111.0
2zgj	2zgj_A	1k1i	1k1i__chain0	32.8	97.8	97.8	229	231	223	1.49e-31	109.0
2zhe	2zhe_H	1bcu	1bcu__chain1	100.0	99.6	100.0	249	250	249	1.0399999999999999e-197	533.0
2zhq	2zhq_H	1bcu	1bcu__chain1	100.0	99.6	100.0	249	250	249	1.0399999999999999e-197	533.0
2zi2	2zi2_H	1oyt	1oyt__chain1	100.0	100.0	100.0	250	250	250	3.78e-198	534.0
2ziq	2ziq_H	2zda	2zda__chain1	100.0	100.0	100.0	251	251	251	2.46e-199	537.0
2zjh	2zjh_A	3rsx	3rsx__chain0	94.1	99.4	100.0	375	356	375	4.96e-261	702.0
2zjj	2zjj_A	3udh	3udh__chain0	95.8	99.5	96.7	381	370	394	5.92e-275	739.0
2zjk	2zjk_A	3udh	3udh__chain0	96.3	99.2	96.7	381	371	394	1.5799999999999998e-277	746.0
2zjl	2zjl_A	3rsx	3rsx__chain0	90.9	99.4	100.0	375	344	375	3.7399999999999996e-246	664.0
2zjn	2zjn_A	3udh	3udh__chain0	95.8	99.5	96.7	381	367	394	5.0200000000000005e-273	734.0
2zk6	2zk6_A	2yfe	2yfe__chain0	96.0	100.0	99.6	274	274	264	7.2500000000000005e-183	497.0
2zkc	2zkc_A	4mgd	4mgd__chain1	37.6	97.8	94.9	226	227	236	2.66e-45	145.0
2zm4	2zm4_A	3k5v	3k5v__chain0	48.3	97.0	92.3	265	271	286	2.2799999999999997e-89	261.0
2zmm	2zmm_A	1bzc	1bzc__chain0	99.3	100.0	100.0	297	297	297	1.0600000000000001e-223	602.0
2zn7	2zn7_A	1bzc	1bzc__chain0	99.3	100.0	100.0	297	297	297	1.0600000000000001e-223	602.0
2znk	2znk_H	2zda	2zda__chain1	100.0	100.0	100.0	251	251	251	2.46e-199	537.0
2znn	2znn_A	3b1m	3b1m__chain0	61.5	100.0	98.5	265	258	260	5.43e-115	324.0
2znp	2znp_B	3u9q	3u9q__chain0	64.0	98.5	99.2	261	262	257	1.28e-118	333.0
2znq	2znq_A	3b1m	3b1m__chain0	63.7	100.0	98.5	262	262	260	2.6e-121	340.0
2zox	2zox_A	2wbg	2wbg__chain0	39.2	99.6	99.3	474	466	443	4.730000000000001e-109	324.0
2zq9	2zq9_A	4de2	4de2__chain0	84.0	98.8	98.5	256	259	260	5.079999999999999e-153	421.0
2zwl	2zwl_H	1mq6	1mq6__chain0	39.0	94.5	100.0	241	254	233	5.88e-65	196.0
2zxz	2zxz_A	2p15	2p15__chain0	32.3	87.3	81.4	198	213	242	1.49e-24	90.9
2zy0	2zy0_A	2p15	2p15__chain1	32.8	86.5	80.2	195	215	242	5.76e-25	92.0
3a60	3a60_A	3ag9	3ag9__chain0	37.9	97.7	85.9	277	263	319	4.4699999999999995e-68	207.0
3a61	3a61_A	3ag9	3ag9__chain0	37.2	98.4	85.9	277	254	319	2.61e-67	205.0
3a62	3a62_A	3ag9	3ag9__chain0	37.9	97.3	85.9	277	264	319	3.6300000000000005e-70	213.0
3a7i	3a7i_A	3uo4	3uo4__chain0	31.0	87.5	94.4	255	287	266	5.77e-38	129.0
3a7t	3a7t_A	1k1i	1k1i__chain0	100.0	100.0	100.0	223	223	223	4.94e-167	453.0
3a7v	3a7v_A	1k1i	1k1i__chain0	100.0	100.0	100.0	223	223	223	4.94e-167	453.0
3a7w	3a7w_A	1k1i	1k1i__chain0	100.0	100.0	100.0	223	223	223	4.94e-167	453.0
3a7x	3a7x_A	1k1i	1k1i__chain0	100.0	100.0	100.0	223	223	223	4.94e-167	453.0
3a7y	3a7y_A	1k1i	1k1i__chain0	100.0	100.0	100.0	223	223	223	4.94e-167	453.0
3a7z	3a7z_A	1k1i	1k1i__chain0	100.0	100.0	100.0	223	223	223	4.94e-167	453.0
3a80	3a80_A	1k1i	1k1i__chain0	100.0	100.0	100.0	223	223	223	4.94e-167	453.0
3a81	3a81_A	1k1i	1k1i__chain0	100.0	100.0	100.0	223	223	223	4.94e-167	453.0
3a86	3a86_A	1k1i	1k1i__chain0	100.0	100.0	100.0	223	223	223	4.94e-167	453.0
3a89	3a89_A	1k1i	1k1i__chain0	100.0	100.0	100.0	223	223	223	4.94e-167	453.0
3a8a	3a8a_A	1k1i	1k1i__chain0	100.0	100.0	100.0	223	223	223	4.94e-167	453.0
3a8b	3a8b_A	1k1i	1k1i__chain0	100.0	100.0	100.0	223	223	223	4.94e-167	453.0
3a8c	3a8c_A	1k1i	1k1i__chain0	100.0	100.0	100.0	223	223	223	4.94e-167	453.0
3a8d	3a8d_A	1k1i	1k1i__chain0	100.0	100.0	100.0	223	223	223	4.94e-167	453.0
3a99	3a99_A	3jya	3jya__chain0	100.0	100.0	99.6	273	273	274	7.66e-212	570.0
3a9e	3a9e_A	2pog	2pog__chain1	33.0	76.1	82.9	176	218	211	2.01e-21	82.0
3ac1	3ac1_A	3k5v	3k5v__chain0	48.3	96.7	92.3	265	272	286	1.67e-89	261.0
3ac2	3ac2_A	3k5v	3k5v__chain0	48.3	96.7	92.3	265	272	286	1.67e-89	261.0
3ac5	3ac5_A	3k5v	3k5v__chain0	48.3	96.7	92.3	265	272	286	1.67e-89	261.0
3ac8	3ac8_A	3k5v	3k5v__chain0	48.3	97.0	92.3	265	271	286	2.2799999999999997e-89	261.0
3acy	3acy_A	3acw	3acw__chain0	100.0	100.0	100.0	284	284	284	3.36e-209	565.0
3adz	3adz_A	3acw	3acw__chain0	99.6	100.0	100.0	284	284	284	7.92e-208	561.0
3ae0	3ae0_A	3acw	3acw__chain0	99.6	100.0	100.0	284	284	284	3.93e-208	562.0
3aht	3aht_A	2j78	2j78__chain0	39.3	97.9	98.0	463	471	443	2.3699999999999998e-119	350.0
3ai0	3ai0_A	2j7h	2j7h__chain0	40.3	95.8	96.8	462	472	438	6.2e-104	311.0
3ais	3ais_A	2wbg	2wbg__chain0	39.7	94.9	97.3	469	491	443	2.65e-109	325.0
3aiv	3aiv_A	2wbg	2wbg__chain0	38.3	95.9	97.3	472	486	443	1e-104	313.0
3aiw	3aiw_A	2wbg	2wbg__chain0	38.3	95.9	97.3	472	486	443	1e-104	313.0
3ao2	3ao2_B	3ao4	3ao4__chain1	98.5	98.5	100.0	133	134	133	8.359999999999999e-95	263.0
3ao3	3ao3_B	3ao4	3ao4__chain1	99.2	99.3	100.0	133	134	133	6.12e-97	268.0
3ao5	3ao5_B	3ao4	3ao4__chain0	98.6	99.3	100.0	139	140	139	5.14e-101	279.0
3aqv	3aqv_A	1nvq	1nvq__chain0	34.9	93.3	95.5	261	267	264	8.290000000000001e-43	140.0
3axw	3axw_A	4eor	4eor__chain0	31.7	89.7	98.0	303	329	294	4.01e-39	134.0
3b0q	3b0q_A	2yfe	2yfe__chain0	99.6	100.0	99.6	263	262	264	5.44e-184	499.0
3b3k	3b3k_A	2yfe	2yfe__chain0	95.9	100.0	98.1	270	270	264	1.98e-179	488.0
3b65	3b65_A	3b5r	3b5r__chain0	100.0	100.0	100.0	247	247	247	9.57e-186	502.0
3b6q	3b6q_A	2al5	2al5__chain0	99.6	99.6	99.2	258	259	260	3.3199999999999997e-190	514.0
3b6t	3b6t_A	2al5	2al5__chain0	99.6	100.0	99.2	258	258	260	2.2399999999999998e-190	515.0
3b6w	3b6w_C	2al5	2al5__chain0	99.6	100.0	99.2	258	258	260	2.2399999999999998e-190	515.0
3b7d	3b7d_D	2al5	2al5__chain0	100.0	100.0	99.6	259	259	260	3.46e-192	520.0
3bbr	3bbr_B	2al5	2al5__chain0	99.6	98.5	100.0	260	264	260	1.04e-192	521.0
3bd7	3bd7_A	3ebp	3ebp__chain0	99.9	100.0	100.0	810	810	810	0.0	1637.0
3bd8	3bd8_A	3ebp	3ebp__chain0	99.9	100.0	100.0	810	810	810	0.0	1637.0
3bda	3bda_A	3ebp	3ebp__chain0	99.9	100.0	100.0	810	810	810	0.0	1637.0
3bf6	3bf6_H	2zda	2zda__chain1	99.2	99.6	100.0	251	250	251	1.0800000000000001e-195	528.0
3bgb	3bgb_A	1g2k	1g2k__chain0	100.0	100.0	100.0	99	99	99	1.7200000000000002e-73	206.0
3bhe	3bhe_A	1g2k	1g2k__chain0	100.0	100.0	100.0	99	99	99	1.7200000000000002e-73	206.0
3bhh	3bhh_C	2wtv	2wtv__chain0	33.9	78.6	80.7	224	285	264	1.5e-41	138.0
3bht	3bht_A	2xnb	2xnb__chain0	100.0	99.3	100.0	296	298	296	8.72e-223	600.0
3bhu	3bhu_A	2xnb	2xnb__chain0	100.0	99.3	100.0	296	298	296	8.72e-223	600.0
3bhy	3bhy_A	2wtv	2wtv__chain0	33.6	96.6	96.2	265	268	264	7.8e-44	143.0
3biu	3biu_H	1oyt	1oyt__chain1	100.0	100.0	100.0	250	250	250	3.78e-198	534.0
3bkb	3bkb_A	4m0y	4m0y__chain0	44.2	70.8	98.9	265	373	263	3.2000000000000003e-75	228.0
3bki	3bki_P	2al5	2al5__chain0	100.0	100.0	98.8	257	257	260	1.52e-190	515.0
3bl6	3bl6_A	1nc3	1nc3__chain1	54.6	99.6	99.6	229	230	230	5.480000000000001e-79	231.0
3bld	3bld_A	3ge7	3ge7__chain0	95.5	100.0	99.7	359	348	359	2.08e-247	667.0
3bll	3bll_A	3ge7	3ge7__chain0	94.7	100.0	100.0	361	347	359	6.66e-246	663.0
3bqd	3bqd_A	3b5r	3b5r__chain0	50.6	97.2	100.0	247	253	247	1.65e-90	261.0
3bqr	3bqr_A	2wtv	2wtv__chain0	34.0	96.0	96.2	265	275	264	4.83e-44	144.0
3bsa	3bsa_A	4ih5	4ih5__chain0	99.8	99.8	99.8	556	557	557	0.0	1121.0
3bxr	3bxr_A	3o9i	3o9i__chain0	94.9	100.0	100.0	99	99	99	1.13e-69	197.0
3c11	3c11_A	2iwx	2iwx__chain0	99.1	100.0	100.0	214	214	214	9.48e-147	401.0
3c27	3c27_B	1bcu	1bcu__chain1	100.0	100.0	100.0	249	249	249	1.4199999999999997e-197	532.0
3c2y	3c2y_A	1s38	1s38__chain0	98.9	99.7	100.0	364	361	364	2.26e-267	718.0
3c31	3c31_A	4dld	4dld__chain1	100.0	100.0	100.0	254	254	254	1.86e-191	517.0
3c32	3c32_A	4dld	4dld__chain1	100.0	100.0	100.0	254	254	254	1.86e-191	517.0
3c33	3c33_A	4dld	4dld__chain1	100.0	100.0	100.0	254	254	254	1.86e-191	517.0
3c34	3c34_A	4dld	4dld__chain1	100.0	100.0	100.0	254	254	254	1.86e-191	517.0
3c35	3c35_A	4dld	4dld__chain1	100.0	100.0	100.0	254	254	254	1.86e-191	517.0
3c36	3c36_A	4dld	4dld__chain1	100.0	100.0	100.0	254	254	254	1.86e-191	517.0
3cbl	3cbl_A	4m0y	4m0y__chain0	44.2	74.2	98.9	265	356	263	1.88e-75	228.0
3cd3	3cd3_A	3mss	3mss__chain0	44.7	74.2	97.3	264	353	264	1.08e-79	238.0
3cdp	3cdp_A	2yfe	2yfe__chain0	95.9	100.0	98.1	270	270	264	1.98e-179	488.0
3cds	3cds_A	2yfe	2yfe__chain0	95.9	100.0	98.1	270	270	264	1.98e-179	488.0
3ceh	3ceh_A	3ebp	3ebp__chain0	81.5	99.9	97.9	795	794	810	0.0	1350.0
3cej	3cej_A	3ebp	3ebp__chain0	81.1	99.9	97.9	794	790	810	0.0	1339.0
3cem	3cem_A	3ebp	3ebp__chain0	81.5	99.9	97.9	795	794	810	0.0	1350.0
3ciz	3ciz_B	4ih5	4ih5__chain0	99.5	99.5	100.0	560	563	557	0.0	1121.0
3cj0	3cj0_A	4ih5	4ih5__chain0	99.5	99.6	100.0	560	562	557	0.0	1120.0
3cj2	3cj2_A	4ih5	4ih5__chain0	100.0	100.0	100.0	557	557	557	0.0	1125.0
3cj3	3cj3_A	4ih5	4ih5__chain0	99.8	99.6	100.0	558	560	557	0.0	1121.0
3cj4	3cj4_A	4ih5	4ih5__chain0	100.0	99.8	100.0	557	558	557	0.0	1125.0
3cj5	3cj5_B	4ih5	4ih5__chain0	99.5	99.5	100.0	560	563	557	0.0	1121.0
3cjg	3cjg_A	3pyy	3pyy__chain0	37.2	95.4	98.5	282	282	265	1.8000000000000001e-56	176.0
3ckx	3ckx_A	3uo4	3uo4__chain0	30.7	89.9	94.4	254	277	266	2.2399999999999998e-38	129.0
3cld	3cld_B	3b5r	3b5r__chain0	51.4	98.8	100.0	247	241	247	6.54e-87	252.0
3cly	3cly_A	3k5v	3k5v__chain0	42.1	93.1	90.6	271	291	286	9.440000000000001e-73	219.0
3cok	3cok_B	3myg	3myg__chain0	35.1	96.2	96.8	245	234	252	2.6199999999999998e-48	153.0
3cs9	3cs9_A	3pyy	3pyy__chain0	100.0	100.0	99.6	264	264	265	3.77e-203	548.0
3cut	3cut_A	3ebp	3ebp__chain0	99.5	100.0	100.0	813	813	810	0.0	1632.0
3cuu	3cuu_A	3ebp	3ebp__chain0	99.5	100.0	100.0	813	813	810	0.0	1632.0
3cuv	3cuv_A	3ebp	3ebp__chain0	99.4	99.6	99.9	809	812	810	0.0	1622.0
3cuw	3cuw_A	3ebp	3ebp__chain0	99.5	100.0	100.0	813	813	810	0.0	1632.0
3cwe	3cwe_A	1bzc	1bzc__chain0	97.5	97.2	94.9	282	285	297	1.56e-206	558.0
3cxw	3cxw_A	2c3i	2c3i__chain0	99.3	98.2	100.0	267	272	266	2.69e-203	548.0
3cy3	3cy3_A	2c3i	2c3i__chain0	99.3	98.5	100.0	267	271	266	2.58e-203	548.0
3d15	3d15_A	3myg	3myg__chain0	93.0	100.0	100.0	256	256	252	4.02e-177	481.0
3d2i	3d2i_A	3myg	3myg__chain0	92.9	100.0	99.6	255	255	252	2.2299999999999998e-176	479.0
3d2k	3d2k_A	3myg	3myg__chain0	92.4	100.0	99.2	250	245	252	6.5e-171	465.0
3d4f	3d4f_A	4de2	4de2__chain0	41.4	94.0	95.0	249	265	260	5.63e-61	187.0
3d5f	3d5f_A	3u9q	3u9q__chain0	63.5	100.0	98.8	260	254	257	8.930000000000001e-117	328.0
3d7t	3d7t_B	3k5v	3k5v__chain0	46.8	95.1	92.3	265	265	286	3.1e-80	237.0
3d90	3d90_B	3b5r	3b5r__chain0	55.5	98.8	100.0	247	249	247	6.75e-101	288.0
3da2	3da2_B	4jsz	4jsz__chain0	60.2	99.6	99.2	256	257	257	6.68e-115	324.0
3dbc	3dbc_A	3myg	3myg__chain0	32.5	87.0	95.2	240	261	252	2.01e-42	139.0
3dbe	3dbe_A	2wtv	2wtv__chain0	32.8	88.0	94.7	250	284	264	1.0399999999999999e-45	149.0
3dbf	3dbf_A	3myg	3myg__chain0	32.5	87.0	95.2	240	261	252	2.01e-42	139.0
3dd1	3dd1_B	3ebp	3ebp__chain0	80.7	100.0	97.9	805	805	810	0.0	1348.0
3dds	3dds_B	3ebp	3ebp__chain0	81.0	100.0	97.9	802	802	810	0.0	1350.0
3ddw	3ddw_B	3ebp	3ebp__chain0	81.3	100.0	97.9	800	800	810	0.0	1351.0
3df9	3df9_A	1nc1	1nc1__chain0	100.0	100.0	100.0	234	234	234	3.44e-168	457.0
3dfc	3dfc_B	2wtv	2wtv__chain0	32.1	96.8	97.3	271	280	264	8.56e-43	141.0
3dj5	3dj5_A	3myg	3myg__chain0	92.5	100.0	99.2	252	252	252	3.14e-173	471.0
3dj6	3dj6_A	3myg	3myg__chain0	92.5	100.0	99.2	252	252	252	3.14e-173	471.0
3dj7	3dj7_A	3myg	3myg__chain0	92.6	100.0	100.0	257	257	252	5.94e-177	481.0
3dk3	3dk3_A	3pyy	3pyy__chain0	98.9	99.2	99.6	264	266	265	1.6000000000000002e-200	541.0
3dk6	3dk6_A	4twp	4twp__chain0	97.7	100.0	99.6	265	263	266	4.72e-197	532.0
3dk7	3dk7_B	4twp	4twp__chain0	98.9	99.3	100.0	267	269	266	6.54e-201	542.0
3dko	3dko_A	3qgy	3qgy__chain0	43.1	76.0	85.3	211	275	245	1.59e-59	183.0
3dp6	3dp6_A	2al5	2al5__chain0	100.0	99.6	99.2	258	259	260	5.74e-191	516.0
3dqw	3dqw_C	3k5v	3k5v__chain0	48.3	95.3	92.3	265	276	286	1.66e-85	251.0
3dt0	3dt0_H	1bcu	1bcu__chain1	100.0	99.6	100.0	249	250	249	1.0399999999999999e-197	533.0
3dt3	3dt3_B	2p15	2p15__chain1	98.8	100.0	99.2	241	240	242	5.0300000000000005e-169	459.0
3dtw	3dtw_B	3mss	3mss__chain0	37.4	98.9	98.5	281	269	264	2.0499999999999997e-54	171.0
3dzq	3dzq_A	3k5v	3k5v__chain0	38.6	89.9	88.5	259	268	286	7.4e-63	193.0
3dzu	3dzu_D	3b1m	3b1m__chain0	99.6	72.7	100.0	261	359	260	2.54e-181	496.0
3dzy	3dzy_D	3fur	3fur__chain0	99.6	72.3	100.0	256	354	256	1.2100000000000002e-179	492.0
3e00	3e00_D	2yfe	2yfe__chain0	98.9	73.6	100.0	267	363	264	1.25e-183	503.0
3e3o	3e3o_B	3ebp	3ebp__chain0	98.8	99.3	100.0	811	812	810	0.0	1607.0
3e7c	3e7c_B	1z95	1z95__chain0	51.9	96.3	99.2	239	245	238	7.49e-85	246.0
3e87	3e87_A	1q8t	1q8t__chain0	43.0	90.7	85.0	293	323	341	8.11e-88	261.0
3e88	3e88_A	1q8t	1q8t__chain0	43.0	91.3	85.0	293	321	341	7.57e-88	261.0
3e8c	3e8c_A	1q8t	1q8t__chain0	99.4	98.8	99.7	340	344	341	2.6199999999999997e-256	689.0
3e8d	3e8d_B	1q8t	1q8t__chain0	43.0	92.1	85.0	293	318	341	6.82e-88	261.0
3e8e	3e8e_A	1q8t	1q8t__chain0	99.4	98.8	99.7	340	344	341	2.6199999999999997e-256	689.0
3e94	3e94_A	2pog	2pog__chain0	32.7	91.5	84.5	205	211	233	6.3599999999999996e-24	89.0
3eb0	3eb0_C	2xnb	2xnb__chain0	37.2	86.5	91.9	277	311	296	4.93e-60	187.0
3ebz	3ebz_A	3o9i	3o9i__chain0	50.0	99.0	99.0	98	99	99	3.19e-35	110.0
3ec0	3ec0_A	3o9i	3o9i__chain0	50.0	99.0	99.0	98	99	99	3.19e-35	110.0
3ecg	3ecg_A	3o9i	3o9i__chain0	50.0	99.0	99.0	98	99	99	3.19e-35	110.0
3eei	3eei_A	4f3c	4f3c__chain0	49.6	98.7	98.7	228	231	230	3.48e-70	208.0
3efi	3efi_A	4jsz	4jsz__chain0	99.6	99.6	99.6	256	257	257	2.76e-199	537.0
3efl	3efl_B	3qgy	3qgy__chain0	37.6	77.6	80.0	205	263	245	2.06e-44	144.0
3eha	3eha_A	2wtv	2wtv__chain0	32.5	96.8	97.3	271	279	264	1.79e-41	137.0
3ekk	3ekk_A	3pyy	3pyy__chain0	39.0	89.5	95.5	272	285	265	4.95e-63	193.0
3em3	3em3_A	3o9i	3o9i__chain0	98.0	100.0	100.0	99	99	99	3.48e-73	206.0
3em6	3em6_A	3o9i	3o9i__chain0	97.0	100.0	100.0	99	99	99	4.9500000000000004e-73	205.0
3emy	3emy_A	2v00	2v00__chain0	60.8	99.7	99.7	329	329	330	4.5000000000000006e-132	373.0
3en3	3en3_A	1syi	1syi__chain0	90.3	100.0	99.2	257	257	259	1.2200000000000001e-173	473.0
3en4	3en4_B	3k5v	3k5v__chain0	47.2	94.7	92.3	265	266	286	1.13e-80	238.0
3en5	3en5_B	3k5v	3k5v__chain0	45.3	94.3	92.3	265	261	286	4.56e-76	226.0
3en6	3en6_B	3mss	3mss__chain0	42.2	94.1	97.7	258	239	264	2.5500000000000003e-64	195.0
3en7	3en7_A	3mss	3mss__chain0	44.2	93.9	97.7	258	247	264	6.23e-70	209.0
3epe	3epe_A	1syi	1syi__chain0	90.3	99.6	99.2	257	258	259	1.8000000000000002e-173	472.0
3eq0	3eq0_H	1bcu	1bcu__chain1	99.6	100.0	99.2	247	246	249	6.73e-193	520.0
3eqp	3eqp_A	3pyy	3pyy__chain0	41.5	93.7	92.5	253	268	265	4e-63	193.0
3et0	3et0_A	3b1m	3b1m__chain0	100.0	99.6	99.6	259	260	260	1.24e-183	498.0
3et1	3et1_A	3b1m	3b1m__chain0	63.1	100.0	99.6	263	263	260	2.71e-121	340.0
3et2	3et2_B	2yfe	2yfe__chain0	63.2	99.6	97.3	266	267	264	5.96e-120	337.0
3et3	3et3_A	3b1m	3b1m__chain0	100.0	99.6	99.6	259	260	260	1.24e-183	498.0
3f3z	3f3z_A	2wtv	2wtv__chain0	34.9	93.4	94.3	258	272	264	1.44e-45	148.0
3f4i	3f4i_A	3f3c	3f3c__chain0	100.0	99.8	100.0	509	510	509	0.0	1005.0
3f4x	3f4x_A	4jsz	4jsz__chain0	99.6	100.0	99.6	256	256	257	5.35e-199	536.0
3f5u	3f5u_A	2wtv	2wtv__chain0	31.7	96.8	97.3	271	280	264	3.35e-42	139.0
3f5x	3f5x_B	4eor	4eor__chain1	100.0	100.0	99.6	256	256	257	1.3e-190	515.0
3f6x	3f6x_C	3pyy	3pyy__chain0	47.1	94.0	98.5	261	265	265	1.39e-81	240.0
3fc6	3fc6_A	2pog	2pog__chain0	33.0	87.0	82.8	194	207	233	1.62e-22	85.1
3fhi	3fhi_A	1q8t	1q8t__chain0	96.7	100.0	99.1	338	338	341	5.8e-247	665.0
3fi4	3fi4_A	3e93	3e93__chain0	97.4	100.0	99.7	346	339	347	4.08e-251	676.0
3fkl	3fkl_A	3e93	3e93__chain0	98.8	100.0	99.7	346	344	347	9.4e-256	687.0
3fkn	3fkn_A	3e93	3e93__chain0	99.4	100.0	99.7	346	346	347	6.41e-259	696.0
3fko	3fko_A	3e93	3e93__chain0	98.8	100.0	99.4	345	343	347	7.41e-255	685.0
3fl3	3fl3_B	1o0h	1o0h__chain0	96.8	100.0	100.0	124	124	124	7.08e-87	242.0
3fl4	3fl4_A	3e93	3e93__chain0	97.7	100.0	99.7	346	339	347	1.5900000000000002e-248	669.0
3fln	3fln_C	3e93	3e93__chain0	98.3	99.7	99.7	346	343	347	1.23e-253	682.0
3flq	3flq_A	2zb1	2zb1__chain0	98.8	100.0	100.0	347	345	345	3.6999999999999997e-255	686.0
3fls	3fls_A	2zb1	2zb1__chain0	99.1	100.0	100.0	345	343	345	1.02e-256	690.0
3flw	3flw_A	3e93	3e93__chain0	99.1	100.0	99.7	346	345	347	2.4e-256	689.0
3fly	3fly_A	3e92	3e92__chain0	99.4	100.0	99.7	348	347	349	2.5100000000000002e-259	697.0
3flz	3flz_A	3e92	3e92__chain0	99.4	100.0	99.7	348	347	349	2.5100000000000002e-259	697.0
3fmh	3fmh_A	3e92	3e92__chain0	99.4	100.0	99.7	348	347	349	2.5100000000000002e-259	697.0
3fmj	3fmj_A	2zb1	2zb1__chain0	99.4	100.0	100.0	345	344	345	9.089999999999998e-258	692.0
3fmk	3fmk_A	3e93	3e93__chain0	99.7	100.0	99.7	346	346	347	7.8e-260	698.0
3fml	3fml_A	2zb1	2zb1__chain0	98.0	100.0	100.0	346	342	345	4.27e-251	676.0
3fmm	3fmm_A	3e93	3e93__chain0	99.7	100.0	99.7	346	346	347	7.8e-260	698.0
3fmn	3fmn_A	2zb1	2zb1__chain0	98.8	100.0	100.0	345	341	345	1.49e-253	682.0
3fsk	3fsk_A	3e93	3e93__chain0	98.8	100.0	99.4	345	342	347	3.53e-255	686.0
3fug	3fug_A	2pog	2pog__chain0	32.7	91.5	84.5	205	211	233	6.3599999999999996e-24	89.0
3fvf	3fvf_B	4crc	4crc__chain0	40.3	96.8	98.7	243	248	237	7.97e-62	188.0
3fvo	3fvo_A	3fv1	3fv1__chain0	100.0	100.0	100.0	256	256	256	9.220000000000001e-193	521.0
3fx5	3fx5_A	1g2k	1g2k__chain0	94.9	100.0	100.0	99	99	99	4.59e-69	195.0
3fxx	3fxx_A	3k5v	3k5v__chain0	40.2	87.2	88.5	259	288	286	2.2299999999999998e-67	205.0
3fxz	3fxz_A	4eor	4eor__chain0	31.1	89.8	99.0	293	293	294	4.2e-33	117.0
3fy0	3fy0_A	4eor	4eor__chain0	31.1	89.8	99.0	293	293	294	4.2e-33	117.0
3fzp	3fzp_A	3k5v	3k5v__chain0	39.2	95.8	90.6	265	259	286	1.72e-64	197.0
3g3f	3g3f_B	3gbb	3gbb__chain0	87.3	98.8	98.4	252	255	255	6.0099999999999995e-168	458.0
3g3g	3g3g_B	3gbb	3gbb__chain0	86.9	98.8	98.0	251	254	255	9.570000000000001e-167	455.0
3g3h	3g3h_B	3gbb	3gbb__chain0	86.0	98.4	97.6	250	254	255	9.16e-165	450.0
3g3i	3g3i_A	3gbb	3gbb__chain0	85.9	99.6	100.0	256	257	255	7.940000000000001e-169	460.0
3g3j	3g3j_B	3gbb	3gbb__chain0	85.3	98.8	98.0	251	254	255	2.16e-163	446.0
3g3k	3g3k_B	3gbb	3gbb__chain0	84.7	99.2	99.6	255	256	255	2.0000000000000003e-164	449.0
3g51	3g51_A	1ydr	1ydr__chain0	39.2	92.9	81.8	278	280	336	2.87e-72	219.0
3gbk	3gbk_A	2yfe	2yfe__chain0	95.9	99.6	98.1	270	271	264	1.4500000000000001e-179	488.0
3gbr	3gbr_B	3r88	3r88__chain0	30.8	85.7	86.6	299	343	344	2.94e-41	141.0
3gc8	3gc8_B	3e92	3e92__chain0	75.3	99.4	98.3	344	346	349	6.7200000000000004e-195	534.0
3gc9	3gc9_A	4f9w	4f9w__chain0	75.1	99.4	98.8	333	335	336	7.829999999999999e-188	515.0
3ge7	3ge7_A	3ge7	3ge7__chain0	100.0	100.0	100.0	359	359	359	2.99e-268	720.0
3geq	3geq_B	3k5v	3k5v__chain0	46.4	91.6	92.3	265	273	286	1.89e-78	233.0
3ggf	3ggf_B	3myg	3myg__chain0	32.3	88.5	94.4	251	270	252	2.8e-37	126.0
3gi3	3gi3_A	4f9w	4f9w__chain0	97.3	100.0	100.0	336	330	336	4.5399999999999996e-243	654.0
3gjc	3gjc_A	3f3c	3f3c__chain0	98.2	99.4	98.2	502	499	509	0.0	960.0
3gn8	3gn8_A	3b5r	3b5r__chain0	54.7	98.8	100.0	247	249	247	2.64e-93	268.0
3gok	3gok_G	3myg	3myg__chain0	33.3	86.4	96.4	255	286	252	3.48e-35	121.0
3gql	3gql_A	3k5v	3k5v__chain0	41.0	90.6	90.6	271	287	286	1.72e-66	203.0
3grj	3grj_B	2r9w	2r9w__chain0	100.0	100.0	100.0	358	358	358	7.68e-275	737.0
3gt8	3gt8_B	3mss	3mss__chain0	38.5	85.6	95.8	265	292	264	6.79e-59	183.0
3gu4	3gu4_A	2wtv	2wtv__chain0	31.7	96.8	97.3	271	280	264	9.309999999999999e-42	138.0
3gu5	3gu5_A	2wtv	2wtv__chain0	31.7	96.8	97.3	271	280	264	9.309999999999999e-42	138.0
3gu8	3gu8_A	2wtv	2wtv__chain0	31.4	97.5	97.3	271	278	264	4.84e-41	136.0
3gub	3gub_A	2wtv	2wtv__chain0	31.4	97.5	97.3	271	278	264	4.84e-41	136.0
3gy6	3gy6_A	1k1i	1k1i__chain0	100.0	100.0	100.0	223	223	223	4.94e-167	453.0
3gy8	3gy8_A	1k1i	1k1i__chain0	100.0	100.0	100.0	223	223	223	4.94e-167	453.0
3h10	3h10_B	3e5a	3e5a__chain0	99.2	99.3	100.0	265	267	265	2.27e-198	536.0
3h2l	3h2l_A	4ih5	4ih5__chain0	99.8	99.8	99.8	556	557	557	0.0	1121.0
3h6t	3h6t_B	2al5	2al5__chain0	99.6	98.5	100.0	260	264	260	1.04e-192	521.0
3h6u	3h6u_A	2al5	2al5__chain0	99.6	98.9	100.0	260	263	260	9.99e-193	521.0
3h6v	3h6v_A	2al5	2al5__chain0	99.6	98.5	100.0	260	264	260	1.04e-192	521.0
3h6w	3h6w_A	2al5	2al5__chain0	99.6	98.9	100.0	260	263	260	9.99e-193	521.0
3h80	3h80_A	2yki	2yki__chain0	72.8	96.3	99.5	206	214	207	1.0100000000000001e-105	297.0
3ha8	3ha8_A	3e93	3e93__chain0	98.6	100.0	99.7	346	342	347	7.12e-255	685.0
3hlj	3hlj_A	4jsz	4jsz__chain0	99.6	100.0	100.0	257	257	257	3.93e-199	537.0
3hlv	3hlv_A	2p15	2p15__chain0	98.8	99.6	99.6	241	240	242	6.12e-170	462.0
3hlw	3hlw_B	3g2z	3g2z__chain0	99.6	100.0	100.0	262	262	262	2.1500000000000004e-185	503.0
3hm1	3hm1_B	4mgd	4mgd__chain1	98.7	99.2	100.0	237	239	236	2.62e-167	455.0
3hmi	3hmi_A	3k5v	3k5v__chain0	92.5	100.0	93.4	268	268	286	7.49e-191	518.0
3huo	3huo_A	3g2z	3g2z__chain0	99.6	100.0	100.0	262	262	262	2.1500000000000004e-185	503.0
3hvf	3hvf_B	3g2z	3g2z__chain0	99.6	100.0	100.0	262	262	262	2.1500000000000004e-185	503.0
3hvo	3hvo_A	3gnw	3gnw__chain0	75.0	100.0	100.0	560	559	560	6.97e-322	873.0
3hx4	3hx4_A	2wtv	2wtv__chain0	37.6	52.9	93.2	255	467	264	1.58e-50	166.0
3hyy	3hyy_A	3b27	3b27__chain0	100.0	100.0	96.7	208	208	215	3.27e-148	404.0
3hyz	3hyz_B	3b27	3b27__chain0	100.0	100.0	97.2	209	209	215	1.69e-148	405.0
3hz1	3hz1_A	3b27	3b27__chain0	100.0	100.0	96.7	208	208	215	3.27e-148	404.0
3hz5	3hz5_A	3b27	3b27__chain0	100.0	100.0	96.7	208	208	215	3.27e-148	404.0
3hzt	3hzt_A	2wtv	2wtv__chain0	36.8	58.4	93.2	253	421	264	3.8299999999999996e-52	169.0
3iai	3iai_B	4jsz	4jsz__chain0	34.1	99.6	99.6	261	252	257	9.67e-42	137.0
3idb	3idb_A	1q8t	1q8t__chain0	97.1	99.1	99.7	340	343	341	1.28e-249	672.0
3ied	3ied_A	2xdl	2xdl__chain0	48.6	95.1	98.6	214	224	208	1.76e-63	190.0
3igo	3igo_A	3myg	3myg__chain0	35.1	57.4	98.0	259	446	252	1.8199999999999998e-45	152.0
3ijo	3ijo_B	2al5	2al5__chain0	99.6	99.6	99.2	258	259	260	3.3199999999999997e-190	514.0
3ijx	3ijx_B	2al5	2al5__chain0	99.6	99.6	99.2	258	259	260	3.3199999999999997e-190	514.0
3ik6	3ik6_B	2al5	2al5__chain0	99.6	99.6	99.2	258	259	260	3.3199999999999997e-190	514.0
3il1	3il1_B	2al5	2al5__chain0	99.6	99.6	99.2	258	259	260	3.3199999999999997e-190	514.0
3ilt	3ilt_B	2al5	2al5__chain0	99.6	99.6	99.2	258	259	260	3.3199999999999997e-190	514.0
3ilu	3ilu_B	2al5	2al5__chain0	99.6	99.6	99.2	258	259	260	3.3199999999999997e-190	514.0
3inw	3inw_A	2xdl	2xdl__chain0	100.0	100.0	99.5	207	207	208	2.0099999999999998e-147	402.0
3inx	3inx_A	2xdl	2xdl__chain0	100.0	100.0	99.5	207	207	208	2.0099999999999998e-147	402.0
3is5	3is5_A	2wtv	2wtv__chain0	31.3	97.7	97.0	268	260	264	3.99e-37	125.0
3iti	3iti_A	1k1i	1k1i__chain0	100.0	100.0	100.0	223	223	223	4.94e-167	453.0
3ixb	3ixb_B	2r9w	2r9w__chain0	99.7	100.0	100.0	358	358	358	3.13e-274	735.0
3ixg	3ixg_B	2r9w	2r9w__chain0	99.7	100.0	100.0	358	358	358	6.31e-274	734.0
3ixh	3ixh_B	2r9w	2r9w__chain0	99.7	100.0	100.0	358	358	358	7.370000000000001e-273	732.0
3ixp	3ixp_A	2qe4	2qe4__chain1	30.5	71.9	84.3	177	242	204	4.15e-21	81.6
3js2	3js2_B	3k5v	3k5v__chain0	41.5	93.5	90.6	272	291	286	4.3699999999999996e-68	207.0
3juh	3juh_A	4eor	4eor__chain0	32.3	88.3	98.0	303	334	294	2.2e-40	137.0
3jvw	3jvw_A	1g2k	1g2k__chain0	93.9	100.0	100.0	99	99	99	1.0799999999999999e-67	192.0
3jvy	3jvy_A	1g2k	1g2k__chain0	93.9	100.0	100.0	99	99	99	1.0799999999999999e-67	192.0
3jw2	3jw2_A	1g2k	1g2k__chain0	93.9	100.0	100.0	99	99	99	7.629999999999999e-68	192.0
3k2u	3k2u_A	1owh	1owh__chain0	39.4	97.9	98.4	241	233	245	9.13e-56	172.0
3k34	3k34_A	4jsz	4jsz__chain0	99.6	99.6	100.0	257	258	257	5.81e-199	536.0
3k4v	3k4v_A	1g2k	1g2k__chain0	94.9	100.0	100.0	99	99	99	4.59e-69	195.0
3k6p	3k6p_A	2qe4	2qe4__chain0	34.5	86.7	96.6	203	226	207	2.86e-29	102.0
3k8s	3k8s_B	3b1m	3b1m__chain0	99.6	100.0	99.6	259	258	260	3.15e-181	492.0
3ka0	3ka0_A	3myg	3myg__chain0	32.5	81.4	96.4	255	279	252	7.970000000000001e-27	99.0
3kei	3kei_A	1syi	1syi__chain0	89.9	99.6	99.2	257	258	259	5.1600000000000004e-173	471.0
3kex	3kex_B	3pyy	3pyy__chain0	34.0	91.9	97.4	268	283	265	1.14e-51	164.0
3kf0	3kf0_A	1eby	1eby__chain0	99.0	100.0	100.0	99	99	99	3.48e-73	206.0
3kfm	3kfm_A	1syi	1syi__chain0	89.9	100.0	99.2	257	257	259	3.49e-173	471.0
3kfr	3kfr_A	1eby	1eby__chain0	99.0	100.0	100.0	99	99	99	3.48e-73	206.0
3kfs	3kfs_A	1eby	1eby__chain0	99.0	100.0	100.0	99	99	99	3.48e-73	206.0
3kg2	3kg2_A	2al5	2al5__chain0	70.8	45.3	99.6	353	779	260	1.1600000000000001e-160	460.0
3kgc	3kgc_B	2al5	2al5__chain0	99.6	100.0	99.6	259	259	260	1.9999999999999997e-191	518.0
3kkv	3kkv_A	1q8t	1q8t__chain0	99.4	100.0	99.1	338	338	341	2.39e-255	686.0
3kmg	3kmg_D	3u9q	3u9q__chain0	99.6	100.0	100.0	257	256	257	1.76e-179	487.0
3kq7	3kq7_A	3e92	3e92__chain0	99.4	100.0	99.4	348	348	349	5.27e-259	696.0
3krx	3krx_A	3ag9	3ag9__chain0	34.5	50.2	94.4	313	618	319	3.5e-54	181.0
3kwy	3kwy_A	2pog	2pog__chain0	32.6	96.7	89.7	215	210	233	2.3599999999999998e-23	87.4
3kxg	3kxg_A	4eor	4eor__chain0	32.6	89.0	96.6	301	327	294	1.95e-39	134.0
3kxm	3kxm_A	4eor	4eor__chain0	32.6	89.3	96.6	301	326	294	1.9e-39	134.0
3kxn	3kxn_A	4eor	4eor__chain0	32.6	89.0	96.6	301	327	294	1.95e-39	134.0
3l03	3l03_B	2p15	2p15__chain1	99.2	99.6	100.0	242	243	242	2.62e-174	473.0
3l14	3l14_A	4jsz	4jsz__chain0	99.6	100.0	100.0	257	257	257	3.93e-199	537.0
3l1b	3l1b_A	2p4y	2p4y__chain0	30.4	81.0	74.2	181	216	244	3.43e-22	84.7
3lcs	3lcs_A	3pyy	3pyy__chain0	39.2	93.1	99.2	283	304	265	9.11e-63	193.0
3ldx	3ldx_H	1bcu	1bcu__chain1	100.0	100.0	100.0	249	249	249	1.4199999999999997e-197	532.0
3lfa	3lfa_A	4f9w	4f9w__chain0	98.5	99.4	100.0	336	333	336	1.3100000000000001e-245	661.0
3lfb	3lfb_A	4f9w	4f9w__chain0	97.6	99.4	100.0	336	333	336	8.5e-242	651.0
3lfc	3lfc_A	4f9w	4f9w__chain0	97.6	99.1	100.0	336	334	336	1.79e-241	650.0
3lfd	3lfd_A	4f9w	4f9w__chain0	97.0	99.4	100.0	336	331	336	5.29e-240	647.0
3lfe	3lfe_A	4f9w	4f9w__chain0	97.9	99.4	100.0	336	334	336	7.59e-243	654.0
3lff	3lff_A	4f9w	4f9w__chain0	98.8	100.0	100.0	336	335	336	1.49e-247	666.0
3lfq	3lfq_A	1pxn	1pxn__chain0	98.3	100.0	100.0	294	289	294	2.75e-214	578.0
3lgz	3lgz_B	2zy1	2zy1__chain0	99.6	100.0	100.0	279	279	279	3.48e-204	551.0
3lij	3lij_A	2wtv	2wtv__chain0	36.8	52.9	92.4	253	465	264	1.1899999999999999e-48	161.0
3lm0	3lm0_A	2wtv	2wtv__chain0	30.6	89.2	93.2	258	278	264	2.25e-32	114.0
3lm5	3lm5_A	2wtv	2wtv__chain0	30.7	90.1	93.2	257	274	264	9.86e-34	117.0
3lmg	3lmg_A	3mss	3mss__chain0	34.5	94.0	95.5	261	268	264	1.38e-51	163.0
3lsf	3lsf_B	2al5	2al5__chain0	99.6	99.6	99.2	258	259	260	3.3199999999999997e-190	514.0
3lsl	3lsl_A	2al5	2al5__chain0	100.0	99.6	99.2	258	259	260	5.74e-191	516.0
3lsw	3lsw_A	1syi	1syi__chain0	89.1	99.6	99.6	258	259	259	4.61e-174	474.0
3lsx	3lsx_A	1syi	1syi__chain0	89.1	99.6	99.6	258	259	259	4.61e-174	474.0
3lxn	3lxn_A	4e5w	4e5w__chain1	58.8	95.8	97.1	279	288	280	3.56e-116	329.0
3lxp	3lxp_A	4e5w	4e5w__chain1	58.8	95.8	97.1	279	286	280	4.41e-114	324.0
3lzv	3lzv_A	3o9i	3o9i__chain0	97.0	100.0	100.0	99	99	99	9.99e-73	204.0
3m04	3m04_A	4jsz	4jsz__chain0	99.6	100.0	99.2	255	255	257	8.53e-198	533.0
3m14	3m14_A	4jsz	4jsz__chain0	99.6	99.6	99.6	256	257	257	7.919999999999999e-199	536.0
3m2n	3m2n_A	4jsz	4jsz__chain0	99.6	99.6	100.0	257	258	257	5.81e-199	536.0
3m2x	3m2x_A	4jsz	4jsz__chain0	99.6	100.0	100.0	257	257	257	3.93e-199	537.0
3m2y	3m2y_A	4jsz	4jsz__chain0	99.6	99.2	99.6	256	258	257	8.25e-199	536.0
3m3f	3m3f_A	1syi	1syi__chain0	90.7	99.6	99.6	258	259	259	1.68e-176	480.0
3m3k	3m3k_A	1syi	1syi__chain0	90.7	99.6	99.6	258	259	259	1.68e-176	480.0
3m3l	3m3l_A	2al5	2al5__chain0	100.0	99.6	99.2	258	259	260	5.74e-191	516.0
3m42	3m42_A	3myg	3myg__chain0	32.0	82.1	96.4	256	290	252	7.1099999999999995e-28	102.0
3m98	3m98_A	4jsz	4jsz__chain0	99.6	100.0	100.0	257	257	257	3.93e-199	537.0
3ma6	3ma6_B	2wtv	2wtv__chain0	38.4	95.1	93.2	255	266	264	7.39e-54	169.0
3mf5	3mf5_A	4ih5	4ih5__chain0	100.0	100.0	100.0	557	557	557	0.0	1125.0
3mfu	3mfu_A	3ag9	3ag9__chain0	30.2	89.7	81.8	278	302	319	2.7900000000000003e-37	129.0
3mhj	3mhj_B	4kzq	4kzq__chain0	100.0	77.8	100.0	161	207	161	5.43e-123	338.0
3mhk	3mhk_A	4kzq	4kzq__chain0	100.0	76.7	100.0	161	210	161	1.24e-122	338.0
3mia	3mia_A	2xnb	2xnb__chain0	40.6	89.8	95.9	293	325	296	2.79e-66	204.0
3mke	3mke_A	4de2	4de2__chain0	41.4	94.0	95.0	249	265	260	5.63e-61	187.0
3mms	3mms_A	4f3c	4f3c__chain0	43.1	95.1	94.8	218	225	230	1.3900000000000002e-57	176.0
3mne	3mne_A	3b5r	3b5r__chain0	49.8	95.3	100.0	247	253	247	1.9099999999999999e-84	246.0
3mno	3mno_A	3b5r	3b5r__chain0	50.2	95.3	100.0	247	255	247	7.210000000000001e-85	247.0
3mnp	3mnp_A	3b5r	3b5r__chain0	51.0	95.7	100.0	247	257	247	3.1199999999999997e-89	258.0
3mnr	3mnr_P	3b27	3b27__chain0	100.0	100.0	97.2	209	209	215	1.69e-148	405.0
3mow	3mow_A	1bzc	1bzc__chain0	40.1	92.9	79.5	242	254	297	2.02e-58	181.0
3mpa	3mpa_A	4f9w	4f9w__chain0	98.2	100.0	100.0	336	331	336	4.94e-245	659.0
3mpn	3mpn_A	3f3c	3f3c__chain0	99.8	99.8	99.2	505	506	509	0.0	992.0
3mpq	3mpq_A	3f3c	3f3c__chain0	96.8	99.6	99.0	504	491	509	0.0	944.0
3mtl	3mtl_A	4eor	4eor__chain0	53.4	90.8	95.9	283	294	294	1.21e-99	288.0
3mwi	3mwi_U	1owh	1owh__chain0	98.8	99.6	100.0	245	246	245	2.37e-192	519.0
3mws	3mws_A	1eby	1eby__chain0	78.8	100.0	100.0	99	99	99	1.8800000000000002e-59	171.0
3mxe	3mxe_A	3o9i	3o9i__chain0	100.0	100.0	100.0	99	99	99	2.9799999999999997e-74	208.0
3mxr	3mxr_A	4de2	4de2__chain0	41.4	94.0	95.0	249	265	260	5.63e-61	187.0
3mxs	3mxs_A	4de2	4de2__chain0	41.4	94.0	95.0	249	265	260	5.63e-61	187.0
3n3i	3n3i_A	1g2k	1g2k__chain0	97.0	50.0	100.0	99	198	99	3.86e-68	197.0
3n59	3n59_C	3n86	3n86__chain10	100.0	100.0	100.0	142	142	142	5.08e-100	277.0
3n7a	3n7a_A	2xb8	2xb8__chain0	100.0	100.0	100.0	141	141	141	2.73e-99	275.0
3n87	3n87_A	2xb8	2xb8__chain0	100.0	100.0	100.0	141	141	141	2.73e-99	275.0
3n8n	3n8n_X	3n86	3n86__chain9	100.0	99.3	100.0	143	144	143	9.86e-101	279.0
3nax	3nax_A	1ydr	1ydr__chain0	37.9	96.0	79.8	269	278	336	6.05e-68	208.0
3nay	3nay_A	1ydr	1ydr__chain0	38.7	95.3	79.8	269	279	336	7.010000000000001e-70	213.0
3ndt	3ndt_A	1g2k	1g2k__chain0	94.9	100.0	100.0	99	99	99	4.59e-69	195.0
3ndu	3ndu_A	1g2k	1g2k__chain0	94.9	100.0	100.0	99	99	99	4.59e-69	195.0
3ndw	3ndw_A	1g2k	1g2k__chain0	94.9	100.0	100.0	99	99	99	4.59e-69	195.0
3nfa	3nfa_A	3zsx	3zsx__chain0	100.0	100.0	100.0	149	149	149	2.2e-111	306.0
3nia	3nia_A	4de2	4de2__chain0	39.0	94.8	97.3	254	267	260	2.4199999999999997e-54	170.0
3nie	3nie_B	2fvd	2fvd__chain0	37.0	82.8	97.2	311	367	284	7.389999999999999e-55	176.0
3nls	3nls_A	1g2k	1g2k__chain0	97.0	100.0	100.0	99	99	99	2.87e-72	203.0
3nm5	3nm5_A	1nc3	1nc3__chain1	34.5	99.6	99.1	229	229	230	1.4e-37	125.0
3noa	3noa_A	2yfe	2yfe__chain0	95.9	99.6	98.1	270	271	264	1.4500000000000001e-179	488.0
3npr	3npr_A	3acw	3acw__chain0	100.0	100.0	100.0	284	284	284	3.36e-209	565.0
3nun	3nun_A	1ydr	1ydr__chain0	38.7	95.0	79.8	269	279	336	3.5100000000000005e-70	214.0
3nup	3nup_A	2fvd	2fvd__chain0	46.9	99.6	94.7	275	252	284	7.120000000000001e-75	223.0
3nux	3nux_A	2fvd	2fvd__chain0	48.6	99.6	95.8	280	261	284	3.57e-80	237.0
3ny4	3ny4_A	4de2	4de2__chain0	44.8	97.0	97.3	259	265	260	3.89e-64	195.0
3nyo	3nyo_A	3ag9	3ag9__chain0	34.0	53.0	90.3	297	553	319	2.43e-49	167.0
3nyv	3nyv_A	2wtv	2wtv__chain0	38.0	55.6	93.2	255	457	264	4.3999999999999994e-52	170.0
3nz0	3nz0_A	4e5w	4e5w__chain1	58.0	95.8	97.1	281	285	280	1.29e-115	328.0
3o0i	3o0i_A	3b27	3b27__chain0	100.0	100.0	96.7	208	208	215	3.27e-148	404.0
3o28	3o28_A	2al5	2al5__chain0	98.5	99.6	100.0	260	261	260	1.2599999999999998e-190	516.0
3o29	3o29_A	2al5	2al5__chain0	98.5	98.5	100.0	260	264	260	3.48e-191	517.0
3o2a	3o2a_A	2al5	2al5__chain0	98.5	98.9	100.0	260	263	260	4.75e-191	517.0
3o2f	3o2f_A	2yki	2yki__chain0	54.4	90.4	97.1	206	228	207	1.8500000000000002e-71	211.0
3o4v	3o4v_A	1nc1	1nc1__chain0	100.0	100.0	100.0	234	234	234	3.44e-168	457.0
3o50	3o50_A	3myg	3myg__chain0	97.6	100.0	100.0	252	246	252	7.15e-182	493.0
3o51	3o51_A	3myg	3myg__chain0	97.6	100.0	100.0	252	246	252	1.76e-182	494.0
3o6g	3o6g_A	2al5	2al5__chain0	98.5	98.5	100.0	260	264	260	3.48e-191	517.0
3o6h	3o6h_A	2al5	2al5__chain0	98.5	99.2	100.0	260	262	260	9.209999999999999e-191	516.0
3o6i	3o6i_A	2al5	2al5__chain0	98.5	98.5	100.0	260	264	260	3.48e-191	517.0
3o6o	3o6o_B	2yki	2yki__chain0	72.2	99.0	99.0	205	205	207	1.36e-103	291.0
3o8t	3o8t_A	4f9w	4f9w__chain0	98.5	100.0	100.0	336	332	336	2.55e-245	660.0
3o8u	3o8u_A	4f9w	4f9w__chain0	98.5	100.0	100.0	336	332	336	3.1e-246	662.0
3obg	3obg_A	4f9w	4f9w__chain0	98.5	100.0	100.0	336	332	336	7.61e-247	664.0
3obj	3obj_A	4f9w	4f9w__chain0	98.5	100.0	100.0	336	332	336	5.3600000000000006e-247	664.0
3oc1	3oc1_A	4f9w	4f9w__chain0	97.9	100.0	100.0	336	330	336	2.2499999999999998e-243	655.0
3ocs	3ocs_A	4m0y	4m0y__chain0	58.5	98.5	98.9	260	264	263	2.8000000000000002e-117	330.0
3oek	3oek_A	1syi	1syi__chain0	31.5	81.2	85.7	232	271	259	1.1400000000000001e-33	117.0
3oel	3oel_A	1syi	1syi__chain0	31.5	83.0	85.7	232	265	259	1.92e-33	116.0
3oem	3oem_A	1syi	1syi__chain0	31.5	82.1	85.7	232	268	259	2.08e-33	116.0
3oen	3oen_A	1syi	1syi__chain0	30.5	79.7	85.7	226	251	259	8.439999999999999e-30	106.0
3oez	3oez_A	3k5v	3k5v__chain0	46.0	94.6	92.3	265	261	286	1.41e-77	230.0
3ofm	3ofm_A	4eor	4eor__chain0	32.9	90.8	98.0	304	325	294	6.41e-41	138.0
3oht	3oht_A	4f9w	4f9w__chain0	85.1	99.7	99.7	335	331	336	4.27e-214	581.0
3oll	3oll_B	4mgd	4mgd__chain1	60.2	100.0	97.0	236	234	236	4.09e-98	280.0
3ols	3ols_B	4mgd	4mgd__chain1	61.2	99.1	94.1	224	224	236	2.15e-95	272.0
3omo	3omo_B	4mgd	4mgd__chain1	61.2	99.1	94.1	224	224	236	2.15e-95	272.0
3omp	3omp_B	4mgd	4mgd__chain1	61.2	99.1	94.1	224	224	236	2.15e-95	272.0
3omq	3omq_B	4mgd	4mgd__chain1	61.2	99.1	94.1	224	224	236	2.15e-95	272.0
3omu	3omu_A	2yki	2yki__chain0	71.2	98.6	99.0	205	208	207	1.32e-104	294.0
3oni	3oni_A	3p5o	3p5o__chain0	42.6	98.2	83.5	108	110	127	2.55e-28	94.0
3oog	3oog_A	1q8t	1q8t__chain0	98.8	100.0	98.2	335	335	341	2.7700000000000003e-251	676.0
3orz	3orz_A	1ydr	1ydr__chain0	38.7	95.7	79.8	269	277	336	9.25e-70	213.0
3os8	3os8_A	1qkt	1qkt__chain0	97.9	100.0	97.2	241	241	248	1.87e-168	458.0
3os9	3os9_A	2p15	2p15__chain1	96.2	100.0	97.9	238	233	242	8.79e-159	433.0
3osa	3osa_A	1qkt	1qkt__chain0	97.5	100.0	97.2	241	239	248	2.2500000000000003e-164	448.0
3osw	3osw_A	2yfe	2yfe__chain0	100.0	100.0	98.9	261	261	264	4.4800000000000004e-185	502.0
3otu	3otu_A	1ydr	1ydr__chain0	38.7	96.8	79.8	269	277	336	5.21e-69	211.0
3ovv	3ovv_A	1q8t	1q8t__chain0	98.8	100.0	98.8	337	337	341	2.5700000000000003e-252	678.0
3owp	3owp_A	1q8t	1q8t__chain0	98.8	100.0	98.5	336	336	341	1.0100000000000001e-251	677.0
3oxt	3oxt_A	1q8t	1q8t__chain0	98.8	100.0	98.8	337	337	341	2.5700000000000003e-252	678.0
3oxv	3oxv_B	3o9i	3o9i__chain0	98.0	100.0	100.0	99	99	99	2.45e-73	206.0
3oxw	3oxw_B	3o9i	3o9i__chain0	97.0	100.0	100.0	99	99	99	3.48e-73	206.0
3oy4	3oy4_A	3o9i	3o9i__chain0	99.0	100.0	100.0	99	99	99	1.7200000000000002e-73	206.0
3oz0	3oz0_A	3u9q	3u9q__chain0	61.3	100.0	98.8	266	260	257	1.51e-114	323.0
3p0m	3p0m_A	1q8t	1q8t__chain0	98.8	100.0	98.8	337	337	341	2.5700000000000003e-252	678.0
3p0n	3p0n_C	4kzq	4kzq__chain0	100.0	77.4	100.0	161	208	161	8.03e-123	338.0
3p0p	3p0p_A	3kr8	3kr8__chain0	100.0	100.0	100.0	206	206	206	3.25e-159	432.0
3p0q	3p0q_A	4kzq	4kzq__chain0	100.0	77.4	100.0	161	208	161	8.03e-123	338.0
3p1f	3p1f_B	3p5o	3p5o__chain0	33.3	88.7	79.5	102	115	127	7.61e-18	67.4
3p5a	3p5a_A	4jsz	4jsz__chain0	99.6	100.0	100.0	257	257	257	3.93e-199	537.0
3p70	3p70_B	2zda	2zda__chain1	99.6	99.6	100.0	251	252	251	1.48e-198	535.0
3p86	3p86_B	3mss	3mss__chain0	35.0	93.3	91.7	246	239	264	3.9299999999999995e-42	138.0
3pb5	3pb5_A	2v00	2v00__chain0	100.0	100.0	100.0	330	330	330	8.07e-231	623.0
3pba	3pba_A	2yfe	2yfe__chain0	100.0	100.0	99.2	262	262	264	8.059999999999999e-186	504.0
3pbd	3pbd_A	2v00	2v00__chain0	100.0	100.0	100.0	330	330	330	8.07e-231	623.0
3pbz	3pbz_A	2v00	2v00__chain0	100.0	100.0	100.0	330	330	330	8.07e-231	623.0
3pcw	3pcw_A	2v00	2v00__chain0	100.0	100.0	100.0	330	330	330	8.07e-231	623.0
3peh	3peh_A	2yki	2yki__chain0	56.5	80.1	100.0	209	261	207	3.9500000000000003e-79	231.0
3pej	3pej_B	2yki	2yki__chain0	56.5	80.4	100.0	209	260	207	3.81e-79	231.0
3peo	3peo_C	2wn9	2wn9__chain4	100.0	99.5	98.1	210	211	214	2.64e-159	432.0
3pg3	3pg3_A	4f9w	4f9w__chain0	98.8	99.4	100.0	336	337	336	1.1300000000000001e-247	666.0
3pgi	3pgi_A	2v00	2v00__chain0	100.0	100.0	100.0	330	330	330	8.07e-231	623.0
3pi0	3pi0_A	2v00	2v00__chain0	100.0	100.0	100.0	330	330	330	8.07e-231	623.0
3pld	3pld_A	2v00	2v00__chain0	100.0	100.0	100.0	330	330	330	8.07e-231	623.0
3plk	3plk_A	1k1i	1k1i__chain0	96.0	100.0	100.0	223	223	223	8.46e-159	432.0
3pll	3pll_A	2v00	2v00__chain0	100.0	100.0	100.0	330	330	330	8.07e-231	623.0
3plp	3plp_A	1k1i	1k1i__chain0	96.4	100.0	100.0	223	223	223	2.95e-159	433.0
3pls	3pls_A	3mss	3mss__chain0	39.2	82.9	87.9	250	298	264	6.5e-58	181.0
3pm3	3pm3_A	1k1i	1k1i__chain0	96.4	100.0	100.0	223	223	223	2.95e-159	433.0
3pm4	3pm4_A	2v00	2v00__chain0	100.0	100.0	100.0	330	330	330	8.07e-231	623.0
3pmh	3pmh_A	2zda	2zda__chain0	100.0	80.6	100.0	29	36	29	1.46e-17	60.8
3pmj	3pmj_A	1k1i	1k1i__chain0	96.4	100.0	100.0	223	223	223	2.95e-159	433.0
3pmu	3pmu_A	2v00	2v00__chain0	100.0	100.0	100.0	330	330	330	8.07e-231	623.0
3pmv	3pmv_A	2al5	2al5__chain0	98.5	98.5	100.0	260	264	260	3.48e-191	517.0
3pmw	3pmw_A	2al5	2al5__chain0	98.5	99.2	100.0	260	262	260	9.209999999999999e-191	516.0
3pmx	3pmx_A	2al5	2al5__chain0	98.5	98.5	100.0	260	264	260	3.48e-191	517.0
3pmy	3pmy_A	2v00	2v00__chain0	100.0	100.0	100.0	330	330	330	8.07e-231	623.0
3pmz	3pmz_A	2wnc	2wnc__chain1	100.0	100.0	100.0	213	213	213	3.49e-162	440.0
3poo	3poo_A	1q8t	1q8t__chain0	97.6	100.0	98.8	337	333	341	3.8899999999999997e-246	662.0
3ppz	3ppz_A	3k5v	3k5v__chain0	37.3	95.9	89.5	260	267	286	4.38e-52	165.0
3pri	3pri_A	4hge	4hge__chain0	30.5	92.0	93.7	282	264	286	1.05e-28	104.0
3psy	3psy_A	2v00	2v00__chain0	100.0	100.0	100.0	330	330	330	8.07e-231	623.0
3pvg	3pvg_A	4eor	4eor__chain0	32.6	89.0	96.6	301	327	294	1.95e-39	134.0
3pvw	3pvw_A	3ag9	3ag9__chain0	34.5	50.6	94.4	313	613	319	3.2399999999999996e-54	181.0
3pwc	3pwc_A	1k1i	1k1i__chain0	96.0	100.0	100.0	223	223	223	1.2e-158	432.0
3pwr	3pwr_A	1g2k	1g2k__chain0	93.9	100.0	100.0	99	99	99	2.66e-68	193.0
3pxk	3pxk_B	3k5v	3k5v__chain0	38.9	97.7	92.3	270	258	286	1.66e-64	197.0
3pyh	3pyh_A	1k1i	1k1i__chain0	96.0	100.0	100.0	223	223	223	1.2e-158	432.0
3pyk	3pyk_A	4jsz	4jsz__chain0	99.6	99.6	100.0	257	258	257	5.81e-199	536.0
3pze	3pze_A	4f9w	4f9w__chain0	47.1	98.8	97.3	346	347	336	3.9699999999999994e-104	303.0
3pzh	3pzh_A	4eor	4eor__chain0	32.6	88.7	96.6	301	328	294	2e-39	134.0
3q00	3q00_A	1k1i	1k1i__chain0	96.0	100.0	100.0	223	223	223	1.2e-158	432.0
3q07	3q07_A	3g2z	3g2z__chain0	99.6	100.0	100.0	262	262	262	2.1500000000000004e-185	503.0
3q12	3q12_B	3ivg	3ivg__chain0	43.6	93.3	90.6	266	284	287	2.2999999999999998e-60	187.0
3q1f	3q1f_A	3g2z	3g2z__chain0	99.6	100.0	100.0	262	262	262	2.1500000000000004e-185	503.0
3q2f	3q2f_A	3p5o	3p5o__chain0	35.8	90.4	83.5	106	115	127	2.14e-17	66.2
3q4z	3q4z_A	1pxn	1pxn__chain0	30.7	88.7	97.6	287	282	294	9.560000000000001e-29	105.0
3q5i	3q5i_A	2br1	2br1__chain0	36.1	52.1	90.8	255	470	272	1.95e-41	142.0
3q5j	3q5j_A	2yki	2yki__chain0	72.8	95.6	99.5	206	205	207	1.36e-103	291.0
3q5k	3q5k_A	2yki	2yki__chain0	72.3	94.8	99.5	206	213	207	2.16e-102	288.0
3q5l	3q5l_B	2yki	2yki__chain0	72.8	96.3	99.5	206	214	207	1.0100000000000001e-105	297.0
3q6y	3q6y_A	2v00	2v00__chain0	92.4	100.0	100.0	330	305	330	4.11e-206	560.0
3q95	3q95_A	2p15	2p15__chain1	99.2	99.6	100.0	243	244	242	2.24e-173	471.0
3q9w	3q9w_A	4eor	4eor__chain0	31.7	89.9	98.0	303	328	294	3.91e-39	134.0
3q9x	3q9x_A	4eor	4eor__chain0	31.7	89.4	98.0	303	330	294	2.94e-39	134.0
3q9y	3q9y_A	4eor	4eor__chain0	31.7	90.2	98.0	303	327	294	5.35e-39	133.0
3q9z	3q9z_A	4eor	4eor__chain0	31.7	88.9	98.0	303	332	294	1.57e-39	135.0
3qaa	3qaa_A	1g2k	1g2k__chain0	94.9	100.0	100.0	99	99	99	4.59e-69	195.0
3qcg	3qcg_A	1bzc	1bzc__chain0	41.2	81.8	80.5	243	286	297	5.8e-61	189.0
3qcm	3qcm_A	1bzc	1bzc__chain0	40.7	81.8	80.5	243	286	297	2.6e-62	192.0
3qgd	3qgd_A	4eo8	4eo8__chain0	90.9	98.9	99.6	560	538	557	0.0	1012.0
3qge	3qge_A	4eo8	4eo8__chain0	91.8	99.3	99.6	560	541	557	0.0	1021.0
3qgf	3qgf_A	4ih5	4ih5__chain0	91.4	99.8	99.3	558	534	557	0.0	1008.0
3qgg	3qgg_A	4eo8	4eo8__chain0	91.8	99.6	98.4	552	531	557	0.0	1006.0
3qgh	3qgh_A	4eo8	4eo8__chain0	88.5	99.6	99.5	557	559	557	0.0	1008.0
3qgi	3qgi_A	4eo8	4eo8__chain0	88.5	99.5	99.6	558	561	557	0.0	1011.0
3qih	3qih_A	1g2k	1g2k__chain0	97.0	100.0	100.0	99	99	99	2.87e-72	203.0
3ql8	3ql8_A	1pxn	1pxn__chain0	100.0	100.0	100.0	294	294	294	4.649999999999999e-221	595.0
3qlf	3qlf_B	3k5v	3k5v__chain0	45.8	95.0	92.3	264	258	286	1.45e-76	228.0
3qlg	3qlg_B	3mss	3mss__chain0	46.7	94.2	97.7	259	260	264	2.4e-78	231.0
3qn8	3qn8_A	1g2k	1g2k__chain0	97.0	100.0	100.0	99	99	99	2.87e-72	203.0
3qom	3qom_A	2cbv	2cbv__chain0	32.0	98.3	99.5	478	479	443	8.94e-66	212.0
3qp0	3qp0_A	1g2k	1g2k__chain0	97.0	100.0	100.0	99	99	99	2.87e-72	203.0
3qpj	3qpj_A	1g2k	1g2k__chain0	97.0	100.0	100.0	99	99	99	2.87e-72	203.0
3qqf	3qqf_A	1pxn	1pxn__chain0	100.0	100.0	100.0	294	294	294	4.649999999999999e-221	595.0
3qqg	3qqg_A	1pxn	1pxn__chain0	100.0	100.0	100.0	294	294	294	4.649999999999999e-221	595.0
3qqh	3qqh_A	1pxn	1pxn__chain0	100.0	100.0	100.0	294	294	294	4.649999999999999e-221	595.0
3qqj	3qqj_A	1pxn	1pxn__chain0	100.0	100.0	100.0	294	294	294	4.649999999999999e-221	595.0
3qql	3qql_A	1pxn	1pxn__chain0	100.0	100.0	100.0	294	294	294	4.649999999999999e-221	595.0
3qrm	3qrm_A	1g2k	1g2k__chain0	97.0	100.0	100.0	99	99	99	2.87e-72	203.0
3qro	3qro_A	1g2k	1g2k__chain0	97.0	100.0	100.0	99	99	99	2.87e-72	203.0
3qrs	3qrs_A	1g2k	1g2k__chain0	97.0	100.0	100.0	99	99	99	2.87e-72	203.0
3qrt	3qrt_A	1pxn	1pxn__chain0	100.0	100.0	100.0	294	294	294	4.649999999999999e-221	595.0
3qru	3qru_A	2xnb	2xnb__chain0	99.7	100.0	100.0	296	295	296	1.2299999999999999e-219	592.0
3qsa	3qsa_A	3qqs	3qqs__chain0	100.0	100.0	100.0	346	346	346	8.87e-243	655.0
3qt0	3qt0_A	2yfe	2yfe__chain0	94.4	99.6	98.1	270	267	264	2.66e-174	475.0
3qud	3qud_A	4f9w	4f9w__chain0	98.2	99.1	100.0	342	345	336	6.940000000000001e-251	675.0
3qwj	3qwj_A	1pxn	1pxn__chain0	100.0	100.0	100.0	294	294	294	4.649999999999999e-221	595.0
3qwk	3qwk_A	1pxn	1pxn__chain0	100.0	100.0	100.0	294	294	294	4.649999999999999e-221	595.0
3qx2	3qx2_A	1pxn	1pxn__chain0	100.0	100.0	100.0	294	294	294	4.649999999999999e-221	595.0
3qx4	3qx4_A	1pxn	1pxn__chain0	100.0	100.0	100.0	294	294	294	4.649999999999999e-221	595.0
3qyk	3qyk_A	4jsz	4jsz__chain0	99.6	100.0	100.0	257	257	257	3.93e-199	537.0
3qyw	3qyw_A	3e92	3e92__chain0	48.1	97.9	95.4	341	341	349	9.3e-107	310.0
3qyz	3qyz_A	3e92	3e92__chain0	47.7	99.4	96.8	346	341	349	1.63e-107	312.0
3qzf	3qzf_A	1pxn	1pxn__chain0	100.0	100.0	100.0	294	294	294	4.649999999999999e-221	595.0
3qzg	3qzg_A	1pxn	1pxn__chain0	100.0	100.0	100.0	294	294	294	4.649999999999999e-221	595.0
3qzh	3qzh_A	1pxn	1pxn__chain0	100.0	100.0	100.0	294	294	294	4.649999999999999e-221	595.0
3qzi	3qzi_A	1pxn	1pxn__chain0	100.0	100.0	100.0	294	294	294	4.649999999999999e-221	595.0
3r1n	3r1n_A	3myg	3myg__chain0	30.5	81.0	96.0	249	274	252	2.57e-28	102.0
3r1q	3r1q_A	1pxn	1pxn__chain0	100.0	100.0	100.0	294	294	294	4.649999999999999e-221	595.0
3r1s	3r1s_A	1pxn	1pxn__chain0	100.0	100.0	100.0	294	294	294	4.649999999999999e-221	595.0
3r1y	3r1y_A	1pxn	1pxn__chain0	100.0	100.0	100.0	294	294	294	4.649999999999999e-221	595.0
3r30	3r30_A	3myg	3myg__chain0	33.3	87.1	96.4	255	264	252	5.7100000000000006e-27	99.0
3r6x	3r6x_A	1pxn	1pxn__chain0	100.0	100.0	100.0	294	294	294	4.649999999999999e-221	595.0
3r71	3r71_A	1pxn	1pxn__chain0	100.0	100.0	100.0	294	294	294	4.649999999999999e-221	595.0
3r7e	3r7e_A	1pxn	1pxn__chain0	100.0	100.0	100.0	294	294	294	4.649999999999999e-221	595.0
3r7i	3r7i_A	1pxn	1pxn__chain0	95.9	100.0	100.0	294	282	294	1.01e-205	556.0
3r7u	3r7u_A	1pxn	1pxn__chain0	95.9	100.0	100.0	294	282	294	1.01e-205	556.0
3r7v	3r7v_A	1pxn	1pxn__chain0	100.0	100.0	100.0	294	294	294	4.649999999999999e-221	595.0
3r7x	3r7x_A	2al5	2al5__chain0	99.6	100.0	99.6	259	259	260	9.92e-192	518.0
3r7y	3r7y_A	1pxn	1pxn__chain0	100.0	100.0	100.0	294	294	294	4.649999999999999e-221	595.0
3r83	3r83_A	1pxn	1pxn__chain0	100.0	100.0	100.0	294	294	294	4.649999999999999e-221	595.0
3r8a	3r8a_A	2yfe	2yfe__chain0	99.2	100.0	95.8	253	251	264	2.42e-175	477.0
3r8l	3r8l_A	1pxn	1pxn__chain0	100.0	100.0	100.0	294	294	294	4.649999999999999e-221	595.0
3r8m	3r8m_A	1pxn	1pxn__chain0	97.3	100.0	100.0	294	286	294	1.92e-211	571.0
3r8p	3r8p_A	1pxn	1pxn__chain0	100.0	100.0	100.0	294	294	294	4.649999999999999e-221	595.0
3rgf	3rgf_A	1pxn	1pxn__chain0	37.0	85.4	90.8	289	321	294	6.32e-60	187.0
3rid	3rid_A	1o0h	1o0h__chain0	99.2	100.0	100.0	124	124	124	7.36e-89	247.0
3rlj	3rlj_A	3b5r	3b5r__chain0	100.0	100.0	100.0	247	247	247	9.57e-186	502.0
3rll	3rll_A	1z95	1z95__chain0	99.2	100.0	100.0	238	238	238	4.54e-175	474.0
3rlw	3rlw_H	2zda	2zda__chain1	100.0	100.0	100.0	251	251	251	2.46e-199	537.0
3rly	3rly_H	2zda	2zda__chain1	100.0	100.0	100.0	251	251	251	2.46e-199	537.0
3rm0	3rm0_H	2zda	2zda__chain1	100.0	100.0	100.0	251	251	251	2.46e-199	537.0
3rm2	3rm2_H	2zda	2zda__chain1	100.0	100.0	100.0	251	251	251	2.46e-199	537.0
3rml	3rml_H	2zda	2zda__chain1	100.0	100.0	100.0	251	251	251	2.46e-199	537.0
3rmm	3rmm_H	2zda	2zda__chain1	100.0	100.0	100.0	251	251	251	2.46e-199	537.0
3rmn	3rmn_H	2zda	2zda__chain1	100.0	100.0	100.0	251	251	251	2.46e-199	537.0
3rmo	3rmo_H	2zda	2zda__chain1	100.0	100.0	100.0	251	251	251	2.46e-199	537.0
3rn8	3rn8_B	2al5	2al5__chain0	100.0	99.6	99.6	259	260	260	5.12e-192	519.0
3rnn	3rnn_A	2al5	2al5__chain0	100.0	99.6	99.6	259	260	260	5.12e-192	519.0
3rpo	3rpo_A	1pxn	1pxn__chain0	100.0	100.0	100.0	294	294	294	4.649999999999999e-221	595.0
3rps	3rps_A	4eor	4eor__chain0	31.7	88.3	98.0	303	334	294	3.23e-39	134.0
3rtw	3rtw_B	2al5	2al5__chain0	100.0	100.0	99.2	258	258	260	3.88e-191	517.0
3rxc	3rxc_A	1k1i	1k1i__chain0	100.0	100.0	100.0	223	223	223	4.94e-167	453.0
3rxr	3rxr_A	1k1i	1k1i__chain0	100.0	100.0	100.0	223	223	223	4.94e-167	453.0
3rxs	3rxs_A	1k1i	1k1i__chain0	100.0	100.0	100.0	223	223	223	4.94e-167	453.0
3rxt	3rxt_A	1k1i	1k1i__chain0	100.0	100.0	100.0	223	223	223	4.94e-167	453.0
3ry9	3ry9_A	1z95	1z95__chain0	56.7	97.9	99.2	238	243	238	8.23e-96	274.0
3s43	3s43_B	1g2k	1g2k__chain0	91.9	100.0	100.0	99	99	99	1.3199999999999998e-68	194.0
3s45	3s45_A	3o9i	3o9i__chain0	50.0	99.0	99.0	98	99	99	3.19e-35	110.0
3s91	3s91_A	3p5o	3p5o__chain0	83.0	99.1	83.5	106	107	127	5.46e-69	196.0
3s92	3s92_A	3p5o	3p5o__chain0	38.9	98.2	83.5	108	110	127	9.510000000000001e-26	87.4
3s95	3s95_A	3k5v	3k5v__chain0	31.5	86.6	89.5	260	290	286	6.460000000000001e-33	116.0
3s9c	3s9c_A	1k1i	1k1i__chain0	41.3	97.0	100.0	230	234	223	7.65e-58	177.0
3s9s	3s9s_A	2yfe	2yfe__chain0	95.8	100.0	97.7	263	258	264	2.07e-171	467.0
3sa0	3sa0_A	3e92	3e92__chain0	48.4	95.0	95.4	341	357	349	5.04e-108	314.0
3sa3	3sa3_A	3o9i	3o9i__chain0	100.0	100.0	100.0	99	99	99	2.9799999999999997e-74	208.0
3sa4	3sa4_A	3o9i	3o9i__chain0	100.0	100.0	100.0	99	99	99	2.9799999999999997e-74	208.0
3sa5	3sa5_A	3o9i	3o9i__chain0	100.0	100.0	100.0	99	99	99	2.9799999999999997e-74	208.0
3sa6	3sa6_A	3o9i	3o9i__chain0	100.0	100.0	100.0	99	99	99	2.9799999999999997e-74	208.0
3sa8	3sa8_A	3o9i	3o9i__chain0	100.0	100.0	100.0	99	99	99	2.9799999999999997e-74	208.0
3sa9	3sa9_A	3o9i	3o9i__chain0	100.0	100.0	100.0	99	99	99	2.9799999999999997e-74	208.0
3saa	3saa_A	3o9i	3o9i__chain0	100.0	100.0	100.0	99	99	99	2.9799999999999997e-74	208.0
3sab	3sab_A	3o9i	3o9i__chain0	100.0	100.0	100.0	99	99	99	2.9799999999999997e-74	208.0
3sac	3sac_A	3o9i	3o9i__chain0	100.0	100.0	100.0	99	99	99	2.9799999999999997e-74	208.0
3say	3say_B	2fvd	2fvd__chain0	33.7	83.9	97.2	297	348	284	1.23e-50	164.0
3sco	3sco_A	2j78	2j78__chain0	39.3	97.7	98.0	463	472	443	9.79e-119	349.0
3scq	3scq_A	2j78	2j78__chain0	39.3	97.7	98.0	463	472	443	9.79e-119	349.0
3scs	3scs_A	2j78	2j78__chain0	39.3	97.7	98.0	463	472	443	4.89e-119	350.0
3sd0	3sd0_B	2fvd	2fvd__chain0	33.7	83.7	97.2	297	349	284	1.26e-50	164.0
3sh7	3sh7_B	4de2	4de2__chain0	42.5	98.8	97.7	254	255	260	8.299999999999999e-69	207.0
3sh8	3sh8_B	4de2	4de2__chain0	41.7	98.4	97.7	254	252	260	5.5e-66	199.0
3sm1	3sm1_B	1g2k	1g2k__chain0	30.4	82.1	91.9	92	112	99	4.58e-09	43.9
3sor	3sor_A	4cr9	4cr9__chain0	98.7	100.0	99.2	236	236	238	4.21e-184	497.0
3sos	3sos_A	4cr9	4cr9__chain0	98.7	100.0	99.2	236	236	238	4.21e-184	497.0
3sp6	3sp6_A	3b1m	3b1m__chain0	62.2	98.9	99.6	267	270	260	2.89e-120	338.0
3sp9	3sp9_B	3b1m	3b1m__chain0	62.8	100.0	98.8	269	267	260	2.1099999999999998e-119	336.0
3sq6	3sq6_E	4qac	4qac__chain4	65.4	93.6	89.6	191	202	211	3.04e-86	247.0
3svf	3svf_A	3p5o	3p5o__chain0	100.0	100.0	100.0	127	127	127	1.07e-96	267.0
3svg	3svg_A	3p5o	3p5o__chain0	100.0	100.0	100.0	127	127	127	1.07e-96	267.0
3sw4	3sw4_A	1pxn	1pxn__chain0	95.2	100.0	100.0	294	280	294	3.1299999999999997e-204	552.0
3sw7	3sw7_A	4eor	4eor__chain0	94.5	99.6	99.7	293	278	294	3.2300000000000002e-201	545.0
3sxr	3sxr_A	4m0y	4m0y__chain0	58.2	96.9	97.3	256	260	263	2.97e-106	302.0
3sxs	3sxs_A	4m0y	4m0y__chain0	59.8	97.0	97.3	256	264	263	7.15e-113	319.0
3t03	3t03_B	3fur	3fur__chain0	98.0	100.0	98.4	253	249	256	1.0799999999999999e-171	467.0
3t10	3t10_A	3b27	3b27__chain0	100.0	100.0	99.5	214	214	215	4.53e-152	414.0
3t11	3t11_A	1g2k	1g2k__chain0	100.0	100.0	100.0	99	99	99	1.7200000000000002e-73	206.0
3t1k	3t1k_B	3rlr	3rlr__chain0	100.0	98.1	95.9	210	214	219	1.68e-148	405.0
3t2s	3t2s_A	3rlr	3rlr__chain0	100.0	99.1	95.4	209	211	219	4.27e-148	404.0
3t5f	3t5f_H	2zda	2zda__chain1	100.0	100.0	100.0	251	251	251	2.46e-199	537.0
3t5z	3t5z_A	4jsz	4jsz__chain0	99.6	99.6	100.0	257	258	257	5.81e-199	536.0
3t6i	3t6i_A	2v00	2v00__chain0	100.0	100.0	100.0	330	330	330	8.07e-231	623.0
3t7p	3t7p_A	2v00	2v00__chain0	100.0	100.0	100.0	330	330	330	8.07e-231	623.0
3t93	3t93_B	2al5	2al5__chain0	99.2	99.6	99.2	258	259	260	4.72e-190	514.0
3t96	3t96_B	2al5	2al5__chain0	99.2	100.0	99.2	258	258	260	3.19e-190	514.0
3t9h	3t9h_B	2al5	2al5__chain0	99.2	100.0	99.2	258	258	260	3.19e-190	514.0
3t9i	3t9i_A	3jya	3jya__chain0	100.0	100.0	100.0	274	274	274	1.9600000000000002e-212	572.0
3t9u	3t9u_A	2al5	2al5__chain0	99.2	100.0	99.2	258	258	260	3.19e-190	514.0
3t9v	3t9v_A	2al5	2al5__chain0	99.2	100.0	99.2	258	258	260	3.19e-190	514.0
3t9x	3t9x_B	2al5	2al5__chain0	99.2	99.6	99.2	258	259	260	2.7299999999999996e-189	512.0
3tei	3tei_A	3e92	3e92__chain0	49.4	97.1	95.4	334	339	349	2.33e-109	317.0
3tfp	3tfp_A	3acw	3acw__chain0	100.0	100.0	100.0	284	284	284	3.36e-209	565.0
3tfv	3tfv_A	3acw	3acw__chain0	100.0	100.0	100.0	284	284	284	3.36e-209	565.0
3tk5	3tk5_A	1mq6	1mq6__chain0	100.0	100.0	100.0	233	233	233	4.95e-181	489.0
3tk6	3tk6_A	1mq6	1mq6__chain0	100.0	100.0	100.0	233	233	233	4.95e-181	489.0
3tkd	3tkd_A	2al5	2al5__chain0	99.2	98.9	100.0	260	263	260	4.07e-192	520.0
3tkg	3tkg_B	1g2k	1g2k__chain0	94.9	100.0	100.0	99	99	99	4.59e-69	195.0
3tl9	3tl9_A	1g2k	1g2k__chain0	94.9	100.0	100.0	99	99	99	4.59e-69	195.0
3tnw	3tnw_A	2xnb	2xnb__chain0	99.7	99.7	100.0	296	296	296	1.2799999999999999e-219	592.0
3tog	3tog_A	1g2k	1g2k__chain0	94.9	100.0	100.0	99	99	99	4.59e-69	195.0
3toh	3toh_A	1g2k	1g2k__chain0	94.9	100.0	100.0	99	99	99	4.59e-69	195.0
3tpi	3tpi_Z	1k1i	1k1i__chain0	100.0	99.1	100.0	223	225	223	5.360000000000001e-167	453.0
3tub	3tub_A	3qgy	3qgy__chain0	41.6	90.1	91.8	231	253	245	5.649999999999999e-54	168.0
3tuc	3tuc_A	3qgy	3qgy__chain0	41.6	88.7	91.8	231	257	245	6.429999999999999e-54	168.0
3tud	3tud_A	3qgy	3qgy__chain0	41.6	89.5	91.8	231	256	245	1.1099999999999999e-54	170.0
3tuh	3tuh_A	3b27	3b27__chain0	100.0	100.0	97.2	209	209	215	1.69e-148	405.0
3tz7	3tz7_A	3k5v	3k5v__chain0	45.3	94.6	92.3	265	260	286	6.23e-76	226.0
3tz8	3tz8_B	3k5v	3k5v__chain0	46.0	94.3	92.3	265	263	286	1.5100000000000001e-77	230.0
3tz9	3tz9_A	3k5v	3k5v__chain0	45.7	94.6	92.3	265	261	286	8.02e-77	228.0
3u57	3u57_A	2wbg	2wbg__chain0	41.1	97.0	97.5	465	471	443	1.74e-113	335.0
3u5k	3u5k_A	3p5o	3p5o__chain0	100.0	100.0	99.2	126	126	127	2.08e-96	266.0
3u5y	3u5y_A	2wbg	2wbg__chain0	41.1	97.2	97.5	465	470	443	1.68e-113	335.0
3u87	3u87_A	4eor	4eor__chain0	31.7	89.7	98.0	303	329	294	2.05e-39	134.0
3u8o	3u8o_H	1bcu	1bcu__chain1	100.0	99.2	100.0	249	251	249	7.66e-198	533.0
3u8r	3u8r_H	1bcu	1bcu__chain1	100.0	99.2	100.0	249	251	249	7.66e-198	533.0
3u8t	3u8t_H	1bcu	1bcu__chain1	100.0	100.0	100.0	249	249	249	1.4199999999999997e-197	532.0
3u94	3u94_A	3gbb	3gbb__chain0	85.5	99.6	100.0	255	255	255	1.0399999999999999e-168	460.0
3u98	3u98_H	2zda	2zda__chain1	100.0	100.0	100.0	251	251	251	2.46e-199	537.0
3u9a	3u9a_H	2zda	2zda__chain1	100.0	100.0	100.0	251	251	251	2.46e-199	537.0
3u9y	3u9y_A	4kzq	4kzq__chain0	100.0	77.4	100.0	161	208	161	8.03e-123	338.0
3ucb	3ucb_A	3o9i	3o9i__chain0	78.8	100.0	100.0	99	99	99	8.270000000000001e-63	179.0
3udl	3udl_A	4ih5	4ih5__chain0	99.3	99.6	99.8	556	555	557	0.0	1110.0
3ufn	3ufn_A	3o9i	3o9i__chain0	78.8	100.0	100.0	99	99	99	8.270000000000001e-63	179.0
3uns	3uns_A	1k1i	1k1i__chain0	96.4	100.0	100.0	223	223	223	5.95e-159	432.0
3uop	3uop_A	1k1i	1k1i__chain0	96.4	100.0	100.0	223	223	223	5.95e-159	432.0
3upe	3upe_A	1k1i	1k1i__chain0	96.0	100.0	100.0	223	223	223	8.46e-159	432.0
3uqo	3uqo_A	1k1i	1k1i__chain0	96.4	100.0	100.0	223	223	223	5.95e-159	432.0
3uqu	3uqu_A	3udh	3udh__chain0	96.9	99.2	96.7	381	374	394	2.17e-278	748.0
3uqv	3uqv_A	1k1i	1k1i__chain0	96.9	100.0	100.0	223	223	223	5.95e-159	432.0
3uqw	3uqw_A	3udh	3udh__chain0	96.9	99.2	97.0	382	375	394	7.889999999999999e-279	749.0
3uqx	3uqx_A	3udh	3udh__chain0	96.9	99.2	97.0	382	375	394	7.889999999999999e-279	749.0
3usg	3usg_A	3f3c	3f3c__chain0	99.8	99.8	98.8	503	503	509	0.0	984.0
3usi	3usi_A	3f3c	3f3c__chain0	99.0	99.8	99.6	507	503	509	0.0	982.0
3usj	3usj_A	3f3c	3f3c__chain0	99.8	99.8	98.8	503	503	509	0.0	984.0
3usk	3usk_A	3f3c	3f3c__chain0	99.8	99.8	98.8	503	503	509	0.0	984.0
3usl	3usl_A	3f3c	3f3c__chain0	99.8	99.8	98.8	503	503	509	0.0	984.0
3usm	3usm_A	3f3c	3f3c__chain0	99.8	99.8	98.8	503	503	509	0.0	984.0
3uso	3uso_A	3f3c	3f3c__chain0	99.8	99.8	98.8	503	503	509	0.0	984.0
3usp	3usp_A	3f3c	3f3c__chain0	98.8	99.8	100.0	509	504	509	0.0	987.0
3uu7	3uu7_A	2p15	2p15__chain1	99.2	100.0	99.6	241	239	242	8.71e-172	466.0
3uua	3uua_A	2p15	2p15__chain1	99.6	99.6	99.2	241	242	242	1.1999999999999999e-172	469.0
3uuc	3uuc_D	4mgd	4mgd__chain1	95.7	98.3	98.3	233	232	236	2.54e-154	422.0
3uud	3uud_A	2p15	2p15__chain1	100.0	99.6	99.6	241	242	242	8.78e-175	474.0
3uuz	3uuz_A	1k1i	1k1i__chain0	96.0	100.0	100.0	223	223	223	8.46e-159	432.0
3uvr	3uvr_A	4f9w	4f9w__chain0	98.8	100.0	99.7	335	331	336	1.8000000000000002e-247	665.0
3uvv	3uvv_B	2pog	2pog__chain1	33.0	76.1	82.9	176	218	211	2.01e-21	82.0
3uwi	3uwi_A	1k1i	1k1i__chain0	95.5	100.0	100.0	223	223	223	6.95e-158	430.0
3uwj	3uwj_H	2zda	2zda__chain1	100.0	100.0	100.0	251	251	251	2.46e-199	537.0
3v0x	3v0x_A	1k1i	1k1i__chain0	95.5	100.0	100.0	223	223	223	6.95e-158	430.0
3v12	3v12_A	1k1i	1k1i__chain0	95.5	100.0	100.0	223	223	223	6.95e-158	430.0
3v13	3v13_A	1k1i	1k1i__chain0	95.5	100.0	100.0	223	223	223	6.95e-158	430.0
3v2j	3v2j_A	4jsz	4jsz__chain0	99.6	100.0	100.0	257	257	257	3.93e-199	537.0
3v2m	3v2m_A	4jsz	4jsz__chain0	99.6	100.0	100.0	257	257	257	3.93e-199	537.0
3v4a	3v4a_A	1z95	1z95__chain0	98.3	98.8	100.0	241	244	238	3.35e-174	473.0
3v50	3v50_A	4de2	4de2__chain0	41.0	94.0	95.0	249	265	260	4.49e-60	185.0
3v5m	3v5m_A	4de2	4de2__chain0	41.4	94.0	95.0	249	265	260	5.63e-61	187.0
3v5w	3v5w_A	3ag9	3ag9__chain0	34.5	49.8	94.4	313	623	319	3.7799999999999995e-54	181.0
3v9v	3v9v_A	3b1m	3b1m__chain0	99.6	100.0	99.6	259	258	260	3.15e-181	492.0
3v9y	3v9y_A	3b1m	3b1m__chain0	99.2	100.0	99.6	261	261	260	8.73e-182	493.0
3vfe	3vfe_A	1k1i	1k1i__chain0	44.6	99.1	98.7	222	222	223	4.0500000000000005e-70	207.0
3vi8	3vi8_A	3b1m	3b1m__chain0	61.5	100.0	98.5	265	258	260	5.43e-115	324.0
3vif	3vif_A	2j7h	2j7h__chain0	40.5	95.6	96.8	462	473	438	2.2699999999999997e-104	312.0
3vig	3vig_A	2j7h	2j7h__chain0	40.5	95.8	96.8	462	472	438	2.1999999999999998e-104	312.0
3vij	3vij_A	2j7h	2j7h__chain0	40.3	95.8	96.8	462	472	438	1.2400000000000002e-103	310.0
3vik	3vik_A	2j7h	2j7h__chain0	40.3	95.8	96.8	462	472	438	8.76e-104	310.0
3vil	3vil_A	2j7h	2j7h__chain0	40.3	95.8	96.8	462	472	438	8.76e-104	310.0
3vim	3vim_A	2j7h	2j7h__chain0	40.3	95.8	96.8	462	472	438	6.2e-104	311.0
3vin	3vin_A	2j7h	2j7h__chain0	40.3	95.8	96.8	462	472	438	6.2e-104	311.0
3vio	3vio_A	2j7h	2j7h__chain0	40.3	95.8	96.8	462	472	438	6.2e-104	311.0
3vip	3vip_A	2j7h	2j7h__chain0	40.3	95.8	96.8	462	472	438	6.2e-104	311.0
3vjn	3vjn_A	4twp	4twp__chain0	39.8	83.2	89.5	249	297	266	8.43e-59	183.0
3vjo	3vjo_A	3pyy	3pyy__chain0	40.0	83.2	91.3	250	298	265	2.68e-60	187.0
3vq4	3vq4_B	3ao4	3ao4__chain0	97.1	99.3	100.0	139	140	139	4.94e-99	274.0
3vq5	3vq5_A	3ao4	3ao4__chain1	99.2	100.0	100.0	133	133	133	5.870000000000001e-97	268.0
3vq6	3vq6_B	3ao4	3ao4__chain0	96.4	97.9	100.0	140	143	139	1.8700000000000001e-97	270.0
3vq7	3vq7_B	3ao4	3ao4__chain0	96.4	97.9	100.0	139	141	139	3.48e-97	270.0
3vqd	3vqd_B	3ao4	3ao4__chain0	97.1	99.3	100.0	139	140	139	4.94e-99	274.0
3vqe	3vqe_B	3ao4	3ao4__chain1	98.5	99.2	100.0	133	133	133	8.019999999999999e-95	263.0
3vqp	3vqp_B	3ao4	3ao4__chain0	97.8	99.3	100.0	139	140	139	1.4700000000000001e-100	278.0
3vqq	3vqq_B	3ao4	3ao4__chain0	97.1	98.6	100.0	139	140	139	8.2e-98	271.0
3vrz	3vrz_B	3k5v	3k5v__chain0	45.7	58.2	92.3	265	431	286	1.69e-78	239.0
3vs0	3vs0_A	3k5v	3k5v__chain0	45.3	58.3	92.3	265	429	286	1.2600000000000001e-77	236.0
3vs1	3vs1_A	3k5v	3k5v__chain0	45.3	58.8	92.3	265	425	286	1.12e-77	236.0
3vs2	3vs2_A	3k5v	3k5v__chain0	45.3	58.0	92.3	265	431	286	1.34e-77	236.0
3vs4	3vs4_A	3k5v	3k5v__chain0	45.7	58.6	92.3	265	430	286	5.83e-79	240.0
3vs5	3vs5_B	3k5v	3k5v__chain0	45.3	58.4	92.3	265	428	286	1.22e-77	236.0
3vs6	3vs6_A	3k5v	3k5v__chain0	45.7	57.7	92.3	265	435	286	1.9e-78	239.0
3vs7	3vs7_A	3k5v	3k5v__chain0	45.3	57.5	92.3	265	433	286	5.62e-77	235.0
3vsp	3vsp_A	2yfe	2yfe__chain0	99.2	100.0	99.6	265	265	264	1.51e-184	501.0
3vw8	3vw8_A	4twp	4twp__chain0	41.9	81.5	92.1	258	303	266	1.28e-59	185.0
3vxe	3vxe_H	3bv9	3bv9__chain1	99.6	100.0	99.2	257	257	259	9.25e-203	546.0
3w10	3w10_A	3e5a	3e5a__chain0	99.2	100.0	99.2	263	263	265	3.2e-197	533.0
3w16	3w16_A	3myg	3myg__chain0	98.4	100.0	100.0	252	249	252	2.94e-184	499.0
3w18	3w18_B	3myg	3myg__chain0	93.3	100.0	100.0	252	236	252	6.41e-171	464.0
3w2c	3w2c_A	3myg	3myg__chain0	81.2	100.0	99.2	250	203	252	2.2099999999999998e-135	373.0
3w51	3w51_A	4j21	4j21__chain0	100.0	100.0	100.0	209	209	209	4.26e-161	437.0
3w6h	3w6h_A	4jsz	4jsz__chain0	60.2	100.0	99.2	256	256	257	3.31e-110	312.0
3w7f	3w7f_A	3acw	3acw__chain0	100.0	100.0	100.0	284	284	284	3.36e-209	565.0
3war	3war_A	4eor	4eor__chain0	31.7	88.3	98.0	303	334	294	3.23e-39	134.0
3we8	3we8_A	3jya	3jya__chain0	99.6	100.0	99.6	273	273	274	6.3e-211	568.0
3wh6	3wh6_A	2wbg	2wbg__chain0	47.4	98.6	98.4	439	443	443	5.67e-145	415.0
3wh7	3wh7_A	2wbg	2wbg__chain0	47.4	98.6	98.4	439	443	443	5.67e-145	415.0
3wh8	3wh8_A	2wbg	2wbg__chain0	47.5	99.3	98.2	438	437	443	2.11e-143	410.0
3wil	3wil_A	4eor	4eor__chain0	31.7	89.1	98.0	303	331	294	3.01e-39	134.0
3wip	3wip_D	4qac	4qac__chain1	100.0	100.0	98.5	202	202	205	2.65e-150	409.0
3wj4	3wj4_A	2yfe	2yfe__chain0	98.8	99.2	97.3	257	256	264	1.53e-177	483.0
3wj5	3wj5_A	2yfe	2yfe__chain0	98.8	99.2	98.1	259	258	264	7.050000000000001e-179	486.0
3wmh	3wmh_A	2yfe	2yfe__chain0	98.5	100.0	98.9	264	264	264	1.97e-182	495.0
3wnf	3wnf_A	3ao4	3ao4__chain1	98.5	98.5	100.0	133	133	133	1.8899999999999999e-93	259.0
3wng	3wng_B	3ao4	3ao4__chain1	98.5	97.8	100.0	134	136	133	1.51e-93	260.0
3wnh	3wnh_B	3ao4	3ao4__chain1	98.5	98.5	100.0	133	134	133	8.359999999999999e-95	263.0
3wq9	3wq9_A	3rlr	3rlr__chain0	100.0	99.5	95.9	210	211	219	5.19e-149	407.0
3wzd	3wzd_A	3pyy	3pyy__chain0	36.3	98.6	99.2	289	278	265	8.900000000000001e-56	174.0
3wze	3wze_A	3pyy	3pyy__chain0	38.2	95.6	98.5	285	298	265	3e-62	192.0
3zcm	3zcm_A	3zsx	3zsx__chain0	100.0	100.0	100.0	149	149	149	2.2e-111	306.0
3zcp	3zcp_A	3ebp	3ebp__chain0	99.8	100.0	100.0	810	810	810	0.0	1636.0
3zcq	3zcq_A	3ebp	3ebp__chain0	99.5	100.0	100.0	810	810	810	0.0	1627.0
3zcr	3zcr_A	3ebp	3ebp__chain0	99.5	100.0	100.0	810	807	810	0.0	1627.0
3zcs	3zcs_A	3ebp	3ebp__chain0	99.4	100.0	100.0	810	807	810	0.0	1626.0
3zct	3zct_A	3ebp	3ebp__chain0	99.9	100.0	100.0	810	810	810	0.0	1637.0
3zcu	3zcu_A	3ebp	3ebp__chain0	99.5	99.9	100.0	810	808	810	0.0	1627.0
3zcv	3zcv_A	3ebp	3ebp__chain0	99.9	100.0	100.0	810	810	810	0.0	1637.0
3zdi	3zdi_A	2fvd	2fvd__chain0	33.7	83.7	97.2	297	349	284	1.26e-50	164.0
3zdu	3zdu_A	2fvd	2fvd__chain0	36.5	92.3	95.8	293	297	284	1.2400000000000001e-56	178.0
3zew	3zew_B	3qgy	3qgy__chain0	41.1	94.4	97.6	241	252	245	3.7299999999999997e-60	184.0
3zj7	3zj7_A	2j78	2j78__chain0	38.6	98.7	98.2	471	467	443	5.46e-102	306.0
3zj8	3zj8_B	2j78	2j78__chain0	38.6	98.7	98.2	471	467	443	5.46e-102	306.0
3zkn	3zkn_A	3rsx	3rsx__chain0	55.1	98.1	98.4	372	375	375	1.0899999999999999e-150	424.0
3zks	3zks_A	3rsx	3rsx__chain0	54.7	97.8	98.4	369	360	375	3.16e-146	412.0
3zlu	3zlu_B	1e66	1e66__chain0	59.5	99.4	99.8	533	532	532	8.289999999999999e-244	673.0
3zme	3zme_A	5a7b	5a7b__chain0	100.0	100.0	99.5	195	195	196	1.28e-153	417.0
3zo3	3zo3_A	1q8t	1q8t__chain0	99.4	100.0	99.7	340	340	341	2.2199999999999998e-256	689.0
3zps	3zps_A	1g2k	1g2k__chain0	97.0	100.0	100.0	99	99	99	2.36e-71	201.0
3zpt	3zpt_A	1g2k	1g2k__chain0	97.0	100.0	100.0	99	99	99	2.36e-71	201.0
3zpu	3zpu_A	1g2k	1g2k__chain0	97.0	100.0	100.0	99	99	99	2.36e-71	201.0
3zr7	3zr7_A	3b5r	3b5r__chain0	55.5	98.8	100.0	247	250	247	2.6e-103	294.0
3zra	3zra_A	3b5r	3b5r__chain0	55.5	98.8	100.0	247	250	247	2.6e-103	294.0
3zrb	3zrb_A	3b5r	3b5r__chain0	55.5	98.8	100.0	247	250	247	2.6e-103	294.0
3zs5	3zs5_A	4f9w	4f9w__chain0	100.0	98.8	100.0	336	340	336	3.57e-254	683.0
3zsg	3zsg_A	4f9w	4f9w__chain0	100.0	99.7	100.0	336	337	336	2.22e-254	683.0
3zsh	3zsh_A	4f9w	4f9w__chain0	98.2	99.7	100.0	336	331	336	7.010000000000001e-245	659.0
3zsi	3zsi_A	4f9w	4f9w__chain0	97.3	100.0	99.7	335	326	336	4.32e-240	647.0
3zso	3zso_A	3zsx	3zsx__chain0	100.0	99.3	100.0	149	150	149	2.29e-111	306.0
3zsr	3zsr_A	3zsx	3zsx__chain0	100.0	100.0	100.0	149	149	149	2.2e-111	306.0
3zsv	3zsv_A	3zsx	3zsx__chain0	100.0	100.0	100.0	149	149	149	2.2e-111	306.0
3zt0	3zt0_A	3zsx	3zsx__chain0	100.0	100.0	100.0	149	149	149	2.2e-111	306.0
3zun	3zun_B	4w9c	4w9c__chain1	100.0	100.0	100.0	86	86	86	2.1899999999999998e-61	175.0
3zv7	3zv7_A	1e66	1e66__chain0	100.0	99.4	100.0	532	535	532	0.0	1108.0
3zxt	3zxt_B	3myg	3myg__chain0	32.9	97.2	95.2	249	253	252	7.47e-40	132.0
4a16	4a16_A	1e66	1e66__chain0	59.0	99.3	99.8	537	541	532	4.0799999999999996e-244	674.0
4a2j	4a2j_A	3b5r	3b5r__chain0	55.5	98.8	100.0	247	250	247	2.6e-103	294.0
4a9e	4a9e_C	3p5o	3p5o__chain0	81.1	99.1	83.5	106	107	127	2.6e-67	192.0
4a9j	4a9j_C	3p5o	3p5o__chain0	81.0	99.1	82.7	105	106	127	1.44e-66	190.0
4a9k	4a9k_A	3p5o	3p5o__chain0	33.3	88.7	79.5	102	115	127	7.61e-18	67.4
4a9l	4a9l_A	3p5o	3p5o__chain0	100.0	100.0	99.2	126	126	127	2.08e-96	266.0
4a9o	4a9o_C	3p5o	3p5o__chain0	81.1	99.1	83.5	106	107	127	2.6e-67	192.0
4a9y	4a9y_A	4f9w	4f9w__chain0	98.8	99.7	100.0	336	334	336	6.06e-249	669.0
4aaa	4aaa_A	4eor	4eor__chain0	41.1	93.9	96.6	302	295	294	3.11e-71	216.0
4agu	4agu_B	4eor	4eor__chain0	39.5	98.9	95.9	299	276	294	2.37e-68	207.0
4agw	4agw_B	3k5v	3k5v__chain0	44.5	94.9	92.3	265	257	286	2.5699999999999998e-74	222.0
4aht	4aht_B	3zsx	3zsx__chain0	100.0	99.3	100.0	149	150	149	6.58e-111	305.0
4aiu	4aiu_A	2w4x	2w4x__chain0	99.5	100.0	99.8	578	576	579	0.0	1169.0
4alh	4alh_C	3p5o	3p5o__chain0	81.1	99.1	83.5	106	107	127	2.6e-67	192.0
4ans	4ans_A	4m0y	4m0y__chain0	40.6	84.0	92.4	254	294	263	6.23e-57	178.0
4aoj	4aoj_C	3qgy	3qgy__chain0	40.3	95.0	97.6	248	261	245	2.78e-62	190.0
4aot	4aot_A	3myg	3myg__chain0	32.2	88.1	98.0	255	278	252	8.94e-38	127.0
4apu	4apu_A	3b5r	3b5r__chain0	55.5	98.8	100.0	247	250	247	2.6e-103	294.0
4ara	4ara_B	1e66	1e66__chain0	59.7	99.4	99.8	533	533	532	6.429999999999999e-246	678.0
4arb	4arb_B	1e66	1e66__chain0	59.7	99.4	99.8	533	533	532	6.429999999999999e-246	678.0
4as0	4as0_A	3jya	3jya__chain0	99.6	100.0	99.6	273	273	274	6.3e-211	568.0
4asa	4asa_A	2fxs	2fxs__chain0	100.0	100.0	100.0	213	213	213	1.3e-148	405.0
4asb	4asb_A	2fxs	2fxs__chain0	100.0	100.0	100.0	213	213	213	1.3e-148	405.0
4asf	4asf_A	2fxs	2fxs__chain0	100.0	99.5	100.0	213	214	213	2.73e-148	405.0
4asg	4asg_A	2fxs	2fxs__chain0	100.0	100.0	100.0	213	213	213	1.3e-148	405.0
4atl	4atl_A	2wbg	2wbg__chain0	41.3	97.2	97.5	465	470	443	4.21e-114	337.0
4aw0	4aw0_A	1ydr	1ydr__chain0	38.3	96.1	79.8	274	285	336	9.64e-69	210.0
4aw1	4aw1_A	1ydr	1ydr__chain0	39.0	93.7	79.8	269	287	336	2.9e-71	217.0
4aw2	4aw2_A	1q8t	1q8t__chain0	36.9	76.4	86.2	309	398	341	8.11e-66	207.0
4axb	4axb_A	1e66	1e66__chain0	52.9	100.0	99.1	527	526	532	1.04e-223	622.0
4b0o	4b0o_A	1e66	1e66__chain0	52.9	99.8	99.1	527	527	532	7.61e-224	622.0
4b0p	4b0p_A	1e66	1e66__chain0	52.9	99.8	99.1	527	527	532	7.61e-224	622.0
4b0q	4b0q_A	3udh	3udh__chain0	97.6	100.0	95.9	378	369	394	6.19e-279	749.0
4b6l	4b6l_A	2br1	2br1__chain0	32.1	89.3	92.6	262	281	272	2.62e-34	119.0
4b6q	4b6q_A	3n7a	3n7a__chain5	97.8	99.3	100.0	137	135	137	3.9e-92	256.0
4b7t	4b7t_A	2fvd	2fvd__chain0	33.7	83.4	97.2	297	350	284	1.3e-50	164.0
4b80	4b80_A	1e66	1e66__chain0	59.4	98.9	99.6	532	538	532	5.48e-246	679.0
4b82	4b82_B	1e66	1e66__chain0	59.7	99.4	99.8	533	533	532	6.429999999999999e-246	678.0
4b85	4b85_B	1e66	1e66__chain0	59.7	99.4	99.8	533	533	532	6.429999999999999e-246	678.0
4b8l	4b8l_A	3myg	3myg__chain0	68.8	98.4	99.2	250	249	252	1.78e-130	363.0
4b99	4b99_A	3e92	3e92__chain0	46.5	97.9	94.6	333	335	349	2.7000000000000003e-99	291.0
4b9d	4b9d_B	3ag9	3ag9__chain0	31.6	90.8	87.5	288	295	319	4.910000000000001e-35	122.0
4bbm	4bbm_B	2fvd	2fvd__chain0	42.2	92.8	95.1	289	292	284	1.6999999999999997e-67	206.0
4bc6	4bc6_A	2xnb	2xnb__chain0	31.2	90.2	97.0	292	285	296	3.6e-33	117.0
4bcr	4bcr_A	2yfe	2yfe__chain0	61.2	100.0	95.8	263	263	264	9.23e-116	327.0
4bdl	4bdl_A	4dld	4dld__chain1	86.7	99.6	97.6	249	250	254	3.0600000000000004e-164	448.0
4bdm	4bdm_A	4dld	4dld__chain1	87.0	100.0	97.2	247	246	254	2.1400000000000003e-163	446.0
4bdn	4bdn_C	4dld	4dld__chain1	86.7	99.6	97.6	248	247	254	1.83e-162	444.0
4bdo	4bdo_C	4dld	4dld__chain1	85.1	100.0	97.6	249	246	254	1.61e-158	434.0
4bdq	4bdq_A	4dld	4dld__chain1	86.7	99.2	97.6	249	251	254	1.5800000000000002e-164	449.0
4bdr	4bdr_A	4dld	4dld__chain1	87.0	100.0	99.2	253	253	254	1.31e-168	459.0
4bf2	4bf2_B	3ag9	3ag9__chain0	32.6	88.5	72.7	242	252	319	2.67e-29	106.0
4bfm	4bfm_A	3jya	3jya__chain0	34.7	78.3	95.3	268	313	274	7.25e-37	127.0
4bfq	4bfq_A	2xys	2xys__chain0	100.0	100.0	100.0	205	205	205	9.68e-156	423.0
4bgq	4bgq_A	1pxn	1pxn__chain0	37.2	98.2	96.3	293	276	294	1.36e-58	182.0
4bky	4bky_A	3ag9	3ag9__chain0	35.8	75.6	80.6	257	311	319	1.6099999999999998e-45	150.0
4bl1	4bl1_A	3ag9	3ag9__chain0	35.0	75.3	80.6	257	312	319	1.3500000000000002e-43	145.0
4bmx	4bmx_B	4f2w	4f2w__chain1	34.2	100.0	97.5	234	233	237	2.65e-37	124.0
4bmz	4bmz_B	4f2w	4f2w__chain1	34.0	100.0	97.9	235	234	237	1.94e-37	125.0
4boh	4boh_A	1bcu	1bcu__chain1	100.0	100.0	100.0	249	249	249	1.4199999999999997e-197	532.0
4bqf	4bqf_A	3ebp	3ebp__chain0	47.0	99.4	99.0	825	824	810	5.2500000000000005e-247	703.0
4bqi	4bqi_A	3ebp	3ebp__chain0	47.0	99.4	99.0	825	824	810	5.2500000000000005e-247	703.0
4bqj	4bqj_A	3b27	3b27__chain0	100.0	100.0	99.1	213	213	215	7.22e-151	411.0
4btl	4btl_A	1e66	1e66__chain0	59.6	98.9	99.6	532	535	532	1.4e-245	677.0
4bu3	4bu3_A	4kzq	4kzq__chain0	100.0	77.4	100.0	161	208	161	8.03e-123	338.0
4bu5	4bu5_A	4kzq	4kzq__chain0	100.0	77.4	100.0	161	208	161	8.03e-123	338.0
4bu6	4bu6_A	4kzq	4kzq__chain0	100.0	77.4	100.0	161	208	161	8.03e-123	338.0
4bu7	4bu7_A	4kzq	4kzq__chain0	100.0	77.4	100.0	161	208	161	8.03e-123	338.0
4bu8	4bu8_A	4kzq	4kzq__chain0	100.0	77.4	100.0	161	208	161	8.03e-123	338.0
4bu9	4bu9_A	4kzq	4kzq__chain0	100.0	77.4	100.0	161	208	161	8.03e-123	338.0
4bua	4bua_A	4kzq	4kzq__chain0	100.0	77.4	100.0	161	208	161	8.03e-123	338.0
4bud	4bud_A	4kzq	4kzq__chain0	100.0	77.4	100.0	161	208	161	8.03e-123	338.0
4bue	4bue_A	4kzq	4kzq__chain0	100.0	77.4	100.0	161	208	161	8.03e-123	338.0
4buf	4buf_A	4kzq	4kzq__chain0	100.0	77.4	100.0	161	208	161	8.03e-123	338.0
4bui	4bui_A	4kzq	4kzq__chain0	100.0	77.4	100.0	161	208	161	8.03e-123	338.0
4bus	4bus_A	4kzq	4kzq__chain0	100.0	77.4	100.0	161	208	161	8.03e-123	338.0
4but	4but_A	4kzq	4kzq__chain0	100.0	77.4	100.0	161	208	161	8.03e-123	338.0
4buu	4buu_A	4kzq	4kzq__chain0	100.0	77.0	100.0	161	209	161	8.360000000000001e-123	338.0
4buv	4buv_A	4kzq	4kzq__chain0	100.0	77.4	100.0	161	208	161	8.03e-123	338.0
4buw	4buw_A	4kzq	4kzq__chain0	100.0	77.4	100.0	161	208	161	8.03e-123	338.0
4bux	4bux_A	4kzq	4kzq__chain0	100.0	77.4	100.0	161	208	161	8.03e-123	338.0
4buy	4buy_A	4kzq	4kzq__chain0	100.0	77.4	100.0	161	208	161	8.03e-123	338.0
4bzd	4bzd_A	4eor	4eor__chain0	94.2	99.6	99.7	293	277	294	8.51e-199	538.0
4c2w	4c2w_A	2wtv	2wtv__chain0	71.0	97.4	98.9	262	269	264	5.6299999999999996e-142	393.0
4c34	4c34_A	1q8t	1q8t__chain0	97.6	99.7	99.7	340	340	341	1.1800000000000001e-251	677.0
4c3f	4c3f_A	3k5v	3k5v__chain0	46.8	100.0	91.6	263	257	286	5.4599999999999995e-84	246.0
4c3p	4c3p_A	3e5a	3e5a__chain0	99.6	100.0	99.6	264	264	265	1.42e-198	536.0
4c3r	4c3r_A	3myg	3myg__chain0	99.6	100.0	99.6	252	252	252	3.6e-188	509.0
4c62	4c62_A	4hge	4hge__chain0	95.1	100.0	99.0	283	275	286	1.0099999999999999e-199	540.0
4c67	4c67_A	3p5o	3p5o__chain0	100.0	100.0	100.0	127	127	127	1.07e-96	267.0
4ccb	4ccb_A	3pyy	3pyy__chain0	40.7	91.1	99.2	275	291	265	9.46e-65	198.0
4ccu	4ccu_A	3pyy	3pyy__chain0	39.7	90.8	99.2	277	293	265	1.44e-61	190.0
4ce9	4ce9_A	3zsx	3zsx__chain0	100.0	100.0	100.0	149	149	149	2.2e-111	306.0
4cea	4cea_A	3zsx	3zsx__chain0	100.0	99.3	100.0	149	150	149	2.29e-111	306.0
4cec	4cec_A	3zsx	3zsx__chain0	100.0	100.0	100.0	149	149	149	2.2e-111	306.0
4ced	4ced_A	3zsx	3zsx__chain0	100.0	100.0	100.0	149	149	149	2.2e-111	306.0
4cee	4cee_A	3zsx	3zsx__chain0	100.0	100.0	100.0	149	149	149	2.2e-111	306.0
4cef	4cef_A	3zsx	3zsx__chain0	100.0	100.0	100.0	149	149	149	2.2e-111	306.0
4ceo	4ceo_A	3zsx	3zsx__chain0	100.0	100.0	100.0	149	149	149	2.2e-111	306.0
4ceq	4ceq_A	3zsx	3zsx__chain0	100.0	100.0	100.0	149	149	149	2.2e-111	306.0
4cer	4cer_A	3zsx	3zsx__chain0	100.0	100.0	100.0	149	149	149	2.2e-111	306.0
4ces	4ces_A	3zsx	3zsx__chain0	100.0	100.0	100.0	149	149	149	2.2e-111	306.0
4cez	4cez_A	3zsx	3zsx__chain0	100.0	100.0	100.0	149	149	149	2.2e-111	306.0
4cf0	4cf0_A	3zsx	3zsx__chain0	100.0	100.0	100.0	149	149	149	2.2e-111	306.0
4cf1	4cf1_A	3zsx	3zsx__chain0	100.0	100.0	100.0	149	149	149	2.2e-111	306.0
4cf2	4cf2_A	3zsx	3zsx__chain0	100.0	100.0	100.0	149	149	149	2.2e-111	306.0
4cf8	4cf8_A	3zsx	3zsx__chain0	100.0	100.0	100.0	149	149	149	2.2e-111	306.0
4cf9	4cf9_A	3zsx	3zsx__chain0	100.0	99.3	100.0	149	150	149	6.58e-111	305.0
4cfa	4cfa_A	3zsx	3zsx__chain0	100.0	100.0	100.0	149	149	149	2.2e-111	306.0
4cfb	4cfb_A	3zsx	3zsx__chain0	100.0	100.0	100.0	149	149	149	2.2e-111	306.0
4cfc	4cfc_A	3zsx	3zsx__chain0	100.0	100.0	100.0	149	149	149	2.2e-111	306.0
4cfd	4cfd_A	3zsx	3zsx__chain0	100.0	100.0	100.0	149	149	149	2.2e-111	306.0
4cfh	4cfh_A	3jvs	3jvs__chain0	34.9	62.4	95.7	261	402	256	7.3e-41	139.0
4cfk	4cfk_A	3p5o	3p5o__chain0	100.0	100.0	100.0	127	127	127	1.07e-96	267.0
4cfn	4cfn_A	2xnb	2xnb__chain0	99.7	99.0	99.7	295	297	296	2.6899999999999998e-219	591.0
4cgd	4cgd_A	3zsx	3zsx__chain0	100.0	100.0	100.0	149	149	149	2.2e-111	306.0
4cgf	4cgf_A	3zsx	3zsx__chain0	99.3	100.0	100.0	149	148	149	8.280000000000001e-109	300.0
4cgh	4cgh_A	3zsx	3zsx__chain0	100.0	100.0	100.0	149	149	149	2.2e-111	306.0
4chn	4chn_A	3zsx	3zsx__chain0	100.0	100.0	100.0	149	149	149	2.2e-111	306.0
4cho	4cho_A	3zsx	3zsx__chain0	100.0	100.0	100.0	149	149	149	2.2e-111	306.0
4chp	4chp_A	3zsx	3zsx__chain0	100.0	100.0	100.0	149	149	149	2.2e-111	306.0
4chq	4chq_A	3zsx	3zsx__chain0	99.3	100.0	100.0	149	148	149	8.280000000000001e-109	300.0
4chy	4chy_A	3zsx	3zsx__chain0	99.3	100.0	100.0	149	148	149	8.280000000000001e-109	300.0
4chz	4chz_A	3zsx	3zsx__chain0	100.0	98.7	100.0	149	151	149	6.86e-111	305.0
4ci4	4ci4_A	2yfe	2yfe__chain0	62.6	100.0	96.2	254	248	264	2.44e-114	322.0
4ci5	4ci5_A	3b1m	3b1m__chain0	100.0	100.0	100.0	260	260	260	1.0600000000000001e-184	501.0
4cie	4cie_A	4cig	4cig__chain0	99.3	100.0	100.0	147	146	147	2.39e-107	296.0
4cif	4cif_A	3zsx	3zsx__chain0	100.0	100.0	100.0	149	149	149	2.2e-111	306.0
4ciy	4ciy_A	3n7a	3n7a__chain5	98.5	100.0	100.0	137	136	137	4.94e-93	259.0
4cj3	4cj3_A	3zsx	3zsx__chain0	99.3	100.0	100.0	149	148	149	8.280000000000001e-109	300.0
4cj5	4cj5_A	3zsx	3zsx__chain0	100.0	100.0	100.0	149	149	149	2.2e-111	306.0
4cje	4cje_B	3zsx	3zsx__chain0	100.0	100.0	100.0	149	149	149	2.2e-111	306.0
4cjf	4cjf_A	4cig	4cig__chain0	100.0	99.3	100.0	147	148	147	6.610000000000001e-110	302.0
4cjk	4cjk_A	4cig	4cig__chain0	100.0	99.3	100.0	147	148	147	6.610000000000001e-110	302.0
4cjl	4cjl_A	3zsx	3zsx__chain0	99.3	99.3	100.0	149	149	149	8.630000000000001e-109	300.0
4cjs	4cjs_A	4cig	4cig__chain0	100.0	99.3	100.0	147	148	147	6.610000000000001e-110	302.0
4cjt	4cjt_A	3zsx	3zsx__chain0	100.0	99.3	100.0	149	150	149	6.58e-111	305.0
4cju	4cju_A	3zsx	3zsx__chain0	100.0	100.0	100.0	149	149	149	2.2e-111	306.0
4cjv	4cjv_A	3zsx	3zsx__chain0	100.0	99.3	99.3	148	149	149	3.6600000000000004e-110	303.0
4cjw	4cjw_A	3zsx	3zsx__chain0	100.0	100.0	100.0	149	149	149	2.2e-111	306.0
4ck1	4ck1_A	3zsx	3zsx__chain0	100.0	100.0	100.0	149	149	149	2.2e-111	306.0
4ck2	4ck2_A	3zsx	3zsx__chain0	100.0	99.3	100.0	149	150	149	6.58e-111	305.0
4cky	4cky_A	3n7a	3n7a__chain5	97.8	100.0	100.0	137	134	137	3.75e-92	256.0
4cl0	4cl0_A	2xb8	2xb8__chain0	100.0	100.0	99.3	140	140	141	6.18e-98	271.0
4coq	4coq_A	4jsz	4jsz__chain0	38.1	98.2	98.1	257	225	257	1.02e-39	131.0
4cre	4cre_A	4crc	4crc__chain0	100.0	99.6	100.0	237	238	237	2.27e-186	503.0
4crg	4crg_A	4cr9	4cr9__chain0	98.7	100.0	99.6	237	234	238	3.73e-182	492.0
4crs	4crs_A	1ydr	1ydr__chain0	41.4	88.6	86.6	297	334	336	1.2e-80	243.0
4csv	4csv_A	3k5v	3k5v__chain0	62.9	99.6	92.0	264	244	286	1.17e-123	347.0
4ctb	4ctb_A	3pyy	3pyy__chain0	39.7	90.8	99.2	277	293	265	1.02e-61	190.0
4ctc	4ctc_A	4rfm	4rfm__chain0	41.3	79.6	85.1	230	289	249	1.41e-56	176.0
4ctm	4ctm_A	3ebp	3ebp__chain0	99.5	100.0	100.0	810	807	810	0.0	1627.0
4ctn	4ctn_A	3ebp	3ebp__chain0	99.5	100.0	100.0	810	807	810	0.0	1627.0
4cto	4cto_A	3ebp	3ebp__chain0	99.9	100.0	100.0	810	810	810	0.0	1637.0
4cup	4cup_A	3p5o	3p5o__chain0	35.8	90.4	83.5	106	115	127	2.14e-17	66.2
4cuq	4cuq_A	3p5o	3p5o__chain0	35.8	90.4	83.5	106	115	127	2.14e-17	66.2
4cur	4cur_A	3p5o	3p5o__chain0	35.8	90.4	83.5	106	115	127	2.14e-17	66.2
4cus	4cus_A	3p5o	3p5o__chain0	35.8	90.4	83.5	106	115	127	2.14e-17	66.2
4cut	4cut_A	3p5o	3p5o__chain0	35.8	90.4	83.5	106	115	127	2.14e-17	66.2
4cuu	4cuu_A	3p5o	3p5o__chain0	35.8	90.4	83.5	106	115	127	2.14e-17	66.2
4cxa	4cxa_A	2xnb	2xnb__chain0	44.4	90.0	97.0	302	330	296	1.9700000000000002e-79	238.0
4d1x	4d1x_A	2fvd	2fvd__chain0	94.4	100.0	99.3	285	274	284	3.3700000000000002e-195	529.0
4d1z	4d1z_A	2fvd	2fvd__chain0	91.8	100.0	98.2	279	258	284	3.91e-183	498.0
4d2w	4d2w_B	3ag9	3ag9__chain0	35.4	75.9	80.6	257	323	319	4.68e-44	147.0
4d4v	4d4v_A	3k5v	3k5v__chain0	38.1	98.4	92.3	270	256	286	3.5e-63	193.0
4d76	4d76_A	4cr9	4cr9__chain0	100.0	100.0	99.2	236	236	238	6.23e-186	502.0
4d7f	4d7f_A	4cr9	4cr9__chain0	100.0	100.0	99.2	236	236	238	6.23e-186	502.0
4d7g	4d7g_A	4cr9	4cr9__chain0	100.0	100.0	99.2	236	236	238	6.23e-186	502.0
4d9t	4d9t_A	3ag9	3ag9__chain0	32.9	94.0	86.8	292	299	319	5.4799999999999996e-42	141.0
4daw	4daw_A	4eor	4eor__chain0	31.1	89.5	99.0	293	294	294	6.01e-33	116.0
4dc2	4dc2_A	3ag9	3ag9__chain0	39.0	86.0	87.5	287	329	319	4.4299999999999996e-69	212.0
4de3	4de3_B	3g2z	3g2z__chain0	100.0	100.0	99.6	261	261	262	4.1600000000000005e-185	502.0
4dfx	4dfx_E	1q8t	1q8t__chain0	97.1	97.1	99.7	340	350	341	1.2e-249	672.0
4dg0	4dg0_E	1q8t	1q8t__chain0	97.1	99.7	99.7	340	341	341	1.18e-249	672.0
4dg3	4dg3_E	1q8t	1q8t__chain0	96.7	100.0	98.8	337	337	341	7.910000000000001e-247	664.0
4dh7	4dh7_A	1ydr	1ydr__chain0	97.0	100.0	100.0	336	336	336	3.12e-247	665.0
4dh8	4dh8_A	1ydr	1ydr__chain0	97.0	100.0	100.0	336	336	336	3.12e-247	665.0
4dit	4dit_A	2fvd	2fvd__chain0	33.7	81.5	97.2	288	329	284	7.9800000000000005e-50	161.0
4dmn	4dmn_A	3ao4	3ao4__chain0	95.0	97.2	100.0	141	145	139	4.79e-96	267.0
4don	4don_A	3p5o	3p5o__chain0	100.0	100.0	97.6	124	124	127	3.18e-95	263.0
4dqb	4dqb_A	3o9i	3o9i__chain0	96.0	100.0	100.0	99	99	99	3.23e-69	196.0
4dqc	4dqc_A	3o9i	3o9i__chain0	93.9	100.0	100.0	99	99	99	2.1899999999999998e-67	191.0
4dqe	4dqe_A	3o9i	3o9i__chain0	93.9	100.0	100.0	99	99	99	2.1899999999999998e-67	191.0
4dqf	4dqf_B	3o9i	3o9i__chain0	93.9	100.0	100.0	99	99	99	1.0799999999999999e-67	192.0
4dqh	4dqh_A	3o9i	3o9i__chain0	93.9	100.0	100.0	99	99	99	1.27e-66	189.0
4dz7	4dz7_A	4jsz	4jsz__chain0	99.6	100.0	100.0	257	257	257	3.93e-199	537.0
4dz9	4dz9_A	4jsz	4jsz__chain0	99.6	100.0	100.0	257	257	257	3.93e-199	537.0
4e2j	4e2j_B	3b5r	3b5r__chain0	54.7	99.6	100.0	247	247	247	1.72e-93	269.0
4e2v	4e2v_A	3rr4	3rr4__chain0	98.1	99.7	100.0	368	364	368	5.99e-267	717.0
4e3l	4e3l_A	2r9w	2r9w__chain0	100.0	100.0	100.0	358	358	358	7.68e-275	737.0
4e3m	4e3m_A	2r9w	2r9w__chain0	100.0	100.0	100.0	358	358	358	7.68e-275	737.0
4e4m	4e4m_A	4jia	4jia__chain0	99.3	100.0	99.3	298	298	300	2.7e-227	612.0
4e73	4e73_A	4f9w	4f9w__chain0	49.2	99.4	97.3	331	318	336	8.7099999999999995e-106	306.0
4ea0	4ea0_A	3acw	3acw__chain0	100.0	100.0	100.0	284	284	284	3.36e-209	565.0
4ea2	4ea2_A	2zy1	2zy1__chain0	99.3	100.0	100.0	281	281	279	1.26e-202	548.0
4eaw	4eaw_A	3gnw	3gnw__chain0	99.8	100.0	99.8	559	559	560	0.0	1126.0
4ejd	4ejd_A	1eby	1eby__chain0	99.0	100.0	100.0	99	99	99	3.48e-73	206.0
4ejk	4ejk_A	1eby	1eby__chain0	99.0	100.0	100.0	99	99	99	3.48e-73	206.0
4ek4	4ek4_A	1pxn	1pxn__chain0	98.3	100.0	99.3	292	287	294	2.96e-213	575.0
4ek5	4ek5_A	1pxn	1pxn__chain0	98.3	100.0	100.0	294	289	294	6.760000000000001e-215	580.0
4ek6	4ek6_A	2fvd	2fvd__chain0	95.1	100.0	100.0	286	278	284	1.76e-198	537.0
4ek7	4ek7_A	2wbg	2wbg__chain0	41.1	97.2	97.5	465	470	443	1.68e-113	335.0
4ek8	4ek8_A	1pxn	1pxn__chain0	95.6	100.0	100.0	294	281	294	8e-205	554.0
4ekk	4ekk_A	3ag9	3ag9__chain0	45.2	88.7	87.5	283	319	319	1.8500000000000002e-85	254.0
4ekl	4ekl_A	3ag9	3ag9__chain0	45.2	85.8	87.5	283	330	319	2.69e-85	254.0
4em9	4em9_A	3b1m	3b1m__chain0	99.6	100.0	99.6	259	259	260	9.800000000000001e-183	496.0
4ema	4ema_A	3fur	3fur__chain0	99.2	100.0	99.6	256	256	256	1.98e-178	484.0
4equ	4equ_A	4eor	4eor__chain0	31.9	87.2	93.2	279	274	294	1.4899999999999998e-30	109.0
4euz	4euz_A	4de2	4de2__chain0	52.0	94.8	97.7	256	269	260	7.39e-89	258.0
4ewq	4ewq_A	3e92	3e92__chain0	98.8	99.7	99.4	347	347	349	6.900000000000001e-257	691.0
4exh	4exh_B	1g2k	1g2k__chain0	30.4	82.1	91.9	92	112	99	4.58e-09	43.9
4ey5	4ey5_A	1gpk	1gpk__chain0	58.5	99.6	99.8	530	530	529	4.33e-240	663.0
4ey6	4ey6_A	1gpk	1gpk__chain0	58.5	99.6	99.8	530	530	529	4.33e-240	663.0
4ey7	4ey7_A	1gpk	1gpk__chain0	58.5	99.6	99.8	530	530	529	4.33e-240	663.0
4ez7	4ez7_A	2xnb	2xnb__chain0	99.3	98.7	100.0	298	302	296	1.99e-220	594.0
4f1t	4f1t_A	3e5a	3e5a__chain0	30.2	92.6	90.9	258	269	265	2.6900000000000003e-31	110.0
4f1w	4f1w_B	4f2w	4f2w__chain1	100.0	99.1	97.9	232	234	237	7.739999999999999e-168	456.0
4f22	4f22_A	1syi	1syi__chain0	88.8	100.0	99.6	258	258	259	1.8000000000000002e-173	472.0
4f29	4f29_A	1syi	1syi__chain0	89.1	100.0	99.6	258	258	259	2.19e-174	474.0
4f2o	4f2o_A	1syi	1syi__chain0	90.3	100.0	99.6	258	258	259	1.88e-175	477.0
4f2p	4f2p_B	4f2w	4f2w__chain1	100.0	99.2	100.0	237	239	237	1.0299999999999999e-171	466.0
4f2q	4f2q_A	1syi	1syi__chain0	90.3	100.0	99.6	258	258	259	1.88e-175	477.0
4f31	4f31_B	1syi	1syi__chain0	90.3	100.0	99.6	258	258	259	1.88e-175	477.0
4f3b	4f3b_A	1syi	1syi__chain0	90.3	99.6	99.6	258	259	259	2.78e-175	477.0
4f3g	4f3g_A	1syi	1syi__chain0	89.1	100.0	99.6	258	258	259	2.19e-174	474.0
4f66	4f66_A	2j78	2j78__chain0	31.9	99.2	99.3	486	478	443	3.55e-64	208.0
4f74	4f74_A	3o9i	3o9i__chain0	99.0	100.0	100.0	99	99	99	6.01e-74	207.0
4f75	4f75_A	3o9i	3o9i__chain0	99.0	100.0	100.0	99	99	99	6.01e-74	207.0
4f79	4f79_A	2j78	2j78__chain0	31.7	99.2	99.3	486	478	443	9.730000000000001e-64	207.0
4f9m	4f9m_A	3b1m	3b1m__chain0	99.2	100.0	99.6	261	261	260	8.73e-182	493.0
4fa2	4fa2_A	4f9w	4f9w__chain0	99.7	99.4	100.0	337	339	336	1.6300000000000002e-252	679.0
4fat	4fat_A	2al5	2al5__chain0	98.5	98.5	100.0	260	264	260	3.48e-191	517.0
4fcp	4fcp_A	3b27	3b27__chain0	100.0	100.0	96.7	208	208	215	3.27e-148	404.0
4fd8	4fd8_A	4de2	4de2__chain0	41.0	94.0	95.0	249	265	260	1.59e-60	186.0
4feq	4feq_A	3mss	3mss__chain0	40.9	92.9	89.4	237	224	264	2.08e-53	166.0
4fh2	4fh2_A	4de2	4de2__chain0	41.0	94.0	95.0	249	265	260	1.59e-60	186.0
4fh4	4fh4_A	4de2	4de2__chain0	41.4	94.0	95.0	249	265	260	5.63e-61	187.0
4fie	4fie_A	2br1	2br1__chain0	31.3	80.4	89.7	249	301	272	9.460000000000001e-26	97.1
4fif	4fif_B	2br1	2br1__chain0	31.3	82.6	89.7	249	293	272	8.09e-26	97.1
4fig	4fig_A	2br1	2br1__chain0	31.3	82.6	89.7	249	293	272	8.09e-26	97.1
4fii	4fii_A	2br1	2br1__chain0	31.3	82.9	89.7	249	292	272	7.93e-26	97.1
4fk3	4fk3_B	3k5v	3k5v__chain0	31.5	99.6	93.0	276	257	286	6.900000000000001e-35	120.0
4fkg	4fkg_A	1pxn	1pxn__chain0	97.3	100.0	100.0	294	286	294	2.2400000000000002e-210	568.0
4fki	4fki_A	1pxn	1pxn__chain0	97.6	100.0	100.0	294	287	294	5.74e-211	570.0
4fkj	4fkj_A	1pxn	1pxn__chain0	94.6	100.0	100.0	294	278	294	3.93e-202	547.0
4fkl	4fkl_A	1pxn	1pxn__chain0	99.0	100.0	100.0	294	291	294	4.42e-216	583.0
4fko	4fko_A	1pxn	1pxn__chain0	98.6	100.0	100.0	294	291	294	1.27e-215	582.0
4fkp	4fkp_A	1pxn	1pxn__chain0	95.2	100.0	100.0	294	280	294	4.44e-204	552.0
4fkq	4fkq_A	4eor	4eor__chain0	96.2	99.6	99.7	293	283	294	2.1299999999999997e-205	555.0
4fkr	4fkr_A	4eor	4eor__chain0	95.9	99.6	99.7	293	282	294	5.86e-205	554.0
4fks	4fks_A	2fvd	2fvd__chain0	94.4	100.0	99.3	285	275	284	3.01e-196	531.0
4fkt	4fkt_A	1pxn	1pxn__chain0	95.2	100.0	99.3	292	278	294	1.37e-202	548.0
4fku	4fku_A	1pxn	1pxn__chain0	99.3	100.0	100.0	294	293	294	1.43e-217	587.0
4fkv	4fkv_A	4eor	4eor__chain0	95.9	99.6	99.7	293	282	294	4.13e-205	555.0
4fkw	4fkw_A	4eor	4eor__chain0	95.2	99.6	99.7	293	280	294	1.81e-203	550.0
4fl7	4fl7_A	4jsz	4jsz__chain0	99.6	100.0	100.0	257	257	257	3.93e-199	537.0
4flg	4flg_A	1g2k	1g2k__chain0	93.9	100.0	100.0	99	99	99	6.53e-69	195.0
4fm6	4fm6_B	1g2k	1g2k__chain0	93.9	100.0	100.0	99	99	99	6.53e-69	195.0
4fn9	4fn9_B	3b5r	3b5r__chain0	62.3	99.2	100.0	247	249	247	1.71e-108	307.0
4fne	4fne_A	3b5r	3b5r__chain0	62.2	99.2	99.6	246	248	247	7.71e-107	303.0
4fps	4fps_A	1s38	1s38__chain0	99.2	100.0	100.0	365	363	364	7.03e-267	717.0
4fpt	4fpt_A	4jsz	4jsz__chain0	99.6	100.0	100.0	257	257	257	3.93e-199	537.0
4fr4	4fr4_A	1ydr	1ydr__chain0	33.4	80.9	83.0	290	350	336	3.9599999999999995e-61	193.0
4frc	4frc_A	4jsz	4jsz__chain0	99.6	100.0	100.0	257	257	257	3.93e-199	537.0
4frr	4frr_J	2wn9	2wn9__chain2	100.0	100.0	100.0	214	214	214	6.520000000000001e-163	442.0
4fsm	4fsm_A	3jvs	3jvs__chain0	98.4	97.0	99.6	258	265	256	7.38e-190	514.0
4fsn	4fsn_A	1nvq	1nvq__chain0	99.2	97.0	99.6	263	270	264	5.2000000000000004e-200	540.0
4fsq	4fsq_A	3jvs	3jvs__chain0	98.1	97.0	99.6	257	263	256	1.9499999999999997e-189	513.0
4fsr	4fsr_A	1nvq	1nvq__chain0	99.2	97.4	100.0	264	269	264	1.7400000000000002e-200	541.0
4fst	4fst_A	3jvs	3jvs__chain0	98.4	100.0	98.8	255	254	256	9.52e-190	513.0
4fsu	4fsu_A	1nvq	1nvq__chain0	98.9	100.0	98.9	261	260	264	1.3499999999999998e-197	533.0
4fsw	4fsw_A	1nvq	1nvq__chain0	98.1	97.4	100.0	264	266	264	5.7899999999999995e-196	530.0
4fsy	4fsy_A	1nvq	1nvq__chain0	98.1	97.4	100.0	264	268	264	2.19e-196	531.0
4fsz	4fsz_A	1nvq	1nvq__chain0	98.9	97.4	100.0	265	270	264	2.47e-198	536.0
4ft0	4ft0_A	1nvq	1nvq__chain0	99.2	98.1	99.2	262	266	264	2.56e-199	538.0
4ft3	4ft3_A	1nvq	1nvq__chain0	99.6	97.1	100.0	264	272	264	1.76e-203	549.0
4ft5	4ft5_A	3jvr	3jvr__chain0	98.5	97.0	99.6	259	265	258	1.95e-190	515.0
4ft7	4ft7_A	1nvq	1nvq__chain0	99.6	97.4	100.0	264	270	264	2.21e-201	543.0
4ft9	4ft9_A	1nvq	1nvq__chain0	98.9	97.0	100.0	264	270	264	5.2000000000000004e-200	540.0
4fta	4fta_A	3jvs	3jvs__chain0	98.4	97.0	99.6	258	265	256	7.38e-190	514.0
4ftc	4ftc_A	3jvr	3jvr__chain0	98.5	97.0	100.0	260	267	258	7.69e-193	521.0
4fti	4fti_A	1nvq	1nvq__chain0	99.6	97.8	100.0	264	270	264	8.02e-204	550.0
4ftk	4ftk_A	3jvs	3jvs__chain0	98.4	97.0	99.6	257	263	256	5.59e-189	511.0
4ftl	4ftl_A	3jvs	3jvs__chain0	98.4	97.0	99.6	257	263	256	5.59e-189	511.0
4ftm	4ftm_A	3jvs	3jvs__chain0	98.4	97.0	99.6	257	263	256	5.59e-189	511.0
4ftn	4ftn_A	3jvs	3jvs__chain0	98.4	100.0	99.2	256	254	256	1.5799999999999998e-188	510.0
4fto	4fto_A	3jvs	3jvs__chain0	98.4	100.0	99.2	254	252	256	1.52e-190	515.0
4ftr	4ftr_A	1nvq	1nvq__chain0	98.1	100.0	99.2	262	258	264	3.4300000000000005e-195	527.0
4ftt	4ftt_A	3jvs	3jvs__chain0	98.8	97.0	99.6	258	266	256	6.86e-193	521.0
4ftu	4ftu_A	1nvq	1nvq__chain0	99.6	97.4	100.0	264	270	264	2.21e-201	543.0
4fu5	4fu5_A	4jsz	4jsz__chain0	99.6	100.0	100.0	257	257	257	3.93e-199	537.0
4fu7	4fu7_A	1owh	1owh__chain0	99.2	99.6	100.0	245	246	245	4.09e-193	521.0
4fu8	4fu8_A	1owh	1owh__chain0	99.2	99.6	100.0	245	246	245	4.09e-193	521.0
4fu9	4fu9_A	1owh	1owh__chain0	99.2	99.6	100.0	245	246	245	4.09e-193	521.0
4fub	4fub_A	1owh	1owh__chain0	99.2	99.6	100.0	245	246	245	4.09e-193	521.0
4fuc	4fuc_A	1owh	1owh__chain0	99.2	99.6	100.0	245	246	245	4.09e-193	521.0
4fud	4fud_A	1owh	1owh__chain0	99.2	99.6	100.0	245	246	245	4.09e-193	521.0
4fue	4fue_A	1owh	1owh__chain0	99.2	99.6	100.0	245	246	245	4.09e-193	521.0
4fuf	4fuf_A	1owh	1owh__chain0	99.2	99.6	100.0	245	246	245	4.09e-193	521.0
4fug	4fug_A	1owh	1owh__chain0	99.2	99.6	100.0	245	246	245	4.09e-193	521.0
4fuh	4fuh_A	1owh	1owh__chain0	99.2	99.6	100.0	245	246	245	4.09e-193	521.0
4fui	4fui_A	1owh	1owh__chain0	99.2	99.6	100.0	245	246	245	4.09e-193	521.0
4fuj	4fuj_A	1owh	1owh__chain0	99.2	99.6	100.0	245	246	245	4.09e-193	521.0
4fux	4fux_A	3e92	3e92__chain0	48.2	97.7	95.4	340	343	349	6.16e-108	313.0
4fuy	4fuy_A	3e92	3e92__chain0	47.5	98.2	95.4	341	332	349	5.0399999999999993e-104	303.0
4fv0	4fv0_A	3e92	3e92__chain0	48.2	97.4	95.4	340	344	349	6.39e-108	313.0
4fv1	4fv1_A	3e92	3e92__chain0	48.4	98.0	95.4	341	343	349	2e-106	309.0
4fv2	4fv2_A	3e92	3e92__chain0	48.7	97.7	95.4	341	345	349	2.33e-108	314.0
4fv3	4fv3_A	3e92	3e92__chain0	48.4	97.7	95.4	341	347	349	1.25e-108	315.0
4fv4	4fv4_A	4f9w	4f9w__chain0	47.7	97.0	95.8	329	330	336	6.53e-101	294.0
4fv5	4fv5_A	4f9w	4f9w__chain0	48.9	97.0	95.8	327	331	336	2.79e-105	305.0
4fv6	4fv6_A	4f9w	4f9w__chain0	49.2	97.0	95.8	327	332	336	6.26e-107	310.0
4fv7	4fv7_A	3e92	3e92__chain0	48.2	97.4	95.4	340	344	349	6.39e-108	313.0
4fv8	4fv8_A	4f9w	4f9w__chain0	49.1	96.7	95.8	328	334	336	4.75e-107	310.0
4fv9	4fv9_A	4f9w	4f9w__chain0	48.9	96.7	95.8	327	332	336	1.02e-105	306.0
4fvn	4fvn_A	4jsz	4jsz__chain0	99.6	100.0	100.0	257	257	257	3.93e-199	537.0
4fvo	4fvo_A	4jsz	4jsz__chain0	99.6	100.0	100.0	257	257	257	3.93e-199	537.0
4fx3	4fx3_D	4eor	4eor__chain1	100.0	99.6	100.0	257	258	257	4.23e-192	519.0
4fy0	4fy0_A	3f3c	3f3c__chain0	99.6	99.8	98.8	503	503	509	0.0	981.0
4fyn	4fyn_A	3pyy	3pyy__chain0	41.9	92.9	94.0	253	267	265	4.27e-65	198.0
4fz7	4fz7_A	3pyy	3pyy__chain0	42.9	87.9	88.7	238	265	265	3.6100000000000003e-63	193.0
4fzf	4fzf_B	3uo4	3uo4__chain0	31.2	88.9	93.2	260	279	266	1.47e-35	122.0
4g1w	4g1w_A	4f9w	4f9w__chain0	50.6	99.4	97.3	332	322	336	3.54e-106	307.0
4g41	4g41_A	4f3c	4f3c__chain0	42.4	97.0	99.6	229	236	230	6.29e-59	180.0
4g5j	4g5j_A	3mss	3mss__chain0	40.8	76.9	88.6	240	307	264	1.21e-57	180.0
4g6o	4g6o_A	2zb1	2zb1__chain0	48.5	97.7	95.7	338	341	345	1.64e-106	309.0
4g7a	4g7a_A	4jsz	4jsz__chain0	32.8	97.3	93.4	244	224	257	1.26e-32	112.0
4g89	4g89_A	4f3c	4f3c__chain0	90.4	98.7	100.0	230	233	230	2.78e-150	411.0
4g9r	4g9r_B	4hge	4hge__chain0	30.5	92.7	93.7	282	261	286	7.240000000000001e-27	99.4
4gb2	4gb2_A	1g2k	1g2k__chain0	97.0	100.0	100.0	99	99	99	2.87e-72	203.0
4gcx	4gcx_A	3rr4	3rr4__chain0	97.6	99.7	100.0	371	369	368	1.73e-265	714.0
4gd8	4gd8_A	4de2	4de2__chain0	41.4	94.0	95.0	249	265	260	5.63e-61	187.0
4gdb	4gdb_A	4de2	4de2__chain0	41.4	94.0	95.0	249	265	260	5.63e-61	187.0
4ge2	4ge2_B	1bzc	1bzc__chain0	40.3	88.2	87.5	268	296	297	7.15e-62	192.0
4ge5	4ge5_A	1bzc	1bzc__chain0	40.3	87.6	87.5	268	298	297	7.62e-62	192.0
4gfg	4gfg_A	3k5v	3k5v__chain0	41.8	93.1	88.1	261	277	286	1.24e-66	203.0
4gfv	4gfv_B	1bzc	1bzc__chain0	37.7	81.3	79.8	244	288	297	5.34e-45	148.0
4gg9	4gg9_A	3ge7	3ge7__chain0	98.9	100.0	99.7	358	354	359	1.02e-260	701.0
4gh2	4gh2_A	1nvq	1nvq__chain0	98.9	97.4	100.0	264	268	264	2.78e-199	538.0
4ghr	4ghr_A	3ge7	3ge7__chain0	98.6	100.0	99.7	358	354	359	1.69e-259	698.0
4giy	4giy_A	1r5y	1r5y__chain0	94.5	100.0	100.0	361	344	361	5.69e-249	671.0
4gkt	4gkt_A	3ge7	3ge7__chain0	98.9	100.0	99.7	358	354	359	5.0599999999999995e-261	702.0
4gl9	4gl9_A	4hge	4hge__chain0	95.8	100.0	99.3	284	284	286	1.4700000000000002e-208	563.0
4gmi	4gmi_A	3udh	3udh__chain0	99.2	99.5	96.7	381	380	394	4.8599999999999995e-288	773.0
4gpj	4gpj_A	3p5o	3p5o__chain0	100.0	100.0	100.0	127	127	127	1.07e-96	267.0
4gub	4gub_A	4eor	4eor__chain0	31.7	89.7	98.0	303	329	294	4.01e-39	134.0
4gvm	4gvm_A	3zsx	3zsx__chain0	92.1	98.6	100.0	152	148	149	1.17e-99	276.0
4gw6	4gw6_A	3ao4	3ao4__chain0	92.3	97.2	100.0	142	144	139	6.03e-92	256.0
4h3p	4h3p_A	3e92	3e92__chain0	49.4	97.1	95.4	334	342	349	3.2e-110	319.0
4h7z	4h7z_A	3rr4	3rr4__chain0	97.6	99.7	100.0	371	368	368	8.21e-266	715.0
4h8i	4h8i_A	3gbb	3gbb__chain0	87.5	100.0	100.0	256	256	255	2.38e-172	469.0
4hbv	4hbv_A	3p5o	3p5o__chain0	100.0	100.0	100.0	127	127	127	1.07e-96	267.0
4hee	4hee_X	3u9q	3u9q__chain0	98.0	100.0	99.6	256	251	257	1.2600000000000002e-173	472.0
4hew	4hew_A	4jsz	4jsz__chain0	99.2	100.0	100.0	257	257	257	3.7699999999999995e-197	532.0
4hey	4hey_A	4jsz	4jsz__chain0	99.2	100.0	100.0	257	257	257	3.7699999999999995e-197	532.0
4hez	4hez_A	4jsz	4jsz__chain0	99.2	100.0	100.0	257	257	257	3.7699999999999995e-197	532.0
4hjo	4hjo_A	3mss	3mss__chain0	39.9	93.9	95.8	263	278	264	9.56e-64	195.0
4hpu	4hpu_E	1q8t	1q8t__chain0	97.1	100.0	99.4	339	339	341	4.4399999999999997e-249	670.0
4hxn	4hxn_A	3p5o	3p5o__chain0	100.0	100.0	98.4	125	125	127	5.73e-96	265.0
4hxo	4hxo_A	3p5o	3p5o__chain0	100.0	100.0	98.4	125	125	127	5.73e-96	265.0
4hy6	4hy6_A	2xdl	2xdl__chain0	100.0	100.0	100.0	208	208	208	1.0399999999999999e-147	403.0
4hz7	4hz7_A	2cet	2cet__chain0	49.7	100.0	99.8	443	441	435	3.1300000000000004e-157	446.0
4hz8	4hz8_A	2cet	2cet__chain0	49.4	100.0	99.3	441	439	435	1.3500000000000001e-155	441.0
4i0e	4i0e_A	3udh	3udh__chain0	99.0	99.2	100.0	394	393	394	5.87e-297	796.0
4i0g	4i0g_A	3udh	3udh__chain0	99.0	99.2	100.0	394	393	394	5.87e-297	796.0
4i0h	4i0h_A	3udh	3udh__chain0	97.6	99.7	96.7	381	374	394	2.76e-281	755.0
4i0i	4i0i_B	3udh	3udh__chain0	97.4	99.7	97.0	382	376	394	5.17e-282	757.0
4i0j	4i0j_A	3udh	3udh__chain0	97.7	99.2	100.0	394	388	394	6.01e-291	780.0
4i22	4i22_A	3mss	3mss__chain0	37.7	83.2	95.8	260	297	264	4.98e-57	178.0
4i41	4i41_A	3jya	3jya__chain0	100.0	100.0	99.6	273	273	274	7.66e-212	570.0
4iaa	4iaa_A	3jya	3jya__chain0	100.0	100.0	99.6	273	273	274	7.66e-212	570.0
4iac	4iac_A	1ydr	1ydr__chain0	97.0	100.0	100.0	336	336	336	3.12e-247	665.0
4iba	4iba_A	3uew	3uew__chain0	100.0	99.4	100.0	156	157	156	4.05e-113	311.0
4ic7	4ic7_D	3e92	3e92__chain0	45.9	96.3	94.6	340	353	349	1.1100000000000001e-100	295.0
4id1	4id1_A	3ao4	3ao4__chain0	93.6	97.9	100.0	141	142	139	1.36e-92	258.0
4id7	4id7_A	3pyy	3pyy__chain0	42.1	94.0	92.5	254	268	265	7.07e-64	195.0
4ie9	4ie9_A	1q8t	1q8t__chain0	99.4	100.0	98.8	337	337	341	1.33e-254	684.0
4ieb	4ieb_A	2wtv	2wtv__chain0	38.2	53.0	93.2	254	472	264	4.3299999999999996e-52	171.0
4ifg	4ifg_A	2wtv	2wtv__chain0	38.0	56.2	93.2	255	452	264	5.5199999999999996e-52	170.0
4ihp	4ihp_A	2wtv	2wtv__chain0	38.0	55.9	93.2	255	454	264	5.7699999999999996e-52	170.0
4iir	4iir_A	2fvd	2fvd__chain0	32.4	83.1	85.6	272	326	284	1.43e-28	105.0
4ij9	4ij9_A	1q8t	1q8t__chain0	99.4	100.0	98.8	337	337	341	1.33e-254	684.0
4ilx	4ilx_A	4jsz	4jsz__chain0	99.6	100.0	100.0	257	257	257	3.93e-199	537.0
4ioo	4ioo_A	3p5o	3p5o__chain0	100.0	100.0	99.2	126	126	127	2.08e-96	266.0
4ioq	4ioq_A	3p5o	3p5o__chain0	100.0	100.0	99.2	126	126	127	2.08e-96	266.0
4ipe	4ipe_A	2yki	2yki__chain0	48.8	33.2	96.1	201	588	207	5.97e-56	181.0
4ir4	4ir4_A	3p5o	3p5o__chain0	35.8	89.7	83.5	106	116	127	1.57e-17	66.6
4ito	4ito_A	4jsz	4jsz__chain0	99.6	100.0	100.0	257	257	257	3.93e-199	537.0
4iu7	4iu7_A	4mgd	4mgd__chain1	99.1	100.0	99.6	235	235	236	1.34e-168	458.0
4iui	4iui_A	2qe4	2qe4__chain0	94.2	92.9	100.0	207	211	207	1.9e-130	359.0
4iv2	4iv2_B	2p15	2p15__chain1	98.3	99.6	99.2	240	238	242	2.2e-167	455.0
4iv4	4iv4_A	2qe4	2qe4__chain0	97.6	91.3	100.0	209	229	207	7.18e-142	389.0
4ivg	4ivg_A	2yki	2yki__chain0	47.3	40.7	96.1	203	477	207	2.1799999999999998e-54	175.0
4ivw	4ivw_B	2p15	2p15__chain1	98.3	99.2	99.2	240	238	242	1.0900000000000001e-167	456.0
4ivy	4ivy_A	4mgd	4mgd__chain1	96.6	100.0	99.6	235	229	236	4.2399999999999996e-159	434.0
4iw6	4iw6_A	4mgd	4mgd__chain1	98.3	100.0	99.6	235	233	236	8.03e-165	448.0
4iw8	4iw8_A	2p15	2p15__chain1	99.2	99.6	99.2	240	239	242	1.02e-170	464.0
4iwc	4iwc_B	2p15	2p15__chain1	98.3	99.6	99.6	242	240	242	2.05e-168	458.0
4iwf	4iwf_A	4mgd	4mgd__chain1	98.3	100.0	99.2	236	236	236	1.1e-165	451.0
4iy5	4iy5_A	2al5	2al5__chain0	99.2	98.5	100.0	260	264	260	4.24e-192	520.0
4iy6	4iy6_A	2al5	2al5__chain0	99.2	98.5	100.0	260	264	260	4.24e-192	520.0
4j02	4j02_A	3gnw	3gnw__chain0	99.8	100.0	100.0	560	559	560	0.0	1122.0
4j06	4j06_A	3gnw	3gnw__chain0	99.8	100.0	100.0	560	559	560	0.0	1122.0
4j1p	4j1p_A	3p5o	3p5o__chain0	42.6	94.7	83.5	108	114	127	4.1899999999999995e-28	93.6
4j1r	4j1r_A	2fvd	2fvd__chain0	34.1	83.7	97.2	293	344	284	2.5899999999999997e-52	168.0
4j1z	4j1z_A	4j21	4j21__chain0	100.0	100.0	100.0	209	209	209	4.26e-161	437.0
4j54	4j54_A	3o9i	3o9i__chain0	78.8	100.0	100.0	99	99	99	8.270000000000001e-63	179.0
4j55	4j55_A	3o9i	3o9i__chain0	78.8	100.0	100.0	99	99	99	8.270000000000001e-63	179.0
4j5j	4j5j_A	3o9i	3o9i__chain0	78.8	100.0	100.0	99	99	99	8.270000000000001e-63	179.0
4j60	4j60_A	1o0h	1o0h__chain0	100.0	100.0	100.0	124	124	124	4.43e-90	250.0
4j61	4j61_A	1o0h	1o0h__chain0	100.0	100.0	100.0	124	124	124	4.43e-90	250.0
4j62	4j62_A	1o0h	1o0h__chain0	100.0	100.0	100.0	124	124	124	4.43e-90	250.0
4j63	4j63_A	1o0h	1o0h__chain0	100.0	100.0	100.0	124	124	124	4.43e-90	250.0
4j69	4j69_A	1o0h	1o0h__chain0	100.0	100.0	100.0	124	124	124	4.43e-90	250.0
4j71	4j71_A	2fvd	2fvd__chain0	33.7	83.9	97.2	297	348	284	1.23e-50	164.0
4j95	4j95_A	3k5v	3k5v__chain0	42.7	93.9	89.2	267	279	286	8.07e-71	214.0
4j96	4j96_A	3k5v	3k5v__chain0	41.5	91.7	89.2	277	302	286	8.73e-71	214.0
4j97	4j97_C	3pyy	3pyy__chain0	42.2	94.0	95.1	268	283	265	2.22e-69	209.0
4j99	4j99_A	3k5v	3k5v__chain0	42.6	95.0	90.6	270	280	286	4.17e-71	214.0
4jbq	4jbq_A	3myg	3myg__chain0	99.2	98.8	100.0	254	257	252	2.19e-188	509.0
4jbv	4jbv_A	2wtv	2wtv__chain0	38.0	55.5	93.2	255	458	264	4.4899999999999995e-52	170.0
4jfu	4jfu_B	2wvt	2wvt__chain1	100.0	100.0	100.0	439	439	439	0.0	931.0
4jfv	4jfv_A	2wvt	2wvt__chain1	100.0	100.0	100.0	439	439	439	0.0	931.0
4jfw	4jfw_A	2wvt	2wvt__chain1	100.0	100.0	100.0	439	439	439	0.0	931.0
4ji9	4ji9_B	4hge	4hge__chain0	99.3	98.6	100.0	286	290	286	9.43e-218	587.0
4jie	4jie_A	2j7h	2j7h__chain0	42.5	95.5	98.4	463	484	438	3.51e-118	348.0
4jl1	4jl1_A	2wvt	2wvt__chain1	100.0	100.0	100.0	439	439	439	0.0	931.0
4jl2	4jl2_B	2wvt	2wvt__chain1	99.8	100.0	100.0	439	439	439	0.0	930.0
4jlh	4jlh_A	3ao4	3ao4__chain0	93.5	97.9	100.0	139	140	139	6.2299999999999996e-93	259.0
4jos	4jos_A	4f3c	4f3c__chain0	36.8	99.1	99.1	228	228	230	4.65e-48	152.0
4jpm	4jpm_A	4de2	4de2__chain0	41.4	94.0	95.0	249	265	260	5.63e-61	187.0
4jr7	4jr7_A	2fvd	2fvd__chain0	31.9	65.9	82.0	248	367	284	1.57e-29	108.0
4jtw	4jtw_A	3gnw	3gnw__chain0	100.0	100.0	100.0	560	560	560	0.0	1130.0
4jty	4jty_A	3gnw	3gnw__chain0	100.0	100.0	100.0	560	560	560	0.0	1130.0
4jtz	4jtz_A	3gnw	3gnw__chain0	100.0	100.0	100.0	560	560	560	0.0	1130.0
4ju1	4ju1_A	3gnw	3gnw__chain0	100.0	100.0	100.0	560	560	560	0.0	1130.0
4ju2	4ju2_A	3gnw	3gnw__chain0	100.0	100.0	100.0	560	560	560	0.0	1130.0
4ju4	4ju4_A	3gnw	3gnw__chain0	99.8	100.0	100.0	560	559	560	0.0	1122.0
4jvg	4jvg_A	3k5v	3k5v__chain0	31.7	100.0	93.7	281	262	286	2.05e-35	122.0
4jwt	4jwt_A	1nc1	1nc1__chain0	36.5	93.5	98.3	230	245	234	1.4199999999999998e-46	149.0
4jwx	4jwx_A	1syi	1syi__chain0	32.6	78.2	85.3	233	280	259	6.0300000000000005e-31	110.0
4jwy	4jwy_A	1syi	1syi__chain0	31.5	81.8	85.7	232	269	259	1.09e-33	117.0
4jxf	4jxf_A	3myg	3myg__chain0	35.9	97.4	96.8	245	235	252	6.08e-50	157.0
4jxw	4jxw_A	2r9w	2r9w__chain0	100.0	100.0	100.0	358	358	358	7.68e-275	737.0
4jy0	4jy0_A	3gnw	3gnw__chain0	99.8	100.0	100.0	560	559	560	0.0	1122.0
4jy1	4jy1_A	3gnw	3gnw__chain0	99.8	100.0	100.0	560	559	560	0.0	1122.0
4k0s	4k0s_A	4jsz	4jsz__chain0	97.7	100.0	100.0	257	257	257	5.14e-195	526.0
4k0t	4k0t_A	4jsz	4jsz__chain0	97.7	100.0	100.0	257	257	257	5.14e-195	526.0
4k0z	4k0z_A	4jsz	4jsz__chain0	97.7	99.6	100.0	257	258	257	7.610000000000001e-195	526.0
4k11	4k11_A	3k5v	3k5v__chain0	48.3	58.7	92.3	265	448	286	8.939999999999999e-83	250.0
4k13	4k13_A	4jsz	4jsz__chain0	97.7	100.0	100.0	257	257	257	5.14e-195	526.0
4k2r	4k2r_A	3qgy	3qgy__chain0	39.5	41.2	90.6	228	551	245	2.36e-46	156.0
4k33	4k33_A	3k5v	3k5v__chain0	40.1	94.5	89.2	277	293	286	6.6e-68	207.0
4k4q	4k4q_A	1eby	1eby__chain0	98.0	100.0	100.0	99	99	99	4.77e-71	200.0
4k4r	4k4r_A	1eby	1eby__chain0	98.0	100.0	100.0	99	99	99	4.77e-71	200.0
4k60	4k60_A	1k1i	1k1i__chain0	36.2	100.0	100.0	229	219	223	7.1500000000000004e-43	138.0
4k69	4k69_A	1k1i	1k1i__chain0	36.5	100.0	100.0	230	215	223	1.77e-42	137.0
4k7a	4k7a_A	1z95	1z95__chain0	98.7	98.8	100.0	239	242	238	1.79e-173	471.0
4kai	4kai_A	4ih5	4ih5__chain0	97.8	99.5	99.8	557	552	557	0.0	1093.0
4kap	4kap_A	4jsz	4jsz__chain0	99.2	99.6	100.0	257	258	257	3.36e-198	535.0
4kb7	4kb7_B	4ih5	4ih5__chain0	97.0	99.8	99.8	558	548	557	0.0	1079.0
4kbi	4kbi_B	4ih5	4ih5__chain0	96.8	99.8	99.8	557	545	557	0.0	1077.0
4kd1	4kd1_A	2xnb	2xnb__chain0	99.3	100.0	100.0	298	298	296	1.6899999999999999e-220	594.0
4ke5	4ke5_A	4ih5	4ih5__chain0	97.1	99.6	99.8	557	548	557	0.0	1080.0
4khm	4khm_A	4eo8	4eo8__chain0	88.2	99.6	99.6	560	562	557	0.0	1010.0
4khr	4khr_A	4eo8	4eo8__chain0	88.2	99.6	99.6	560	562	557	0.0	1012.0
4ki7	4ki7_X	3n86	3n86__chain9	100.0	95.3	100.0	143	150	143	1.26e-100	279.0
4kii	4kii_A	3uew	3uew__chain0	98.7	100.0	100.0	156	156	156	1.85e-111	307.0
4kkh	4kkh_A	3e92	3e92__chain0	48.3	99.1	97.1	352	351	349	8.62e-105	305.0
4krc	4krc_A	2xnb	2xnb__chain0	56.7	97.3	95.6	289	297	296	4.54e-118	335.0
4ks7	4ks7_A	2fvd	2fvd__chain0	32.4	88.2	95.1	290	287	284	1.72e-28	104.0
4ks8	4ks8_A	2fvd	2fvd__chain0	32.4	88.2	95.1	290	287	284	1.72e-28	104.0
4kuv	4kuv_A	4jsz	4jsz__chain0	99.6	100.0	99.6	256	256	257	6.25e-198	534.0
4kuw	4kuw_A	4jsz	4jsz__chain0	99.6	100.0	100.0	257	257	257	3.93e-199	537.0
4kuy	4kuy_A	4jsz	4jsz__chain0	99.6	100.0	100.0	257	257	257	3.93e-199	537.0
4kv0	4kv0_A	4jsz	4jsz__chain0	99.6	100.0	100.0	257	257	257	3.93e-199	537.0
4kv4	4kv4_A	3p5o	3p5o__chain0	46.5	89.2	75.6	99	111	127	3.47e-26	88.6
4kz9	4kz9_B	2r9w	2r9w__chain0	100.0	100.0	100.0	358	358	358	7.68e-275	737.0
4l0m	4l0m_A	4f3c	4f3c__chain0	39.7	97.9	97.0	232	237	230	1.55e-51	161.0
4l17	4l17_A	2al5	2al5__chain0	99.2	100.0	99.6	259	259	260	4.0399999999999995e-191	517.0
4l3j	4l3j_A	1ydr	1ydr__chain0	39.9	96.6	81.5	281	291	336	4.6399999999999995e-74	224.0
4l3l	4l3l_A	1ydr	1ydr__chain0	39.9	96.6	81.5	281	291	336	4.6399999999999995e-74	224.0
4l42	4l42_A	3ag9	3ag9__chain0	39.8	93.3	85.3	279	299	319	1.47e-73	223.0
4l43	4l43_A	3ag9	3ag9__chain0	38.8	86.4	86.8	281	316	319	7.320000000000001e-73	221.0
4l44	4l44_A	3ag9	3ag9__chain0	39.6	86.6	86.5	280	321	319	9.62e-75	226.0
4l45	4l45_A	3ag9	3ag9__chain0	39.2	85.2	85.9	278	317	319	1.0700000000000001e-72	221.0
4l46	4l46_A	3ag9	3ag9__chain0	39.8	87.1	85.9	279	318	319	2.4599999999999997e-74	225.0
4l6b	4l6b_A	2v00	2v00__chain0	100.0	100.0	100.0	330	330	330	8.07e-231	623.0
4l7s	4l7s_A	3qgy	3qgy__chain0	98.8	97.6	99.6	244	250	245	1.37e-183	497.0
4l8z	4l8z_A	2xdl	2xdl__chain0	100.0	100.0	100.0	208	208	208	1.0399999999999999e-147	403.0
4l90	4l90_A	2xdl	2xdl__chain0	100.0	100.0	100.0	208	208	208	1.0399999999999999e-147	403.0
4l91	4l91_A	2xdl	2xdl__chain0	100.0	100.0	99.5	207	207	208	2.0099999999999998e-147	402.0
4l93	4l93_A	2xdl	2xdl__chain0	100.0	100.0	99.5	207	207	208	2.0099999999999998e-147	402.0
4l94	4l94_A	2xdl	2xdl__chain0	100.0	100.0	99.5	207	207	208	2.0099999999999998e-147	402.0
4l96	4l96_A	3b1m	3b1m__chain0	99.2	100.0	99.6	260	260	260	2.4e-181	492.0
4l98	4l98_B	3b1m	3b1m__chain0	99.2	100.0	99.6	259	258	260	9.02e-181	491.0
4l9i	4l9i_B	3ag9	3ag9__chain0	35.5	58.8	87.5	290	493	319	3.69e-54	178.0
4lap	4lap_A	2v00	2v00__chain0	100.0	100.0	100.0	330	330	330	8.07e-231	623.0
4lbt	4lbt_A	2v00	2v00__chain0	100.0	100.0	100.0	330	330	330	8.07e-231	623.0
4lfi	4lfi_A	2fvd	2fvd__chain0	31.9	65.4	82.0	248	370	284	1.65e-29	108.0
4lgd	4lgd_A	1pxn	1pxn__chain0	30.6	75.4	99.3	297	350	294	2.82e-32	116.0
4lhh	4lhh_A	2v00	2v00__chain0	100.0	100.0	100.0	330	330	330	8.07e-231	623.0
4lhi	4lhi_A	4jsz	4jsz__chain0	99.6	100.0	100.0	257	257	257	3.93e-199	537.0
4ll5	4ll5_A	3bgz	3bgz__chain0	99.3	100.0	99.6	268	268	268	8.57e-204	550.0
4lqp	4lqp_A	3ag9	3ag9__chain0	37.9	73.6	87.5	298	383	319	5.32e-63	198.0
4lqq	4lqq_D	3myg	3myg__chain0	37.2	63.8	90.1	231	329	252	2.67e-40	135.0
4lqs	4lqs_A	3ag9	3ag9__chain0	37.3	76.3	87.5	303	372	319	1.09e-62	197.0
4lr6	4lr6_A	3p5o	3p5o__chain0	99.2	100.0	98.4	125	125	127	2.73e-94	261.0
4lrg	4lrg_A	3p5o	3p5o__chain0	99.2	99.2	100.0	127	128	127	1.86e-95	264.0
4ltw	4ltw_A	3b5r	3b5r__chain0	62.3	98.4	100.0	247	251	247	1.3e-108	307.0
4lu3	4lu3_A	4jsz	4jsz__chain0	36.1	97.0	99.6	263	266	257	9.09e-47	150.0
4lud	4lud_B	3pyy	3pyy__chain0	45.2	60.5	98.5	263	410	265	2.08e-77	234.0
4lue	4lue_A	3mss	3mss__chain0	44.6	57.7	97.7	258	423	264	3.7e-75	229.0
4lv1	4lv1_A	2r9w	2r9w__chain0	100.0	100.0	100.0	358	358	358	7.68e-275	737.0
4lv2	4lv2_A	2r9w	2r9w__chain0	100.0	100.0	100.0	358	358	358	7.68e-275	737.0
4lwf	4lwf_A	2xdl	2xdl__chain0	100.0	100.0	99.5	207	207	208	2.0099999999999998e-147	402.0
4lwg	4lwg_A	2xdl	2xdl__chain0	100.0	100.0	99.5	207	207	208	2.0099999999999998e-147	402.0
4lz5	4lz5_A	2al5	2al5__chain0	100.0	99.6	99.2	258	259	260	5.74e-191	516.0
4lz7	4lz7_A	2al5	2al5__chain0	100.0	99.6	99.2	258	259	260	5.74e-191	516.0
4lz8	4lz8_A	2al5	2al5__chain0	100.0	99.6	99.2	258	259	260	5.74e-191	516.0
4m0f	4m0f_A	1gpk	1gpk__chain0	58.5	99.6	99.8	530	530	529	4.33e-240	663.0
4m15	4m15_A	4m0y	4m0y__chain0	100.0	99.6	99.6	262	263	263	8.89e-199	536.0
4mbh	4mbh_A	4de2	4de2__chain0	41.0	94.0	95.0	249	265	260	8.97e-60	184.0
4mbk	4mbk_A	4de2	4de2__chain0	41.0	94.0	95.0	249	265	260	1.59e-60	186.0
4mdd	4mdd_B	3b5r	3b5r__chain0	52.2	93.2	83.0	205	220	247	5.7e-75	221.0
4mh5	4mh5_A	3gbb	3gbb__chain0	85.5	98.8	100.0	255	257	255	1.1299999999999999e-168	460.0
4mia	4mia_A	4ih5	4ih5__chain0	98.0	100.0	100.0	557	546	557	0.0	1094.0
4mkb	4mkb_A	4ih5	4ih5__chain0	100.0	100.0	100.0	557	557	557	0.0	1125.0
4mkc	4mkc_A	3pyy	3pyy__chain0	39.9	91.4	99.2	278	303	265	3.93e-64	197.0
4mmb	4mmb_A	3f3c	3f3c__chain0	98.6	100.0	99.2	505	504	509	0.0	982.0
4mmc	4mmc_A	3f3c	3f3c__chain0	98.6	100.0	99.2	505	504	509	0.0	982.0
4mmd	4mmd_A	3f3c	3f3c__chain0	98.6	100.0	99.2	505	504	509	0.0	982.0
4mme	4mme_A	3f3c	3f3c__chain0	98.6	100.0	99.2	505	504	509	0.0	982.0
4mne	4mne_C	4hge	4hge__chain0	31.3	88.1	84.6	256	260	286	7.07e-27	99.4
4mta	4mta_A	3jya	3jya__chain0	100.0	100.0	99.6	273	273	274	7.66e-212	570.0
4mtb	4mtb_A	1k1i	1k1i__chain0	100.0	100.0	100.0	223	223	223	4.94e-167	453.0
4mty	4mty_A	4jsz	4jsz__chain0	99.6	99.6	100.0	257	258	257	5.81e-199	536.0
4mug	4mug_A	3ivg	3ivg__chain0	100.0	100.0	100.0	287	287	287	6.95e-183	498.0
4muh	4muh_A	3ivg	3ivg__chain0	100.0	100.0	99.7	286	286	287	2.72e-182	497.0
4mui	4mui_A	4ddk	4ddk__chain1	99.3	99.3	99.6	281	283	281	1.6199999999999999e-174	477.0
4muj	4muj_A	3coz	3coz__chain0	100.0	100.0	100.0	288	288	288	6.44e-184	501.0
4mun	4mun_B	3ivg	3ivg__chain1	99.3	100.0	99.6	274	272	275	2.9899999999999998e-168	460.0
4mvf	4mvf_A	3myg	3myg__chain0	33.9	54.2	96.8	248	408	252	2.1499999999999998e-38	132.0
4mxo	4mxo_A	3k5v	3k5v__chain0	46.4	94.7	92.3	265	266	286	1.8300000000000002e-79	235.0
4mxx	4mxx_A	3k5v	3k5v__chain0	46.0	94.7	92.3	265	266	286	5.1900000000000005e-79	234.0
4mxy	4mxy_B	3k5v	3k5v__chain0	45.7	95.1	92.3	265	264	286	1.11e-77	231.0
4mxz	4mxz_B	3k5v	3k5v__chain0	45.7	95.1	92.3	265	264	286	1.11e-77	231.0
4n0s	4n0s_A	3e92	3e92__chain0	48.4	96.3	95.4	341	352	349	2.11e-108	315.0
4n0x	4n0x_B	4jsz	4jsz__chain0	99.6	99.6	100.0	257	258	257	5.81e-199	536.0
4n16	4n16_A	4jsz	4jsz__chain0	99.6	99.6	100.0	257	258	257	5.81e-199	536.0
4n5g	4n5g_B	2qe4	2qe4__chain0	33.5	79.4	80.2	170	209	207	7.6900000000000005e-22	82.8
4n5v	4n5v_A	3qqs	3qqs__chain0	99.7	99.4	100.0	346	347	346	1.03e-239	647.0
4n8r	4n8r_B	2qe4	2qe4__chain0	33.5	83.8	80.2	170	198	207	4.17e-22	83.2
4n93	4n93_A	3qqs	3qqs__chain0	99.7	99.7	100.0	346	346	346	1.41e-239	647.0
4neu	4neu_B	4rfm	4rfm__chain0	33.6	85.1	90.0	238	268	249	5.61e-35	120.0
4nf4	4nf4_A	1vso	1vso__chain0	35.0	78.7	86.8	223	277	243	1.93e-37	126.0
4nf5	4nf5_A	1vso	1vso__chain0	34.8	81.3	87.2	227	273	243	4.44e-38	128.0
4nf6	4nf6_A	1syi	1syi__chain0	34.6	80.6	88.0	234	279	259	2.6e-39	132.0
4nf8	4nf8_A	1vso	1vso__chain0	34.7	76.9	86.8	225	286	243	4.81e-37	125.0
4nh1	4nh1_B	4eor	4eor__chain0	31.7	88.9	98.0	303	332	294	1.57e-39	135.0
4nif	4nif_E	3e92	3e92__chain0	48.8	96.6	95.4	338	348	349	1.2899999999999999e-108	315.0
4njs	4njs_A	1eby	1eby__chain0	88.9	100.0	100.0	99	99	99	1.8699999999999997e-68	194.0
4njt	4njt_A	1eby	1eby__chain0	87.9	100.0	100.0	99	99	99	1.27e-66	189.0
4nju	4nju_A	1eby	1eby__chain0	88.9	100.0	100.0	99	99	99	1.8699999999999997e-68	194.0
4njv	4njv_A	1eby	1eby__chain0	87.9	100.0	100.0	99	99	99	1.27e-66	189.0
4nm5	4nm5_A	2fvd	2fvd__chain0	33.7	80.9	97.2	297	361	284	1.74e-50	164.0
4nm7	4nm7_A	2fvd	2fvd__chain0	34.2	81.7	97.2	295	355	284	1.37e-51	167.0
4npt	4npt_A	1g2k	1g2k__chain0	82.8	100.0	100.0	99	99	99	1e-63	182.0
4nqa	4nqa_H	2qe4	2qe4__chain0	33.2	61.4	95.7	205	319	207	8.81e-22	85.1
4nqm	4nqm_A	3p5o	3p5o__chain0	100.0	100.0	100.0	127	127	127	1.07e-96	267.0
4nr5	4nr5_A	3p5o	3p5o__chain0	33.3	90.3	79.5	102	113	127	7.13e-18	67.4
4nr8	4nr8_A	3p5o	3p5o__chain0	100.0	100.0	98.4	125	125	127	1.16e-95	265.0
4nr9	4nr9_A	3p5o	3p5o__chain0	35.8	88.9	83.5	106	117	127	4.55e-17	65.5
4nyv	4nyv_C	3p5o	3p5o__chain0	33.3	89.5	79.5	102	114	127	7.36e-18	67.4
4nzw	4nzw_B	3myg	3myg__chain0	32.8	86.5	93.3	244	266	252	4.63e-33	115.0
4o27	4o27_B	3uo4	3uo4__chain0	30.6	89.3	94.4	255	281	266	2.68e-37	127.0
4o2z	4o2z_A	3e92	3e92__chain0	39.6	92.3	95.1	341	363	349	5.64e-87	260.0
4o8f	4o8f_B	3b1m	3b1m__chain0	95.8	100.0	99.6	259	249	260	2.93e-170	464.0
4oa7	4oa7_A	4kzq	4kzq__chain1	89.1	22.0	97.9	46	205	47	8.65e-25	85.9
4oc7	4oc7_A	2p15	2p15__chain0	32.3	87.3	81.4	198	213	242	1.49e-24	90.9
4oea	4oea_A	1z95	1z95__chain0	98.7	98.8	100.0	239	242	238	1.79e-173	471.0
4oed	4oed_A	1z95	1z95__chain0	98.7	98.8	100.0	239	242	238	1.79e-173	471.0
4oey	4oey_A	1z95	1z95__chain0	98.7	99.2	100.0	239	241	238	1.72e-173	471.0
4oez	4oez_A	1z95	1z95__chain0	98.7	98.8	100.0	239	242	238	1.79e-173	471.0
4ofr	4ofr_A	1z95	1z95__chain0	97.9	99.2	100.0	241	243	238	3.76e-173	470.0
4ofu	4ofu_A	1z95	1z95__chain0	98.7	99.2	100.0	239	241	238	1.72e-173	471.0
4ogh	4ogh_A	1z95	1z95__chain0	98.3	98.8	100.0	239	242	238	5.13e-173	469.0
4ogr	4ogr_A	2xnb	2xnb__chain0	40.6	92.7	95.9	293	315	296	2.0400000000000002e-66	204.0
4oh5	4oh5_A	1z95	1z95__chain0	98.3	98.8	100.0	239	242	238	5.13e-173	469.0
4oh6	4oh6_A	1z95	1z95__chain0	98.3	98.8	100.0	239	242	238	5.13e-173	469.0
4oha	4oha_A	1z95	1z95__chain0	98.3	98.8	100.0	239	242	238	5.13e-173	469.0
4oil	4oil_A	1z95	1z95__chain0	98.3	98.8	100.0	239	242	238	1.0299999999999999e-172	469.0
4oiu	4oiu_A	1z95	1z95__chain0	98.3	98.8	100.0	239	242	238	1.0299999999999999e-172	469.0
4oj4	4oj4_A	2yfe	2yfe__chain0	98.1	99.6	98.1	261	260	264	5.15e-177	481.0
4oj9	4oj9_A	3g0w	3g0w__chain0	99.2	100.0	100.0	249	249	249	7.86e-186	503.0
4ojb	4ojb_A	1z95	1z95__chain0	99.6	99.2	100.0	238	240	238	2.9699999999999997e-176	478.0
4ojt	4ojt_A	1nc3	1nc3__chain1	34.5	98.7	99.1	229	231	230	1.48e-37	125.0
4ok1	4ok1_A	3g0w	3g0w__chain0	99.2	100.0	100.0	249	249	249	9.18e-185	500.0
4okb	4okb_A	1z95	1z95__chain0	99.6	99.2	100.0	238	240	238	2.9699999999999997e-176	478.0
4okt	4okt_A	3g0w	3g0w__chain0	98.8	100.0	100.0	249	248	249	4.02e-181	491.0
4okw	4okw_A	1z95	1z95__chain0	99.6	99.6	100.0	238	239	238	2.85e-176	478.0
4okx	4okx_A	1z95	1z95__chain0	99.6	99.2	100.0	238	240	238	2.9699999999999997e-176	478.0
4oli	4oli_A	4e5w	4e5w__chain0	58.9	49.0	92.5	275	539	294	2.38e-108	319.0
4olm	4olm_A	1z95	1z95__chain0	99.6	99.2	100.0	238	240	238	2.9699999999999997e-176	478.0
4omw	4omw_A	3nq9	3nq9__chain0	96.3	100.0	100.0	162	162	162	3.03e-113	312.0
4ot5	4ot5_A	4m0y	4m0y__chain0	58.5	98.1	98.1	258	263	263	4.4300000000000004e-116	327.0
4otq	4otq_A	4m0y	4m0y__chain0	58.5	98.1	98.1	258	263	263	4.4300000000000004e-116	327.0
4otr	4otr_A	4m0y	4m0y__chain0	58.5	98.1	98.1	258	263	263	4.4300000000000004e-116	327.0
4owq	4owq_A	3qqs	3qqs__chain0	100.0	99.7	100.0	346	347	346	1.3099999999999999e-242	654.0
4ows	4ows_B	4owm	4owm__chain1	99.7	100.0	99.4	345	344	347	3.31e-240	648.0
4owu	4owu_A	3qqs	3qqs__chain0	100.0	99.7	100.0	346	347	346	1.3099999999999999e-242	654.0
4ozt	4ozt_U	2p15	2p15__chain0	30.1	93.8	80.2	196	195	242	7.530000000000001e-21	80.5
4p4c	4p4c_A	3k5v	3k5v__chain0	37.8	89.8	88.5	259	266	286	2.1999999999999997e-61	189.0
4p54	4p54_A	1nc3	1nc3__chain1	34.1	98.7	99.1	229	231	230	8.22e-37	123.0
4pbg	4pbg_A	2wbg	2wbg__chain0	34.2	99.6	99.8	473	468	443	1.92e-86	266.0
4pkl	4pkl_A	3p5o	3p5o__chain0	31.1	80.0	70.9	90	110	127	1.85e-09	45.4
4pm5	4pm5_A	3g2z	3g2z__chain0	99.2	99.6	100.0	262	263	262	9.1e-185	501.0
4pm7	4pm7_A	3g2z	3g2z__chain0	98.9	99.6	100.0	262	263	262	2.61e-184	500.0
4pm9	4pm9_A	3g2z	3g2z__chain0	98.5	100.0	100.0	262	262	262	8.38e-183	496.0
4pp6	4pp6_A	4mgd	4mgd__chain1	99.1	100.0	99.2	234	234	236	2.14e-167	455.0
4ppp	4ppp_B	2p15	2p15__chain1	99.2	100.0	97.9	237	235	242	4.999999999999999e-170	462.0
4pps	4pps_A	2p15	2p15__chain1	98.8	99.6	99.2	240	238	242	1.8899999999999999e-168	458.0
4pq7	4pq7_A	4jsz	4jsz__chain0	99.6	98.5	99.6	256	260	257	6.3e-199	536.0
4ptv	4ptv_A	2cet	2cet__chain0	53.2	98.7	98.2	440	445	435	3.0900000000000003e-173	486.0
4ptx	4ptx_A	2cet	2cet__chain0	53.2	98.7	98.2	440	445	435	3.0900000000000003e-173	486.0
4pvg	4pvg_A	1bzc	1bzc__chain0	40.2	89.0	79.1	241	264	297	2.81e-58	181.0
4pvu	4pvu_A	3b1m	3b1m__chain0	99.6	100.0	98.5	257	257	260	2.0400000000000003e-179	487.0
4pxx	4pxx_A	4jsz	4jsz__chain0	97.3	99.6	100.0	257	258	257	2.97e-192	520.0
4q30	4q30_B	2al5	2al5__chain0	98.4	100.0	99.2	258	258	260	1.5199999999999998e-188	510.0
4q4m	4q4m_A	1s38	1s38__chain0	99.5	99.7	100.0	365	365	364	1.32e-267	719.0
4q50	4q50_G	2qe4	2qe4__chain1	96.6	94.5	99.5	207	219	204	2.7899999999999996e-138	379.0
4q5m	4q5m_A	1g2k	1g2k__chain0	97.0	50.0	100.0	99	198	99	2.34e-69	200.0
4q8o	4q8o_A	3gc5	3gc5__chain0	99.5	100.0	100.0	368	367	368	4.4400000000000004e-272	731.0
4q8p	4q8p_A	3rr4	3rr4__chain0	97.8	99.7	100.0	371	368	368	5.7800000000000004e-266	715.0
4q8t	4q8t_A	3gc5	3gc5__chain0	99.7	100.0	100.0	369	369	368	3.39e-272	731.0
4q8u	4q8u_A	3gc5	3gc5__chain0	99.7	100.0	100.0	369	369	368	3.39e-272	731.0
4q8v	4q8v_A	3rr4	3rr4__chain0	99.7	99.7	100.0	369	370	368	6.1000000000000006e-273	733.0
4q8w	4q8w_A	3rr4	3rr4__chain0	99.7	99.5	100.0	368	370	368	3.0200000000000003e-273	734.0
4q8z	4q8z_A	4jsz	4jsz__chain0	99.6	100.0	100.0	257	257	257	3.93e-199	537.0
4qb8	4qb8_A	4de2	4de2__chain0	44.8	96.3	97.3	259	267	260	5.89e-64	195.0
4qc3	4qc3_A	3p5o	3p5o__chain0	35.8	86.9	74.8	95	107	127	7.27e-16	62.0
4qez	4qez_B	4f3c	4f3c__chain0	53.9	97.0	99.1	228	231	230	1.48e-86	250.0
4qfs	4qfs_A	1nvq	1nvq__chain0	34.6	70.2	95.1	263	362	264	5.47e-46	152.0
4qlj	4qlj_A	2wbg	2wbg__chain0	39.2	97.7	98.2	462	472	443	6.12e-120	352.0
4qml	4qml_A	3uo4	3uo4__chain0	31.0	89.3	94.4	255	281	266	3.51e-38	129.0
4qny	4qny_B	3e92	3e92__chain0	39.3	98.5	96.3	341	339	349	1.05e-80	243.0
4qox	4qox_A	2wtv	2wtv__chain0	37.0	54.8	94.7	257	462	264	1.99e-50	166.0
4qp3	4qp3_A	3e92	3e92__chain0	49.0	97.1	95.4	335	340	349	1.1100000000000001e-107	312.0
4qp4	4qp4_A	3e92	3e92__chain0	49.4	98.2	95.4	334	337	349	5.38e-110	318.0
4qsa	4qsa_A	4jsz	4jsz__chain0	99.6	99.6	100.0	257	258	257	5.81e-199	536.0
4qsb	4qsb_A	4jsz	4jsz__chain0	99.6	100.0	100.0	257	257	257	3.93e-199	537.0
4qsi	4qsi_A	4jsz	4jsz__chain0	99.6	100.0	100.0	257	257	257	3.93e-199	537.0
4qsj	4qsj_B	4jsz	4jsz__chain0	60.2	99.2	99.2	256	258	257	6.95e-115	324.0
4qte	4qte_A	3e92	3e92__chain0	48.4	97.4	95.4	341	348	349	1.83e-108	315.0
4qyf	4qyf_A	1nvq	1nvq__chain0	100.0	98.1	100.0	264	269	264	3.82e-204	550.0
4r2u	4r2u_A	2yfe	2yfe__chain0	98.9	100.0	98.9	262	260	264	4.61e-180	489.0
4r3m	4r3m_A	3b27	3b27__chain0	100.0	100.0	97.2	209	209	215	1.69e-148	405.0
4r6s	4r6s_A	3b1m	3b1m__chain0	99.6	98.9	99.6	259	262	260	1.11e-182	496.0
4r7h	4r7h_A	3pyy	3pyy__chain0	39.3	89.3	95.5	275	308	265	3.23e-67	205.0
4r7i	4r7i_A	3pyy	3pyy__chain0	39.1	95.2	95.5	276	290	265	6.34e-68	206.0
4ra4	4ra4_A	1ydr	1ydr__chain0	40.8	88.1	82.7	284	320	336	1.93e-75	229.0
4rc2	4rc2_A	3jya	3jya__chain0	100.0	100.0	99.6	273	273	274	7.66e-212	570.0
4rc3	4rc3_A	3jya	3jya__chain0	99.6	100.0	99.6	273	272	274	2.0200000000000002e-209	564.0
4rc4	4rc4_A	3jya	3jya__chain0	100.0	100.0	99.6	273	273	274	7.66e-212	570.0
4rew	4rew_A	1nvq	1nvq__chain0	34.2	61.8	95.1	263	411	264	1.28e-44	149.0
4rfw	4rfw_A	2p15	2p15__chain1	32.8	86.9	80.2	195	214	242	5.61e-25	92.0
4rh2	4rh2_A	4jsz	4jsz__chain0	99.6	100.0	100.0	257	257	257	3.93e-199	537.0
4riw	4riw_D	3mss	3mss__chain0	39.7	89.2	95.8	267	297	264	2e-62	192.0
4rix	4rix_D	3mss	3mss__chain0	39.7	89.2	95.8	267	297	264	2e-62	192.0
4riy	4riy_D	3mss	3mss__chain0	39.7	89.2	95.8	267	297	264	2e-62	192.0
4rlo	4rlo_A	1ydr	1ydr__chain0	37.9	97.7	81.5	277	259	336	5.02e-67	205.0
4rmc	4rmc_A	2p15	2p15__chain1	32.8	86.9	80.2	195	214	242	5.61e-25	92.0
4rmd	4rmd_A	2p15	2p15__chain1	32.8	86.9	80.2	195	214	242	5.61e-25	92.0
4rt7	4rt7_A	3mss	3mss__chain0	41.9	96.0	95.1	265	274	264	8.17e-67	202.0
4rvi	4rvi_A	1eby	1eby__chain0	87.9	100.0	100.0	99	99	99	4.4199999999999995e-67	190.0
4rvj	4rvj_A	1eby	1eby__chain0	88.9	100.0	100.0	99	99	99	1.8699999999999997e-68	194.0
4rvx	4rvx_A	1eby	1eby__chain0	88.9	100.0	100.0	99	99	99	1.8699999999999997e-68	194.0
4rzv	4rzv_B	3k5v	3k5v__chain0	31.4	99.6	93.0	280	271	286	1.8600000000000002e-35	122.0
4rzw	4rzw_A	3k5v	3k5v__chain0	31.2	100.0	93.0	276	251	286	1.22e-33	117.0
4s18	4s18_B	1o0h	1o0h__chain0	98.4	100.0	100.0	124	122	124	3.23e-87	243.0
4s34	4s34_A	3e92	3e92__chain0	47.9	98.0	95.4	340	343	349	2.84e-106	309.0
4tnb	4tnb_A	3ag9	3ag9__chain0	31.4	58.8	95.0	315	529	319	2.2900000000000003e-47	161.0
4tnd	4tnd_A	3ag9	3ag9__chain0	31.4	58.8	95.0	315	529	319	2.2900000000000003e-47	161.0
4tor	4tor_A	4kzq	4kzq__chain1	91.3	22.0	97.9	46	209	47	5.490000000000001e-27	91.7
4tos	4tos_A	4kzq	4kzq__chain1	91.3	22.1	97.9	46	208	47	5.3500000000000006e-27	91.7
4try	4try_B	4djv	4djv__chain0	100.0	100.0	99.5	388	388	390	1.4399999999999998e-297	797.0
4tth	4tth_B	1pxn	1pxn__chain0	47.9	99.2	94.9	282	256	294	7.76e-83	244.0
4tuz	4tuz_B	2p15	2p15__chain1	99.2	99.6	99.6	243	244	242	1.84e-172	468.0
4tv1	4tv1_A	4mgd	4mgd__chain1	98.3	100.0	99.2	236	236	236	1.1e-165	451.0
4tvg	4tvg_A	1eby	1eby__chain0	99.0	100.0	100.0	99	99	99	3.48e-73	206.0
4tvh	4tvh_A	1eby	1eby__chain0	99.0	100.0	100.0	99	99	99	3.48e-73	206.0
4tvk	4tvk_A	1e66	1e66__chain0	100.0	99.6	100.0	532	534	532	0.0	1108.0
4two	4two_A	3k5v	3k5v__chain0	39.4	88.1	88.5	259	278	286	4.07e-65	199.0
4tyh	4tyh_B	4f9w	4f9w__chain0	96.8	99.7	99.7	339	335	336	9.219999999999999e-242	651.0
4tyi	4tyi_A	3k5v	3k5v__chain0	41.9	92.8	90.6	270	277	286	1.71e-69	210.0
4tyj	4tyj_A	3k5v	3k5v__chain0	43.3	91.0	90.6	268	278	286	2.8299999999999998e-68	207.0
4tzr	4tzr_A	2wtv	2wtv__chain0	38.0	55.1	93.2	255	461	264	4.79e-52	170.0
4u1o	4u1o_A	2al5	2al5__chain0	98.5	99.2	100.0	260	262	260	6.48e-191	516.0
4u1w	4u1w_C	2al5	2al5__chain0	78.3	43.9	99.6	323	736	260	2.92e-167	475.0
4u1x	4u1x_B	2al5	2al5__chain0	78.3	43.8	99.6	323	738	260	9.61e-169	479.0
4u1y	4u1y_C	2al5	2al5__chain0	77.8	44.5	99.6	325	730	260	1.71e-167	476.0
4u1z	4u1z_A	2al5	2al5__chain0	98.5	99.2	100.0	260	262	260	6.48e-191	516.0
4u21	4u21_B	2al5	2al5__chain0	98.5	100.0	100.0	260	260	260	8.49e-191	516.0
4u22	4u22_A	2al5	2al5__chain0	98.5	99.2	100.0	260	262	260	6.48e-191	516.0
4u23	4u23_A	2al5	2al5__chain0	98.5	100.0	99.6	259	259	260	9.52e-190	513.0
4u2q	4u2q_C	2al5	2al5__chain0	77.1	44.0	99.6	327	744	260	2.1200000000000003e-166	473.0
4u5b	4u5b_A	2al5	2al5__chain0	76.8	44.4	99.6	328	738	260	1.5500000000000002e-167	476.0
4u5c	4u5c_B	2al5	2al5__chain0	75.7	44.6	99.6	333	746	260	2.2600000000000002e-166	473.0
4u5d	4u5d_A	2al5	2al5__chain0	76.8	44.6	99.6	328	735	260	2e-167	476.0
4u5e	4u5e_A	2al5	2al5__chain0	76.8	44.4	99.6	328	738	260	1.5500000000000002e-167	476.0
4u5f	4u5f_A	2al5	2al5__chain0	77.1	44.6	99.6	328	735	260	3.51e-168	478.0
4u6a	4u6a_A	4kzq	4kzq__chain0	88.8	78.0	99.4	160	205	161	5.28e-109	303.0
4u8z	4u8z_A	3uo4	3uo4__chain0	30.8	89.3	97.4	263	290	266	4.45e-38	129.0
4ua7	4ua7_A	3g2z	3g2z__chain0	99.6	99.6	100.0	262	263	262	4.5100000000000007e-185	502.0
4uaa	4uaa_A	3g2z	3g2z__chain0	99.6	99.6	100.0	262	263	262	4.5100000000000007e-185	502.0
4ub7	4ub7_A	4eor	4eor__chain0	31.7	88.3	98.0	303	334	294	3.23e-39	134.0
4uba	4uba_A	4eor	4eor__chain0	31.7	88.6	98.0	303	333	294	3.16e-39	134.0
4ud9	4ud9_H	2zda	2zda__chain1	98.8	99.6	100.0	254	255	251	3.9499999999999993e-197	531.0
4udc	4udc_A	3b5r	3b5r__chain0	50.6	99.2	100.0	247	248	247	9.639999999999999e-91	262.0
4udd	4udd_A	3b5r	3b5r__chain0	50.6	98.8	100.0	247	249	247	7.06e-91	262.0
4udw	4udw_H	2zda	2zda__chain1	100.0	100.0	100.0	251	251	251	2.46e-199	537.0
4ue7	4ue7_H	2zda	2zda__chain1	100.0	100.0	100.0	251	251	251	2.46e-199	537.0
4ueu	4ueu_A	3k5v	3k5v__chain0	64.7	100.0	92.7	266	256	286	1.3300000000000001e-130	365.0
4ump	4ump_A	3ag9	3ag9__chain0	35.7	75.1	80.6	258	313	319	4.05e-42	142.0
4uov	4uov_A	4jsz	4jsz__chain0	38.1	98.2	98.1	257	225	257	1.02e-39	131.0
4ur9	4ur9_B	2w4x	2w4x__chain0	98.8	87.9	100.0	586	667	579	0.0	1181.0
4usd	4usd_A	3myg	3myg__chain0	32.2	90.7	98.0	255	268	252	5.63e-36	122.0
4use	4use_A	2xnb	2xnb__chain0	31.5	90.2	97.0	292	286	296	2.6500000000000002e-33	117.0
4uvl	4uvl_C	4j21	4j21__chain0	100.0	100.0	100.0	209	209	209	4.26e-161	437.0
4uvn	4uvn_A	4j21	4j21__chain0	100.0	100.0	100.0	209	209	209	4.26e-161	437.0
4uvo	4uvo_A	4j21	4j21__chain0	100.0	100.0	100.0	209	209	209	4.26e-161	437.0
4uvp	4uvp_A	4j21	4j21__chain0	100.0	100.0	77.5	162	162	209	1.65e-123	340.0
4uvs	4uvs_C	4j21	4j21__chain0	100.0	100.0	100.0	209	209	209	4.26e-161	437.0
4uvt	4uvt_A	4kzq	4kzq__chain0	100.0	77.4	100.0	161	208	161	8.03e-123	338.0
4uvz	4uvz_C	4j21	4j21__chain0	100.0	100.0	100.0	209	209	209	4.26e-161	437.0
4uwb	4uwb_B	3k5v	3k5v__chain0	40.1	92.6	90.6	279	299	286	1.42e-68	209.0
4uwc	4uwc_B	3k5v	3k5v__chain0	40.0	93.0	90.6	280	301	286	4.299999999999999e-68	207.0
4uxu	4uxu_A	2ymd	2ymd__chain7	30.8	97.1	97.6	211	210	205	2.2e-26	94.7
4uya	4uya_A	3mss	3mss__chain0	35.0	85.4	93.9	260	274	264	3.88e-38	129.0
4v0s	4v0s_B	3n76	3n76__chain0	99.3	100.0	100.0	143	143	143	1.57e-99	276.0
4w5i	4w5i_B	4j21	4j21__chain0	100.0	100.0	100.0	209	209	209	4.26e-161	437.0
4w5s	4w5s_A	4kzq	4kzq__chain0	88.8	76.6	99.4	160	209	161	4.35e-109	303.0
4w63	4w63_A	1e66	1e66__chain0	100.0	99.6	100.0	532	534	532	0.0	1108.0
4w6e	4w6e_A	4kzq	4kzq__chain1	89.4	21.9	100.0	47	210	47	4.94e-25	86.7
4w8d	4w8d_A	3uo4	3uo4__chain0	30.8	89.3	97.4	263	290	266	4.45e-38	129.0
4w8e	4w8e_A	3uo4	3uo4__chain0	30.8	89.0	97.4	263	291	266	4.57e-38	129.0
4wg3	4wg3_A	2wtv	2wtv__chain0	38.0	55.2	93.2	255	460	264	4.69e-52	170.0
4wg4	4wg4_A	2wtv	2wtv__chain0	38.0	55.9	93.2	255	454	264	4.1199999999999994e-52	170.0
4wg5	4wg5_A	2wtv	2wtv__chain0	38.0	54.7	93.2	255	464	264	7.159999999999999e-52	170.0
4whw	4whw_A	3p5o	3p5o__chain0	100.0	100.0	97.6	124	124	127	3.18e-95	263.0
4wkq	4wkq_A	3pyy	3pyy__chain0	40.4	81.8	90.2	245	297	265	8.18e-59	183.0
4wl4	4wl4_A	4jsz	4jsz__chain0	99.6	100.0	100.0	257	257	257	3.93e-199	537.0
4wo5	4wo5_A	3k5v	3k5v__chain0	31.9	99.6	93.0	276	266	286	3.47e-39	132.0
4wot	4wot_A	1q8t	1q8t__chain0	34.9	82.3	91.2	321	389	341	1.4499999999999999e-67	211.0
4wtf	4wtf_A	3gnw	3gnw__chain0	73.6	99.6	96.3	542	536	560	3.4799999999999997e-298	812.0
4wtg	4wtg_A	3gnw	3gnw__chain0	73.6	99.8	96.3	542	535	560	1.66e-298	813.0
4wti	4wti_A	3gnw	3gnw__chain0	74.2	99.6	97.9	551	553	560	1.84e-309	841.0
4wtj	4wtj_A	3gnw	3gnw__chain0	74.0	99.8	98.4	554	555	560	1.21e-310	844.0
4wtk	4wtk_A	3gnw	3gnw__chain0	74.2	99.6	97.9	551	553	560	1.84e-309	841.0
4wtl	4wtl_A	3gnw	3gnw__chain0	74.2	99.6	97.9	551	553	560	1.84e-309	841.0
4wtm	4wtm_A	3gnw	3gnw__chain0	74.2	99.6	97.9	551	553	560	1.84e-309	841.0
4wun	4wun_B	3k5v	3k5v__chain0	40.7	92.2	89.2	263	268	286	2.2799999999999997e-67	204.0
4wuq	4wuq_B	4jsz	4jsz__chain0	60.2	99.6	99.2	256	257	257	3.4400000000000004e-110	312.0
4wv9	4wv9_E	2wn9	2wn9__chain4	100.0	100.0	98.1	210	210	214	2.53e-159	432.0
4wxj	4wxj_A	1syi	1syi__chain0	41.5	96.8	95.8	248	253	259	6.27e-65	197.0
4x3c	4x3c_A	1e66	1e66__chain0	100.0	99.6	100.0	532	534	532	0.0	1108.0
4x3j	4x3j_A	3qgy	3qgy__chain0	40.1	86.8	80.0	212	234	245	4.2999999999999994e-48	152.0
4x58	4x58_A	3qqs	3qqs__chain0	99.7	99.7	100.0	346	347	346	4.3899999999999995e-241	650.0
4x59	4x59_B	3qqs	3qqs__chain0	99.7	99.7	100.0	346	347	346	2.1699999999999997e-241	651.0
4x5b	4x5b_A	3qqs	3qqs__chain0	99.7	100.0	100.0	346	346	346	1.03e-241	652.0
4x5c	4x5c_A	3qqs	3qqs__chain0	99.7	99.7	100.0	346	347	346	1.5299999999999998e-241	652.0
4x5e	4x5e_A	4owm	4owm__chain1	99.4	100.0	99.7	346	345	347	6.96e-240	647.0
4x5s	4x5s_A	4jsz	4jsz__chain0	36.7	99.6	99.2	259	224	257	1.39e-39	130.0
4x6t	4x6t_A	4de2	4de2__chain0	44.5	98.5	98.8	263	265	260	7.78e-64	194.0
4x8s	4x8s_H	1mq6	1mq6__chain0	39.4	94.4	100.0	236	249	233	6.14e-66	198.0
4x9l	4x9l_A	2xdl	2xdl__chain0	73.6	97.6	99.5	208	205	208	6.3e-107	300.0
4xaj	4xaj_A	2pog	2pog__chain0	30.6	32.2	80.7	193	568	233	3.22e-16	71.6
4xc0	4xc0_A	2yki	2yki__chain0	71.7	96.2	98.6	205	213	207	5.59e-105	295.0
4xdm	4xdm_A	2yki	2yki__chain0	71.7	95.3	98.6	205	215	207	1.2199999999999998e-104	294.0
4xey	4xey_A	3k5v	3k5v__chain0	97.8	100.0	95.1	273	269	286	3.9300000000000005e-200	541.0
4xi3	4xi3_C	2p15	2p15__chain1	98.3	100.0	97.9	237	236	242	1.18e-166	453.0
4xiw	4xiw_A	4jsz	4jsz__chain0	33.2	98.3	98.1	262	237	257	8.970000000000001e-27	97.8
4xld	4xld_A	2yfe	2yfe__chain0	98.1	99.2	99.6	264	263	264	1.0500000000000001e-179	488.0
4xli	4xli_A	3pyy	3pyy__chain0	92.4	100.0	99.6	264	264	265	1.4e-189	513.0
4xlv	4xlv_A	3pyy	3pyy__chain0	40.3	88.1	95.5	273	310	265	3.05e-68	207.0
4xne	4xne_A	3e92	3e92__chain0	48.4	98.0	95.4	341	346	349	1.7e-108	315.0
4xoy	4xoy_A	3e92	3e92__chain0	49.1	96.1	91.4	324	330	349	7.59e-103	300.0
4xoz	4xoz_A	3e92	3e92__chain0	48.1	97.7	95.4	341	342	349	1.3699999999999998e-106	310.0
4xp0	4xp0_A	3e92	3e92__chain0	48.1	97.6	95.4	341	340	349	6.34e-107	310.0
4xp2	4xp2_A	3e92	3e92__chain0	50.2	91.2	87.1	311	339	349	1.4e-105	307.0
4xp3	4xp3_A	3e92	3e92__chain0	47.8	97.7	95.4	341	341	349	1.06e-105	307.0
4xr8	4xr8_C	5a7b	5a7b__chain0	97.4	98.5	100.0	196	199	196	1.6300000000000002e-148	404.0
4xrj	4xrj_A	3e92	3e92__chain0	48.4	98.0	95.4	341	346	349	1.7e-108	315.0
4xrl	4xrl_A	3e92	3e92__chain0	49.5	96.2	91.4	327	338	349	2.7200000000000002e-105	306.0
4xuf	4xuf_A	3mss	3mss__chain0	42.0	96.3	94.3	264	270	264	2.86e-66	201.0
4xw4	4xw4_A	1q8t	1q8t__chain0	97.0	100.0	98.8	337	337	341	9.63e-248	667.0
4xxr	4xxr_A	3g2z	3g2z__chain0	99.2	100.0	100.0	262	262	262	2.51e-184	500.0
4y0p	4y0p_A	3uex	3uex__chain0	98.7	100.0	100.0	159	159	159	2.42e-113	312.0
4y0q	4y0q_A	3uew	3uew__chain0	100.0	99.4	100.0	156	157	156	4.05e-113	311.0
4y0r	4y0r_A	3uev	3uev__chain0	98.1	100.0	99.4	157	155	158	2.6000000000000003e-109	301.0
4y14	4y14_A	1bzc	1bzc__chain0	98.0	100.0	100.0	297	293	297	7.94e-218	587.0
4y35	4y35_A	2v00	2v00__chain0	100.0	100.0	100.0	330	330	330	8.07e-231	623.0
4y36	4y36_A	2v00	2v00__chain0	100.0	100.0	100.0	330	330	330	8.07e-231	623.0
4y39	4y39_A	2v00	2v00__chain0	100.0	100.0	100.0	330	330	330	8.07e-231	623.0
4y3a	4y3a_A	2v00	2v00__chain0	100.0	100.0	100.0	330	330	330	8.07e-231	623.0
4y3d	4y3d_A	2v00	2v00__chain0	100.0	100.0	100.0	330	330	330	8.07e-231	623.0
4y3e	4y3e_A	2v00	2v00__chain0	100.0	100.0	100.0	330	330	330	8.07e-231	623.0
4y3g	4y3g_A	2v00	2v00__chain0	100.0	100.0	100.0	330	330	330	8.07e-231	623.0
4y3h	4y3h_A	2v00	2v00__chain0	100.0	100.0	100.0	330	330	330	8.07e-231	623.0
4y3l	4y3l_A	2v00	2v00__chain0	100.0	100.0	100.0	330	330	330	8.07e-231	623.0
4y3q	4y3q_A	2v00	2v00__chain0	100.0	100.0	100.0	330	330	330	8.07e-231	623.0
4y3r	4y3r_A	2v00	2v00__chain0	100.0	100.0	100.0	330	330	330	8.07e-231	623.0
4y3t	4y3t_A	2v00	2v00__chain0	100.0	100.0	100.0	330	330	330	8.07e-231	623.0
4y3w	4y3w_A	2v00	2v00__chain0	100.0	100.0	100.0	330	330	330	8.07e-231	623.0
4y3x	4y3x_A	2v00	2v00__chain0	100.0	100.0	100.0	330	330	330	8.07e-231	623.0
4y3z	4y3z_A	2v00	2v00__chain0	100.0	100.0	100.0	330	330	330	8.07e-231	623.0
4y41	4y41_A	2v00	2v00__chain0	100.0	100.0	100.0	330	330	330	8.07e-231	623.0
4y43	4y43_A	2v00	2v00__chain0	100.0	100.0	100.0	330	330	330	8.07e-231	623.0
4y45	4y45_A	2v00	2v00__chain0	100.0	100.0	100.0	330	330	330	8.07e-231	623.0
4y47	4y47_A	2v00	2v00__chain0	100.0	100.0	100.0	330	330	330	8.07e-231	623.0
4y48	4y48_A	2v00	2v00__chain0	100.0	99.4	100.0	330	332	330	1.24e-230	623.0
4y4a	4y4a_A	2v00	2v00__chain0	100.0	100.0	100.0	330	330	330	8.07e-231	623.0
4y4e	4y4e_A	2v00	2v00__chain0	100.0	100.0	100.0	330	330	330	8.07e-231	623.0
4y4t	4y4t_A	2v00	2v00__chain0	100.0	100.0	100.0	330	330	330	8.07e-231	623.0
4y4u	4y4u_A	2v00	2v00__chain0	100.0	100.0	100.0	330	330	330	8.07e-231	623.0
4y4w	4y4w_A	2v00	2v00__chain0	100.0	100.0	100.0	330	330	330	8.07e-231	623.0
4y4x	4y4x_A	2v00	2v00__chain0	100.0	100.0	100.0	330	330	330	8.07e-231	623.0
4y50	4y50_A	2v00	2v00__chain0	100.0	100.0	100.0	330	330	330	8.07e-231	623.0
4y51	4y51_A	2v00	2v00__chain0	100.0	100.0	100.0	330	330	330	8.07e-231	623.0
4y53	4y53_A	2v00	2v00__chain0	100.0	100.0	100.0	330	330	330	8.07e-231	623.0
4y54	4y54_A	2v00	2v00__chain0	100.0	100.0	100.0	330	330	330	8.07e-231	623.0
4y56	4y56_A	2v00	2v00__chain0	100.0	100.0	100.0	330	330	330	8.07e-231	623.0
4y57	4y57_A	2v00	2v00__chain0	100.0	100.0	100.0	330	330	330	8.07e-231	623.0
4y5a	4y5a_A	2v00	2v00__chain0	100.0	100.0	100.0	330	330	330	8.07e-231	623.0
4y5b	4y5b_A	2v00	2v00__chain0	100.0	100.0	100.0	330	330	330	8.07e-231	623.0
4y5g	4y5g_A	2v00	2v00__chain0	100.0	100.0	100.0	330	330	330	8.07e-231	623.0
4y5k	4y5k_A	2v00	2v00__chain0	100.0	100.0	100.0	330	330	330	8.07e-231	623.0
4y5m	4y5m_A	2v00	2v00__chain0	100.0	100.0	100.0	330	330	330	8.07e-231	623.0
4y5n	4y5n_A	2v00	2v00__chain0	100.0	100.0	100.0	330	330	330	8.07e-231	623.0
4y5p	4y5p_A	2v00	2v00__chain0	100.0	100.0	100.0	330	330	330	8.07e-231	623.0
4y6d	4y6d_B	1mq6	1mq6__chain1	100.0	98.1	100.0	51	52	51	1.89e-40	119.0
4y71	4y71_A	1lpg	1lpg__chain0	100.0	100.0	100.0	234	234	234	1.31e-181	491.0
4y72	4y72_A	2xnb	2xnb__chain0	67.2	99.0	96.6	290	292	296	3.48e-140	391.0
4y76	4y76_B	1z6e	1z6e__chain1	100.0	98.1	100.0	52	53	52	3.49e-41	121.0
4y7a	4y7a_A	1lpg	1lpg__chain0	100.0	100.0	100.0	234	234	234	1.31e-181	491.0
4y7b	4y7b_A	1lpg	1lpg__chain0	100.0	100.0	100.0	234	234	234	1.31e-181	491.0
4y93	4y93_A	4m0y	4m0y__chain0	60.4	60.6	98.9	260	429	263	5.6500000000000005e-117	336.0
4y95	4y95_D	4m0y	4m0y__chain0	61.2	98.1	98.9	260	265	263	1.31e-120	339.0
4yct	4yct_A	2v00	2v00__chain0	99.4	100.0	100.0	330	328	330	3.38e-227	614.0
4yd3	4yd3_A	2v00	2v00__chain0	100.0	100.0	100.0	330	330	330	8.07e-231	623.0
4yd5	4yd5_A	2v00	2v00__chain0	100.0	100.0	100.0	330	330	330	8.07e-231	623.0
4yd6	4yd6_A	2v00	2v00__chain0	100.0	100.0	100.0	330	330	330	8.07e-231	623.0
4yd7	4yd7_A	2v00	2v00__chain0	100.0	100.0	100.0	330	330	330	8.07e-231	623.0
4yhj	4yhj_B	1ydr	1ydr__chain0	35.0	57.6	81.5	286	490	336	1.21e-49	167.0
4yi3	4yi3_A	3ebp	3ebp__chain0	99.4	100.0	100.0	810	806	810	0.0	1620.0
4yi5	4yi5_A	3ebp	3ebp__chain0	99.8	100.0	100.0	810	809	810	0.0	1630.0
4yi7	4yi7_A	3r88	3r88__chain0	35.0	85.2	87.5	306	331	344	1.02e-43	147.0
4yjo	4yjo_A	3k5v	3k5v__chain0	42.1	95.5	88.1	259	267	286	3.53e-66	201.0
4yjp	4yjp_A	3k5v	3k5v__chain0	43.0	95.8	88.1	256	263	286	1.92e-67	204.0
4yjq	4yjq_A	3k5v	3k5v__chain0	41.1	95.5	88.1	258	266	286	3.07e-64	196.0
4yjr	4yjr_A	3k5v	3k5v__chain0	40.8	95.5	88.1	260	265	286	5.94e-64	196.0
4yjs	4yjs_A	3pyy	3pyy__chain0	41.5	95.7	94.0	253	257	265	4.3e-65	197.0
4yjt	4yjt_A	3k5v	3k5v__chain0	41.8	95.6	88.1	261	270	286	6.9e-67	203.0
4yju	4yju_A	3k5v	3k5v__chain0	42.1	95.5	88.1	259	267	286	4.990000000000001e-66	201.0
4yjv	4yjv_A	3k5v	3k5v__chain0	40.8	95.5	88.1	260	265	286	5.94e-64	196.0
4ykq	4ykq_A	3b27	3b27__chain0	100.0	100.0	96.7	208	208	215	3.27e-148	404.0
4ykr	4ykr_A	3b27	3b27__chain0	100.0	100.0	96.7	208	208	215	3.27e-148	404.0
4ykt	4ykt_A	3b27	3b27__chain0	100.0	100.0	96.7	208	208	215	3.27e-148	404.0
4yku	4yku_A	3b27	3b27__chain0	100.0	100.0	96.7	208	208	215	3.27e-148	404.0
4ykw	4ykw_A	3b27	3b27__chain0	100.0	100.0	99.1	213	213	215	8.79e-152	414.0
4ykx	4ykx_A	3b27	3b27__chain0	100.0	100.0	96.7	208	208	215	3.27e-148	404.0
4yky	4yky_A	3b27	3b27__chain0	100.0	100.0	96.7	208	208	215	3.27e-148	404.0
4ykz	4ykz_A	3b27	3b27__chain0	100.0	100.0	96.7	208	208	215	3.27e-148	404.0
4yma	4yma_B	2al5	2al5__chain0	100.0	99.6	99.6	259	260	260	3.6e-192	520.0
4yo4	4yo4_A	2wtv	2wtv__chain0	31.7	96.8	97.3	271	280	264	3.35e-42	139.0
4ypd	4ypd_A	2wtv	2wtv__chain0	31.7	96.4	97.3	271	281	264	3.45e-42	139.0
4yt1	4yt1_A	2yfe	2yfe__chain0	99.6	100.0	98.9	261	261	264	1.82e-184	500.0
4yu0	4yu0_A	2al5	2al5__chain0	99.2	99.6	99.6	259	260	260	1.9999999999999997e-189	513.0
4yuq	4yuq_A	2wtv	2wtv__chain0	38.0	53.2	93.2	255	462	264	5.1700000000000003e-51	167.0
4yxs	4yxs_A	1q8t	1q8t__chain0	99.1	100.0	98.8	337	337	341	7.69e-254	682.0
4yyj	4yyj_A	3p5o	3p5o__chain0	36.9	80.2	65.4	84	101	127	5.18e-10	46.6
4yyk	4yyk_A	3p5o	3p5o__chain0	36.9	80.2	65.4	84	101	127	5.18e-10	46.6
4yzb	4yzb_B	2wtv	2wtv__chain0	37.6	54.1	93.2	255	464	264	1.56e-49	164.0
4z0i	4z0i_B	2al5	2al5__chain0	100.0	98.9	100.0	260	263	260	1.73e-193	523.0
4z1f	4z1f_A	2fxs	2fxs__chain0	38.0	39.1	94.4	205	432	213	2.3900000000000002e-35	124.0
4z1g	4z1g_A	2fxs	2fxs__chain0	37.6	39.1	94.4	205	430	213	1.68e-34	121.0
4z1h	4z1h_A	2fxs	2fxs__chain0	38.5	39.4	94.4	205	432	213	1.7100000000000002e-36	127.0
4z1i	4z1i_A	2fxs	2fxs__chain0	46.8	53.7	94.4	205	365	213	1.66e-52	167.0
4z55	4z55_A	3mss	3mss__chain0	40.9	91.5	98.1	274	294	264	1.27e-65	200.0
4zau	4zau_A	3mss	3mss__chain0	39.3	88.7	95.8	257	283	264	4.55e-60	186.0
4zea	4zea_A	2v00	2v00__chain0	100.0	100.0	100.0	330	330	330	8.07e-231	623.0
4zen	4zen_A	2cet	2cet__chain0	38.4	99.6	100.0	474	474	435	1.07e-107	320.0
4zep	4zep_A	2cet	2cet__chain0	38.4	99.6	100.0	474	474	435	1.07e-107	320.0
4zfm	4zfm_A	2j78	2j78__chain0	39.3	99.6	99.8	461	461	443	2.82e-112	332.0
4zh8	4zh8_A	1lpg	1lpg__chain0	100.0	100.0	100.0	234	234	234	1.31e-181	491.0
4zha	4zha_A	1lpg	1lpg__chain0	100.0	100.0	100.0	234	234	234	1.31e-181	491.0
4zhx	4zhx_A	1nvq	1nvq__chain0	34.9	61.6	94.3	258	409	264	1.2800000000000002e-43	147.0
4zi1	4zi1_A	4mgd	4mgd__chain1	60.9	98.3	97.0	230	230	236	1e-97	278.0
4zjs	4zjs_A	2wn9	2wn9__chain4	83.2	98.1	92.5	202	206	214	3.21e-120	333.0
4zjt	4zjt_D	3u8k	3u8k__chain0	100.0	96.3	98.6	206	214	209	2.2e-153	417.0
4zk1	4zk1_G	3u8k	3u8k__chain0	100.0	96.8	100.0	209	216	209	3.54e-155	422.0
4zk4	4zk4_E	2wn9	2wn9__chain4	93.9	100.0	99.1	212	211	214	1.1899999999999998e-146	400.0
4zn7	4zn7_A	4mgd	4mgd__chain1	99.1	100.0	99.2	234	234	236	2.14e-167	455.0
4zn9	4zn9_A	4mgd	4mgd__chain1	97.9	97.5	99.2	234	237	236	9.050000000000001e-163	443.0
4znh	4znh_A	2p15	2p15__chain1	98.3	99.6	100.0	242	239	242	2.5e-171	465.0
4zns	4zns_B	2p15	2p15__chain1	97.9	100.0	99.6	241	236	242	4.79e-166	452.0
4znt	4znt_A	2qe4	2qe4__chain0	98.1	91.3	100.0	209	229	207	1.24e-142	391.0
4znu	4znu_B	2qe4	2qe4__chain0	98.1	91.6	100.0	208	226	207	1.28e-141	388.0
4znv	4znv_B	2p15	2p15__chain1	99.2	98.8	100.0	242	243	242	2.15e-173	471.0
4znw	4znw_A	4mgd	4mgd__chain1	98.3	98.7	98.7	233	234	236	5.64e-163	444.0
4zo1	4zo1_B	2qe4	2qe4__chain0	33.3	86.9	82.1	177	199	207	4.28e-22	83.2
4zof	4zof_A	3r88	3r88__chain0	99.7	100.0	99.7	343	342	344	1.84e-238	644.0
4zog	4zog_A	3k5v	3k5v__chain0	99.3	100.0	93.7	269	269	286	3.51e-203	549.0
4zoj	4zoj_A	3r88	3r88__chain0	99.4	100.0	99.7	343	341	344	1.02e-237	642.0
4zok	4zok_A	3r88	3r88__chain0	99.7	100.0	99.7	343	342	344	1.84e-238	644.0
4zr6	4zr6_D	4qac	4qac__chain0	100.0	100.0	95.2	199	199	209	6.37e-149	405.0
4zru	4zru_A	4qac	4qac__chain4	100.0	99.5	99.5	210	211	211	2.6500000000000004e-156	425.0
4zse	4zse_D	3mss	3mss__chain0	38.4	84.5	95.8	263	297	264	3.99e-59	184.0
4zth	4zth_A	4f9w	4f9w__chain0	99.7	99.4	100.0	337	339	336	1.6300000000000002e-252	679.0
4ztv	4ztv_B	4owm	4owm__chain1	98.6	100.0	99.7	346	341	347	2.2100000000000002e-235	636.0
4zwi	4zwi_A	4jsz	4jsz__chain0	99.6	100.0	100.0	257	257	257	3.93e-199	537.0
4zzn	4zzn_A	3e92	3e92__chain0	48.4	97.6	94.8	339	339	349	6.12e-107	310.0
5aau	5aau_A	2qe4	2qe4__chain1	98.5	90.0	100.0	206	229	204	1.2999999999999999e-141	388.0
5aav	5aav_B	2qe4	2qe4__chain0	96.6	95.7	99.0	206	209	207	8.1e-136	373.0
5aba	5aba_A	5a7b	5a7b__chain0	100.0	100.0	99.5	195	195	196	1.28e-153	417.0
5acc	5acc_A	2pog	2pog__chain1	96.3	94.7	99.5	217	228	211	2.9e-144	395.0
5ack	5ack_A	1ydr	1ydr__chain0	38.3	95.5	79.8	274	287	336	1.46e-68	210.0
5ad2	5ad2_A	3p5o	3p5o__chain0	100.0	100.0	100.0	127	127	127	1.07e-96	267.0
5af9	5af9_H	1oyt	1oyt__chain1	100.0	100.0	100.0	250	250	250	3.78e-198	534.0
5afh	5afh_C	4qac	4qac__chain4	66.0	92.2	89.6	191	204	211	6.61e-86	246.0
5afm	5afm_B	3u8k	3u8k__chain0	65.5	92.3	91.9	194	207	209	2.09e-87	250.0
5afy	5afy_H	2zda	2zda__chain1	100.0	100.0	100.0	251	251	251	2.46e-199	537.0
5afz	5afz_H	2zda	2zda__chain1	100.0	100.0	100.0	251	251	251	2.46e-199	537.0
5agz	5agz_A	1g2k	1g2k__chain0	97.0	100.0	100.0	99	99	99	2.36e-71	201.0
5ah6	5ah6_A	1g2k	1g2k__chain0	97.0	100.0	100.0	99	99	99	2.36e-71	201.0
5ah7	5ah7_A	1g2k	1g2k__chain0	97.0	100.0	100.0	99	99	99	2.36e-71	201.0
5ah8	5ah8_A	1g2k	1g2k__chain0	97.0	100.0	100.0	99	99	99	2.36e-71	201.0
5ah9	5ah9_A	1g2k	1g2k__chain0	97.0	100.0	100.0	99	99	99	2.36e-71	201.0
5aha	5aha_A	1g2k	1g2k__chain0	97.0	100.0	100.0	99	99	99	2.36e-71	201.0
5ahb	5ahb_A	1g2k	1g2k__chain0	97.0	100.0	100.0	99	99	99	2.36e-71	201.0
5ahc	5ahc_A	1g2k	1g2k__chain0	97.0	100.0	100.0	99	99	99	2.36e-71	201.0
5ahg	5ahg_H	2zda	2zda__chain1	100.0	100.0	100.0	251	251	251	2.46e-199	537.0
5ain	5ain_B	2ymd	2ymd__chain1	99.0	100.0	98.6	207	207	210	8.860000000000001e-156	423.0
5ajq	5ajq_A	2xnb	2xnb__chain0	31.5	91.4	97.0	292	280	296	2.3600000000000002e-32	114.0
5and	5and_A	1pxn	1pxn__chain0	94.5	100.0	98.3	289	273	294	2.9500000000000002e-198	537.0
5ane	5ane_A	1pxn	1pxn__chain0	100.0	100.0	100.0	294	294	294	4.649999999999999e-221	595.0
5ang	5ang_A	2fvd	2fvd__chain0	92.6	100.0	99.6	285	268	284	7.779999999999999e-188	510.0
5ani	5ani_A	1pxn	1pxn__chain0	95.6	100.0	99.7	293	280	294	8.96e-204	551.0
5anj	5anj_A	2xnb	2xnb__chain0	97.6	100.0	99.3	296	291	296	2.17e-212	573.0
5ank	5ank_A	1pxn	1pxn__chain0	92.9	100.0	100.0	294	273	294	4.68e-195	529.0
5av2	5av2_A	2wtv	2wtv__chain0	32.5	98.2	97.3	271	275	264	1.14e-41	138.0
5av3	5av3_A	2wtv	2wtv__chain0	32.5	98.2	97.3	271	275	264	1.14e-41	138.0
5av4	5av4_A	2wtv	2wtv__chain0	31.7	98.2	97.3	271	274	264	8.54e-41	135.0
5avl	5avl_A	2p4y	2p4y__chain0	30.5	81.7	75.8	187	224	244	1.3600000000000002e-26	96.7
5awm	5awm_A	2zb1	2zb1__chain0	46.9	99.4	97.4	350	345	345	8.000000000000001e-103	300.0
5ayi	5ayi_A	2wbg	2wbg__chain0	47.2	99.1	98.4	439	441	443	2.13e-144	413.0
5b7v	5b7v_A	3k5v	3k5v__chain0	44.3	80.1	77.3	228	282	286	4.65e-65	199.0
5bne	5bne_A	4owm	4owm__chain1	97.7	100.0	98.8	343	335	347	7.56e-230	622.0
5bo2	5bo2_B	4owm	4owm__chain1	97.7	100.0	98.8	343	336	347	4.7500000000000003e-231	625.0
5bo3	5bo3_A	3r88	3r88__chain0	95.6	100.0	99.7	343	328	344	6.08e-222	601.0
5bp0	5bp0_D	3u8k	3u8k__chain0	100.0	98.6	97.6	204	207	209	1.12e-151	413.0
5bpy	5bpy_A	4m0y	4m0y__chain0	58.5	98.1	98.1	258	263	263	1.7999999999999998e-115	326.0
5bru	5bru_A	4jsz	4jsz__chain0	98.1	99.6	100.0	257	258	257	4.59e-196	529.0
5brx	5brx_A	2wn9	2wn9__chain4	99.5	100.0	97.7	209	209	214	5.73e-158	429.0
5bt3	5bt3_A	3p5o	3p5o__chain0	33.3	89.5	79.5	102	114	127	1.31e-18	69.3
5bt4	5bt4_A	3p5o	3p5o__chain0	100.0	100.0	100.0	127	127	127	1.07e-96	267.0
5buu	5buu_A	2al5	2al5__chain0	99.2	99.6	100.0	260	261	260	1.08e-191	518.0
5bw2	5bw2_A	2wnc	2wnc__chain2	99.1	100.0	100.0	212	211	212	2.36e-157	427.0
5bx6	5bx6_A	1q8t	1q8t__chain0	98.8	98.3	99.7	340	346	341	2.72e-254	684.0
5bx7	5bx7_A	1q8t	1q8t__chain0	98.8	98.3	99.7	340	346	341	2.72e-254	684.0
5byt	5byt_A	3r88	3r88__chain0	99.7	99.7	99.7	343	343	344	2.73e-238	643.0
5c1q	5c1q_B	3jya	3jya__chain0	100.0	100.0	99.6	273	273	274	7.66e-212	570.0
5c1r	5c1r_A	3r88	3r88__chain0	100.0	100.0	99.7	343	343	344	1.4099999999999998e-240	649.0
5c27	5c27_A	3k5v	3k5v__chain0	41.8	94.2	88.1	261	274	286	7.899999999999999e-67	203.0
5c4q	5c4q_A	3p5o	3p5o__chain0	31.7	84.7	81.9	104	118	127	9.65e-13	54.3
5c5p	5c5p_A	4j21	4j21__chain0	100.0	100.0	77.5	162	162	209	1.65e-123	340.0
5c5q	5c5q_A	4kzq	4kzq__chain0	100.0	100.0	100.0	161	161	161	1.7e-123	338.0
5c5r	5c5r_A	4kzq	4kzq__chain0	100.0	100.0	100.0	161	161	161	1.7e-123	338.0
5c7s	5c7s_A	3r88	3r88__chain0	99.7	99.7	99.7	343	344	344	2.96e-240	648.0
5c9c	5c9c_B	4hge	4hge__chain0	30.1	93.2	93.7	279	251	286	3.93e-29	105.0
5ce1	5ce1_A	1k1i	1k1i__chain0	40.6	66.8	100.0	244	361	223	1.33e-49	160.0
5cei	5cei_A	1pxn	1pxn__chain0	39.2	84.6	93.2	301	345	294	7.7e-65	201.0
5cf0	5cf0_A	2xdl	2xdl__chain0	100.0	100.0	100.0	208	208	208	1.0399999999999999e-147	403.0
5cfw	5cfw_A	3p5o	3p5o__chain0	100.0	100.0	100.0	127	127	127	1.07e-96	267.0
5cgp	5cgp_A	3p5o	3p5o__chain0	33.3	88.7	79.5	102	115	127	7.61e-18	67.4
5clp	5clp_B	4eor	4eor__chain0	31.7	90.2	98.0	303	327	294	5.35e-39	133.0
5clu	5clu_A	4jsz	4jsz__chain0	99.6	100.0	100.0	257	257	257	3.93e-199	537.0
5cmk	5cmk_B	3gbb	3gbb__chain0	88.9	99.6	98.4	252	253	255	5.7899999999999995e-170	463.0
5cmm	5cmm_A	3gbb	3gbb__chain0	88.3	98.8	100.0	256	257	255	8.29e-171	465.0
5cnn	5cnn_A	3mss	3mss__chain0	38.4	83.3	96.2	263	300	264	1.23e-58	182.0
5cno	5cno_A	3mss	3mss__chain0	39.6	83.0	95.8	260	300	264	1.7499999999999998e-61	190.0
5coi	5coi_A	3p5o	3p5o__chain0	100.0	93.9	97.6	124	132	127	3.12e-95	264.0
5cok	5cok_A	1g2k	1g2k__chain0	99.0	100.0	100.0	99	99	99	9.99e-73	204.0
5con	5con_A	1g2k	1g2k__chain0	99.0	100.0	100.0	99	99	99	9.99e-73	204.0
5coo	5coo_A	1g2k	1g2k__chain0	99.0	100.0	100.0	99	99	99	9.99e-73	204.0
5cop	5cop_A	1g2k	1g2k__chain0	99.0	100.0	100.0	99	99	99	9.99e-73	204.0
5cpe	5cpe_A	3p5o	3p5o__chain0	100.0	94.6	96.9	123	130	127	2.36e-94	261.0
5cq3	5cq3_A	3p5o	3p5o__chain0	35.8	90.4	83.5	106	115	127	2.14e-17	66.2
5cq4	5cq4_A	3p5o	3p5o__chain0	35.8	90.4	83.5	106	115	127	2.14e-17	66.2
5cq6	5cq6_A	3p5o	3p5o__chain0	35.8	90.4	83.5	106	115	127	2.14e-17	66.2
5cq7	5cq7_A	3p5o	3p5o__chain0	35.8	90.4	83.5	106	115	127	2.14e-17	66.2
5cq8	5cq8_A	3p5o	3p5o__chain0	35.8	90.4	83.5	106	115	127	2.14e-17	66.2
5cqa	5cqa_A	3p5o	3p5o__chain0	35.8	90.4	83.5	106	115	127	2.14e-17	66.2
5cqw	5cqw_A	4eor	4eor__chain0	31.7	89.1	98.0	303	331	294	3.01e-39	134.0
5crm	5crm_A	3p5o	3p5o__chain0	100.0	88.0	92.1	117	133	127	3.51e-90	251.0
5crz	5crz_A	3p5o	3p5o__chain0	100.0	88.0	92.1	117	133	127	3.51e-90	251.0
5cs8	5cs8_A	3p5o	3p5o__chain0	100.0	88.0	92.1	117	133	127	3.51e-90	251.0
5csv	5csv_A	4eor	4eor__chain0	31.7	90.2	98.0	303	327	294	1.95e-39	134.0
5ctl	5ctl_A	3p5o	3p5o__chain0	100.0	88.0	92.1	117	133	127	3.51e-90	251.0
5ctp	5ctp_B	4eor	4eor__chain0	31.7	90.2	98.0	303	327	294	5.35e-39	133.0
5cu0	5cu0_B	4eor	4eor__chain0	31.6	90.2	97.3	301	325	294	2.73e-38	131.0
5cu3	5cu3_B	4eor	4eor__chain0	31.6	90.4	97.3	301	324	294	2.66e-38	131.0
5cu8	5cu8_A	3p5o	3p5o__chain0	35.8	90.4	83.5	106	115	127	2.14e-17	66.2
5cub	5cub_A	3p5o	3p5o__chain0	35.8	90.4	83.5	106	115	127	2.14e-17	66.2
5cuc	5cuc_A	3p5o	3p5o__chain0	35.8	90.4	83.5	106	115	127	2.14e-17	66.2
5cue	5cue_A	3p5o	3p5o__chain0	35.8	90.4	83.5	106	115	127	2.14e-17	66.2
5d3r	5d3r_A	3p5o	3p5o__chain0	100.0	100.0	100.0	127	127	127	1.07e-96	267.0
5d41	5d41_B	3mss	3mss__chain0	38.1	83.8	95.8	265	302	264	1.31e-58	182.0
5dew	5dew_A	4eor	4eor__chain0	31.6	89.2	99.0	294	295	294	2.26e-33	117.0
5dez	5dez_A	3arp	3arp__chain0	46.0	99.2	97.9	568	528	574	1.3e-164	473.0
5df0	5df0_A	3arp	3arp__chain0	46.0	99.2	97.9	568	528	574	1.3e-164	473.0
5dfc	5dfc_A	3p5o	3p5o__chain0	41.7	99.1	83.5	108	109	127	1.1400000000000001e-26	89.7
5dfd	5dfd_A	3p5o	3p5o__chain0	41.7	100.0	83.5	108	108	127	1.09e-26	89.7
5dg5	5dg5_A	4twp	4twp__chain0	41.0	86.9	92.1	261	297	266	3.76e-63	194.0
5di7	5di7_A	2p15	2p15__chain1	100.0	99.6	99.2	240	241	242	1.6999999999999999e-174	473.0
5did	5did_A	2p15	2p15__chain1	99.6	99.6	100.0	243	244	242	2.73e-174	473.0
5die	5die_A	4mgd	4mgd__chain1	98.3	100.0	99.2	236	236	236	1.1e-165	451.0
5dig	5dig_B	2p15	2p15__chain1	100.0	99.6	99.6	241	242	242	8.78e-175	474.0
5dk6	5dk6_A	1nc1	1nc1__chain0	50.0	95.5	98.3	232	243	234	1.7499999999999999e-74	220.0
5dk9	5dk9_A	4mgd	4mgd__chain1	97.9	100.0	98.7	233	230	236	3.78e-160	436.0
5dkb	5dkb_B	4mgd	4mgd__chain1	97.9	100.0	98.7	233	232	236	3.01e-162	442.0
5dke	5dke_A	2qe4	2qe4__chain1	97.1	90.5	100.0	204	221	204	6.1e-138	379.0
5dkg	5dkg_B	2p15	2p15__chain1	98.8	99.6	99.6	241	240	242	7.140000000000001e-169	459.0
5dks	5dks_A	2qe4	2qe4__chain0	98.1	92.9	100.0	209	225	207	2.23e-144	395.0
5dl4	5dl4_B	2p15	2p15__chain1	99.6	99.6	99.2	240	240	242	9.07e-172	466.0
5dlp	5dlp_A	1e66	1e66__chain0	100.0	100.0	100.0	532	532	532	0.0	1108.0
5dlr	5dlr_B	2p15	2p15__chain1	98.8	99.6	100.0	242	240	242	8.7e-170	461.0
5dmc	5dmc_A	2qe4	2qe4__chain0	97.6	91.9	100.0	207	223	207	2.6799999999999997e-140	385.0
5dmf	5dmf_A	4mgd	4mgd__chain1	98.3	100.0	99.2	236	236	236	1.1e-165	451.0
5dn3	5dn3_A	3e5a	3e5a__chain0	99.6	100.0	100.0	265	265	265	2.55e-199	538.0
5dog	5dog_A	4jsz	4jsz__chain0	99.6	100.0	100.0	257	257	257	3.93e-199	537.0
5dos	5dos_A	3e5a	3e5a__chain0	98.1	99.6	99.2	263	259	265	7.19e-193	521.0
5dp0	5dp0_A	4mgd	4mgd__chain1	97.0	100.0	99.2	234	229	236	4.2399999999999996e-159	434.0
5dpv	5dpv_A	3myg	3myg__chain0	98.0	99.6	99.6	256	257	252	2.56e-187	507.0
5dpz	5dpz_A	2v00	2v00__chain0	100.0	100.0	100.0	330	330	330	8.07e-231	623.0
5dq1	5dq1_A	2v00	2v00__chain0	100.0	100.0	100.0	330	330	330	8.07e-231	623.0
5dq2	5dq2_A	2v00	2v00__chain0	100.0	100.0	100.0	330	330	330	8.07e-231	623.0
5dr0	5dr0_A	2v00	2v00__chain0	100.0	100.0	100.0	330	330	330	8.07e-231	623.0
5dr1	5dr1_A	2v00	2v00__chain0	100.0	100.0	100.0	330	330	330	8.07e-231	623.0
5dr2	5dr2_A	3uo4	3uo4__chain0	99.6	99.6	98.9	263	264	266	1.2099999999999999e-197	534.0
5dr6	5dr6_A	3myg	3myg__chain0	98.4	99.2	99.6	255	257	252	2.56e-187	507.0
5dr7	5dr7_A	2v00	2v00__chain0	100.0	100.0	100.0	330	330	330	8.07e-231	623.0
5dr9	5dr9_A	3myg	3myg__chain0	98.4	99.2	99.6	255	257	252	2.56e-187	507.0
5drj	5drj_B	2p15	2p15__chain1	100.0	99.6	99.6	241	242	242	8.78e-175	474.0
5drm	5drm_A	2p15	2p15__chain1	99.2	99.6	99.2	240	239	242	5.04e-171	464.0
5dt0	5dt0_A	3e5a	3e5a__chain0	98.1	99.6	99.2	263	259	265	7.19e-193	521.0
5dt6	5dt6_A	1syi	1syi__chain0	56.9	97.8	100.0	262	267	259	3.46e-101	290.0
5dtb	5dtb_A	3gbb	3gbb__chain0	60.2	98.1	99.2	259	264	255	4.05e-115	325.0
5dtv	5dtv_B	2p15	2p15__chain1	98.8	99.6	99.2	240	238	242	1.9699999999999998e-170	463.0
5du5	5du5_A	2qe4	2qe4__chain0	97.6	90.9	100.0	210	231	207	1.91e-142	390.0
5due	5due_B	2p15	2p15__chain1	99.6	99.2	99.6	241	242	242	2.41e-172	468.0
5dug	5dug_A	4mgd	4mgd__chain1	98.7	100.0	98.7	234	234	236	5.89e-165	449.0
5duh	5duh_A	4mgd	4mgd__chain1	98.3	100.0	99.2	236	236	236	1.1e-165	451.0
5dvr	5dvr_A	2wtv	2wtv__chain0	38.2	64.9	93.2	254	387	264	3.84e-50	163.0
5dvs	5dvs_A	4mgd	4mgd__chain1	98.7	100.0	98.3	232	231	236	1.74e-163	445.0
5dvv	5dvv_B	2qe4	2qe4__chain1	93.6	91.0	98.5	202	210	204	9.059999999999999e-128	352.0
5dwe	5dwe_A	4mgd	4mgd__chain1	98.3	98.3	99.2	234	236	236	3.69e-164	447.0
5dwg	5dwg_A	2qe4	2qe4__chain0	98.1	91.1	100.0	207	225	207	8.319999999999999e-140	384.0
5dwi	5dwi_A	4mgd	4mgd__chain1	97.9	100.0	99.2	234	232	236	2.12e-162	442.0
5dwj	5dwj_A	4mgd	4mgd__chain1	97.9	100.0	99.2	234	231	236	1.01e-162	443.0
5dwl	5dwl_A	2yfe	2yfe__chain0	96.7	99.6	98.9	270	271	264	3.71e-182	495.0
5dx4	5dx4_A	3p5o	3p5o__chain0	100.0	98.4	97.6	124	126	127	6.98e-95	263.0
5dxk	5dxk_A	4mgd	4mgd__chain1	99.1	100.0	99.2	234	234	236	2.14e-167	455.0
5dxm	5dxm_A	4mgd	4mgd__chain1	99.1	100.0	99.2	234	234	236	2.14e-167	455.0
5dxp	5dxp_B	4mgd	4mgd__chain1	97.4	100.0	98.7	233	230	236	3.11e-159	434.0
5dxq	5dxq_A	2qe4	2qe4__chain0	98.1	91.6	100.0	208	227	207	8.06e-143	391.0
5dxr	5dxr_A	4mgd	4mgd__chain1	99.1	100.0	99.6	235	235	236	1.34e-168	458.0
5dy8	5dy8_A	4mgd	4mgd__chain1	98.3	100.0	99.6	235	233	236	8.03e-165	448.0
5dyb	5dyb_B	2p15	2p15__chain1	97.1	99.6	99.2	240	234	242	2.1000000000000003e-164	447.0
5dyd	5dyd_A	2qe4	2qe4__chain0	98.1	91.6	100.0	207	225	207	6.11e-142	389.0
5dyu	5dyu_A	3p5o	3p5o__chain0	35.8	89.7	83.5	106	116	127	1.57e-17	66.6
5dyx	5dyx_A	3p5o	3p5o__chain0	35.8	89.7	83.5	106	116	127	1.57e-17	66.6
5dz0	5dz0_A	4mgd	4mgd__chain1	98.3	100.0	99.6	236	236	236	1.1e-165	451.0
5dz1	5dz1_B	2p15	2p15__chain1	100.0	99.6	99.2	240	241	242	1.6999999999999999e-174	473.0
5dz3	5dz3_B	2p15	2p15__chain1	98.3	99.6	99.6	241	238	242	1.0900000000000001e-167	456.0
5dzc	5dzc_A	3ag9	3ag9__chain0	40.6	34.4	87.1	281	816	319	6.270000000000001e-72	232.0
5dzh	5dzh_A	4mgd	4mgd__chain1	98.7	99.6	99.6	235	235	236	2.14e-165	450.0
5dzi	5dzi_B	2p15	2p15__chain1	99.6	100.0	99.2	240	239	242	8.71e-172	466.0
5e0r	5e0r_A	3p5o	3p5o__chain0	100.0	100.0	100.0	127	127	127	1.07e-96	267.0
5e0w	5e0w_B	2qe4	2qe4__chain0	98.1	90.9	100.0	209	230	207	5.49e-144	394.0
5e0x	5e0x_B	2qe4	2qe4__chain0	98.1	90.9	100.0	209	230	207	1.29e-142	391.0
5e14	5e14_A	4mgd	4mgd__chain1	98.3	100.0	99.2	234	232	236	9.000000000000001e-164	446.0
5e19	5e19_B	2p15	2p15__chain1	98.8	99.6	99.2	240	238	242	1.9699999999999998e-170	463.0
5e1c	5e1c_B	2p15	2p15__chain1	100.0	99.6	99.2	240	241	242	1.6999999999999999e-174	473.0
5e2i	5e2i_A	1e66	1e66__chain0	100.0	100.0	100.0	532	532	532	0.0	1108.0
5e4j	5e4j_A	1e66	1e66__chain0	100.0	100.0	100.0	532	532	532	0.0	1108.0
5e4t	5e4t_A	1e66	1e66__chain0	100.0	100.0	100.0	532	532	532	0.0	1108.0
5e9i	5e9i_A	3p5o	3p5o__chain0	35.8	89.7	83.5	106	116	127	1.57e-17	66.6
5e9k	5e9k_A	3p5o	3p5o__chain0	35.8	89.7	83.5	106	116	127	1.57e-17	66.6
5e9l	5e9l_A	3p5o	3p5o__chain0	35.8	89.7	83.5	106	116	127	1.57e-17	66.6
5e9m	5e9m_A	3p5o	3p5o__chain0	35.8	89.7	83.5	106	116	127	1.57e-17	66.6
5ebt	5ebt_B	4kzq	4kzq__chain1	91.5	22.8	100.0	47	206	47	9.04e-28	93.6
5ecg	5ecg_A	5a7b	5a7b__chain0	94.4	99.0	100.0	196	192	196	2.4499999999999998e-139	380.0
5ee8	5ee8_A	4de2	4de2__chain0	41.4	94.0	95.0	249	265	260	5.63e-61	187.0
5eg3	5eg3_A	3k5v	3k5v__chain0	40.3	92.1	90.6	278	302	286	2.78e-69	211.0
5egr	5egr_A	1r5y	1r5y__chain0	99.4	99.7	100.0	362	362	361	2.86e-265	713.0
5egv	5egv_A	2qe4	2qe4__chain0	98.1	90.4	100.0	208	229	207	1.45e-141	388.0
5ehj	5ehj_B	2p15	2p15__chain1	97.1	99.6	99.2	240	234	242	7.010000000000001e-163	444.0
5ehm	5ehm_A	3gbb	3gbb__chain0	60.5	96.9	98.0	253	261	255	7.269999999999999e-115	324.0
5ehs	5ehs_B	3gbb	3gbb__chain0	60.5	98.1	98.0	253	258	255	4.5699999999999995e-115	324.0
5ehv	5ehv_A	4jsz	4jsz__chain0	99.6	99.6	100.0	257	258	257	5.81e-199	536.0
5ehw	5ehw_A	4jsz	4jsz__chain0	99.6	99.6	100.0	257	258	257	5.81e-199	536.0
5ei1	5ei1_A	4mgd	4mgd__chain1	97.9	100.0	98.7	234	232	236	2.4700000000000003e-161	439.0
5ei5	5ei5_A	1e66	1e66__chain0	100.0	99.6	100.0	532	534	532	0.0	1108.0
5eia	5eia_A	1e66	1e66__chain0	59.7	98.9	99.8	533	538	532	5.48e-246	679.0
5eic	5eic_A	3p5o	3p5o__chain0	33.3	90.3	79.5	102	113	127	5.05e-18	67.8
5eih	5eih_A	1e66	1e66__chain0	59.7	98.9	99.8	533	538	532	5.48e-246	679.0
5eit	5eit_B	4mgd	4mgd__chain1	98.7	99.1	98.7	233	235	236	2.14e-165	450.0
5es1	5es1_A	2br1	2br1__chain0	34.5	80.6	95.6	264	304	272	2.66e-47	154.0
5et4	5et4_A	1o0h	1o0h__chain0	98.4	100.0	100.0	124	124	124	3e-88	246.0
5ew8	5ew8_B	3k5v	3k5v__chain0	41.9	91.7	89.2	267	290	286	5.9699999999999995e-68	207.0
5ezr	5ezr_A	3ag9	3ag9__chain0	40.6	35.0	87.1	281	803	319	1.0000000000000001e-71	231.0
5ezv	5ezv_A	1nvq	1nvq__chain0	34.9	57.0	94.3	258	442	264	2.49e-43	147.0
5f03	5f03_A	4crc	4crc__chain0	40.9	97.9	97.5	242	242	237	2.38e-59	181.0
5f0a	5f0a_A	3ag9	3ag9__chain0	40.6	34.6	87.1	281	811	319	5.830000000000001e-72	232.0
5f5r	5f5r_A	2fxs	2fxs__chain0	46.4	88.4	94.4	207	225	213	1.74e-54	167.0
5fbx	5fbx_A	3p5o	3p5o__chain0	100.0	100.0	100.0	127	127	127	1.07e-96	267.0
5fdx	5fdx_B	3k5v	3k5v__chain0	41.4	97.4	87.8	268	274	286	1.78e-65	200.0
5fe0	5fe0_A	3p5o	3p5o__chain0	39.8	92.7	81.1	103	109	127	1.19e-23	82.0
5fe1	5fe1_A	3p5o	3p5o__chain0	39.8	93.5	81.1	103	108	127	1.1499999999999999e-23	82.0
5fe2	5fe2_A	3p5o	3p5o__chain0	39.8	94.4	81.1	103	107	127	1.5699999999999997e-23	81.6
5fe3	5fe3_A	3p5o	3p5o__chain0	39.6	95.4	83.5	106	109	127	2.1e-24	84.0
5fe4	5fe4_A	3p5o	3p5o__chain0	39.8	93.5	81.1	103	108	127	1.1499999999999999e-23	82.0
5fe5	5fe5_A	3p5o	3p5o__chain0	39.8	93.5	81.1	103	108	127	1.1499999999999999e-23	82.0
5fe8	5fe8_A	3p5o	3p5o__chain0	39.8	93.5	81.1	103	108	127	1.1499999999999999e-23	82.0
5fet	5fet_A	3ag9	3ag9__chain0	41.3	33.3	83.4	269	802	319	1.89e-66	217.0
5fjv	5fjv_A	2ymd	2ymd__chain7	30.9	90.3	90.2	188	207	205	1.75e-28	100.0
5flr	5flr_A	4jsz	4jsz__chain0	99.6	99.6	100.0	257	258	257	5.81e-199	536.0
5fm2	5fm2_A	3k5v	3k5v__chain0	41.3	96.8	91.6	271	277	286	1.8800000000000002e-71	215.0
5fm3	5fm3_A	3k5v	3k5v__chain0	41.3	95.7	91.6	271	280	286	1.47e-71	216.0
5fnh	5fnh_A	4jsz	4jsz__chain0	99.6	100.0	100.0	257	257	257	3.93e-199	537.0
5fnk	5fnk_A	4jsz	4jsz__chain0	99.6	99.6	100.0	257	258	257	5.81e-199	536.0
5fnl	5fnl_A	4jsz	4jsz__chain0	99.6	99.6	100.0	257	258	257	5.81e-199	536.0
5fnm	5fnm_A	4jsz	4jsz__chain0	99.6	99.6	100.0	257	258	257	5.81e-199	536.0
5foq	5foq_B	1e66	1e66__chain0	59.7	99.3	99.8	533	534	532	6.68e-246	678.0
5fp5	5fp5_A	2fvd	2fvd__chain0	92.6	100.0	98.9	282	264	284	2.21e-186	506.0
5fp6	5fp6_A	2xnb	2xnb__chain0	93.9	100.0	98.6	294	278	296	9.95e-201	543.0
5fpf	5fpf_A	4kzq	4kzq__chain0	100.0	100.0	98.8	159	159	161	2.6000000000000003e-122	335.0
5fpg	5fpg_A	4kzq	4kzq__chain1	100.0	22.4	97.9	46	205	47	3.49e-30	99.8
5fpp	5fpp_A	1e66	1e66__chain0	59.5	98.0	99.8	533	540	532	3.93e-244	674.0
5fqj	5fqj_A	4de2	4de2__chain0	56.8	97.0	98.8	257	265	260	8.89e-99	283.0
5fqk	5fqk_A	4de2	4de2__chain0	56.6	97.3	98.5	256	263	260	5.47e-97	279.0
5fth	5fth_C	2al5	2al5__chain0	96.5	99.6	99.2	258	255	260	1.38e-181	493.0
5fti	5fti_A	2al5	2al5__chain0	98.1	99.2	100.0	260	262	260	1.5299999999999999e-189	513.0
5g01	5g01_A	4jsz	4jsz__chain0	96.1	99.6	100.0	257	258	257	2.85e-190	514.0
5g03	5g03_A	4jsz	4jsz__chain0	95.7	100.0	100.0	257	257	257	1.93e-190	515.0
5g15	5g15_A	3e5a	3e5a__chain0	99.6	99.6	99.6	264	265	265	1.47e-198	536.0
5g3j	5g3j_A	3b5r	3b5r__chain0	50.6	99.2	100.0	247	248	247	6.799999999999999e-91	262.0
5g5w	5g5w_A	3b5r	3b5r__chain0	50.6	99.6	100.0	247	247	247	6.55e-91	262.0
5g6v	5g6v_A	2xnb	2xnb__chain0	55.2	90.9	95.9	286	308	296	2e-107	308.0
5ghy	5ghy_B	4de2	4de2__chain0	42.5	98.4	97.7	254	256	260	2.14e-69	208.0
5ghz	5ghz_B	4de2	4de2__chain0	42.5	98.4	97.7	254	256	260	2.14e-69	208.0
5gim	5gim_A	2zda	2zda__chain0	100.0	93.3	96.6	28	30	29	1.3e-16	58.2
5glb	5glb_A	4de2	4de2__chain0	58.8	95.9	98.8	257	268	260	7.01e-99	284.0
5gnx	5gnx_B	2wbg	2wbg__chain0	51.6	98.2	99.1	444	449	443	1.1000000000000001e-156	445.0
5gny	5gny_A	2wbg	2wbg__chain0	51.8	98.4	99.1	444	448	443	3.7300000000000004e-157	446.0
5gnz	5gnz_C	2wbg	2wbg__chain0	51.8	98.7	99.1	444	447	443	1.2700000000000002e-157	447.0
5grn	5grn_A	3pyy	3pyy__chain0	38.7	97.9	98.1	282	286	265	2.2199999999999998e-67	204.0
5gtn	5gtn_A	2yfe	2yfe__chain0	97.8	99.6	100.0	270	271	264	4.7200000000000006e-185	502.0
5gtr	5gtr_A	2p15	2p15__chain0	97.9	100.0	99.2	240	236	242	2.37e-166	452.0
5h8f	5h8f_B	1syi	1syi__chain0	34.9	78.5	88.0	232	284	259	4.18e-39	131.0
5h8h	5h8h_B	1vso	1vso__chain0	35.1	77.7	87.2	225	283	243	4.13e-38	128.0
5h8n	5h8n_B	1vso	1vso__chain0	34.8	78.4	88.1	227	283	243	1.6100000000000001e-37	127.0
5h8q	5h8q_B	1vso	1vso__chain0	34.8	77.7	86.8	224	282	243	4.3400000000000005e-37	125.0
5h8s	5h8s_C	2al5	2al5__chain0	99.6	98.9	100.0	260	263	260	9.99e-193	521.0
5hco	5hco_A	2v00	2v00__chain0	100.0	100.0	100.0	330	330	330	8.07e-231	623.0
5hcz	5hcz_A	3mss	3mss__chain0	37.0	82.7	95.8	262	300	264	6.100000000000001e-56	176.0
5hd4	5hd4_A	3e92	3e92__chain0	48.4	97.7	95.4	341	347	349	1.25e-108	315.0
5hd7	5hd7_A	3e92	3e92__chain0	48.1	97.7	95.4	341	347	349	4.05e-107	311.0
5hdr	5hdr_A	2wvt	2wvt__chain1	100.0	99.8	100.0	439	440	439	0.0	931.0
5hez	5hez_B	4jia	4jia__chain0	99.0	100.0	97.0	291	291	300	8.53e-220	592.0
5hf9	5hf9_A	1gpk	1gpk__chain0	58.5	99.6	99.8	530	530	529	4.33e-240	663.0
5hfa	5hfa_A	1e66	1e66__chain0	58.2	99.6	99.8	533	533	532	3.11e-239	661.0
5hhw	5hhw_A	3pyy	3pyy__chain0	39.9	89.2	95.5	273	306	265	2.1399999999999998e-67	205.0
5hi2	5hi2_A	3mss	3mss__chain0	32.6	95.1	93.9	258	247	264	1.08e-36	124.0
5hib	5hib_A	3mss	3mss__chain0	38.5	82.8	95.8	265	314	264	1.06e-57	181.0
5hic	5hic_A	3mss	3mss__chain0	36.9	82.5	95.8	263	302	264	9.140000000000001e-56	175.0
5hid	5hid_B	3k5v	3k5v__chain0	31.9	99.6	93.0	279	269	286	4.860000000000001e-35	121.0
5hie	5hie_A	4hge	4hge__chain0	31.1	92.6	93.7	280	258	286	4.78e-28	102.0
5hjp	5hjp_A	2qe4	2qe4__chain1	33.5	80.5	84.3	176	215	204	2.2800000000000002e-21	81.6
5hnb	5hnb_A	1pxn	1pxn__chain0	39.2	84.8	93.2	301	342	294	3.53e-65	202.0
5hph	5hph_A	2fxs	2fxs__chain0	46.4	41.3	94.4	207	482	213	1.77e-51	167.0
5hq0	5hq0_A	2xnb	2xnb__chain0	67.2	99.0	96.6	290	292	296	3.48e-140	391.0
5hq5	5hq5_A	3p5o	3p5o__chain0	100.0	100.0	100.0	127	127	127	1.07e-96	267.0
5hq6	5hq6_A	3p5o	3p5o__chain0	100.0	100.0	98.4	125	125	127	1.16e-95	265.0
5hq7	5hq7_A	3p5o	3p5o__chain0	100.0	100.0	98.4	125	125	127	5.73e-96	265.0
5hrn	5hrn_A	3zsx	3zsx__chain0	96.6	100.0	99.3	148	148	149	3.94e-107	295.0
5hrp	5hrp_A	3ao4	3ao4__chain1	92.6	97.8	100.0	136	139	133	2.61e-88	247.0
5hrr	5hrr_A	3ao4	3ao4__chain1	92.0	97.9	100.0	137	140	133	1.35e-88	248.0
5hrs	5hrs_A	3ao4	3ao4__chain1	91.9	97.8	100.0	136	139	133	1.51e-87	245.0
5hti	5hti_A	3pyy	3pyy__chain0	40.7	87.2	92.8	258	290	265	2.32e-62	192.0
5hyk	5hyk_A	3b1m	3b1m__chain0	62.2	100.0	98.5	262	255	260	1.19e-115	326.0
5hzc	5hzc_A	3fur	3fur__chain0	99.6	100.0	98.4	252	251	256	6.2999999999999994e-176	478.0
5i00	5i00_A	3gc5	3gc5__chain0	99.5	99.7	100.0	369	370	368	7.120000000000001e-272	730.0
5i02	5i02_A	3gc5	3gc5__chain0	95.4	99.2	100.0	369	356	368	8.25e-256	689.0
5i03	5i03_A	1s38	1s38__chain0	97.3	99.2	100.0	365	359	364	1.02e-258	696.0
5i06	5i06_A	1s38	1s38__chain0	96.2	99.2	100.0	365	355	364	6.53e-254	684.0
5i07	5i07_A	3rr4	3rr4__chain0	96.8	98.9	100.0	372	368	368	1.3e-262	707.0
5i0b	5i0b_A	2br1	2br1__chain0	31.3	83.7	89.7	249	289	272	7.470000000000001e-26	97.1
5i2k	5i2k_B	1syi	1syi__chain0	34.9	77.7	88.0	232	287	259	4.5299999999999997e-39	131.0
5i2n	5i2n_B	1vso	1vso__chain0	35.1	77.7	87.2	225	283	243	4.13e-38	128.0
5i46	5i46_H	1mq6	1mq6__chain0	39.0	94.5	100.0	241	254	233	5.88e-65	196.0
5i57	5i57_A	1vso	1vso__chain0	34.7	78.0	86.8	225	282	243	6.09e-37	125.0
5i5r	5i5r_A	2wvt	2wvt__chain1	100.0	99.8	100.0	439	440	439	0.0	931.0
5i7x	5i7x_A	3p5o	3p5o__chain0	36.9	80.2	65.4	84	101	127	5.18e-10	46.6
5i8a	5i8a_A	4hge	4hge__chain0	36.4	84.1	80.8	247	270	286	1.86e-44	145.0
5i9v	5i9v_A	3k5v	3k5v__chain0	40.8	88.9	88.5	260	279	286	5.28e-66	201.0
5i9w	5i9w_A	3qgy	3qgy__chain0	42.2	91.0	98.8	244	267	245	2.9e-66	200.0
5ict	5ict_A	1syi	1syi__chain0	57.3	97.8	100.0	262	267	259	6.02e-102	291.0
5iev	5iev_A	4eor	4eor__chain0	96.6	99.6	99.7	293	284	294	3.29e-207	560.0
5iex	5iex_A	4eor	4eor__chain0	96.9	99.6	99.7	293	285	294	2.9300000000000003e-208	563.0
5iey	5iey_A	4eor	4eor__chain0	97.3	99.7	99.7	293	286	294	7.500000000000001e-209	564.0
5ig6	5ig6_A	3p5o	3p5o__chain0	47.5	86.1	75.6	99	115	127	6.149999999999999e-28	93.2
5ih7	5ih7_A	1e66	1e66__chain0	100.0	99.6	100.0	532	534	532	0.0	1108.0
5imx	5imx_A	4qd6	4qd6__chain0	40.4	91.0	93.9	245	266	244	1.8400000000000002e-58	180.0
5ipz	5ipz_B	4jsz	4jsz__chain0	33.8	98.0	98.1	263	256	257	2.28e-31	110.0
5is4	5is4_A	2v00	2v00__chain0	100.0	100.0	100.0	330	330	330	8.07e-231	623.0
5isj	5isj_A	2v00	2v00__chain0	100.0	100.0	100.0	330	330	330	8.07e-231	623.0
5iso	5iso_C	1nvq	1nvq__chain0	34.9	58.7	94.3	258	429	264	2.7000000000000003e-43	146.0
5ita	5ita_A	3k5v	3k5v__chain0	32.0	96.8	89.5	266	250	286	9.85e-37	125.0
5ivq	5ivq_A	1eby	1eby__chain0	100.0	100.0	100.0	99	99	99	8.539999999999999e-74	207.0
5ivr	5ivr_A	1eby	1eby__chain0	100.0	100.0	100.0	99	99	99	8.539999999999999e-74	207.0
5iys	5iys_A	3acw	3acw__chain0	32.7	88.7	90.8	260	283	284	1.27e-40	136.0
5j5f	5j5f_F	4qac	4qac__chain3	100.0	99.5	99.5	212	213	213	2.27e-158	430.0
5j5g	5j5g_B	3u8k	3u8k__chain0	100.0	95.9	100.0	209	218	209	3.84e-155	422.0
5j5h	5j5h_E	4qac	4qac__chain2	100.0	100.0	99.0	206	206	208	7.6e-154	418.0
5j5i	5j5i_G	3u8k	3u8k__chain0	100.0	96.3	98.6	206	214	209	2.2e-153	417.0
5j5s	5j5s_A	3k5v	3k5v__chain0	44.9	95.0	92.3	265	258	286	3.3e-75	224.0
5j9m	5j9m_A	3rr4	3rr4__chain0	99.7	99.5	100.0	368	369	368	1.68e-272	732.0
5j9n	5j9n_A	3rr4	3rr4__chain0	99.2	99.7	100.0	369	368	368	1.27e-269	724.0
5j9o	5j9o_A	3rr4	3rr4__chain0	98.7	99.7	100.0	371	371	368	1.01e-269	725.0
5jdv	5jdv_B	4jsz	4jsz__chain0	99.2	99.6	100.0	257	258	257	3.36e-198	535.0
5je7	5je7_B	4jsz	4jsz__chain0	99.2	100.0	100.0	257	257	257	1.13e-198	536.0
5jeb	5jeb_A	3mss	3mss__chain0	39.6	88.0	95.8	265	299	264	4.25e-62	191.0
5jeg	5jeg_B	4jsz	4jsz__chain0	99.2	99.2	100.0	257	259	257	8.599999999999999e-199	536.0
5jeh	5jeh_B	4jsz	4jsz__chain0	99.2	99.2	100.0	257	259	257	2.4600000000000002e-198	535.0
5jei	5jei_A	2al5	2al5__chain0	99.6	98.5	100.0	260	264	260	1.04e-192	521.0
5jep	5jep_B	4jsz	4jsz__chain0	99.2	99.6	100.0	257	258	257	2.3700000000000002e-198	535.0
5jes	5jes_B	4jsz	4jsz__chain0	99.2	99.6	100.0	257	258	257	3.36e-198	535.0
5jfs	5jfs_A	3qgy	3qgy__chain0	40.6	87.7	95.1	244	277	245	3.01e-60	185.0
5jfv	5jfv_A	3qgy	3qgy__chain0	40.6	87.7	95.1	244	277	245	3.01e-60	185.0
5jfw	5jfw_A	3qgy	3qgy__chain0	40.6	87.7	95.1	244	277	245	3.01e-60	185.0
5jfx	5jfx_A	3qgy	3qgy__chain0	40.6	87.7	95.1	244	277	245	3.01e-60	185.0
5jg3	5jg3_B	4jsz	4jsz__chain0	98.8	99.2	100.0	257	259	257	4.09e-197	532.0
5jg5	5jg5_B	4jsz	4jsz__chain0	98.8	99.2	100.0	257	259	257	1.43e-197	533.0
5jgm	5jgm_A	3rr4	3rr4__chain0	99.5	99.5	100.0	370	372	368	4.46e-271	728.0
5jgo	5jgo_A	3rr4	3rr4__chain0	99.7	99.5	100.0	369	371	368	4.4700000000000004e-273	733.0
5jgs	5jgs_B	4jsz	4jsz__chain0	98.8	100.0	100.0	257	257	257	4.58e-198	534.0
5jgt	5jgt_B	4jsz	4jsz__chain0	98.8	99.2	100.0	257	259	257	7.07e-198	534.0
5ji0	5ji0_D	2yfe	2yfe__chain0	97.4	99.3	98.5	267	269	264	9.82e-182	494.0
5jkg	5jkg_A	3k5v	3k5v__chain0	41.6	95.1	90.6	269	266	286	9.409999999999999e-69	208.0
5jlg	5jlg_A	1o0h	1o0h__chain0	100.0	100.0	100.0	124	124	124	4.43e-90	250.0
5jmm	5jmm_B	4mgd	4mgd__chain1	99.1	100.0	99.6	235	235	236	1.34e-168	458.0
5jmz	5jmz_A	4jsz	4jsz__chain0	96.9	100.0	100.0	257	257	257	4.2300000000000005e-194	524.0
5jn3	5jn3_A	4jsz	4jsz__chain0	96.9	100.0	100.0	257	257	257	4.2300000000000005e-194	524.0
5jn7	5jn7_A	4jsz	4jsz__chain0	99.6	100.0	100.0	257	257	257	3.93e-199	537.0
5jq0	5jq0_A	4jsz	4jsz__chain0	99.6	100.0	100.0	257	257	257	3.93e-199	537.0
5jqt	5jqt_A	4jsz	4jsz__chain0	99.6	98.8	100.0	257	260	257	3.12e-199	537.0
5jsv	5jsv_A	3gc5	3gc5__chain0	99.7	99.7	100.0	369	370	368	2.4800000000000002e-272	731.0
5jsw	5jsw_A	3rr4	3rr4__chain0	99.5	99.5	100.0	370	372	368	2.2100000000000001e-271	729.0
5jtt	5jtt_A	3ebp	3ebp__chain0	99.9	100.0	100.0	810	810	810	0.0	1637.0
5jtu	5jtu_A	3ebp	3ebp__chain0	99.9	100.0	100.0	810	810	810	0.0	1637.0
5jty	5jty_A	1vso	1vso__chain0	33.8	80.2	86.8	219	262	243	1.95e-31	110.0
5jzj	5jzj_A	3ag9	3ag9__chain0	35.5	91.9	78.4	259	271	319	4.7e-47	153.0
5k0k	5k0k_A	3k5v	3k5v__chain0	44.3	91.2	85.3	255	260	286	2.17e-68	207.0
5k3y	5k3y_B	2wtv	2wtv__chain0	70.6	95.3	100.0	265	278	264	7.99e-142	393.0
5kao	5kao_A	1g2k	1g2k__chain0	97.0	100.0	100.0	99	99	99	2.76e-70	198.0
5kb3	5kb3_A	1nc3	1nc3__chain1	34.5	99.1	99.1	229	230	230	1.44e-37	125.0
5kcc	5kcc_A	2p15	2p15__chain1	98.3	99.6	99.2	240	237	242	2.21e-169	460.0
5kcd	5kcd_A	4mgd	4mgd__chain1	97.9	100.0	99.2	234	231	236	7.100000000000001e-163	443.0
5kce	5kce_B	1qkt	1qkt__chain0	96.7	100.0	98.4	244	239	248	4.73e-166	452.0
5kcf	5kcf_A	4mgd	4mgd__chain1	98.7	99.6	100.0	236	236	236	3.8500000000000005e-166	452.0
5kcj	5kcj_B	1vso	1vso__chain0	35.1	78.3	87.2	225	281	243	3.92e-38	128.0
5kct	5kct_A	4mgd	4mgd__chain1	99.2	100.0	100.0	236	236	236	2.42e-169	460.0
5kcu	5kcu_A	2qe4	2qe4__chain0	98.1	92.5	100.0	209	226	207	1.56e-142	390.0
5kcw	5kcw_A	4mgd	4mgd__chain1	98.3	100.0	99.6	235	233	236	8.03e-165	448.0
5kd9	5kd9_A	4mgd	4mgd__chain1	98.7	100.0	99.2	235	235	236	1.51e-165	450.0
5kdh	5kdh_A	3p5o	3p5o__chain0	100.0	100.0	100.0	127	127	127	1.07e-96	267.0
5kdt	5kdt_B	1vso	1vso__chain0	34.8	77.9	88.1	227	285	243	1.7e-37	127.0
5ke4	5ke4_C	2wnc	2wnc__chain1	95.3	100.0	99.1	211	211	213	3.07e-151	412.0
5kgd	5kgd_A	3jya	3jya__chain0	100.0	100.0	99.6	273	273	274	7.66e-212	570.0
5kgg	5kgg_A	3jya	3jya__chain0	100.0	100.0	99.6	273	273	274	7.66e-212	570.0
5kgi	5kgi_A	3jya	3jya__chain0	100.0	100.0	99.6	273	273	274	7.66e-212	570.0
5kgk	5kgk_A	3jya	3jya__chain0	100.0	100.0	99.6	273	273	274	7.66e-212	570.0
5kmi	5kmi_A	4m0y	4m0y__chain0	37.9	89.0	95.4	269	300	263	1.9e-60	187.0
5kmj	5kmj_A	4m0y	4m0y__chain0	37.7	89.0	95.4	268	300	263	2.69e-60	187.0
5kmk	5kmk_A	4m0y	4m0y__chain0	37.8	88.2	95.4	270	304	263	2.16e-60	187.0
5kml	5kml_A	4m0y	4m0y__chain0	38.3	89.5	95.4	266	296	263	1.88e-62	192.0
5kmm	5kmm_A	4m0y	4m0y__chain0	37.0	91.0	97.7	276	301	263	1.39e-60	187.0
5kmn	5kmn_A	4m0y	4m0y__chain0	38.3	89.5	95.4	266	296	263	1.88e-62	192.0
5kmo	5kmo_A	4ivb	4ivb__chain0	36.9	94.2	93.9	293	291	293	5.2699999999999995e-45	148.0
5kmw	5kmw_A	4de2	4de2__chain0	84.3	99.6	98.1	255	256	260	6.4e-153	420.0
5kr9	5kr9_A	4mgd	4mgd__chain1	99.1	99.6	99.6	235	236	236	1.99e-168	457.0
5kra	5kra_B	4mgd	4mgd__chain0	98.8	100.0	100.0	241	240	241	6.890000000000001e-169	459.0
5krc	5krc_B	4mgd	4mgd__chain1	98.3	99.2	99.2	236	238	236	1.1999999999999999e-165	451.0
5krf	5krf_A	4mgd	4mgd__chain1	98.7	100.0	99.6	235	234	236	1.45e-165	450.0
5krh	5krh_B	2p15	2p15__chain1	98.3	99.6	99.2	240	237	242	7.38e-168	456.0
5kri	5kri_A	4mgd	4mgd__chain1	97.5	100.0	99.2	236	234	236	6.59e-162	441.0
5krj	5krj_A	2qe4	2qe4__chain0	98.1	90.5	100.0	209	231	207	4.0200000000000005e-144	395.0
5krk	5krk_A	2qe4	2qe4__chain0	98.6	91.2	100.0	208	228	207	3.57e-144	395.0
5krl	5krl_B	2qe4	2qe4__chain0	98.6	91.2	100.0	208	228	207	1.2400000000000001e-144	396.0
5krm	5krm_B	2p15	2p15__chain1	99.2	99.6	99.6	241	240	242	1.2400000000000001e-169	461.0
5krs	5krs_A	3zsx	3zsx__chain0	95.3	98.6	98.7	149	148	149	2.4599999999999998e-101	281.0
5krt	5krt_A	3zsx	3zsx__chain0	95.9	99.3	98.7	147	145	149	3.76e-102	283.0
5ku8	5ku8_A	4eor	4eor__chain0	31.9	89.0	98.0	301	328	294	5.209999999999999e-40	136.0
5kvt	5kvt_A	3k5v	3k5v__chain0	37.1	96.9	91.3	278	287	286	8.720000000000001e-64	196.0
5kwh	5kwh_A	4eor	4eor__chain0	31.7	89.1	98.0	303	331	294	3.01e-39	134.0
5kwv	5kwv_B	4ddk	4ddk__chain1	46.2	95.6	90.7	260	270	281	1.22e-57	179.0
5kyj	5kyj_F	2qe4	2qe4__chain0	33.3	79.4	82.1	177	218	207	1.3300000000000001e-21	82.4
5kz7	5kz7_A	1nvq	1nvq__chain0	35.6	80.4	97.0	264	296	264	2.05e-45	148.0
5kz8	5kz8_A	1nvq	1nvq__chain0	36.4	80.8	97.0	264	302	264	8.49e-50	160.0
5kzu	5kzu_A	2wn9	2wn9__chain1	99.5	100.0	98.6	208	207	211	9.18e-156	423.0
5l1e	5l1e_B	2al5	2al5__chain0	72.7	45.0	99.6	348	773	260	8.28e-165	470.0
5l1f	5l1f_B	2al5	2al5__chain0	72.7	45.0	99.6	348	773	260	8.28e-165	470.0
5l1h	5l1h_A	2al5	2al5__chain0	72.7	45.0	99.6	348	773	260	8.28e-165	470.0
5l6w	5l6w_L	3k5v	3k5v__chain0	30.8	87.9	89.5	260	290	286	6.460000000000001e-33	116.0
5l8u	5l8u_A	3p5o	3p5o__chain0	35.8	89.7	83.5	106	116	127	1.57e-17	66.6
5lar	5lar_A	3e92	3e92__chain0	98.9	99.7	99.7	349	350	349	1.3500000000000001e-257	692.0
5lcp	5lcp_A	1q8t	1q8t__chain0	97.1	96.3	99.7	340	353	341	6.69e-250	673.0
5lcq	5lcq_A	1q8t	1q8t__chain0	97.1	96.3	99.7	340	353	341	6.69e-250	673.0
5lcr	5lcr_A	1q8t	1q8t__chain0	97.1	96.3	99.7	340	353	341	6.69e-250	673.0
5lct	5lct_A	1q8t	1q8t__chain0	97.1	96.3	99.7	340	353	341	6.69e-250	673.0
5lcu	5lcu_A	1q8t	1q8t__chain0	97.1	96.3	99.7	340	353	341	6.69e-250	673.0
5lhp	5lhp_A	1owh	1owh__chain0	70.6	99.2	99.6	245	247	245	4.01e-141	389.0
5li9	5li9_A	3ag9	3ag9__chain0	40.5	84.9	87.5	284	331	319	1.5e-70	216.0
5ll8	5ll8_A	4jsz	4jsz__chain0	99.6	100.0	100.0	257	257	257	3.93e-199	537.0
5lln	5lln_B	4jsz	4jsz__chain0	60.2	99.2	99.2	256	258	257	6.95e-115	324.0
5lmd	5lmd_A	4jsz	4jsz__chain0	99.6	100.0	100.0	257	257	257	3.93e-199	537.0
5lnz	5lnz_A	2xdl	2xdl__chain0	100.0	100.0	99.5	207	207	208	2.0099999999999998e-147	402.0
5lo0	5lo0_A	2xdl	2xdl__chain0	100.0	100.0	99.5	207	207	208	2.0099999999999998e-147	402.0
5lo1	5lo1_A	2xdl	2xdl__chain0	92.8	100.0	99.5	207	192	208	2.24e-131	361.0
5lpo	5lpo_A	3rr4	3rr4__chain0	96.2	99.4	100.0	371	362	368	1.39e-260	701.0
5lpq	5lpq_A	3rr4	3rr4__chain0	95.7	98.6	100.0	372	365	368	1.8300000000000002e-259	699.0
5lpt	5lpt_B	3rr4	3rr4__chain0	96.2	98.6	100.0	372	367	368	4.19e-261	703.0
5lq9	5lq9_A	2yki	2yki__chain0	100.0	100.0	100.0	207	207	207	1.3599999999999998e-147	402.0
5lr1	5lr1_A	2yki	2yki__chain0	100.0	99.5	100.0	207	208	207	1.42e-147	402.0
5lr7	5lr7_A	2yki	2yki__chain0	100.0	100.0	100.0	207	207	207	1.3599999999999998e-147	402.0
5lrb	5lrb_A	3ebp	3ebp__chain0	44.2	98.5	96.9	839	844	810	1.12e-240	688.0
5lrc	5lrc_A	3ebp	3ebp__chain0	99.9	100.0	100.0	810	810	810	0.0	1637.0
5lrd	5lrd_A	3ebp	3ebp__chain0	99.9	100.0	100.0	810	810	810	0.0	1637.0
5lre	5lre_A	3ebp	3ebp__chain0	99.9	100.0	100.0	810	810	810	0.0	1637.0
5lrf	5lrf_A	3ebp	3ebp__chain0	99.9	100.0	100.0	810	810	810	0.0	1637.0
5lrl	5lrl_A	2yki	2yki__chain0	100.0	99.5	100.0	207	208	207	1.42e-147	402.0
5lrz	5lrz_A	2yki	2yki__chain0	100.0	100.0	100.0	207	207	207	1.3599999999999998e-147	402.0
5ls1	5ls1_A	2yki	2yki__chain0	100.0	100.0	100.0	207	207	207	1.3599999999999998e-147	402.0
5lvm	5lvm_A	1ydr	1ydr__chain0	38.3	96.5	79.8	274	284	336	6.6e-69	211.0
5lw1	5lw1_B	3e92	3e92__chain0	47.3	99.2	96.8	355	355	349	6.13e-106	308.0
5lwr	5lwr_A	2v00	2v00__chain0	100.0	100.0	100.0	330	330	330	8.07e-231	623.0
5lwt	5lwt_A	2v00	2v00__chain0	100.0	100.0	100.0	330	330	330	8.07e-231	623.0
5lyq	5lyq_A	2pog	2pog__chain0	32.7	96.7	89.7	217	212	233	1.71e-24	90.5
5m0b	5m0b_A	1q8t	1q8t__chain0	97.1	96.3	99.7	340	353	341	6.69e-250	673.0
5m0c	5m0c_A	1q8t	1q8t__chain0	97.0	100.0	99.1	338	338	341	4.26e-249	670.0
5m0l	5m0l_A	1q8t	1q8t__chain0	97.1	100.0	99.7	340	340	341	2.7899999999999996e-250	673.0
5m4e	5m4e_A	3b27	3b27__chain0	100.0	100.0	96.7	208	208	215	3.27e-148	404.0
5m4h	5m4h_A	3b27	3b27__chain0	100.0	100.0	96.7	208	208	215	3.27e-148	404.0
5m5a	5m5a_A	3ag9	3ag9__chain0	35.0	75.6	80.6	257	315	319	1.37e-44	148.0
5m6v	5m6v_A	1q8t	1q8t__chain0	97.1	96.3	99.7	340	353	341	6.69e-250	673.0
5m6y	5m6y_A	1q8t	1q8t__chain0	97.1	96.3	99.7	340	353	341	6.69e-250	673.0
5m71	5m71_A	1q8t	1q8t__chain0	97.1	96.3	99.7	340	353	341	6.69e-250	673.0
5m75	5m75_A	1q8t	1q8t__chain0	97.1	96.3	99.7	340	353	341	6.69e-250	673.0
5m78	5m78_A	4jsz	4jsz__chain0	99.6	99.2	100.0	257	259	257	6.049999999999999e-199	536.0
5maf	5maf_A	3ag9	3ag9__chain0	35.0	75.2	80.6	257	315	319	5.64e-43	144.0
5mag	5mag_A	3ag9	3ag9__chain0	34.6	75.2	80.6	257	314	319	2.36e-40	137.0
5mah	5mah_A	3ag9	3ag9__chain0	34.2	75.6	80.6	257	316	319	5.8e-43	144.0
5mai	5mai_A	3ag9	3ag9__chain0	34.0	76.0	80.9	259	312	319	2.65e-43	145.0
5mb0	5mb0_A	2v00	2v00__chain0	100.0	100.0	100.0	330	330	330	8.07e-231	623.0
5mb3	5mb3_A	2v00	2v00__chain0	100.0	100.0	100.0	330	330	330	8.07e-231	623.0
5mb5	5mb5_A	2v00	2v00__chain0	100.0	100.0	100.0	330	330	330	8.07e-231	623.0
5mcb	5mcb_A	3ebp	3ebp__chain0	99.8	100.0	100.0	810	809	810	0.0	1630.0
5mco	5mco_A	3udh	3udh__chain0	98.7	98.7	97.0	382	383	394	6.399999999999999e-287	770.0
5mem	5mem_A	3ebp	3ebp__chain0	99.5	100.0	100.0	810	807	810	0.0	1627.0
5mfq	5mfq_B	4dld	4dld__chain1	100.0	100.0	100.0	254	254	254	1.86e-191	517.0
5mfv	5mfv_A	4dld	4dld__chain1	100.0	100.0	98.4	250	250	254	8.43e-187	505.0
5mfw	5mfw_B	4dld	4dld__chain1	100.0	100.0	99.6	253	253	254	1.0299999999999999e-190	515.0
5mgi	5mgi_A	4de2	4de2__chain0	53.8	98.5	99.6	260	264	260	1e-92	268.0
5mhi	5mhi_A	1q8t	1q8t__chain0	96.8	96.3	99.7	340	351	341	4.8600000000000005e-247	665.0
5mj5	5mj5_A	2p15	2p15__chain1	32.8	87.3	80.2	195	213	242	3.91e-25	92.4
5mjt	5mjt_L	2zda	2zda__chain0	100.0	93.5	100.0	29	31	29	8.18e-18	61.2
5mk4	5mk4_A	2qe4	2qe4__chain0	33.3	87.9	89.4	192	214	207	8.339999999999999e-23	85.5
5mku	5mku_A	2pog	2pog__chain1	32.6	88.0	89.6	193	208	211	2.13e-22	84.3
5mls	5mls_H	1oyt	1oyt__chain1	99.6	100.0	100.0	250	250	250	1.0799999999999999e-197	533.0
5mm6	5mm6_H	2zda	2zda__chain1	99.6	100.0	100.0	251	251	251	7.059999999999999e-199	536.0
5mmf	5mmf_B	4eor	4eor__chain0	31.6	90.2	97.3	301	325	294	2.73e-38	131.0
5mmr	5mmr_B	4eor	4eor__chain0	31.6	90.2	97.3	301	325	294	2.73e-38	131.0
5mmw	5mmw_A	2p15	2p15__chain0	32.3	87.7	81.4	198	212	242	1.45e-24	90.9
5mna	5mna_A	1k1i	1k1i__chain0	100.0	100.0	100.0	223	223	223	4.94e-167	453.0
5mnk	5mnk_A	1k1i	1k1i__chain0	100.0	100.0	100.0	223	223	223	4.94e-167	453.0
5mnl	5mnl_A	1k1i	1k1i__chain0	100.0	100.0	100.0	223	223	223	4.94e-167	453.0
5mnm	5mnm_A	1k1i	1k1i__chain0	100.0	100.0	100.0	223	223	223	4.94e-167	453.0
5mnp	5mnp_A	1k1i	1k1i__chain0	100.0	100.0	100.0	223	223	223	4.94e-167	453.0
5mnq	5mnq_A	1k1i	1k1i__chain0	100.0	100.0	100.0	223	223	223	4.94e-167	453.0
5mo4	5mo4_A	3k5v	3k5v__chain0	92.2	61.1	98.3	281	429	286	3.48e-189	520.0
5moh	5moh_A	4eor	4eor__chain0	31.6	89.9	97.3	301	326	294	1.02e-38	132.0
5mot	5mot_A	4eor	4eor__chain0	31.7	89.9	98.0	303	328	294	2e-39	134.0
5mov	5mov_A	4eor	4eor__chain0	31.6	90.2	97.3	301	325	294	9.97e-39	132.0
5mow	5mow_B	4eor	4eor__chain0	31.6	90.4	97.3	301	324	294	2.66e-38	131.0
5mp8	5mp8_A	4eor	4eor__chain0	31.6	90.2	97.3	301	325	294	2.73e-38	131.0
5mqg	5mqg_B	3p5o	3p5o__chain0	33.3	90.3	79.5	102	113	127	5.05e-18	67.8
5mqk	5mqk_B	3p5o	3p5o__chain0	33.3	88.7	79.5	102	115	127	7.61e-18	67.4
5msa	5msa_A	4jsz	4jsz__chain0	35.2	98.9	99.2	264	261	257	4.35e-46	149.0
5mxd	5mxd_A	2vkm	2vkm__chain0	100.0	99.7	100.0	389	390	389	1.83e-298	799.0
5mzl	5mzl_A	3jya	3jya__chain0	98.2	100.0	99.6	273	269	274	4.7299999999999996e-205	553.0
5n1d	5n1d_A	1q8t	1q8t__chain0	96.8	96.3	99.7	340	351	341	4.8600000000000005e-247	665.0
5n1g	5n1g_A	1q8t	1q8t__chain0	97.1	100.0	99.7	340	340	341	2.7899999999999996e-250	673.0
5n1h	5n1h_A	1q8t	1q8t__chain0	97.1	100.0	99.7	340	340	341	2.7899999999999996e-250	673.0
5n1k	5n1k_A	1q8t	1q8t__chain0	96.5	98.0	99.7	340	344	341	3.51e-245	660.0
5n1l	5n1l_A	1q8t	1q8t__chain0	96.8	96.3	99.7	340	351	341	4.8600000000000005e-247	665.0
5n1o	5n1o_A	1q8t	1q8t__chain0	96.2	98.8	99.7	340	340	341	1.2199999999999999e-244	659.0
5n23	5n23_A	1q8t	1q8t__chain0	95.3	99.1	99.7	340	337	341	7.27e-243	654.0
5n2l	5n2l_C	3p5o	3p5o__chain0	43.4	99.1	81.9	106	107	127	2.28e-28	94.0
5n2m	5n2m_A	3p5o	3p5o__chain0	100.0	100.0	100.0	127	127	127	1.07e-96	267.0
5n32	5n32_A	1q8t	1q8t__chain0	96.5	96.8	99.7	340	348	341	2.39e-244	659.0
5n33	5n33_A	1q8t	1q8t__chain0	96.8	96.3	99.7	340	351	341	4.8600000000000005e-247	665.0
5n36	5n36_A	1q8t	1q8t__chain0	96.8	96.3	99.7	340	351	341	4.8600000000000005e-247	665.0
5n37	5n37_A	1q8t	1q8t__chain0	97.1	96.9	99.7	340	351	341	4.35e-250	673.0
5n39	5n39_A	1q8t	1q8t__chain0	96.8	96.3	99.7	340	351	341	4.8600000000000005e-247	665.0
5n3b	5n3b_A	1q8t	1q8t__chain0	97.1	98.0	99.7	340	346	341	3.4000000000000002e-248	668.0
5n3d	5n3d_A	1q8t	1q8t__chain0	96.8	96.6	99.7	340	350	341	4.6700000000000006e-247	665.0
5n3e	5n3e_A	1q8t	1q8t__chain0	97.1	96.3	99.7	340	352	341	4.340000000000001e-248	668.0
5n3f	5n3f_A	1q8t	1q8t__chain0	96.0	98.8	94.7	323	321	341	3.29e-228	617.0
5n3g	5n3g_A	1q8t	1q8t__chain0	97.1	100.0	99.7	340	340	341	2.7899999999999996e-250	673.0
5n3i	5n3i_A	1q8t	1q8t__chain0	97.1	100.0	99.7	340	340	341	2.7899999999999996e-250	673.0
5n3j	5n3j_A	1q8t	1q8t__chain0	97.1	100.0	99.7	340	340	341	2.7899999999999996e-250	673.0
5n3l	5n3l_A	1q8t	1q8t__chain0	97.1	100.0	99.7	340	340	341	2.7899999999999996e-250	673.0
5n3m	5n3m_A	1q8t	1q8t__chain0	97.1	99.7	99.7	340	341	341	2.8999999999999996e-250	673.0
5n3n	5n3n_A	1q8t	1q8t__chain0	97.1	100.0	99.7	340	340	341	2.7899999999999996e-250	673.0
5n3o	5n3o_A	1q8t	1q8t__chain0	97.0	100.0	99.1	338	338	341	4.26e-249	670.0
5n3p	5n3p_A	1q8t	1q8t__chain0	97.1	100.0	99.4	339	339	341	1.09e-249	672.0
5n3q	5n3q_A	1q8t	1q8t__chain0	97.1	100.0	99.4	339	339	341	1.09e-249	672.0
5n3r	5n3r_A	1q8t	1q8t__chain0	97.1	100.0	99.4	339	339	341	1.09e-249	672.0
5n3s	5n3s_A	1q8t	1q8t__chain0	97.1	100.0	99.7	340	340	341	2.7899999999999996e-250	673.0
5n3t	5n3t_A	1q8t	1q8t__chain0	97.1	100.0	99.7	340	340	341	2.7899999999999996e-250	673.0
5n4n	5n4n_A	3jya	3jya__chain0	99.6	100.0	99.6	273	273	274	6.3e-211	568.0
5n4o	5n4o_A	3jya	3jya__chain0	98.9	100.0	99.6	273	271	274	2.6499999999999997e-207	559.0
5n4u	5n4u_A	3jya	3jya__chain0	99.6	100.0	99.3	272	272	274	1.4200000000000001e-209	565.0
5n4v	5n4v_A	3jya	3jya__chain0	99.6	100.0	99.6	273	273	274	6.3e-211	568.0
5n4x	5n4x_A	3jya	3jya__chain0	99.3	100.0	99.6	273	272	274	2.3600000000000003e-208	561.0
5n4y	5n4y_A	3jya	3jya__chain0	99.6	100.0	99.6	273	273	274	6.3e-211	568.0
5n4z	5n4z_A	3jya	3jya__chain0	99.6	100.0	99.3	272	272	274	1.4200000000000001e-209	565.0
5n50	5n50_A	3jya	3jya__chain0	99.6	100.0	99.6	273	273	274	6.3e-211	568.0
5n51	5n51_A	3jya	3jya__chain0	98.2	100.0	99.6	273	269	274	4.7299999999999996e-205	553.0
5n52	5n52_A	3jya	3jya__chain0	97.8	100.0	99.6	273	268	274	2.63e-204	551.0
5n5l	5n5l_A	3jya	3jya__chain0	99.3	100.0	99.6	273	272	274	4.77e-208	561.0
5n5m	5n5m_A	3jya	3jya__chain0	99.6	100.0	99.6	273	273	274	6.3e-211	568.0
5n63	5n63_A	4f9w	4f9w__chain0	96.4	99.7	100.0	336	325	336	3.27e-237	639.0
5n64	5n64_A	4f9w	4f9w__chain0	97.0	99.4	100.0	336	329	336	2.82e-239	645.0
5n65	5n65_A	4f9w	4f9w__chain0	99.1	100.0	100.0	336	333	336	2.88e-249	670.0
5n66	5n66_A	4f9w	4f9w__chain0	98.5	99.7	99.7	335	332	336	1.79e-245	660.0
5n67	5n67_A	4f9w	4f9w__chain0	97.0	99.7	100.0	336	327	336	3.6999999999999997e-239	644.0
5n68	5n68_A	4f9w	4f9w__chain0	97.6	99.7	99.7	335	328	336	8.109999999999999e-241	649.0
5n6f	5n6f_A	3rr4	3rr4__chain0	98.4	99.2	100.0	368	365	368	2.1799999999999998e-267	719.0
5n6s	5n6s_A	2wbg	2wbg__chain0	100.0	100.0	100.0	443	443	443	0.0	932.0
5n7p	5n7p_A	1q8t	1q8t__chain0	97.1	96.3	99.7	340	353	341	6.69e-250	673.0
5n7u	5n7u_A	1q8t	1q8t__chain0	97.1	96.3	99.7	340	353	341	6.69e-250	673.0
5nb7	5nb7_A	1k1i	1k1i__chain0	35.3	99.6	99.6	232	230	223	4.57e-47	149.0
5ncl	5ncl_A	3ag9	3ag9__chain0	36.3	69.9	87.5	311	418	319	5.929999999999999e-61	194.0
5ne2	5ne2_A	4de2	4de2__chain0	50.2	92.6	96.2	251	271	260	1.44e-76	227.0
5nfp	5nfp_A	3b5r	3b5r__chain0	50.6	99.6	100.0	247	247	247	6.55e-91	262.0
5nft	5nft_A	3b5r	3b5r__chain0	51.0	99.2	100.0	247	248	247	1.68e-91	264.0
5nj7	5nj7_A	1o0h	1o0h__chain0	100.0	100.0	100.0	124	124	124	4.43e-90	250.0
5nk0	5nk0_A	3qgy	3qgy__chain0	41.0	90.8	98.8	249	273	245	4.14e-62	190.0
5nk1	5nk1_A	3mss	3mss__chain0	42.4	88.7	93.6	255	284	264	3.56e-68	206.0
5nk5	5nk5_A	3k5v	3k5v__chain0	41.8	89.5	88.5	263	287	286	3.44e-66	202.0
5nke	5nke_A	3k5v	3k5v__chain0	42.2	89.4	88.5	263	292	286	7.08e-70	212.0
5nkf	5nkf_A	3k5v	3k5v__chain0	42.4	89.3	88.5	262	291	286	6.84e-70	212.0
5nrw	5nrw_A	3p5o	3p5o__chain0	33.3	88.7	79.5	102	115	127	7.61e-18	67.4
5ns8	5ns8_A	2wbg	2wbg__chain0	49.8	99.3	98.9	444	440	443	3.69e-155	441.0
5ns9	5ns9_A	2al5	2al5__chain0	98.8	98.5	100.0	260	264	260	1.21e-191	518.0
5nuk	5nuk_A	3uev	3uev__chain0	97.4	100.0	98.1	155	155	158	9.06e-110	303.0
5num	5num_A	3uex	3uex__chain0	97.5	99.4	98.7	157	158	159	2.6000000000000002e-110	304.0
5nxd	5nxd_A	3mss	3mss__chain0	30.3	87.1	91.7	254	271	264	2.0599999999999998e-30	108.0
5nxe	5nxe_B	4j21	4j21__chain0	100.0	100.0	77.5	162	162	209	1.65e-123	340.0
5nxm	5nxm_A	4jsz	4jsz__chain0	99.6	99.6	100.0	257	258	257	5.81e-199	536.0
5nyi	5nyi_A	1yc1	1yc1__chain0	92.8	100.0	99.5	209	209	210	2.41e-140	384.0
5nzz	5nzz_E	2zb1	2zb1__chain0	98.0	99.7	100.0	347	345	345	4.1300000000000003e-252	678.0
5o0y	5o0y_A	2wtv	2wtv__chain0	31.4	95.1	92.4	274	288	264	1.19e-28	104.0
5o12	5o12_A	3jya	3jya__chain0	97.8	100.0	99.3	272	266	274	2.71e-201	543.0
5o13	5o13_A	3jya	3jya__chain0	100.0	100.0	99.3	272	272	274	1.7300000000000003e-210	567.0
5o38	5o38_A	3p5o	3p5o__chain0	41.7	95.6	83.5	108	113	127	1.1500000000000002e-27	92.4
5o39	5o39_A	3p5o	3p5o__chain0	46.5	88.4	75.6	99	112	127	1.11e-27	92.4
5o3a	5o3a_A	3p5o	3p5o__chain0	41.7	100.0	83.5	108	108	127	4.76e-28	93.2
5o3b	5o3b_A	3p5o	3p5o__chain0	41.7	100.0	83.5	108	108	127	4.76e-28	93.2
5o3c	5o3c_A	3p5o	3p5o__chain0	41.7	97.3	83.5	108	111	127	1.07e-27	92.4
5o3d	5o3d_A	3p5o	3p5o__chain0	41.7	96.4	83.5	108	112	127	1.11e-27	92.4
5o3e	5o3e_A	3p5o	3p5o__chain0	41.7	99.1	83.5	108	109	127	7e-28	92.8
5o3f	5o3f_A	3p5o	3p5o__chain0	41.7	98.2	83.5	108	110	127	7.26e-28	92.8
5o3g	5o3g_B	3p5o	3p5o__chain0	41.7	99.1	83.5	108	109	127	7e-28	92.8
5o3h	5o3h_A	3p5o	3p5o__chain0	41.7	99.1	83.5	108	109	127	7e-28	92.8
5o3i	5o3i_A	3p5o	3p5o__chain0	46.5	89.2	75.6	99	111	127	1.07e-27	92.4
5o50	5o50_A	3ebp	3ebp__chain0	99.9	100.0	100.0	810	810	810	0.0	1637.0
5o52	5o52_A	3ebp	3ebp__chain0	99.9	100.0	100.0	810	810	810	0.0	1637.0
5o54	5o54_A	3ebp	3ebp__chain0	99.9	100.0	100.0	810	810	810	0.0	1637.0
5o56	5o56_A	3ebp	3ebp__chain0	99.9	100.0	100.0	810	810	810	0.0	1637.0
5o90	5o90_A	4f9w	4f9w__chain0	95.3	99.7	100.0	339	330	336	3.43e-238	642.0
5o97	5o97_A	3p5o	3p5o__chain0	100.0	100.0	100.0	127	127	127	1.07e-96	267.0
5o9a	5o9a_A	2al5	2al5__chain0	99.2	98.5	100.0	260	264	260	4.24e-192	520.0
5oa0	5oa0_B	2xys	2xys__chain0	97.6	97.6	100.0	205	210	205	1.82e-150	410.0
5oal	5oal_A	2xys	2xys__chain0	97.6	99.5	100.0	205	206	205	1.54e-150	410.0
5od7	5od7_A	3b27	3b27__chain0	100.0	100.0	97.2	209	209	215	1.69e-148	405.0
5oew	5oew_A	2al5	2al5__chain0	100.0	98.9	99.6	259	262	260	1.9400000000000002e-192	520.0
5og7	5og7_A	2v00	2v00__chain0	100.0	100.0	100.0	330	330	330	8.07e-231	623.0
5ogh	5ogh_A	1o0h	1o0h__chain0	100.0	100.0	100.0	124	124	124	4.43e-90	250.0
5ogj	5ogj_A	4jsz	4jsz__chain0	60.2	98.8	99.2	256	259	257	7.22e-115	324.0
5ogo	5ogo_A	4jsz	4jsz__chain0	96.5	99.6	100.0	257	258	257	2.97e-192	520.0
5ohh	5ohh_B	4jsz	4jsz__chain0	60.2	99.2	99.2	256	258	257	6.95e-115	324.0
5oi2	5oi2_A	3ao4	3ao4__chain1	94.0	99.2	100.0	133	131	133	2.2899999999999998e-89	249.0
5oi5	5oi5_A	3ao4	3ao4__chain1	94.0	99.2	100.0	133	131	133	2.2899999999999998e-89	249.0
5oi8	5oi8_A	3ao4	3ao4__chain1	94.0	99.2	100.0	133	131	133	1.61e-89	249.0
5oia	5oia_A	3ao4	3ao4__chain1	94.0	99.2	100.0	133	131	133	1.61e-89	249.0
5okk	5okk_A	2cet	2cet__chain0	38.4	99.6	100.0	474	474	435	1.07e-107	320.0
5okq	5okq_A	2cet	2cet__chain0	38.4	99.6	100.0	474	474	435	1.07e-107	320.0
5okr	5okr_A	2cet	2cet__chain0	38.4	99.6	100.0	474	474	435	1.07e-107	320.0
5oks	5oks_A	2cet	2cet__chain0	38.4	99.6	100.0	474	474	435	1.07e-107	320.0
5omg	5omg_A	4f9w	4f9w__chain0	98.5	99.4	100.0	338	337	336	1.61e-247	666.0
5omh	5omh_A	4f9w	4f9w__chain0	96.4	99.7	100.0	336	325	336	2.3e-237	640.0
5omy	5omy_A	4eor	4eor__chain0	31.7	88.9	98.0	303	332	294	1.57e-39	135.0
5oni	5oni_A	4eor	4eor__chain0	31.7	88.3	98.0	303	334	294	3.23e-39	134.0
5ooi	5ooi_A	4eor	4eor__chain0	32.9	89.7	98.0	304	329	294	5.06e-41	139.0
5oop	5oop_A	2br1	2br1__chain0	95.1	100.0	97.1	264	261	272	2.04e-192	521.0
5oor	5oor_A	1nvq	1nvq__chain0	95.8	96.3	100.0	264	273	264	1.22e-192	521.0
5op7	5op7_A	1nvq	1nvq__chain0	95.4	100.0	98.5	261	261	264	3.5699999999999995e-191	517.0
5orn	5orn_A	3e5a	3e5a__chain0	99.2	99.2	99.2	263	265	265	2.0099999999999999e-196	531.0
5oro	5oro_A	3e5a	3e5a__chain0	99.2	99.2	99.2	263	265	265	2.0099999999999999e-196	531.0
5orp	5orp_A	3e5a	3e5a__chain0	99.2	99.2	99.2	263	265	265	2.0099999999999999e-196	531.0
5ors	5ors_A	3e5a	3e5a__chain0	99.2	99.2	99.2	263	265	265	2.0099999999999999e-196	531.0
5osp	5osp_A	4eor	4eor__chain0	31.7	90.2	98.0	303	327	294	1.95e-39	134.0
5osr	5osr_A	4eor	4eor__chain0	31.7	90.2	98.0	303	327	294	1.95e-39	134.0
5osu	5osu_A	4eor	4eor__chain0	31.7	90.2	98.0	303	327	294	1.95e-39	134.0
5osz	5osz_A	4eor	4eor__chain0	31.7	90.2	98.0	303	327	294	1.95e-39	134.0
5ot5	5ot5_B	4eor	4eor__chain0	31.6	90.2	97.3	301	325	294	2.73e-38	131.0
5otd	5otd_B	4eor	4eor__chain0	31.6	90.4	97.3	301	324	294	2.66e-38	131.0
5ote	5ote_A	1q8t	1q8t__chain0	37.0	73.2	85.0	303	407	341	4.1e-65	205.0
5otf	5otf_A	1q8t	1q8t__chain0	36.7	73.0	85.0	305	411	341	1.2800000000000001e-64	204.0
5oth	5oth_B	4eor	4eor__chain0	31.6	90.4	97.3	301	324	294	2.66e-38	131.0
5oti	5oti_A	4eor	4eor__chain0	31.7	90.2	98.0	303	327	294	1.95e-39	134.0
5otl	5otl_B	4eor	4eor__chain0	31.6	89.9	97.3	301	326	294	2.8e-38	131.0
5otq	5otq_A	4eor	4eor__chain0	31.7	90.2	98.0	303	327	294	1.95e-39	134.0
5oty	5oty_A	4eor	4eor__chain0	31.7	90.2	98.0	303	327	294	1.95e-39	134.0
5oue	5oue_A	4eor	4eor__chain0	31.7	89.9	98.0	303	328	294	5.48e-39	133.0
5oum	5oum_B	4eor	4eor__chain0	31.6	89.9	97.3	301	326	294	2.8e-38	131.0
5ouu	5ouu_B	4eor	4eor__chain0	31.6	90.2	97.3	301	325	294	2.73e-38	131.0
5ovb	5ovb_B	3p5o	3p5o__chain0	100.0	100.0	100.0	127	127	127	1.07e-96	267.0
5owk	5owk_A	3p5o	3p5o__chain0	33.3	89.5	79.5	102	114	127	7.36e-18	67.4
5owm	5owm_A	3p5o	3p5o__chain0	100.0	100.0	99.2	126	126	127	2.08e-96	266.0
5owq	5owq_A	2xnb	2xnb__chain0	31.0	91.0	97.0	287	255	296	1.44e-26	98.6
5owr	5owr_A	1pxn	1pxn__chain0	31.5	85.8	92.2	279	282	294	6.87e-29	105.0
5oww	5oww_A	3p5o	3p5o__chain0	100.0	100.0	100.0	127	127	127	1.07e-96	267.0
5owy	5owy_A	3ebp	3ebp__chain0	99.9	100.0	100.0	810	810	810	0.0	1637.0
5owz	5owz_A	3ebp	3ebp__chain0	99.9	100.0	100.0	810	810	810	0.0	1637.0
5ox0	5ox0_A	3ebp	3ebp__chain0	99.8	100.0	100.0	810	809	810	0.0	1630.0
5ox1	5ox1_A	3ebp	3ebp__chain0	99.9	100.0	100.0	810	810	810	0.0	1637.0
5ox3	5ox3_A	3ebp	3ebp__chain0	99.9	100.0	100.0	810	810	810	0.0	1637.0
5ox4	5ox4_A	3ebp	3ebp__chain0	99.9	100.0	100.0	810	810	810	0.0	1637.0
5oy4	5oy4_B	2fvd	2fvd__chain0	34.1	82.2	97.2	296	354	284	1.33e-51	167.0
5oyf	5oyf_A	4eor	4eor__chain0	31.7	90.2	98.0	303	327	294	1.95e-39	134.0
5p9f	5p9f_A	4m0y	4m0y__chain0	58.5	97.7	98.9	260	266	263	3.02e-117	330.0
5p9g	5p9g_A	4m0y	4m0y__chain0	58.5	98.1	98.9	260	265	263	2.91e-117	330.0
5p9i	5p9i_A	4m0y	4m0y__chain0	58.5	95.9	98.9	260	271	263	2.5800000000000003e-117	331.0
5pa9	5pa9_C	1mq6	1mq6__chain0	39.7	94.4	100.0	237	250	233	5.12e-65	196.0
5paa	5paa_C	1mq6	1mq6__chain0	39.7	94.4	100.0	237	250	233	5.12e-65	196.0
5pab	5pab_H	1mq6	1mq6__chain0	39.8	94.4	100.0	236	248	233	2.39e-65	197.0
5pac	5pac_B	1mq6	1mq6__chain0	39.4	94.3	100.0	236	247	233	4.6200000000000005e-65	196.0
5pae	5pae_B	1mq6	1mq6__chain0	39.8	94.3	100.0	236	247	233	2.11e-63	192.0
5paf	5paf_B	1mq6	1mq6__chain0	39.7	94.4	100.0	237	250	233	5.12e-65	196.0
5pag	5pag_B	1mq6	1mq6__chain0	39.4	94.3	100.0	236	247	233	4.6200000000000005e-65	196.0
5pai	5pai_B	1mq6	1mq6__chain0	39.4	94.3	100.0	236	247	233	4.6200000000000005e-65	196.0
5paj	5paj_B	1mq6	1mq6__chain0	39.7	94.4	100.0	237	250	233	5.12e-65	196.0
5pak	5pak_C	1mq6	1mq6__chain0	39.7	94.4	100.0	237	250	233	5.12e-65	196.0
5pam	5pam_B	1mq6	1mq6__chain0	39.7	94.4	100.0	237	250	233	5.12e-65	196.0
5pan	5pan_B	1mq6	1mq6__chain0	39.4	94.3	100.0	236	247	233	4.6200000000000005e-65	196.0
5pao	5pao_C	1mq6	1mq6__chain0	39.8	94.3	100.0	236	247	233	2.11e-63	192.0
5paq	5paq_B	1mq6	1mq6__chain0	39.7	94.4	100.0	237	250	233	5.12e-65	196.0
5par	5par_C	1mq6	1mq6__chain0	39.7	94.4	100.0	237	250	233	5.12e-65	196.0
5pas	5pas_C	1mq6	1mq6__chain0	39.7	94.4	100.0	237	250	233	5.12e-65	196.0
5pat	5pat_B	1mq6	1mq6__chain0	39.7	94.4	100.0	237	250	233	5.12e-65	196.0
5pau	5pau_C	1mq6	1mq6__chain0	39.7	94.4	100.0	237	250	233	5.12e-65	196.0
5paw	5paw_B	1mq6	1mq6__chain0	39.7	94.4	100.0	237	250	233	5.12e-65	196.0
5pax	5pax_C	1mq6	1mq6__chain0	39.7	94.4	100.0	237	250	233	5.12e-65	196.0
5pay	5pay_C	1mq6	1mq6__chain0	39.7	94.4	100.0	237	250	233	5.12e-65	196.0
5pb0	5pb0_B	1mq6	1mq6__chain0	39.7	94.4	100.0	237	250	233	5.12e-65	196.0
5pb2	5pb2_C	1mq6	1mq6__chain0	39.7	94.4	100.0	237	250	233	5.12e-65	196.0
5pb3	5pb3_C	1mq6	1mq6__chain0	39.7	94.4	100.0	237	250	233	5.12e-65	196.0
5pb4	5pb4_C	1mq6	1mq6__chain0	39.4	94.3	100.0	236	247	233	4.6200000000000005e-65	196.0
5pb5	5pb5_B	1mq6	1mq6__chain0	39.8	94.3	100.0	236	247	233	2.11e-63	192.0
5pb6	5pb6_C	1mq6	1mq6__chain0	39.7	94.4	100.0	237	249	233	4.5400000000000003e-63	191.0
5pb7	5pb7_A	3p5o	3p5o__chain0	35.8	90.4	83.5	106	115	127	2.14e-17	66.2
5pb8	5pb8_A	3p5o	3p5o__chain0	35.8	90.4	83.5	106	115	127	2.14e-17	66.2
5pb9	5pb9_A	3p5o	3p5o__chain0	35.8	90.4	83.5	106	115	127	2.14e-17	66.2
5pba	5pba_A	3p5o	3p5o__chain0	35.8	90.4	83.5	106	115	127	2.14e-17	66.2
5pbb	5pbb_A	3p5o	3p5o__chain0	35.8	90.4	83.5	106	115	127	2.14e-17	66.2
5pbc	5pbc_A	3p5o	3p5o__chain0	35.8	90.4	83.5	106	115	127	2.14e-17	66.2
5pbd	5pbd_A	3p5o	3p5o__chain0	35.8	90.4	83.5	106	115	127	2.14e-17	66.2
5pbe	5pbe_A	3p5o	3p5o__chain0	35.8	90.4	83.5	106	115	127	2.14e-17	66.2
5pbf	5pbf_A	3p5o	3p5o__chain0	35.8	90.4	83.5	106	115	127	2.14e-17	66.2
5pzk	5pzk_A	4eo8	4eo8__chain0	92.0	99.4	99.6	560	541	557	0.0	1024.0
5pzl	5pzl_B	4eo8	4eo8__chain0	92.0	98.7	99.6	560	545	557	0.0	1024.0
5pzo	5pzo_A	4eo8	4eo8__chain0	92.0	97.6	99.6	560	550	557	0.0	1021.0
5pzp	5pzp_B	4eo8	4eo8__chain0	92.4	99.4	99.6	555	535	557	0.0	1025.0
5qb5	5qb5_A	2v00	2v00__chain0	100.0	100.0	100.0	330	330	330	8.07e-231	623.0
5qb6	5qb6_A	2v00	2v00__chain0	100.0	100.0	100.0	330	330	330	8.07e-231	623.0
5qb7	5qb7_A	2v00	2v00__chain0	100.0	100.0	100.0	330	330	330	8.07e-231	623.0
5qb8	5qb8_A	2v00	2v00__chain0	100.0	100.0	100.0	330	330	330	8.07e-231	623.0
5qb9	5qb9_A	2v00	2v00__chain0	100.0	100.0	100.0	330	330	330	8.07e-231	623.0
5qba	5qba_A	2v00	2v00__chain0	100.0	100.0	100.0	330	330	330	8.07e-231	623.0
5qbb	5qbb_A	2v00	2v00__chain0	100.0	100.0	100.0	330	330	330	8.07e-231	623.0
5qbc	5qbc_A	2v00	2v00__chain0	100.0	100.0	100.0	330	330	330	8.07e-231	623.0
5qbd	5qbd_A	2v00	2v00__chain0	100.0	100.0	100.0	330	330	330	8.07e-231	623.0
5qbf	5qbf_A	2v00	2v00__chain0	100.0	100.0	100.0	330	330	330	8.07e-231	623.0
5qbg	5qbg_A	2v00	2v00__chain0	100.0	100.0	100.0	330	330	330	8.07e-231	623.0
5qbh	5qbh_A	2v00	2v00__chain0	100.0	100.0	100.0	330	330	330	8.07e-231	623.0
5qbi	5qbi_A	2v00	2v00__chain0	100.0	100.0	100.0	330	330	330	8.07e-231	623.0
5qbj	5qbj_A	2v00	2v00__chain0	100.0	100.0	100.0	330	330	330	8.07e-231	623.0
5qbk	5qbk_A	2v00	2v00__chain0	100.0	100.0	100.0	330	330	330	8.07e-231	623.0
5qbl	5qbl_A	2v00	2v00__chain0	100.0	100.0	100.0	330	330	330	8.07e-231	623.0
5qbm	5qbm_A	2v00	2v00__chain0	100.0	100.0	100.0	330	330	330	8.07e-231	623.0
5qbn	5qbn_A	2v00	2v00__chain0	100.0	100.0	100.0	330	330	330	8.07e-231	623.0
5qbo	5qbo_A	2v00	2v00__chain0	100.0	100.0	100.0	330	330	330	8.07e-231	623.0
5qbp	5qbp_A	2v00	2v00__chain0	100.0	100.0	100.0	330	330	330	8.07e-231	623.0
5qbr	5qbr_A	2v00	2v00__chain0	100.0	100.0	100.0	330	330	330	8.07e-231	623.0
5qbs	5qbs_A	2v00	2v00__chain0	100.0	100.0	100.0	330	330	330	8.07e-231	623.0
5qbt	5qbt_A	2v00	2v00__chain0	100.0	100.0	100.0	330	330	330	8.07e-231	623.0
5qco	5qco_C	3udh	3udh__chain0	99.0	99.7	96.7	381	378	394	1.8199999999999997e-287	771.0
5qcp	5qcp_C	3udh	3udh__chain0	99.0	99.7	96.7	381	378	394	1.8199999999999997e-287	771.0
5qcq	5qcq_C	3udh	3udh__chain0	97.6	99.7	96.7	381	374	394	5.57e-281	754.0
5qcr	5qcr_A	3udh	3udh__chain0	98.2	99.7	96.7	381	375	394	3.1299999999999997e-285	765.0
5qcs	5qcs_B	3udh	3udh__chain0	98.7	99.7	96.7	381	377	394	1.01e-286	769.0
5qct	5qct_A	3udh	3udh__chain0	99.0	99.7	96.7	381	379	394	5.449999999999999e-287	770.0
5qcu	5qcu_B	3udh	3udh__chain0	98.7	99.7	96.7	381	377	394	1.01e-286	769.0
5qcv	5qcv_C	3udh	3udh__chain0	99.0	99.7	96.7	381	381	394	8.39e-287	769.0
5qcw	5qcw_C	3udh	3udh__chain0	99.0	99.7	96.7	381	381	394	8.39e-287	769.0
5qcx	5qcx_C	3udh	3udh__chain0	99.0	99.7	96.7	381	381	394	8.39e-287	769.0
5qcy	5qcy_C	3udh	3udh__chain0	99.0	99.7	96.7	381	378	394	1.8199999999999997e-287	771.0
5qcz	5qcz_A	3udh	3udh__chain0	98.7	99.7	96.7	381	377	394	1.01e-286	769.0
5qd0	5qd0_C	3udh	3udh__chain0	98.2	99.7	96.7	381	375	394	2.11e-283	761.0
5qd1	5qd1_C	3udh	3udh__chain0	99.0	99.7	96.7	381	381	394	8.39e-287	769.0
5qd2	5qd2_C	3udh	3udh__chain0	99.0	99.7	96.7	381	378	394	1.8199999999999997e-287	771.0
5qd3	5qd3_C	3udh	3udh__chain0	99.0	99.7	96.7	381	379	394	5.449999999999999e-287	770.0
5qd4	5qd4_C	3udh	3udh__chain0	99.0	99.7	96.7	381	381	394	8.39e-287	769.0
5qd5	5qd5_C	3udh	3udh__chain0	99.0	99.7	96.7	381	378	394	1.8199999999999997e-287	771.0
5qd6	5qd6_C	3udh	3udh__chain0	99.0	99.7	96.7	381	381	394	8.39e-287	769.0
5qd7	5qd7_C	3udh	3udh__chain0	99.0	99.7	96.7	381	381	394	8.39e-287	769.0
5qd8	5qd8_C	3udh	3udh__chain0	99.0	99.7	96.7	381	381	394	8.39e-287	769.0
5qd9	5qd9_C	3udh	3udh__chain0	99.0	99.7	96.7	381	378	394	1.8199999999999997e-287	771.0
5qda	5qda_C	3udh	3udh__chain0	99.0	99.7	96.7	381	381	394	8.39e-287	769.0
5qdb	5qdb_C	3udh	3udh__chain0	99.0	99.7	96.7	381	381	394	8.39e-287	769.0
5qdc	5qdc_C	3udh	3udh__chain0	98.2	99.7	96.7	381	375	394	3.1299999999999997e-285	765.0
5qdd	5qdd_C	3udh	3udh__chain0	97.4	99.7	96.7	381	372	394	1.04e-280	754.0
5qdh	5qdh_A	1bzc	1bzc__chain0	98.6	99.6	95.3	283	284	297	5.440000000000001e-209	565.0
5qdm	5qdm_A	1bzc	1bzc__chain0	98.6	99.6	94.6	281	282	297	1.6799999999999997e-207	561.0
5qe7	5qe7_A	1bzc	1bzc__chain0	98.6	99.6	95.3	283	284	297	5.440000000000001e-209	565.0
5qeg	5qeg_A	1bzc	1bzc__chain0	98.6	99.6	94.6	281	282	297	1.6799999999999997e-207	561.0
5qeq	5qeq_A	1bzc	1bzc__chain0	98.6	99.6	94.9	282	283	297	2.13e-208	563.0
5qez	5qez_A	1bzc	1bzc__chain0	98.6	99.6	94.6	281	282	297	1.6799999999999997e-207	561.0
5qf6	5qf6_A	1bzc	1bzc__chain0	98.6	99.6	95.3	283	284	297	5.440000000000001e-209	565.0
5qf9	5qf9_A	1bzc	1bzc__chain0	98.6	99.6	94.6	281	282	297	1.6799999999999997e-207	561.0
5qfo	5qfo_A	1bzc	1bzc__chain0	98.6	99.6	94.9	282	283	297	2.13e-208	563.0
5qfr	5qfr_A	1bzc	1bzc__chain0	98.6	99.6	95.3	283	284	297	5.440000000000001e-209	565.0
5qfw	5qfw_A	1bzc	1bzc__chain0	98.6	99.6	94.6	281	282	297	1.6799999999999997e-207	561.0
5qg2	5qg2_A	1bzc	1bzc__chain0	98.6	99.6	94.9	282	283	297	2.13e-208	563.0
5qj0	5qj0_A	3gnw	3gnw__chain0	73.4	98.9	100.0	560	559	560	2.33e-309	841.0
5qj1	5qj1_A	3gnw	3gnw__chain0	75.0	100.0	97.1	544	543	560	4.8200000000000005e-307	835.0
5qtv	5qtv_A	4ty7	4ty7__chain0	100.0	100.0	100.0	238	238	238	3.49e-188	508.0
5r42	5r42_C	4crc	4crc__chain0	50.6	87.5	36.7	87	96	237	9.69e-25	87.0
5r43	5r43_C	4crc	4crc__chain0	50.6	86.6	36.7	87	97	237	1.0099999999999999e-24	87.0
5r44	5r44_C	4crc	4crc__chain0	50.6	87.5	36.7	87	96	237	9.69e-25	87.0
5r45	5r45_C	4crc	4crc__chain0	50.6	86.6	36.7	87	97	237	1.0099999999999999e-24	87.0
5r46	5r46_C	4crc	4crc__chain0	50.6	88.4	36.7	87	95	237	9.33e-25	87.0
5r47	5r47_C	4crc	4crc__chain0	50.6	86.6	36.7	87	97	237	1.0099999999999999e-24	87.0
5r48	5r48_C	4crc	4crc__chain0	50.6	88.4	36.7	87	95	237	9.33e-25	87.0
5r49	5r49_C	4crc	4crc__chain0	50.6	86.6	36.7	87	97	237	1.0099999999999999e-24	87.0
5r4a	5r4a_C	4crc	4crc__chain0	50.6	88.4	36.7	87	95	237	9.33e-25	87.0
5r4b	5r4b_C	4crc	4crc__chain0	50.6	86.6	36.7	87	97	237	1.0099999999999999e-24	87.0
5r4c	5r4c_C	4crc	4crc__chain0	50.6	88.4	36.7	87	95	237	9.33e-25	87.0
5r4d	5r4d_C	4crc	4crc__chain0	50.6	86.6	36.7	87	97	237	1.0099999999999999e-24	87.0
5r8u	5r8u_A	3e92	3e92__chain0	98.3	100.0	99.4	348	346	349	4.29e-253	681.0
5r8v	5r8v_A	3e92	3e92__chain0	99.1	100.0	99.4	347	347	349	7.19e-259	696.0
5r8y	5r8y_A	2zb1	2zb1__chain0	98.0	100.0	100.0	348	346	345	5.0200000000000005e-251	676.0
5r8z	5r8z_A	3e92	3e92__chain0	98.9	100.0	99.4	348	348	349	5.0600000000000005e-257	691.0
5r90	5r90_A	2zb1	2zb1__chain0	98.0	100.0	100.0	346	342	345	1.0500000000000001e-251	677.0
5r92	5r92_A	2zb1	2zb1__chain0	99.1	100.0	100.0	345	345	345	8.11e-259	695.0
5r94	5r94_A	2zb1	2zb1__chain0	99.1	100.0	100.0	346	346	345	4.0100000000000006e-257	691.0
5r95	5r95_A	2zb1	2zb1__chain0	98.8	100.0	100.0	346	346	345	1.15e-256	690.0
5r96	5r96_A	3e92	3e92__chain0	99.1	100.0	99.4	347	347	349	7.19e-259	696.0
5r97	5r97_A	3e92	3e92__chain0	98.9	100.0	99.4	348	348	349	5.0600000000000005e-257	691.0
5r98	5r98_A	3e92	3e92__chain0	98.9	100.0	99.4	348	348	349	5.0600000000000005e-257	691.0
5r99	5r99_A	2zb1	2zb1__chain0	98.3	100.0	99.7	346	344	345	1.6200000000000002e-251	677.0
5r9a	5r9a_A	3e92	3e92__chain0	98.9	100.0	99.4	348	348	349	5.0600000000000005e-257	691.0
5r9b	5r9b_A	2zb1	2zb1__chain0	99.1	100.0	99.7	344	343	345	2.92e-256	689.0
5r9d	5r9d_A	2zb1	2zb1__chain0	98.0	100.0	99.7	346	344	345	2.6799999999999996e-250	674.0
5r9f	5r9f_A	2zb1	2zb1__chain0	98.8	100.0	99.7	345	345	345	4.4999999999999997e-256	688.0
5r9i	5r9i_A	2zb1	2zb1__chain0	97.4	100.0	99.7	344	337	345	1.12e-247	667.0
5r9k	5r9k_A	3e92	3e92__chain0	97.1	100.0	99.7	349	343	349	2.0999999999999997e-250	674.0
5r9n	5r9n_A	2zb1	2zb1__chain0	97.4	100.0	100.0	347	342	345	3.37e-248	668.0
5r9q	5r9q_A	3e92	3e92__chain0	98.3	100.0	99.4	348	346	349	4.29e-253	681.0
5r9t	5r9t_A	2zb1	2zb1__chain0	98.8	100.0	99.7	346	346	345	2.3199999999999998e-256	689.0
5r9y	5r9y_A	3e92	3e92__chain0	98.0	100.0	99.4	347	343	349	6.2900000000000005e-252	678.0
5ra0	5ra0_A	3e92	3e92__chain0	98.0	100.0	99.4	348	345	349	3.3800000000000004e-252	679.0
5ra5	5ra5_A	3e92	3e92__chain0	98.9	100.0	99.4	348	348	349	5.0600000000000005e-257	691.0
5ra7	5ra7_A	3e92	3e92__chain0	98.9	100.0	99.4	348	348	349	5.0600000000000005e-257	691.0
5rbq	5rbq_A	2v00	2v00__chain0	100.0	100.0	100.0	330	330	330	8.07e-231	623.0
5rbr	5rbr_A	2v00	2v00__chain0	100.0	100.0	100.0	330	330	330	8.07e-231	623.0
5rbv	5rbv_A	2v00	2v00__chain0	100.0	100.0	100.0	330	330	330	8.07e-231	623.0
5rbw	5rbw_A	2v00	2v00__chain0	100.0	100.0	100.0	330	330	330	8.07e-231	623.0
5rby	5rby_A	2v00	2v00__chain0	100.0	100.0	100.0	330	330	330	8.07e-231	623.0
5rc1	5rc1_A	2v00	2v00__chain0	100.0	100.0	100.0	330	330	330	8.07e-231	623.0
5rc4	5rc4_A	2v00	2v00__chain0	100.0	100.0	100.0	330	330	330	8.07e-231	623.0
5rc5	5rc5_A	2v00	2v00__chain0	100.0	100.0	100.0	330	330	330	8.07e-231	623.0
5rc6	5rc6_A	2v00	2v00__chain0	100.0	100.0	100.0	330	330	330	8.07e-231	623.0
5rc7	5rc7_A	2v00	2v00__chain0	100.0	100.0	100.0	330	330	330	8.07e-231	623.0
5rc9	5rc9_A	2v00	2v00__chain0	100.0	100.0	100.0	330	330	330	8.07e-231	623.0
5rca	5rca_A	2v00	2v00__chain0	100.0	100.0	100.0	330	330	330	8.07e-231	623.0
5rce	5rce_A	2v00	2v00__chain0	100.0	100.0	100.0	330	330	330	8.07e-231	623.0
5s9o	5s9o_B	3p5o	3p5o__chain0	80.2	97.4	87.4	111	114	127	1.03e-68	196.0
5s9p	5s9p_A	3p5o	3p5o__chain0	100.0	98.4	99.2	126	128	127	2.26e-96	266.0
5s9q	5s9q_A	3p5o	3p5o__chain0	100.0	99.2	99.2	126	127	127	3.08e-96	266.0
5s9r	5s9r_A	3p5o	3p5o__chain0	100.0	98.4	97.6	124	126	127	2.4299999999999997e-95	264.0
5sak	5sak_A	2v00	2v00__chain0	100.0	100.0	100.0	330	330	330	8.07e-231	623.0
5sal	5sal_A	2v00	2v00__chain0	100.0	100.0	100.0	330	330	330	8.07e-231	623.0
5sam	5sam_A	2v00	2v00__chain0	100.0	100.0	100.0	330	330	330	8.07e-231	623.0
5san	5san_A	2v00	2v00__chain0	100.0	100.0	100.0	330	330	330	8.07e-231	623.0
5saq	5saq_A	2v00	2v00__chain0	100.0	100.0	100.0	330	330	330	8.07e-231	623.0
5sar	5sar_A	2v00	2v00__chain0	100.0	100.0	100.0	330	330	330	8.07e-231	623.0
5sas	5sas_A	2v00	2v00__chain0	100.0	100.0	100.0	330	330	330	8.07e-231	623.0
5sau	5sau_A	3k5v	3k5v__chain0	39.9	96.9	89.2	278	287	286	1.72e-66	203.0
5sav	5sav_A	3k5v	3k5v__chain0	39.2	97.3	89.2	283	291	286	8.83e-65	199.0
5saw	5saw_A	3k5v	3k5v__chain0	38.9	97.9	88.8	285	291	286	1.4e-63	196.0
5sax	5sax_A	3k5v	3k5v__chain0	38.4	95.7	89.2	289	302	286	3.5600000000000004e-64	197.0
5say	5say_B	3k5v	3k5v__chain0	39.9	96.5	89.2	278	288	286	1.42e-65	201.0
5saz	5saz_A	3k5v	3k5v__chain0	39.8	96.2	89.2	279	290	286	8.55e-65	199.0
5sb0	5sb0_A	3k5v	3k5v__chain0	40.9	96.5	89.2	274	284	286	1.25e-65	201.0
5sb1	5sb1_A	3k5v	3k5v__chain0	40.9	96.5	89.2	274	284	286	1.25e-65	201.0
5sb2	5sb2_A	3k5v	3k5v__chain0	40.9	96.5	89.2	276	286	286	5.229999999999999e-68	207.0
5sw3	5sw3_A	3rr4	3rr4__chain0	99.5	99.5	100.0	369	371	368	2.5900000000000002e-272	731.0
5syo	5syo_E	2wn9	2wn9__chain4	93.2	100.0	96.7	207	205	214	2.88e-141	387.0
5t0p	5t0p_B	3k5v	3k5v__chain0	45.7	95.1	92.3	265	263	286	1.07e-77	231.0
5t1h	5t1h_A	4eor	4eor__chain0	31.7	89.1	98.0	303	331	294	3.01e-39	134.0
5t1z	5t1z_A	2p15	2p15__chain1	98.8	99.6	99.6	241	240	242	4.31e-170	462.0
5t21	5t21_A	2yki	2yki__chain0	100.0	99.5	100.0	207	208	207	1.42e-147	402.0
5t2z	5t2z_A	1eby	1eby__chain0	80.8	100.0	100.0	99	99	99	1.37e-61	176.0
5t3q	5t3q_A	4twp	4twp__chain0	37.6	83.8	91.0	255	278	266	4.06e-54	170.0
5t5t	5t5t_A	1nvq	1nvq__chain0	34.6	68.8	95.1	263	369	264	9.099999999999999e-46	151.0
5t6a	5t6a_A	2wtv	2wtv__chain0	37.8	58.7	93.2	254	431	264	9.499999999999999e-52	169.0
5t6i	5t6i_A	2wtv	2wtv__chain0	38.6	58.8	93.2	254	427	264	2.55e-50	165.0
5t6k	5t6k_A	2wtv	2wtv__chain0	37.8	58.6	93.2	254	432	264	1.36e-51	168.0
5t71	5t71_A	4jsz	4jsz__chain0	98.8	100.0	100.0	257	257	257	1.54e-196	530.0
5t72	5t72_A	4jsz	4jsz__chain0	98.8	100.0	100.0	257	257	257	1.54e-196	530.0
5t74	5t74_A	4jsz	4jsz__chain0	98.8	100.0	100.0	257	257	257	1.54e-196	530.0
5t75	5t75_A	4jsz	4jsz__chain0	98.8	100.0	100.0	257	257	257	3.1e-196	530.0
5ta8	5ta8_A	3e5a	3e5a__chain0	33.2	86.1	94.7	253	294	265	2.47e-50	161.0
5tbp	5tbp_B	2qe4	2qe4__chain0	33.5	77.9	80.2	170	213	207	8.48e-22	82.8
5tca	5tca_A	1k1i	1k1i__chain0	35.1	100.0	99.1	231	228	223	3.03e-47	149.0
5tcc	5tcc_G	1k1i	1k1i__chain0	35.4	100.0	99.1	229	226	223	2.0100000000000002e-47	150.0
5tel	5tel_A	3jya	3jya__chain0	99.6	100.0	100.0	274	273	274	7.350000000000001e-210	565.0
5tld	5tld_A	2qe4	2qe4__chain0	98.1	90.9	100.0	209	230	207	5.49e-144	394.0
5tlf	5tlf_A	4mgd	4mgd__chain1	98.3	100.0	99.6	237	237	236	6.93e-167	454.0
5tlg	5tlg_B	4mgd	4mgd__chain1	98.3	100.0	99.2	236	236	236	1.1e-165	451.0
5tll	5tll_A	4mgd	4mgd__chain1	98.3	100.0	99.2	235	235	236	1.7600000000000003e-164	447.0
5tlm	5tlm_B	2qe4	2qe4__chain0	97.1	91.2	100.0	209	227	207	1.1e-140	386.0
5tlo	5tlo_B	4mgd	4mgd__chain1	98.3	100.0	99.2	234	232	236	8.63e-162	441.0
5tlp	5tlp_A	4mgd	4mgd__chain1	97.5	100.0	99.2	236	234	236	2.3e-162	442.0
5tlv	5tlv_B	2p15	2p15__chain1	99.6	99.6	99.2	241	242	242	1.1999999999999999e-172	469.0
5tlx	5tlx_B	2p15	2p15__chain1	99.6	99.6	99.2	241	242	242	1.1999999999999999e-172	469.0
5tly	5tly_B	2p15	2p15__chain1	97.9	99.6	99.2	240	236	242	4.1e-167	454.0
5tm1	5tm1_A	2qe4	2qe4__chain0	98.1	93.2	100.0	207	220	207	2.38e-140	385.0
5tm2	5tm2_B	2p15	2p15__chain1	97.5	100.0	97.9	237	231	242	2.95e-161	439.0
5tm3	5tm3_B	2p15	2p15__chain1	100.0	98.8	99.2	240	243	242	9.14e-175	474.0
5tm4	5tm4_B	2qe4	2qe4__chain0	97.6	94.0	100.0	207	218	207	3.11e-140	384.0
5tm8	5tm8_B	2qe4	2qe4__chain0	98.1	91.7	100.0	209	228	207	8.39e-143	391.0
5tm9	5tm9_A	4mgd	4mgd__chain1	98.6	100.0	90.3	215	215	236	8.25e-151	412.0
5tmo	5tmo_B	2p15	2p15__chain1	99.2	99.6	99.2	240	239	242	1.76e-171	466.0
5tmq	5tmq_B	2p15	2p15__chain1	100.0	98.8	99.2	240	243	242	9.14e-175	474.0
5tmt	5tmt_B	4mgd	4mgd__chain1	98.7	100.0	99.6	235	234	236	1.45e-165	450.0
5tmu	5tmu_A	2p15	2p15__chain1	100.0	99.6	99.2	240	241	242	1.6999999999999999e-174	473.0
5tmv	5tmv_B	2p15	2p15__chain1	98.8	99.2	99.2	240	239	242	2.91e-170	462.0
5tmw	5tmw_B	2p15	2p15__chain0	98.8	100.0	100.0	242	240	242	6.12e-170	462.0
5tn4	5tn4_B	2p15	2p15__chain1	99.6	99.6	99.6	242	243	242	6.1700000000000005e-173	469.0
5tn5	5tn5_A	4mgd	4mgd__chain1	99.1	100.0	99.6	235	235	236	1.34e-168	458.0
5tn6	5tn6_A	4mgd	4mgd__chain1	98.3	100.0	99.2	236	236	236	1.1e-165	451.0
5tn7	5tn7_A	4mgd	4mgd__chain1	98.3	100.0	99.2	236	236	236	1.1e-165	451.0
5tn8	5tn8_A	2qe4	2qe4__chain0	99.0	90.8	100.0	207	228	207	3.72e-146	400.0
5tnb	5tnb_C	4mgd	4mgd__chain0	94.9	100.0	98.3	237	229	241	2.31e-155	424.0
5toa	5toa_B	4mgd	4mgd__chain1	60.6	98.7	97.5	231	232	236	1.9900000000000002e-100	285.0
5top	5top_A	3g2z	3g2z__chain0	99.2	99.6	100.0	262	263	262	9.1e-185	501.0
5toy	5toy_A	3g2z	3g2z__chain0	99.2	99.6	100.0	262	263	262	2.61e-184	500.0
5tp9	5tp9_B	1vso	1vso__chain0	34.8	77.9	88.1	227	285	243	1.7e-37	127.0
5tpa	5tpa_B	1vso	1vso__chain0	35.0	77.9	86.8	223	280	243	1.49e-37	127.0
5tsf	5tsf_E	2x00	2x00__chain0	100.0	99.5	100.0	216	217	216	4.0899999999999997e-165	447.0
5tto	5tto_A	3b1m	3b1m__chain0	99.6	100.0	99.6	260	260	260	8.38e-182	493.0
5ttz	5ttz_B	2yki	2yki__chain0	53.2	92.6	97.1	201	215	207	1.53e-69	205.0
5tvc	5tvc_C	2wn9	2wn9__chain3	93.1	99.5	99.5	204	201	205	3.84e-136	373.0
5tvh	5tvh_D	2x00	2x00__chain0	100.0	99.5	100.0	216	217	216	4.0899999999999997e-165	447.0
5tvt	5tvt_A	3ag9	3ag9__chain0	34.5	75.4	80.6	258	321	319	8.19e-45	149.0
5tw6	5tw6_A	3g2z	3g2z__chain0	98.8	100.0	98.9	259	259	262	1.75e-181	493.0
5twe	5twe_A	3g2z	3g2z__chain0	98.9	100.0	100.0	262	262	262	3.56e-184	499.0
5twm	5twm_A	3gnw	3gnw__chain0	74.6	100.0	100.0	560	559	560	8.15e-317	860.0
5twn	5twn_B	4eo8	4eo8__chain0	92.4	99.3	99.6	555	536	557	0.0	1024.0
5twy	5twy_A	3ag9	3ag9__chain0	36.2	74.8	80.6	257	313	319	4.39e-46	152.0
5tyr	5tyr_A	1g2k	1g2k__chain0	100.0	100.0	100.0	99	99	99	1.7200000000000002e-73	206.0
5tys	5tys_A	1g2k	1g2k__chain0	100.0	100.0	100.0	99	99	99	1.7200000000000002e-73	206.0
5u2b	5u2b_C	2p15	2p15__chain1	98.8	97.5	99.6	241	244	242	1.2399999999999998e-170	464.0
5u2d	5u2d_A	2p15	2p15__chain1	100.0	98.4	100.0	242	246	242	2.17e-176	478.0
5u3q	5u3q_B	3u9q	3u9q__chain0	62.3	98.9	99.6	268	271	257	1.0999999999999999e-119	337.0
5u3r	5u3r_A	3u9q	3u9q__chain0	62.5	98.9	99.2	267	270	257	2.13e-119	336.0
5u3s	5u3s_A	3u9q	3u9q__chain0	62.3	98.9	99.6	268	271	257	1.0999999999999999e-119	337.0
5u3t	5u3t_B	3b1m	3b1m__chain0	62.8	100.0	98.8	269	266	260	1.43e-119	336.0
5u3v	5u3v_B	3u9q	3u9q__chain0	62.3	98.9	99.6	268	268	257	9.27e-118	332.0
5u3w	5u3w_A	3u9q	3u9q__chain0	62.3	98.9	99.6	268	267	257	1.27e-117	331.0
5u3x	5u3x_B	3u9q	3u9q__chain0	63.8	100.0	98.4	257	252	257	1.6600000000000002e-116	328.0
5u3y	5u3y_A	3u9q	3u9q__chain0	64.0	99.2	99.2	261	263	257	1.4e-120	338.0
5u3z	5u3z_A	3u9q	3u9q__chain0	62.5	99.6	99.2	267	268	257	1.97e-119	336.0
5u40	5u40_B	3u9q	3u9q__chain0	63.7	100.0	98.4	259	259	257	5.67e-119	334.0
5u41	5u41_B	3u9q	3u9q__chain0	61.8	100.0	99.2	267	261	257	9.54e-116	326.0
5u42	5u42_A	3u9q	3u9q__chain0	62.3	98.9	99.6	268	271	257	1.0999999999999999e-119	337.0
5u43	5u43_A	3u9q	3u9q__chain0	62.5	98.9	99.2	267	266	257	2.4600000000000002e-117	330.0
5u44	5u44_A	3u9q	3u9q__chain0	64.2	100.0	98.4	257	257	257	5.25e-119	334.0
5u45	5u45_B	3u9q	3u9q__chain0	62.9	100.0	99.2	267	265	257	4.11e-118	332.0
5u46	5u46_A	3u9q	3u9q__chain0	61.8	98.9	99.2	267	264	257	1.07e-115	326.0
5u6i	5u6i_A	3e92	3e92__chain0	48.1	99.7	95.4	341	339	349	7e-106	308.0
5u7r	5u7r_D	1q8t	1q8t__chain0	35.3	82.7	90.6	320	382	341	6.55e-67	209.0
5uab	5uab_A	4twp	4twp__chain0	42.0	82.6	92.1	250	288	266	1.11e-65	200.0
5uad	5uad_A	4twp	4twp__chain0	41.9	82.8	92.1	253	291	266	2.7500000000000003e-64	197.0
5uan	5uan_A	2p15	2p15__chain1	32.8	66.9	80.2	195	278	242	2.45e-24	92.0
5uc3	5uc3_A	3b5r	3b5r__chain0	50.5	93.1	87.4	216	232	247	1.17e-77	228.0
5ucr	5ucr_B	3coz	3coz__chain1	45.5	95.1	90.6	257	268	278	1.47e-54	171.0
5ue1	5ue1_A	1nc3	1nc3__chain1	59.9	97.4	98.3	227	233	230	1.8e-90	260.0
5ueo	5ueo_A	3p5o	3p5o__chain0	49.5	84.3	69.3	91	108	127	5.0399999999999995e-25	85.5
5uep	5uep_A	3p5o	3p5o__chain0	49.5	83.5	69.3	91	109	127	5.22e-25	85.5
5ueq	5ueq_A	3p5o	3p5o__chain0	49.5	85.0	69.3	91	107	127	4.86e-25	85.5
5uer	5uer_A	3p5o	3p5o__chain0	49.5	83.5	69.3	91	109	127	5.22e-25	85.5
5ues	5ues_A	3p5o	3p5o__chain0	49.5	83.5	69.3	91	109	127	5.22e-25	85.5
5uet	5uet_A	3p5o	3p5o__chain0	49.5	83.5	69.3	91	109	127	5.22e-25	85.5
5uev	5uev_A	3p5o	3p5o__chain0	49.5	84.3	69.3	91	108	127	5.0399999999999995e-25	85.5
5uew	5uew_A	3p5o	3p5o__chain0	42.6	97.3	83.5	108	111	127	2.65e-28	94.0
5ufu	5ufu_A	1nvq	1nvq__chain0	34.6	68.8	95.1	263	369	264	9.099999999999999e-46	151.0
5ufw	5ufw_A	1qkt	1qkt__chain0	98.3	100.0	96.8	240	237	248	1.3000000000000001e-167	456.0
5ufx	5ufx_A	1qkt	1qkt__chain0	97.5	100.0	96.4	239	234	248	3.0400000000000005e-163	445.0
5ufz	5ufz_A	1g2k	1g2k__chain0	99.0	100.0	100.0	99	99	99	8.230000000000001e-72	202.0
5ugd	5ugd_A	1k1i	1k1i__chain0	39.9	93.5	100.0	238	246	223	3.3399999999999996e-54	168.0
5ugl	5ugl_B	3k5v	3k5v__chain0	42.1	93.7	89.2	266	271	286	2.46e-70	212.0
5ugx	5ugx_B	3k5v	3k5v__chain0	40.9	95.7	90.6	279	282	286	5.72e-69	209.0
5uhl	5uhl_C	2wca	2wca__chain0	37.0	89.1	45.0	270	302	578	2.34e-50	169.0
5uhn	5uhn_A	3k5v	3k5v__chain0	41.7	96.1	90.6	271	282	286	2.79e-72	218.0
5uho	5uho_C	2wca	2wca__chain0	37.0	89.1	45.0	270	302	578	2.34e-50	169.0
5ui0	5ui0_A	3k5v	3k5v__chain0	41.3	91.7	89.2	276	301	286	4.7700000000000006e-70	213.0
5uj2	5uj2_A	3gnw	3gnw__chain0	73.9	99.6	95.9	540	534	560	5.59e-299	814.0
5uj3	5uj3_A	4de2	4de2__chain0	53.8	96.7	99.6	260	269	260	1.7e-92	268.0
5uj4	5uj4_A	4de2	4de2__chain0	53.8	97.0	99.6	260	268	260	1.64e-92	268.0
5ujo	5ujo_A	3g2z	3g2z__chain0	99.2	100.0	100.0	262	262	262	2.51e-184	500.0
5uls	5uls_A	2yki	2yki__chain0	54.7	31.2	97.1	203	650	207	3.1200000000000004e-66	210.0
5upk	5upk_B	2br1	2br1__chain0	31.3	83.7	89.7	249	289	272	7.470000000000001e-26	97.1
5uq0	5uq0_B	3k5v	3k5v__chain0	40.7	94.1	90.6	263	256	286	7.75e-65	197.0
5uti	5uti_A	3rr4	3rr4__chain0	98.9	99.7	100.0	371	371	368	8.65e-271	728.0
5utj	5utj_A	1s38	1s38__chain0	99.5	99.5	100.0	364	364	364	3.78e-269	723.0
5uvs	5uvs_A	3p5o	3p5o__chain0	49.5	83.5	69.3	91	109	127	5.22e-25	85.5
5uvt	5uvt_A	3p5o	3p5o__chain0	49.5	85.8	69.3	91	106	127	4.68e-25	85.5
5uvu	5uvu_A	3p5o	3p5o__chain0	49.5	85.0	69.3	91	107	127	4.86e-25	85.5
5uvv	5uvv_A	3p5o	3p5o__chain0	49.5	83.5	69.3	91	109	127	5.22e-25	85.5
5uvw	5uvw_A	3p5o	3p5o__chain0	100.0	100.0	85.8	109	109	127	2.73e-83	233.0
5uvx	5uvx_B	3p5o	3p5o__chain0	49.5	86.7	69.3	91	105	127	4.51e-25	85.5
5uvy	5uvy_A	3p5o	3p5o__chain0	49.5	83.5	69.3	91	109	127	5.22e-25	85.5
5uvz	5uvz_A	3p5o	3p5o__chain0	49.5	83.5	69.3	91	109	127	5.22e-25	85.5
5uy6	5uy6_A	3ag9	3ag9__chain0	32.6	97.9	80.6	282	282	319	1.5e-39	134.0
5uyj	5uyj_A	3ag9	3ag9__chain0	32.9	97.5	80.6	280	281	319	5.2899999999999995e-40	135.0
5v3c	5v3c_A	3rr4	3rr4__chain0	98.9	99.2	100.0	371	373	368	6.6e-271	728.0
5v4y	5v4y_A	1g2k	1g2k__chain0	97.0	100.0	100.0	99	99	99	2.76e-70	198.0
5v60	5v60_A	3e92	3e92__chain0	48.4	97.1	95.4	341	349	349	2.68e-108	314.0
5v61	5v61_A	3e92	3e92__chain0	48.4	96.9	95.4	341	350	349	2.78e-108	314.0
5v62	5v62_A	3e92	3e92__chain0	48.4	96.6	95.4	341	351	349	4.0799999999999996e-108	314.0
5v67	5v67_A	3p5o	3p5o__chain0	100.0	100.0	100.0	127	127	127	1.07e-96	267.0
5v80	5v80_A	3jya	3jya__chain0	100.0	100.0	99.6	273	273	274	7.66e-212	570.0
5val	5val_B	4hge	4hge__chain0	30.1	92.5	93.7	279	254	286	8.240000000000001e-29	104.0
5vam	5vam_A	4hge	4hge__chain0	30.9	93.3	93.7	282	269	286	8.63e-28	102.0
5van	5van_A	2j7h	2j7h__chain0	34.5	48.8	98.9	447	861	438	1.9e-74	244.0
5vbo	5vbo_A	3p5o	3p5o__chain0	100.0	100.0	98.4	125	125	127	1.16e-95	265.0
5vbp	5vbp_A	3p5o	3p5o__chain0	100.0	100.0	100.0	127	127	127	1.07e-96	267.0
5vbq	5vbq_A	3p5o	3p5o__chain0	76.9	96.4	85.0	108	112	127	1.24e-64	186.0
5vbr	5vbr_B	3p5o	3p5o__chain0	76.9	99.1	85.0	108	109	127	1.1e-64	186.0
5vea	5vea_A	1eby	1eby__chain0	99.0	100.0	100.0	99	99	99	3.48e-73	206.0
5ved	5ved_A	2br1	2br1__chain0	31.3	83.4	89.7	249	290	272	7.62e-26	97.1
5vef	5vef_A	2br1	2br1__chain0	31.3	83.4	89.7	249	290	272	7.62e-26	97.1
5vfi	5vfi_A	4m0y	4m0y__chain0	58.5	95.9	98.9	260	271	263	2.5800000000000003e-117	331.0
5vhb	5vhb_A	1q8t	1q8t__chain0	97.9	100.0	97.7	333	328	341	7.49e-245	659.0
5vi9	5vi9_A	3ag9	3ag9__chain0	95.6	99.7	100.0	319	307	319	5.56e-227	612.0
5vib	5vib_A	3ag9	3ag9__chain0	99.7	96.8	93.7	299	309	319	2.46e-226	610.0
5vj3	5vj3_A	1eby	1eby__chain0	94.9	100.0	100.0	99	99	99	2.27e-69	196.0
5vle	5vle_A	3g2z	3g2z__chain0	99.2	99.6	100.0	262	263	262	2.61e-184	500.0
5vlo	5vlo_A	2wtv	2wtv__chain0	34.4	77.2	80.7	224	290	264	2.24e-42	140.0
5vo4	5vo4_A	1z95	1z95__chain0	98.3	98.4	100.0	241	245	238	3.49e-174	473.0
5vof	5vof_L	1z6e	1z6e__chain1	100.0	100.0	98.1	51	51	52	2.6399999999999998e-40	119.0
5vua	5vua_B	3jya	3jya__chain0	100.0	100.0	98.5	270	270	274	5.35e-209	563.0
5vub	5vub_B	3jya	3jya__chain0	100.0	100.0	98.5	270	270	274	5.35e-209	563.0
5vuc	5vuc_B	3jya	3jya__chain0	100.0	100.0	98.5	270	270	274	5.35e-209	563.0
5vzs	5vzs_A	3p5o	3p5o__chain0	99.2	100.0	100.0	127	127	127	2.5399999999999998e-95	264.0
5w2e	5w2e_A	4eo8	4eo8__chain0	99.6	99.6	100.0	557	559	557	0.0	1122.0
5w55	5w55_A	3p5o	3p5o__chain0	100.0	99.2	96.1	122	123	127	1.46e-93	259.0
5w5w	5w5w_A	1eby	1eby__chain0	94.9	100.0	100.0	99	99	99	2.27e-69	196.0
5w80	5w80_A	2wtv	2wtv__chain0	38.0	56.1	93.2	255	453	264	5.64e-52	170.0
5w8r	5w8r_A	2wtv	2wtv__chain0	38.0	55.7	93.2	255	456	264	6.029999999999999e-52	170.0
5w91	5w91_A	2wtv	2wtv__chain0	38.0	56.3	93.2	255	451	264	3.85e-52	170.0
5w9c	5w9c_B	1qkt	1qkt__chain0	97.5	100.0	96.4	239	234	248	1.24e-162	443.0
5w9d	5w9d_A	1qkt	1qkt__chain0	98.8	100.0	98.4	244	242	248	4.98e-171	465.0
5w9e	5w9e_A	2wtv	2wtv__chain0	38.0	56.3	93.2	255	451	264	5.3999999999999994e-52	170.0
5w9r	5w9r_A	2wtv	2wtv__chain0	38.0	57.1	93.2	255	445	264	4.73e-52	170.0
5wlr	5wlr_A	4jsz	4jsz__chain0	96.9	100.0	100.0	257	257	257	4.2300000000000005e-194	524.0
5wlu	5wlu_A	4jsz	4jsz__chain0	96.9	100.0	100.0	257	257	257	4.2300000000000005e-194	524.0
5wma	5wma_A	3p5o	3p5o__chain0	100.0	100.0	100.0	127	127	127	1.07e-96	267.0
5wmd	5wmd_A	3p5o	3p5o__chain0	99.2	99.2	99.2	126	127	127	3.5999999999999995e-95	263.0
5wne	5wne_C	1q8t	1q8t__chain0	37.8	75.8	85.6	296	384	341	3.85e-66	207.0
5wnf	5wnf_C	1q8t	1q8t__chain0	38.3	75.9	86.2	298	386	341	9.42e-68	211.0
5wng	5wng_C	1q8t	1q8t__chain0	38.3	75.7	86.2	298	387	341	6.879999999999999e-68	212.0
5wnh	5wnh_C	1q8t	1q8t__chain0	37.9	75.5	86.2	298	388	341	3.9299999999999995e-67	210.0
5wp1	5wp1_A	3e92	3e92__chain0	48.4	98.8	95.4	341	343	349	1.08e-108	315.0
5wxt	5wxt_U	1owh	1owh__chain0	98.8	100.0	100.0	245	245	245	1.12e-192	520.0
5x2a	5x2a_D	3mss	3mss__chain0	39.3	84.8	95.8	262	297	264	4.48e-61	189.0
5x2c	5x2c_B	3mss	3mss__chain0	38.5	83.8	95.8	265	303	264	8.559999999999999e-60	186.0
5x2f	5x2f_B	3mss	3mss__chain0	39.3	84.9	95.8	267	312	264	3.59e-61	189.0
5x2k	5x2k_A	3mss	3mss__chain0	38.8	81.8	95.8	263	314	264	1.08e-60	188.0
5xgm	5xgm_A	3pyy	3pyy__chain0	38.4	82.6	93.6	255	288	265	1.92e-54	171.0
5xgn	5xgn_A	3mss	3mss__chain0	39.0	87.7	95.8	267	302	264	7.41e-61	188.0
5xhy	5xhy_A	3p5o	3p5o__chain0	100.0	100.0	97.6	124	124	127	3.18e-95	263.0
5xi2	5xi2_A	3p5o	3p5o__chain0	100.0	100.0	97.6	124	124	127	3.18e-95	263.0
5xi3	5xi3_A	3p5o	3p5o__chain0	100.0	100.0	97.6	124	124	127	3.18e-95	263.0
5xi4	5xi4_A	3p5o	3p5o__chain0	100.0	100.0	97.6	124	124	127	3.18e-95	263.0
5xp5	5xp5_A	3k5v	3k5v__chain0	47.5	94.8	91.6	263	267	286	2.91e-81	240.0
5xqd	5xqd_A	2xdl	2xdl__chain0	100.0	100.0	99.5	207	207	208	2.0099999999999998e-147	402.0
5xqe	5xqe_A	2xdl	2xdl__chain0	100.0	100.0	100.0	208	208	208	1.0399999999999999e-147	403.0
5xr5	5xr5_A	2xdl	2xdl__chain0	100.0	100.0	100.0	208	208	208	1.0399999999999999e-147	403.0
5xr9	5xr9_A	2xdl	2xdl__chain0	100.0	100.0	100.0	208	208	208	1.0399999999999999e-147	403.0
5xrb	5xrb_A	2xdl	2xdl__chain0	100.0	100.0	99.5	207	207	208	2.0099999999999998e-147	402.0
5xrd	5xrd_A	3b27	3b27__chain0	100.0	100.0	96.7	208	208	215	3.27e-148	404.0
5xre	5xre_A	2xdl	2xdl__chain0	100.0	100.0	100.0	208	208	208	1.0399999999999999e-147	403.0
5xw1	5xw1_B	4abg	4abg__chain0	83.7	100.0	44.1	98	98	222	4.06e-63	184.0
5xw8	5xw8_B	4abg	4abg__chain0	83.7	100.0	44.1	98	98	222	4.06e-63	184.0
5xw9	5xw9_B	4abg	4abg__chain0	83.7	100.0	44.1	98	98	222	4.06e-63	184.0
5xwa	5xwa_B	4abg	4abg__chain0	83.7	100.0	44.1	98	98	222	4.06e-63	184.0
5xwj	5xwj_A	1k1i	1k1i__chain0	82.1	100.0	100.0	223	223	223	8.57e-143	392.0
5xy1	5xy1_A	3k5v	3k5v__chain0	45.6	98.8	91.6	263	253	286	8.78e-82	241.0
5y2o	5y2o_A	2yfe	2yfe__chain0	99.2	99.6	98.1	261	262	264	2.12e-181	493.0
5y2q	5y2q_D	3u8k	3u8k__chain0	100.0	100.0	97.1	203	203	209	3.87e-151	411.0
5y2t	5y2t_A	2yfe	2yfe__chain0	99.2	100.0	98.1	261	261	264	2.9000000000000003e-181	492.0
5y3n	5y3n_A	2fxs	2fxs__chain0	39.0	39.0	94.4	205	438	213	3.6e-37	129.0
5y7x	5y7x_B	3b1m	3b1m__chain0	64.0	100.0	98.8	264	262	260	1.5e-120	338.0
5y9m	5y9m_A	4eor	4eor__chain0	32.5	90.6	97.3	302	320	294	2.53e-37	129.0
5ybf	5ybf_A	2al5	2al5__chain0	99.6	99.6	100.0	260	261	260	1.31e-192	521.0
5ybg	5ybg_A	2al5	2al5__chain0	99.6	99.6	100.0	260	261	260	1.31e-192	521.0
5ycn	5ycn_A	2yfe	2yfe__chain0	99.6	99.6	99.2	262	263	264	6.890000000000001e-185	501.0
5ycp	5ycp_A	2yfe	2yfe__chain0	99.6	99.6	99.2	262	263	264	6.890000000000001e-185	501.0
5ydb	5ydb_A	2xb8	2xb8__chain0	51.1	94.5	96.5	137	145	141	1.59e-41	129.0
5yf9	5yf9_X	4eor	4eor__chain0	32.5	90.3	97.3	302	319	294	1.3200000000000001e-36	127.0
5ygx	5ygx_A	3udh	3udh__chain0	99.5	99.5	96.7	381	381	394	8.75e-289	775.0
5ygy	5ygy_A	3udh	3udh__chain0	98.7	98.7	96.7	381	381	394	1.19e-286	769.0
5yif	5yif_A	2cbv	2cbv__chain0	41.6	99.6	99.3	462	459	443	4.3700000000000003e-122	357.0
5you	5you_A	3p5o	3p5o__chain0	100.0	100.0	96.9	123	123	127	1.7699999999999998e-94	261.0
5yv8	5yv8_A	3ag9	3ag9__chain0	34.5	98.1	80.6	267	260	319	1.06e-40	136.0
5yv9	5yv9_A	3ag9	3ag9__chain0	34.5	98.1	80.6	267	260	319	1.06e-40	136.0
5yva	5yva_A	3ag9	3ag9__chain0	34.5	98.1	80.6	267	260	319	1.06e-40	136.0
5yvb	5yvb_A	3ag9	3ag9__chain0	34.5	98.1	80.6	267	260	319	1.06e-40	136.0
5yvc	5yvc_A	3ag9	3ag9__chain0	34.5	98.1	80.6	267	260	319	1.06e-40	136.0
5ywm	5ywm_X	4eor	4eor__chain0	31.7	90.4	97.3	300	313	294	1.66e-35	124.0
5z0s	5z0s_B	3k5v	3k5v__chain0	41.8	95.4	90.6	268	281	286	6.11e-71	214.0
5z12	5z12_C	2qe4	2qe4__chain0	33.3	85.2	82.1	177	203	207	4.74e-22	83.2
5z5s	5z5s_A	2yfe	2yfe__chain0	100.0	100.0	98.5	260	260	264	3.53e-184	499.0
5z5t	5z5t_A	3p5o	3p5o__chain0	100.0	100.0	97.6	124	124	127	3.18e-95	263.0
5z6s	5z6s_A	2yfe	2yfe__chain0	100.0	100.0	98.5	260	260	264	3.53e-184	499.0
5z7m	5z7m_A	3arp	3arp__chain0	51.4	97.8	97.9	570	540	574	6.48e-184	523.0
5z7n	5z7n_A	3arp	3arp__chain0	51.4	97.8	97.9	570	540	574	6.48e-184	523.0
5z7p	5z7p_A	3arp	3arp__chain0	51.4	97.8	97.9	570	540	574	6.48e-184	523.0
5z8g	5z8g_A	3p5o	3p5o__chain0	100.0	100.0	100.0	127	127	127	1.07e-96	267.0
5z8r	5z8r_A	3p5o	3p5o__chain0	100.0	100.0	100.0	127	127	127	1.07e-96	267.0
5z8z	5z8z_A	3p5o	3p5o__chain0	100.0	100.0	100.0	127	127	127	1.07e-96	267.0
5z90	5z90_A	3p5o	3p5o__chain0	100.0	100.0	100.0	127	127	127	1.07e-96	267.0
5z9k	5z9k_A	3p5o	3p5o__chain0	100.0	100.0	96.9	123	123	127	2.51e-94	261.0
5zan	5zan_A	3e5a	3e5a__chain0	98.1	100.0	99.2	263	258	265	1.39e-192	521.0
5zft	5zft_B	4de2	4de2__chain0	42.5	98.1	97.7	254	257	260	2.22e-69	208.0
5zg2	5zg2_A	2al5	2al5__chain0	99.6	100.0	99.6	259	259	260	9.92e-192	518.0
5zj6	5zj6_B	3k5v	3k5v__chain0	47.9	97.4	92.3	265	270	286	8.87e-89	259.0
5zjw	5zjw_A	2br1	2br1__chain0	31.3	82.6	89.7	249	293	272	8.09e-26	97.1
5zqu	5zqu_B	2qe4	2qe4__chain0	33.5	83.8	80.2	170	198	207	4.17e-22	83.2
5zto	5zto_A	3mss	3mss__chain0	36.9	83.7	95.8	263	294	264	5.070000000000001e-56	176.0
5zv2	5zv2_B	3k5v	3k5v__chain0	41.6	91.5	89.2	267	282	286	2.92e-66	202.0
5zwj	5zwj_A	3mss	3mss__chain0	37.4	92.9	95.8	265	267	264	2.7200000000000004e-57	178.0
5zxb	5zxb_A	3mss	3mss__chain0	39.7	93.3	91.7	247	240	264	4.48e-54	169.0
6a1g	6a1g_A	1pxn	1pxn__chain0	30.3	93.5	96.3	320	338	294	2.85e-36	126.0
6a5y	6a5y_D	2qe4	2qe4__chain0	33.3	82.0	82.1	177	211	207	5.78e-22	83.2
6a5z	6a5z_D	2p15	2p15__chain1	32.5	87.3	79.8	194	212	242	2.84e-24	90.1
6a60	6a60_D	2pog	2pog__chain0	32.7	91.9	84.5	205	210	233	6.199999999999999e-24	89.0
6a6p	6a6p_A	3u9q	3u9q__chain0	63.3	99.2	99.6	264	266	257	2.24e-120	338.0
6aar	6aar_A	2wtv	2wtv__chain0	31.4	98.1	97.3	271	269	264	2.9e-40	134.0
6ad9	6ad9_A	3u9q	3u9q__chain0	99.2	100.0	100.0	257	255	257	9.35e-177	480.0
6ae3	6ae3_D	2fvd	2fvd__chain0	35.3	83.8	97.2	286	333	284	1.91e-52	168.0
6afp	6afp_A	4de2	4de2__chain0	58.4	95.9	98.8	257	268	260	4.0199999999999996e-98	282.0
6ag2	6ag2_U	1owh	1owh__chain0	99.2	100.0	100.0	245	245	245	3.92e-193	521.0
6ag7	6ag7_U	1owh	1owh__chain0	99.2	100.0	100.0	245	245	245	3.92e-193	521.0
6ag9	6ag9_U	1owh	1owh__chain0	99.2	100.0	100.0	245	245	245	3.92e-193	521.0
6agx	6agx_C	3k5v	3k5v__chain0	42.1	94.0	89.2	271	284	286	1.91e-70	213.0
6ao5	6ao5_A	1pxn	1pxn__chain0	30.1	72.6	97.6	292	321	294	6.46e-23	90.1
6asq	6asq_B	2yki	2yki__chain0	53.7	92.2	97.1	201	218	207	2.7600000000000002e-73	215.0
6aua	6aua_A	4m0y	4m0y__chain0	57.4	99.2	100.0	263	265	263	1.67e-116	328.0
6aub	6aub_A	4m0y	4m0y__chain0	58.5	98.5	98.9	260	264	263	2.8000000000000002e-117	330.0
6aug	6aug_A	2yfe	2yfe__chain0	99.2	100.0	98.1	260	260	264	1.1299999999999999e-180	491.0
6avl	6avl_A	1k1i	1k1i__chain0	100.0	100.0	100.0	223	223	223	4.94e-167	453.0
6ayw	6ayw_A	2wtv	2wtv__chain0	32.1	90.8	97.3	268	293	264	4.07e-44	145.0
6b0f	6b0f_A	2qe4	2qe4__chain0	93.1	92.2	97.6	202	204	207	7.58e-126	347.0
6b1u	6b1u_A	1nvq	1nvq__chain0	34.9	57.0	94.3	258	442	264	1.7800000000000001e-43	147.0
6b2e	6b2e_A	1nvq	1nvq__chain0	34.9	56.9	94.3	258	443	264	2.54e-43	147.0
6b36	6b36_A	1g2k	1g2k__chain0	97.0	100.0	100.0	99	99	99	2.87e-72	203.0
6b38	6b38_A	1g2k	1g2k__chain0	97.0	100.0	100.0	99	99	99	2.87e-72	203.0
6b3c	6b3c_A	1g2k	1g2k__chain0	97.0	100.0	100.0	99	99	99	2.87e-72	203.0
6b3f	6b3f_A	1g2k	1g2k__chain0	97.0	100.0	100.0	99	99	99	2.87e-72	203.0
6b3h	6b3h_A	1g2k	1g2k__chain0	97.0	100.0	100.0	99	99	99	2.87e-72	203.0
6b5y	6b5y_A	4de2	4de2__chain0	45.2	97.0	97.3	259	265	260	4.86e-65	197.0
6b68	6b68_A	4de2	4de2__chain0	45.2	97.0	97.3	259	265	260	4.86e-65	197.0
6b69	6b69_A	4de2	4de2__chain0	45.2	97.0	97.3	259	265	260	4.86e-65	197.0
6b6a	6b6a_A	4de2	4de2__chain0	45.2	97.0	97.3	259	265	260	4.86e-65	197.0
6b6d	6b6d_A	4de2	4de2__chain0	45.2	97.0	97.3	259	265	260	4.86e-65	197.0
6b6e	6b6e_A	4de2	4de2__chain0	45.2	97.0	97.3	259	265	260	4.86e-65	197.0
6b6f	6b6f_A	4de2	4de2__chain0	45.2	97.0	97.3	259	265	260	4.86e-65	197.0
6b6p	6b6p_A	1k1i	1k1i__chain0	100.0	100.0	100.0	223	223	223	4.94e-167	453.0
6b6q	6b6q_A	1k1i	1k1i__chain0	100.0	100.0	100.0	223	223	223	4.94e-167	453.0
6b8z	6b8z_A	1bzc	1bzc__chain0	98.6	99.7	96.0	285	286	297	5.06e-210	567.0
6b99	6b99_A	3rlr	3rlr__chain0	100.0	100.0	95.9	210	210	219	4.98e-149	407.0
6b9a	6b9a_A	3rlr	3rlr__chain0	100.0	100.0	95.9	210	210	219	4.98e-149	407.0
6bab	6bab_B	2wtv	2wtv__chain0	34.4	78.6	80.7	224	285	264	1.9499999999999998e-42	140.0
6bcc	6bcc_A	4jsz	4jsz__chain0	99.6	100.0	100.0	257	257	257	3.93e-199	537.0
6bg2	6bg2_B	1q8t	1q8t__chain0	45.6	91.4	85.9	298	326	341	6.139999999999999e-91	269.0
6bku	6bku_A	3ag9	3ag9__chain0	34.5	97.8	80.6	267	267	319	4.08e-43	143.0
6bl8	6bl8_A	3k5v	3k5v__chain0	98.9	100.0	94.1	270	270	286	7.37e-203	548.0
6ble	6ble_A	3ag9	3ag9__chain0	34.8	97.7	80.6	267	265	319	2.0999999999999997e-42	141.0
6bqp	6bqp_A	3ag9	3ag9__chain0	34.1	98.1	80.6	267	263	319	7.679999999999999e-42	139.0
6bqq	6bqq_A	3ag9	3ag9__chain0	33.9	97.8	80.6	271	271	319	1.36e-41	139.0
6brc	6brc_A	3ag9	3ag9__chain0	34.8	97.7	80.6	267	265	319	2.0999999999999997e-42	141.0
6brj	6brj_A	3k5v	3k5v__chain0	41.7	95.6	88.1	266	274	286	2.23e-66	202.0
6bsd	6bsd_A	3k5v	3k5v__chain0	40.2	96.8	89.2	271	278	286	4.59e-64	196.0
6bxi	6bxi_B	1q8t	1q8t__chain0	35.4	98.8	85.3	333	332	341	8.029999999999999e-67	207.0
6bz2	6bz2_A	1g2k	1g2k__chain0	94.9	100.0	100.0	99	99	99	4.59e-69	195.0
6c18	6c18_B	3k5v	3k5v__chain0	40.2	95.3	90.6	264	255	286	1.69e-63	194.0
6c19	6c19_B	3k5v	3k5v__chain0	40.7	94.7	90.6	268	264	286	1.02e-64	197.0
6c1b	6c1b_B	3k5v	3k5v__chain0	40.7	94.1	90.6	263	256	286	7.75e-65	197.0
6c1c	6c1c_B	3k5v	3k5v__chain0	41.0	94.0	90.6	268	267	286	3.53e-66	201.0
6c1i	6c1i_A	2yfe	2yfe__chain0	98.5	100.0	98.1	263	263	264	6.33e-181	491.0
6c1o	6c1o_B	3k5v	3k5v__chain0	40.4	94.3	90.6	267	262	286	6.72e-65	198.0
6c2i	6c2i_A	3udh	3udh__chain0	99.2	100.0	97.0	382	379	394	1.15e-288	774.0
6c9f	6c9f_A	1nvq	1nvq__chain0	34.6	68.1	95.1	263	373	264	1.3999999999999999e-45	151.0
6c9g	6c9g_A	1nvq	1nvq__chain0	34.6	65.8	95.1	263	386	264	1.9e-45	151.0
6c9h	6c9h_A	1nvq	1nvq__chain0	34.6	58.4	95.1	263	435	264	3.93e-45	151.0
6c9j	6c9j_A	1nvq	1nvq__chain0	34.6	65.8	95.1	263	386	264	3.7399999999999996e-45	150.0
6cad	6cad_B	3k5v	3k5v__chain0	30.3	99.2	92.3	274	248	286	6.86e-30	107.0
6cbz	6cbz_A	4mgd	4mgd__chain1	98.3	99.6	97.5	230	229	236	2.19e-161	439.0
6ccf	6ccf_B	1ydr	1ydr__chain0	34.5	98.1	76.5	267	262	336	2.27e-40	136.0
6cd6	6cd6_B	1ydr	1ydr__chain0	35.1	98.1	76.5	268	266	336	1.92e-39	134.0
6ceo	6ceo_A	3rlr	3rlr__chain0	100.0	100.0	95.9	210	210	219	4.98e-149	407.0
6chz	6chz_A	1qkt	1qkt__chain0	99.2	100.0	99.2	246	246	248	3.68e-174	473.0
6cj2	6cj2_A	3p5o	3p5o__chain0	99.2	100.0	98.4	125	125	127	2.73e-94	261.0
6cjl	6cjl_A	2fxs	2fxs__chain0	87.7	99.1	99.5	212	214	213	9.22e-131	360.0
6ck6	6ck6_A	3myg	3myg__chain0	31.1	91.5	92.9	254	271	252	6.84e-39	130.0
6cki	6cki_A	3myg	3myg__chain0	31.1	91.5	92.9	254	271	252	6.84e-39	130.0
6cmj	6cmj_B	3ag9	3ag9__chain0	33.8	93.7	80.6	275	287	319	2.99e-41	139.0
6cnh	6cnh_A	1pxn	1pxn__chain0	30.2	90.7	93.2	308	321	294	5.6500000000000005e-27	101.0
6cpf	6cpf_A	3myg	3myg__chain0	98.0	98.5	99.2	255	259	252	4.6e-186	504.0
6cqu	6cqu_B	1h23	1h23__chain0	58.7	99.4	99.8	528	530	528	7.27e-241	665.0
6cqv	6cqv_B	1h23	1h23__chain0	58.7	99.4	99.8	528	530	528	7.27e-241	665.0
6cqw	6cqw_B	1gpk	1gpk__chain0	58.6	99.6	99.8	529	531	529	8.289999999999999e-243	670.0
6cqy	6cqy_B	1h23	1h23__chain0	58.7	99.6	99.8	528	529	528	7e-241	665.0
6cyq	6cyq_A	3g2z	3g2z__chain0	98.8	100.0	99.2	260	260	262	3.83e-183	497.0
6cyu	6cyu_A	3g2z	3g2z__chain0	98.5	100.0	99.6	261	261	262	1.62e-182	495.0
6czn	6czn_B	2qe4	2qe4__chain0	98.6	93.2	100.0	207	222	207	2.8e-144	395.0
6d0d	6d0d_A	1g2k	1g2k__chain0	100.0	100.0	100.0	99	99	99	1.7200000000000002e-73	206.0
6d0e	6d0e_A	1g2k	1g2k__chain0	100.0	100.0	100.0	99	99	99	1.7200000000000002e-73	206.0
6d0f	6d0f_B	2qe4	2qe4__chain0	97.1	93.5	99.5	206	217	207	1.66e-137	377.0
6d14	6d14_A	2yki	2yki__chain0	48.8	33.6	96.1	201	580	207	5.21e-56	181.0
6d15	6d15_A	4de2	4de2__chain0	53.8	96.3	99.6	260	270	260	1.25e-92	268.0
6d16	6d16_A	4de2	4de2__chain0	53.8	96.3	99.6	260	270	260	1.25e-92	268.0
6d17	6d17_A	4de2	4de2__chain0	53.8	96.3	99.6	260	270	260	1.25e-92	268.0
6d18	6d18_A	4de2	4de2__chain0	53.8	96.3	99.6	260	270	260	1.25e-92	268.0
6d19	6d19_A	4de2	4de2__chain0	53.8	96.7	99.6	260	269	260	1.2e-92	268.0
6d1y	6d1y_A	4rfm	4rfm__chain0	38.8	85.0	94.4	255	300	249	2.5099999999999997e-60	186.0
6d1z	6d1z_A	4rfm	4rfm__chain0	39.2	87.9	94.4	255	290	249	7.29e-60	185.0
6d20	6d20_A	4m0y	4m0y__chain0	39.1	87.8	95.4	261	296	263	1.88e-62	192.0
6d8x	6d8x_A	2yfe	2yfe__chain0	96.0	99.3	99.6	274	276	264	5.53e-183	497.0
6d94	6d94_A	2yfe	2yfe__chain0	95.9	99.6	98.1	270	271	264	1.4500000000000001e-179	488.0
6dbc	6dbc_A	3p5o	3p5o__chain0	47.5	86.1	75.6	99	115	127	4.34e-28	93.6
6dbh	6dbh_A	2yfe	2yfe__chain0	95.9	100.0	98.5	271	271	264	4.33e-181	492.0
6dbk	6dbk_A	4e5w	4e5w__chain1	59.6	95.9	96.8	280	290	280	3.5199999999999996e-119	337.0
6dbm	6dbm_A	4e5w	4e5w__chain0	58.2	95.6	92.5	275	274	294	3.9900000000000004e-110	314.0
6dbn	6dbn_A	4k77	4k77__chain0	98.9	100.0	99.3	281	281	282	7.070000000000001e-212	571.0
6dcu	6dcu_A	2yfe	2yfe__chain0	99.6	100.0	95.8	254	254	264	2.85e-177	482.0
6ddi	6ddi_B	3p5o	3p5o__chain0	81.1	99.1	83.5	106	107	127	2.6e-67	192.0
6ddj	6ddj_A	3p5o	3p5o__chain0	47.5	86.1	75.6	99	115	127	4.34e-28	93.6
6df6	6df6_B	2qe4	2qe4__chain0	97.1	94.1	100.0	208	220	207	2.38e-140	385.0
6dfn	6dfn_A	2p15	2p15__chain1	97.1	100.0	98.3	238	234	242	4.23e-164	447.0
6dgq	6dgq_A	3b1m	3b1m__chain0	99.6	100.0	99.2	258	257	260	1.4400000000000001e-179	488.0
6dh9	6dh9_A	2yfe	2yfe__chain0	99.6	100.0	98.1	259	259	264	1.61e-182	495.0
6di3	6di3_A	4rfm	4rfm__chain0	56.9	95.3	96.8	246	256	249	8.13e-102	290.0
6dkw	6dkw_A	3qgy	3qgy__chain0	39.4	88.0	95.1	251	284	245	3.01e-59	183.0
6dmg	6dmg_A	3e92	3e92__chain0	48.4	97.7	95.4	341	347	349	1.25e-108	315.0
6dmh	6dmh_A	4de2	4de2__chain0	52.0	94.8	97.7	256	269	260	2.11e-88	257.0
6dmi	6dmi_A	3udh	3udh__chain0	97.1	99.2	96.7	381	374	394	9.22e-280	751.0
6dmj	6dmj_A	3p5o	3p5o__chain0	100.0	100.0	100.0	127	127	127	1.07e-96	267.0
6dmk	6dmk_A	3p5o	3p5o__chain0	33.3	90.3	79.5	102	113	127	7.13e-18	67.4
6dml	6dml_A	3p5o	3p5o__chain0	100.0	100.0	100.0	127	127	127	1.07e-96	267.0
6drw	6drw_A	4jia	4jia__chain0	97.6	99.0	97.3	292	290	300	2.07e-213	576.0
6duv	6duv_B	3p5o	3p5o__chain0	46.5	90.8	75.6	99	109	127	4.57e-26	88.2
6dv0	6dv0_A	1g2k	1g2k__chain0	94.9	100.0	100.0	99	99	99	4.59e-69	195.0
6dv4	6dv4_A	1g2k	1g2k__chain0	94.9	100.0	100.0	99	99	99	4.59e-69	195.0
6dxk	6dxk_A	3b5r	3b5r__chain0	50.6	99.6	100.0	247	247	247	4.33e-89	258.0
6e5a	6e5a_A	3b1m	3b1m__chain0	99.6	99.6	99.6	259	259	260	4.6600000000000003e-181	491.0
6e8p	6e8p_A	4jsz	4jsz__chain0	96.9	100.0	100.0	257	257	257	4.2300000000000005e-194	524.0
6eav	6eav_A	1k1i	1k1i__chain0	100.0	100.0	100.0	223	223	223	4.94e-167	453.0
6eaw	6eaw_A	1k1i	1k1i__chain0	100.0	100.0	100.0	223	223	223	4.94e-167	453.0
6eax	6eax_A	1k1i	1k1i__chain0	100.0	100.0	100.0	223	223	223	4.94e-167	453.0
6eh3	6eh3_A	1q8t	1q8t__chain0	97.1	96.3	99.7	340	353	341	6.69e-250	673.0
6ehk	6ehk_A	4eor	4eor__chain0	31.7	90.2	98.0	303	327	294	1.95e-39	134.0
6ehu	6ehu_A	4eor	4eor__chain0	31.7	90.2	98.0	303	327	294	1.95e-39	134.0
6eii	6eii_A	4eor	4eor__chain0	31.6	89.9	97.3	301	326	294	2.8e-38	131.0
6eim	6eim_B	2xnb	2xnb__chain0	31.2	89.8	97.0	292	295	296	8.350000000000001e-35	121.0
6eiv	6eiv_D	1pxn	1pxn__chain0	30.5	93.4	95.9	318	333	294	1.39e-34	122.0
6el6	6el6_A	3b5r	3b5r__chain0	50.6	99.6	100.0	247	247	247	6.55e-91	262.0
6el7	6el7_A	3b5r	3b5r__chain0	51.0	99.6	100.0	247	247	247	1.62e-91	264.0
6el9	6el9_A	3b5r	3b5r__chain0	51.0	99.6	100.0	247	247	247	1.62e-91	264.0
6elr	6elr_B	4e5w	4e5w__chain0	98.9	100.0	95.9	282	282	294	8.44e-214	577.0
6em2	6em2_A	1q8t	1q8t__chain0	97.1	100.0	99.7	340	340	341	2.7899999999999996e-250	673.0
6eq9	6eq9_B	4f9w	4f9w__chain0	47.9	99.7	97.6	340	332	336	2.67e-103	300.0
6eqp	6eqp_A	1e66	1e66__chain0	53.4	100.0	98.9	526	526	532	4.4799999999999995e-225	625.0
6eqq	6eqq_A	1e66	1e66__chain0	53.4	100.0	98.9	526	526	532	4.4799999999999995e-225	625.0
6eyf	6eyf_A	1e66	1e66__chain0	53.3	100.0	99.1	527	526	532	1.2800000000000001e-224	624.0
6f14	6f14_A	1q8t	1q8t__chain0	95.9	99.1	99.7	340	339	341	1.17e-244	659.0
6f25	6f25_B	1e66	1e66__chain0	58.2	99.8	100.0	534	535	532	2.5e-241	667.0
6f2l	6f2l_A	3b1m	3b1m__chain0	98.8	100.0	98.5	259	259	260	3.14e-179	487.0
6f3j	6f3j_A	3ebp	3ebp__chain0	99.9	100.0	100.0	810	810	810	0.0	1637.0
6f3l	6f3l_A	3ebp	3ebp__chain0	99.9	100.0	100.0	810	810	810	0.0	1637.0
6f3r	6f3r_A	3ebp	3ebp__chain0	99.9	100.0	100.0	810	810	810	0.0	1637.0
6f3s	6f3s_A	3ebp	3ebp__chain0	99.9	100.0	100.0	810	810	810	0.0	1637.0
6f3u	6f3u_A	3ebp	3ebp__chain0	99.9	100.0	100.0	810	810	810	0.0	1637.0
6f60	6f60_A	1o0h	1o0h__chain0	100.0	100.0	100.0	124	124	124	4.43e-90	250.0
6faz	6faz_A	2al5	2al5__chain0	100.0	98.5	100.0	260	264	260	1.8e-193	523.0
6fc8	6fc8_A	2br1	2br1__chain0	98.9	100.0	97.8	269	269	272	8.87e-205	552.0
6fcf	6fcf_A	1nvq	1nvq__chain0	99.6	100.0	96.2	254	253	264	8.03e-195	526.0
6fck	6fck_A	2br1	2br1__chain0	98.9	100.0	97.8	269	269	272	8.87e-205	552.0
6fdy	6fdy_U	3uo4	3uo4__chain0	34.9	97.7	95.5	261	262	266	1.9e-50	160.0
6fdz	6fdz_U	3uo4	3uo4__chain0	34.9	97.4	95.5	261	265	266	1.33e-51	163.0
6fek	6fek_A	3k5v	3k5v__chain0	40.3	93.9	91.6	278	296	286	5.06e-71	215.0
6ffd	6ffd_A	3p5o	3p5o__chain0	46.5	87.6	75.6	99	113	127	5.28e-26	88.2
6fgu	6fgu_A	3p5o	3p5o__chain0	35.8	89.7	83.5	106	116	127	1.57e-17	66.6
6fi3	6fi3_A	3e92	3e92__chain0	50.2	91.2	87.1	311	339	349	1.99e-105	306.0
6fi6	6fi6_A	3e92	3e92__chain0	48.6	95.9	91.4	327	339	349	7e-106	308.0
6fin	6fin_A	3k5v	3k5v__chain0	39.6	96.9	89.2	285	294	286	6.13e-66	202.0
6fio	6fio_A	3k5v	3k5v__chain0	38.7	95.1	89.2	292	307	286	5.25e-65	200.0
6fiq	6fiq_A	3k5v	3k5v__chain0	40.0	95.6	89.2	280	293	286	1.67e-65	201.0
6fj0	6fj0_A	3e92	3e92__chain0	48.1	97.6	94.8	339	340	349	5.12e-106	308.0
6fjb	6fjb_A	3e92	3e92__chain0	48.2	97.6	92.8	332	338	349	8.36e-107	310.0
6fjt	6fjt_H	2zda	2zda__chain1	100.0	100.0	100.0	251	251	251	2.46e-199	537.0
6fjz	6fjz_A	3e92	3e92__chain0	48.4	98.0	95.4	341	346	349	1.7e-108	315.0
6fld	6fld_A	1e66	1e66__chain0	99.8	100.0	100.0	532	531	532	0.0	1102.0
6fle	6fle_A	3e92	3e92__chain0	50.2	90.6	87.1	311	341	349	2.13e-105	306.0
6flv	6flv_A	3e92	3e92__chain0	47.9	98.0	95.4	340	345	349	1.07e-106	310.0
6fma	6fma_A	3e92	3e92__chain0	48.1	97.9	95.4	341	341	349	9.3e-107	310.0
6fn5	6fn5_A	2zb1	2zb1__chain0	48.6	96.1	91.6	325	336	345	2.5399999999999998e-104	303.0
6fnh	6fnh_C	3qgy	3qgy__chain0	41.7	91.1	98.8	247	270	245	6.63e-63	192.0
6fnk	6fnk_A	4rfm	4rfm__chain0	40.3	92.3	96.8	253	274	249	6.04e-63	192.0
6fnm	6fnm_A	4rfm	4rfm__chain0	40.3	93.7	96.8	253	270	249	3.74e-63	192.0
6fq7	6fq7_A	3e92	3e92__chain0	48.2	98.0	95.4	340	342	349	2.39e-107	311.0
6fqg	6fqg_B	2al5	2al5__chain0	99.6	99.6	99.6	259	260	260	4.21e-191	517.0
6fqh	6fqh_A	2al5	2al5__chain0	99.6	100.0	99.6	259	259	260	9.92e-192	518.0
6fqi	6fqi_A	2al5	2al5__chain0	99.6	99.6	99.6	259	260	260	4.21e-191	517.0
6fqj	6fqj_A	2al5	2al5__chain0	99.6	99.6	100.0	260	261	260	2.6400000000000003e-192	520.0
6fqk	6fqk_A	2al5	2al5__chain0	99.6	100.0	99.6	259	259	260	9.92e-192	518.0
6fqn	6fqn_A	1e66	1e66__chain0	99.8	100.0	100.0	532	531	532	0.0	1102.0
6fqt	6fqt_A	3p5o	3p5o__chain0	33.3	89.5	79.5	102	114	127	7.36e-18	67.4
6fr1	6fr1_A	3e92	3e92__chain0	48.2	98.0	95.4	340	342	349	2.39e-107	311.0
6frp	6frp_A	3e92	3e92__chain0	48.4	97.9	95.4	341	340	349	1.1100000000000001e-107	312.0
6frx	6frx_A	1q8t	1q8t__chain0	95.6	100.0	99.4	339	334	341	9.15e-243	654.0
6fso	6fso_A	3rr4	3rr4__chain0	98.1	99.7	100.0	371	368	368	4.2499999999999997e-268	721.0
6fvf	6fvf_A	4eor	4eor__chain0	31.7	90.2	98.0	303	327	294	1.95e-39	134.0
6fvg	6fvg_A	4eor	4eor__chain0	31.7	90.2	98.0	303	327	294	1.95e-39	134.0
6fxv	6fxv_A	2zb1	2zb1__chain0	48.2	98.5	95.7	340	337	345	2.6299999999999997e-104	303.0
6fzj	6fzj_B	3b1m	3b1m__chain0	96.3	99.6	100.0	269	270	260	2.5300000000000003e-181	493.0
6g0d	6g0d_A	3p5o	3p5o__chain0	100.0	100.0	100.0	127	127	127	1.07e-96	267.0
6g0e	6g0e_A	3p5o	3p5o__chain0	100.0	100.0	98.4	125	125	127	5.73e-96	265.0
6g0f	6g0f_A	3p5o	3p5o__chain0	100.0	100.0	100.0	127	127	127	1.07e-96	267.0
6g0g	6g0g_A	3p5o	3p5o__chain0	100.0	100.0	98.4	125	125	127	5.73e-96	265.0
6g0h	6g0h_A	3p5o	3p5o__chain0	100.0	100.0	100.0	127	127	127	1.07e-96	267.0
6g4o	6g4o_B	1e66	1e66__chain0	100.0	100.0	100.0	532	532	532	0.0	1108.0
6g4p	6g4p_A	1e66	1e66__chain0	100.0	100.0	100.0	532	532	532	0.0	1108.0
6g76	6g76_A	1ydr	1ydr__chain0	38.4	92.8	81.8	281	291	336	5.89e-72	219.0
6g77	6g77_A	1ydr	1ydr__chain0	38.4	92.8	81.8	281	291	336	5.89e-72	219.0
6g78	6g78_A	1ydr	1ydr__chain0	38.5	92.6	81.8	278	283	336	1.6e-69	212.0
6g8x	6g8x_A	3e92	3e92__chain0	47.9	97.6	95.4	340	339	349	2.46e-106	309.0
6g9m	6g9m_A	3e92	3e92__chain0	48.5	98.0	95.4	340	342	349	8.43e-108	313.0
6gdc	6gdc_A	4jsz	4jsz__chain0	99.6	100.0	100.0	257	257	257	3.93e-199	537.0
6gdm	6gdm_A	3e92	3e92__chain0	48.2	97.1	95.4	340	345	349	1.88e-107	312.0
6gdq	6gdq_A	3e92	3e92__chain0	48.6	95.6	91.4	327	340	349	1.27e-106	310.0
6ges	6ges_A	3e92	3e92__chain0	48.5	96.6	95.1	340	350	349	1.46e-105	307.0
6ggc	6ggc_A	5a7b	5a7b__chain0	100.0	99.5	100.0	196	197	196	6.89e-154	417.0
6ggh	6ggh_B	4ivd	4ivd__chain0	98.6	100.0	96.6	282	282	292	3.7200000000000003e-212	572.0
6giv	6giv_A	2al5	2al5__chain0	99.6	98.9	100.0	260	263	260	9.99e-193	521.0
6gjo	6gjo_B	2fvd	2fvd__chain0	34.4	83.4	97.2	291	343	284	3.5499999999999996e-52	168.0
6gl4	6gl4_A	2al5	2al5__chain0	100.0	98.5	100.0	260	264	260	1.8e-193	523.0
6gm9	6gm9_A	4jsz	4jsz__chain0	99.6	100.0	100.0	257	257	257	3.93e-199	537.0
6gmr	6gmr_V	4w9c	4w9c__chain2	99.3	94.6	100.0	141	149	140	5.6300000000000005e-103	285.0
6gn6	6gn6_A	2wvt	2wvt__chain0	33.0	91.0	90.0	409	421	438	3.15e-79	245.0
6gp8	6gp8_A	3rlr	3rlr__chain0	99.5	93.5	99.1	217	232	219	7.6299999999999994e-152	415.0
6gph	6gph_A	3rlr	3rlr__chain0	99.5	93.1	99.1	217	233	219	5.6e-152	415.0
6gpo	6gpo_A	3rlr	3rlr__chain0	99.5	93.1	99.1	217	233	219	5.6e-152	415.0
6gpr	6gpr_A	3b27	3b27__chain0	100.0	100.0	99.5	214	214	215	4.53e-152	414.0
6gpt	6gpt_A	3rlr	3rlr__chain0	100.0	100.0	98.2	215	215	219	1.34e-152	416.0
6gqj	6gqj_B	3pyy	3pyy__chain0	38.3	97.9	100.0	287	292	265	6.12e-66	201.0
6gqk	6gqk_B	3pyy	3pyy__chain0	38.3	98.0	100.0	287	293	265	3.17e-66	202.0
6gql	6gql_B	3pyy	3pyy__chain0	38.5	99.7	100.0	286	286	265	1.7800000000000002e-66	202.0
6gqo	6gqo_A	3pyy	3pyy__chain0	37.9	94.2	98.5	290	308	265	1.3e-60	188.0
6gqp	6gqp_A	3pyy	3pyy__chain0	38.1	98.7	99.2	294	298	265	6.73e-61	188.0
6gqq	6gqq_A	3pyy	3pyy__chain0	37.9	95.1	98.5	290	305	265	8.379999999999999e-61	188.0
6gqr	6gqr_A	3b27	3b27__chain0	100.0	95.5	99.5	214	224	215	1.37e-151	414.0
6gqs	6gqs_A	3rlr	3rlr__chain0	99.5	93.1	99.1	217	233	219	1.3699999999999999e-152	417.0
6gqu	6gqu_A	3rlr	3rlr__chain0	99.5	93.5	99.1	217	232	219	1.32e-152	417.0
6gr1	6gr1_A	3rlr	3rlr__chain0	99.5	93.5	99.1	217	232	219	1.32e-152	417.0
6gr3	6gr3_A	3b27	3b27__chain0	99.5	100.0	99.5	214	214	215	1.3e-151	413.0
6gr8	6gr8_A	2wtv	2wtv__chain0	71.6	97.1	99.6	264	272	264	1.48e-140	390.0
6gr9	6gr9_A	2wtv	2wtv__chain0	72.0	97.0	98.5	261	269	264	7.61e-140	388.0
6gra	6gra_A	3myg	3myg__chain0	98.8	99.6	100.0	252	250	252	3.19e-186	504.0
6gtt	6gtt_A	1pxn	1pxn__chain0	31.4	87.2	96.9	290	282	294	4.64e-32	114.0
6gwe	6gwe_H	1bcu	1bcu__chain1	100.0	99.6	100.0	249	250	249	1.0399999999999999e-197	533.0
6h42	6h42_B	3gc5	3gc5__chain0	44.1	89.3	94.8	354	392	368	2.16e-99	294.0
6hc9	6hc9_A	2al5	2al5__chain0	99.2	98.1	100.0	260	265	260	6.27e-192	519.0
6hca	6hca_B	2al5	2al5__chain0	100.0	100.0	99.6	259	259	260	3.46e-192	520.0
6hcb	6hcb_B	2al5	2al5__chain0	99.6	98.9	100.0	260	263	260	9.99e-193	521.0
6hcc	6hcc_A	2al5	2al5__chain0	99.6	98.1	100.0	260	265	260	1.54e-192	521.0
6hch	6hch_B	2al5	2al5__chain0	99.2	98.9	100.0	260	263	260	4.07e-192	520.0
6hdp	6hdp_A	1pxn	1pxn__chain0	30.9	76.5	94.6	317	409	294	1.63e-36	129.0
6hdr	6hdr_A	1pxn	1pxn__chain0	30.9	76.9	95.2	317	407	294	1.5700000000000002e-37	131.0
6hes	6hes_A	3qgy	3qgy__chain0	41.8	88.7	98.8	244	275	245	2.6800000000000004e-66	201.0
6het	6het_A	3qgy	3qgy__chain0	41.8	90.7	98.8	244	268	245	6.82e-65	197.0
6heu	6heu_A	3qgy	3qgy__chain0	42.0	89.1	98.8	245	275	245	1.07e-65	199.0
6hev	6hev_A	4rfm	4rfm__chain0	41.7	86.9	95.6	240	275	249	3.44e-65	198.0
6hew	6hew_A	4rfm	4rfm__chain0	41.5	88.6	95.6	241	272	249	2.2e-65	198.0
6hex	6hex_A	3qgy	3qgy__chain0	41.8	90.7	98.8	244	268	245	9.65e-65	196.0
6hey	6hey_A	4rfm	4rfm__chain0	41.5	87.0	95.6	241	277	249	9.180000000000001e-66	199.0
6hh1	6hh1_A	3pyy	3pyy__chain0	38.1	94.4	97.7	286	303	265	1.25e-62	193.0
6hho	6hho_A	4m0y	4m0y__chain0	32.4	87.9	88.2	250	273	263	5.06e-33	115.0
6hmc	6hmc_A	4eor	4eor__chain0	32.9	90.2	98.0	304	327	294	4.81e-41	139.0
6hmd	6hmd_A	4eor	4eor__chain0	32.9	89.9	98.0	304	328	294	1.36e-40	137.0
6hme	6hme_A	4eor	4eor__chain0	31.7	88.9	98.0	303	332	294	1.57e-39	135.0
6hmq	6hmq_A	4eor	4eor__chain0	32.9	90.2	98.0	304	327	294	4.81e-41	139.0
6hnw	6hnw_A	4eor	4eor__chain0	31.7	89.9	98.0	303	328	294	3.91e-39	134.0
6hny	6hny_A	4eor	4eor__chain0	31.7	89.9	98.0	303	328	294	3.91e-39	134.0
6hqx	6hqx_A	4jsz	4jsz__chain0	99.6	100.0	100.0	257	257	257	3.93e-199	537.0
6hr3	6hr3_A	4jsz	4jsz__chain0	99.6	100.0	100.0	257	257	257	3.93e-199	537.0
6hs9	6hs9_A	2xb8	2xb8__chain0	41.9	93.8	95.0	136	145	141	1.4e-29	99.0
6hsa	6hsa_A	2xb8	2xb8__chain0	41.9	93.2	95.0	136	146	141	1.45e-29	99.0
6hsx	6hsx_H	1oyt	1oyt__chain1	100.0	100.0	100.0	250	250	250	3.78e-198	534.0
6hwt	6hwt_A	4f9w	4f9w__chain0	99.4	100.0	100.0	337	336	336	1.61e-249	671.0
6hx5	6hx5_A	4jsz	4jsz__chain0	99.6	100.0	100.0	257	257	257	3.93e-199	537.0
6hxd	6hxd_A	4jsz	4jsz__chain0	99.6	100.0	100.0	257	257	257	3.93e-199	537.0
6hxf	6hxf_A	1pxn	1pxn__chain0	32.1	91.2	96.9	290	285	294	8.320000000000001e-36	124.0
6i0j	6i0j_A	4jsz	4jsz__chain0	60.2	99.6	99.2	256	257	257	3.4400000000000004e-110	312.0
6i0l	6i0l_A	4jsz	4jsz__chain0	60.2	99.6	99.2	256	257	257	3.4400000000000004e-110	312.0
6i0w	6i0w_A	4jsz	4jsz__chain0	99.6	100.0	100.0	257	257	257	3.93e-199	537.0
6i1u	6i1u_A	4jsz	4jsz__chain0	99.6	100.0	100.0	257	257	257	3.93e-199	537.0
6i2a	6i2a_A	1q8t	1q8t__chain0	97.1	96.3	99.7	340	353	341	6.69e-250	673.0
6i2b	6i2b_A	1q8t	1q8t__chain0	96.5	98.0	99.7	340	345	341	8.98e-246	662.0
6i2c	6i2c_A	1q8t	1q8t__chain0	96.5	100.0	99.7	340	338	341	8.240000000000001e-247	664.0
6i2d	6i2d_A	1q8t	1q8t__chain0	97.1	99.1	99.7	340	343	341	3.15e-250	673.0
6i2f	6i2f_A	4jsz	4jsz__chain0	99.6	100.0	100.0	257	257	257	3.93e-199	537.0
6i2y	6i2y_A	2xnb	2xnb__chain0	32.3	89.6	97.0	288	279	296	9.88e-37	126.0
6i3e	6i3e_A	4jsz	4jsz__chain0	99.6	100.0	100.0	257	257	257	3.93e-199	537.0
6i44	6i44_A	4ty7	4ty7__chain0	64.6	38.8	99.6	237	596	238	2.89e-116	339.0
6i51	6i51_H	1oyt	1oyt__chain1	100.0	100.0	100.0	250	250	250	3.78e-198	534.0
6i7x	6i7x_A	3p5o	3p5o__chain0	100.0	100.0	100.0	127	127	127	1.07e-96	267.0
6i7y	6i7y_A	3p5o	3p5o__chain0	100.0	100.0	100.0	127	127	127	1.07e-96	267.0
6i80	6i80_A	3p5o	3p5o__chain0	43.4	96.4	81.9	106	110	127	3.6199999999999997e-28	93.6
6i81	6i81_A	3p5o	3p5o__chain0	43.4	96.4	81.9	106	110	127	3.6199999999999997e-28	93.6
6i82	6i82_A	3k5v	3k5v__chain0	41.9	92.9	91.6	270	281	286	4.8900000000000006e-70	212.0
6i83	6i83_A	3k5v	3k5v__chain0	41.3	92.8	91.6	271	292	286	8.609999999999999e-74	222.0
6ic2	6ic2_A	4jsz	4jsz__chain0	99.6	99.6	100.0	257	258	257	5.81e-199	536.0
6icj	6icj_A	3fur	3fur__chain0	98.8	100.0	99.6	256	254	256	2.89e-175	476.0
6if8	6if8_A	1nc3	1nc3__chain1	52.4	97.4	99.6	229	227	230	4.9100000000000006e-79	231.0
6ig8	6ig8_A	3pyy	3pyy__chain0	38.9	91.4	95.5	275	301	265	4.11e-66	202.0
6il3	6il3_A	3k5v	3k5v__chain0	42.1	87.7	89.9	273	310	286	8.13e-68	207.0
6im3	6im3_A	4jsz	4jsz__chain0	35.4	98.2	97.7	257	222	257	2.02e-34	117.0
6in1	6in1_A	3p5o	3p5o__chain0	99.2	97.7	98.4	125	128	127	7.579999999999999e-95	263.0
6inl	6inl_A	2fvd	2fvd__chain0	94.4	100.0	100.0	285	272	284	1.88e-196	532.0
6iqn	6iqn_A	4rfm	4rfm__chain0	37.2	95.2	96.8	261	272	249	1.8400000000000002e-58	181.0
6ise	6ise_B	2fvd	2fvd__chain0	31.0	89.0	96.5	300	327	284	6.51e-37	127.0
6isj	6isj_A	2fvd	2fvd__chain0	31.2	89.2	96.5	298	324	284	1.5900000000000002e-37	129.0
6itt	6itt_A	3pyy	3pyy__chain0	38.9	94.7	100.0	285	301	265	2.32e-65	200.0
6itv	6itv_A	3pyy	3pyy__chain0	38.9	95.6	100.0	285	298	265	2.1e-65	200.0
6ity	6ity_A	4de2	4de2__chain0	92.2	99.2	99.2	258	260	260	9.62e-172	468.0
6izm	6izm_A	3b1m	3b1m__chain0	97.4	100.0	99.6	266	266	260	3.06e-181	492.0
6izn	6izn_A	3b1m	3b1m__chain0	97.7	100.0	99.6	265	265	260	4.18e-181	492.0
6j2b	6j2b_A	4de2	4de2__chain0	91.9	99.2	99.2	258	260	260	1.94e-171	467.0
6j2k	6j2k_A	4de2	4de2__chain0	91.9	99.2	99.2	258	260	260	1.94e-171	467.0
6j2o	6j2o_A	4de2	4de2__chain0	92.2	99.2	99.2	258	260	260	9.62e-172	468.0
6j8q	6j8q_D	4de2	4de2__chain0	53.9	99.6	98.8	258	259	260	2.37e-92	267.0
6jf0	6jf0_A	2yfe	2yfe__chain0	99.2	100.0	97.7	258	257	264	1.17e-179	488.0
6jfp	6jfp_B	2wbg	2wbg__chain0	47.2	99.1	99.1	443	444	443	3.41e-149	426.0
6jgm	6jgm_A	1pxn	1pxn__chain0	94.9	100.0	100.0	294	279	294	2.57e-205	555.0
6ji3	6ji3_A	3p5o	3p5o__chain0	100.0	100.0	97.6	124	124	127	3.18e-95	263.0
6ji4	6ji4_A	3p5o	3p5o__chain0	100.0	100.0	96.9	123	123	127	2.51e-94	261.0
6jj3	6jj3_A	3p5o	3p5o__chain0	100.0	100.0	98.4	125	125	127	5.73e-96	265.0
6jj5	6jj5_A	3p5o	3p5o__chain0	100.0	100.0	98.4	125	125	127	5.73e-96	265.0
6jj6	6jj6_A	3p5o	3p5o__chain0	100.0	100.0	98.4	125	125	127	5.73e-96	265.0
6jjb	6jjb_A	3p5o	3p5o__chain0	100.0	100.0	98.4	125	125	127	5.73e-96	265.0
6jlr	6jlr_A	3myg	3myg__chain0	30.7	92.5	92.9	251	268	252	2.46e-38	129.0
6jmn	6jmn_A	3arp	3arp__chain0	50.0	98.9	98.4	570	536	574	1.8599999999999999e-187	531.0
6jmv	6jmv_A	3gbb	3gbb__chain0	85.5	99.2	100.0	255	256	255	1.08e-168	460.0
6jn3	6jn3_D	4de2	4de2__chain0	53.9	99.2	98.8	258	260	260	3.49e-92	266.0
6jn4	6jn4_C	4de2	4de2__chain0	54.5	98.8	97.7	255	258	260	2.2899999999999998e-92	267.0
6jnr	6jnr_B	2p15	2p15__chain1	32.8	86.5	80.2	195	215	242	5.76e-25	92.0
6joi	6joi_A	4rfm	4rfm__chain0	39.3	80.7	90.8	239	296	249	1.22e-53	169.0
6joj	6joj_A	3pyy	3pyy__chain0	38.0	85.8	98.5	292	338	265	2.08e-64	199.0
6jok	6jok_A	3pyy	3pyy__chain0	37.8	86.4	98.5	294	338	265	4.1500000000000005e-64	198.0
6jol	6jol_A	3pyy	3pyy__chain0	39.1	98.2	98.1	276	279	265	4.4e-68	206.0
6jqr	6jqr_A	3k5v	3k5v__chain0	41.6	86.7	89.9	267	301	286	5.44e-66	202.0
6jrj	6jrj_A	3pyy	3pyy__chain0	38.2	85.4	96.6	262	288	265	2.45e-58	181.0
6jrk	6jrk_A	3mss	3mss__chain0	38.9	85.5	95.8	257	283	264	1.28e-59	184.0
6jrx	6jrx_A	3mss	3mss__chain0	39.2	87.3	95.8	265	300	264	3.1e-62	192.0
6jt4	6jt4_A	3rsx	3rsx__chain0	98.1	99.5	100.0	375	370	375	1.1799999999999999e-274	738.0
6jut	6jut_A	3pyy	3pyy__chain0	32.5	86.9	98.5	265	297	265	2.5500000000000004e-47	153.0
6juu	6juu_A	3pyy	3pyy__chain0	32.5	88.4	98.5	265	292	265	2.21e-47	153.0
6jx0	6jx0_A	3mss	3mss__chain0	39.0	91.7	95.8	267	289	264	2.76e-60	186.0
6jyp	6jyp_U	1owh	1owh__chain0	98.8	99.6	100.0	245	246	245	2.37e-192	519.0
6jyq	6jyq_U	1owh	1owh__chain0	98.8	99.6	100.0	245	246	245	2.37e-192	519.0
6k05	6k05_C	3p5o	3p5o__chain0	81.1	100.0	83.5	106	106	127	2.49e-67	192.0
6k0t	6k0t_A	3b1m	3b1m__chain0	100.0	99.6	100.0	260	261	260	1.11e-184	501.0
6k2q	6k2q_A	1nc3	1nc3__chain1	52.4	97.4	99.6	229	227	230	4.9100000000000006e-79	231.0
6k3n	6k3n_A	4mgd	4mgd__chain1	37.6	97.8	94.9	226	227	236	2.66e-45	145.0
6k74	6k74_A	2fvd	2fvd__chain0	31.0	88.2	96.5	300	330	284	6.980000000000001e-37	127.0
6k9g	6k9g_B	2p4y	2p4y__chain0	31.4	80.3	75.8	194	228	244	6.27e-23	87.0
6k9t	6k9t_A	2r9w	2r9w__chain0	39.3	98.0	99.2	356	358	358	8.52e-93	275.0
6ka5	6ka5_A	2r9w	2r9w__chain0	39.4	98.9	98.9	355	354	358	2.11e-92	274.0
6kay	6kay_A	2yfe	2yfe__chain0	62.2	99.2	97.7	262	258	264	3.79e-116	327.0
6kaz	6kaz_A	3b1m	3b1m__chain0	61.0	100.0	98.5	267	262	260	1.1e-115	326.0
6kb2	6kb2_A	3b1m	3b1m__chain0	61.4	100.0	98.5	267	267	260	1.21e-118	334.0
6kb3	6kb3_A	3b1m	3b1m__chain0	62.1	99.6	99.2	264	259	260	2.96e-117	330.0
6kb4	6kb4_A	3b1m	3b1m__chain0	61.0	99.6	99.2	269	268	260	8.400000000000001e-117	329.0
6kb7	6kb7_A	3b1m	3b1m__chain0	61.0	100.0	98.5	267	264	260	5.89e-116	327.0
6kb8	6kb8_A	3b1m	3b1m__chain0	61.9	99.6	99.2	265	260	260	6.1900000000000006e-117	329.0
6kb9	6kb9_A	3b1m	3b1m__chain0	61.0	99.6	99.2	269	268	260	8.400000000000001e-117	329.0
6kba	6kba_A	3b1m	3b1m__chain0	61.0	100.0	98.5	267	265	260	6.12e-116	327.0
6ked	6ked_A	3p5o	3p5o__chain0	100.0	100.0	100.0	127	127	127	1.07e-96	267.0
6kee	6kee_A	3p5o	3p5o__chain0	100.0	100.0	100.0	127	127	127	1.07e-96	267.0
6kef	6kef_A	3p5o	3p5o__chain0	100.0	100.0	100.0	127	127	127	1.07e-96	267.0
6keg	6keg_A	3p5o	3p5o__chain0	100.0	100.0	100.0	127	127	127	1.07e-96	267.0
6keh	6keh_A	3p5o	3p5o__chain0	100.0	100.0	96.9	123	123	127	2.51e-94	261.0
6kei	6kei_A	3p5o	3p5o__chain0	100.0	100.0	96.9	123	123	127	2.51e-94	261.0
6kej	6kej_A	3p5o	3p5o__chain0	100.0	100.0	96.9	123	123	127	2.51e-94	261.0
6kek	6kek_A	3p5o	3p5o__chain0	100.0	100.0	96.9	123	123	127	2.51e-94	261.0
6knr	6knr_A	4mgd	4mgd__chain1	37.6	100.0	94.9	226	222	236	1.6e-45	145.0
6ko6	6ko6_B	2fvd	2fvd__chain0	31.0	88.2	96.5	300	330	284	6.980000000000001e-37	127.0
6kro	6kro_A	4j21	4j21__chain0	100.0	100.0	77.5	162	162	209	1.65e-123	340.0
6ktn	6ktn_A	3b1m	3b1m__chain0	98.1	100.0	100.0	264	264	260	1.99e-181	493.0
6kxl	6kxl_B	3arp	3arp__chain0	30.9	95.6	72.6	421	367	574	1.01e-51	174.0
6kxm	6kxm_A	3arp	3arp__chain0	30.6	95.9	72.6	421	366	574	1.37e-51	174.0
6kxn	6kxn_B	3arp	3arp__chain0	30.6	95.6	72.6	421	367	574	9.96e-50	169.0
6kxx	6kxx_A	3u9q	3u9q__chain0	61.2	100.0	98.1	263	263	257	7.250000000000001e-116	327.0
6kxy	6kxy_A	2yfe	2yfe__chain0	62.9	100.0	95.8	256	253	264	5.14e-115	324.0
6kyp	6kyp_A	3b1m	3b1m__chain0	61.3	99.6	99.2	269	270	260	2.36e-119	336.0
6kzi	6kzi_A	3jya	3jya__chain0	100.0	100.0	99.6	273	273	274	7.66e-212	570.0
6l04	6l04_U	1owh	1owh__chain0	98.8	100.0	100.0	245	245	245	2.27e-192	519.0
6l05	6l05_U	1owh	1owh__chain0	98.8	100.0	100.0	245	245	245	2.27e-192	519.0
6l11	6l11_A	3jya	3jya__chain0	100.0	100.0	99.6	273	273	274	7.66e-212	570.0
6l12	6l12_A	3jya	3jya__chain0	100.0	100.0	99.6	273	273	274	7.66e-212	570.0
6l13	6l13_A	3jya	3jya__chain0	100.0	100.0	99.6	273	273	274	7.66e-212	570.0
6l14	6l14_A	3jya	3jya__chain0	99.3	100.0	99.6	273	271	274	4.5800000000000006e-208	561.0
6l15	6l15_A	2c3i	2c3i__chain0	99.2	98.5	100.0	266	270	266	1.74e-203	549.0
6l16	6l16_A	2c3i	2c3i__chain0	99.2	98.5	100.0	266	270	266	1.74e-203	549.0
6l17	6l17_A	3jya	3jya__chain0	100.0	100.0	99.6	273	273	274	7.66e-212	570.0
6l20	6l20_A	2fvd	2fvd__chain0	33.2	79.9	84.5	256	313	284	9.54e-36	124.0
6l36	6l36_A	3b1m	3b1m__chain0	61.3	100.0	99.2	269	269	260	2.27e-119	336.0
6l37	6l37_B	3b1m	3b1m__chain0	61.3	100.0	99.2	269	269	260	2.27e-119	336.0
6l6k	6l6k_A	2pog	2pog__chain0	32.7	91.9	84.5	205	210	233	6.199999999999999e-24	89.0
6l88	6l88_A	3b5r	3b5r__chain0	48.9	98.5	88.3	219	195	247	2.5400000000000002e-64	192.0
6l89	6l89_A	2yfe	2yfe__chain0	99.6	99.6	98.9	261	262	264	1.34e-184	501.0
6l96	6l96_A	2yfe	2yfe__chain0	63.7	100.0	97.0	256	255	264	5.06e-118	332.0
6lb4	6lb4_A	2qe4	2qe4__chain0	33.2	89.4	95.7	202	218	207	8.33e-25	90.9
6lb5	6lb5_C	2pog	2pog__chain1	33.0	75.5	82.9	176	220	211	2.9400000000000003e-21	81.6
6lb6	6lb6_A	2pog	2pog__chain0	32.7	91.5	84.5	205	211	233	6.3599999999999996e-24	89.0
6lg4	6lg4_A	3p5o	3p5o__chain0	100.0	100.0	97.6	124	124	127	3.18e-95	263.0
6lg5	6lg5_A	3p5o	3p5o__chain0	100.0	100.0	97.6	124	124	127	3.18e-95	263.0
6lg6	6lg6_A	3p5o	3p5o__chain0	100.0	100.0	97.6	124	124	127	3.18e-95	263.0
6lg7	6lg7_A	3p5o	3p5o__chain0	100.0	100.0	97.6	124	124	127	3.18e-95	263.0
6lg8	6lg8_A	3p5o	3p5o__chain0	100.0	100.0	97.6	124	124	127	3.18e-95	263.0
6lg9	6lg9_A	3p5o	3p5o__chain0	100.0	100.0	97.6	124	124	127	3.18e-95	263.0
6lih	6lih_A	3p5o	3p5o__chain0	100.0	100.0	97.6	124	124	127	3.18e-95	263.0
6lim	6lim_A	3p5o	3p5o__chain0	100.0	100.0	97.6	124	124	127	3.18e-95	263.0
6lit	6lit_B	2pog	2pog__chain0	38.2	95.9	84.5	204	197	233	6.17e-37	122.0
6lmi	6lmi_A	3ao4	3ao4__chain1	92.7	97.2	100.0	137	141	133	1.99e-88	247.0
6lmq	6lmq_A	3zsx	3zsx__chain0	94.0	99.3	100.0	149	143	149	2.34e-100	278.0
6ln1	6ln1_B	2fvd	2fvd__chain0	30.2	95.2	95.8	325	331	284	5.910000000000001e-31	112.0
6lqx	6lqx_D	3p5o	3p5o__chain0	33.3	89.5	79.5	102	114	127	7.36e-18	67.4
6lr9	6lr9_A	3rlr	3rlr__chain0	100.0	99.5	95.9	210	211	219	5.19e-149	407.0
6lsz	6lsz_A	3b27	3b27__chain0	100.0	100.0	97.2	209	209	215	1.69e-148	405.0
6lt8	6lt8_A	3rlr	3rlr__chain0	100.0	99.5	95.9	210	211	219	5.19e-149	407.0
6lti	6lti_A	3b27	3b27__chain0	100.0	100.0	97.2	209	209	215	1.69e-148	405.0
6ltk	6ltk_A	2xdl	2xdl__chain0	100.0	100.0	100.0	208	208	208	1.0399999999999999e-147	403.0
6lu5	6lu5_A	3p5o	3p5o__chain0	41.1	86.1	74.8	95	108	127	1.6299999999999997e-23	81.6
6lu6	6lu6_A	3p5o	3p5o__chain0	41.1	84.5	74.8	95	110	127	2.4799999999999997e-23	81.3
6lub	6lub_A	3pyy	3pyy__chain0	39.4	81.1	90.2	246	301	265	5.8e-57	178.0
6lud	6lud_A	3mss	3mss__chain0	38.8	84.2	95.8	263	310	264	7.53e-60	186.0
6lvk	6lvk_B	3k5v	3k5v__chain0	42.1	95.5	90.6	273	286	286	3.62e-71	215.0
6lvl	6lvl_B	3k5v	3k5v__chain0	42.1	95.5	90.6	273	286	286	3.62e-71	215.0
6lx4	6lx4_A	3b1m	3b1m__chain0	61.3	99.6	99.2	269	270	260	2.36e-119	336.0
6lx5	6lx5_B	3b1m	3b1m__chain0	61.3	99.3	99.2	269	271	260	2.45e-119	336.0
6lxb	6lxb_A	3b1m	3b1m__chain0	62.8	100.0	99.2	261	256	260	1.86e-117	330.0
6lxc	6lxc_A	3b1m	3b1m__chain0	62.8	99.6	99.2	261	257	260	2.74e-117	330.0
6m5p	6m5p_A	2r9w	2r9w__chain0	39.0	96.7	99.2	356	359	358	9.98e-92	273.0
6mau	6mau_A	3p5o	3p5o__chain0	100.0	99.2	100.0	127	128	127	1.12e-96	267.0
6mbv	6mbv_A	4jsz	4jsz__chain0	99.6	100.0	100.0	257	257	257	3.93e-199	537.0
6mby	6mby_A	4jsz	4jsz__chain0	99.6	100.0	100.0	257	257	257	3.93e-199	537.0
6mcr	6mcr_A	1eby	1eby__chain0	100.0	100.0	100.0	99	99	99	8.539999999999999e-74	207.0
6mcs	6mcs_A	1eby	1eby__chain0	100.0	100.0	100.0	99	99	99	8.539999999999999e-74	207.0
6mep	6mep_A	3mss	3mss__chain0	42.7	96.0	96.6	262	250	264	4.48e-68	205.0
6mm6	6mm6_E	3ag9	3ag9__chain0	95.6	100.0	99.1	320	320	319	2.4099999999999997e-229	619.0
6mm7	6mm7_D	3ag9	3ag9__chain0	95.4	100.0	100.0	324	324	319	5.97e-231	623.0
6mnh	6mnh_A	1nvq	1nvq__chain0	34.2	86.1	88.3	243	267	264	2.39e-32	113.0
6mvk	6mvk_A	4ih5	4ih5__chain0	97.8	99.6	99.8	556	550	557	0.0	1095.0
6mvo	6mvo_A	4eo8	4eo8__chain0	88.2	99.6	99.6	560	562	557	0.0	1012.0
6mvp	6mvp_B	4ih5	4ih5__chain0	97.5	99.6	99.8	557	550	557	0.0	1088.0
6mvq	6mvq_A	4ih5	4ih5__chain0	98.2	99.6	99.8	556	552	557	0.0	1098.0
6nle	6nle_A	3f3c	3f3c__chain0	97.6	99.6	98.6	502	492	509	0.0	946.0
6nuj	6nuj_A	3ao4	3ao4__chain1	94.7	99.2	100.0	133	131	133	6.559999999999999e-89	248.0
6nw2	6nw2_A	3mss	3mss__chain0	32.3	83.1	81.8	223	260	264	4.11e-31	110.0
6o1s	6o1s_E	4cr9	4cr9__chain0	66.2	99.2	99.6	237	239	238	2.85e-128	356.0
6o5r	6o5r_A	1e66	1e66__chain0	57.8	99.6	100.0	538	540	532	2.01e-239	662.0
6o5s	6o5s_A	1e66	1e66__chain0	57.8	99.6	100.0	538	540	532	2.01e-239	662.0
6o5v	6o5v_A	1e66	1e66__chain0	57.8	99.6	100.0	538	540	532	2.01e-239	662.0
6o66	6o66_A	1e66	1e66__chain0	57.6	99.6	100.0	538	539	532	2.59e-237	657.0
6ogl	6ogl_A	1eby	1eby__chain0	85.9	100.0	100.0	99	99	99	1.0799999999999999e-67	192.0
6ogs	6ogs_A	1eby	1eby__chain0	87.9	100.0	100.0	99	99	99	2.66e-68	193.0
6ogt	6ogt_A	1eby	1eby__chain0	85.9	100.0	100.0	99	99	99	1.0799999999999999e-67	192.0
6ony	6ony_A	3p5o	3p5o__chain0	80.2	97.4	87.4	111	114	127	1.03e-68	196.0
6ooe	6ooe_A	3g2z	3g2z__chain0	98.9	99.6	100.0	262	263	262	1.76e-182	495.0
6oof	6oof_A	3g2z	3g2z__chain0	99.6	99.6	100.0	262	263	262	4.5100000000000007e-185	502.0
6ooh	6ooh_A	3g2z	3g2z__chain0	98.9	99.6	100.0	262	263	262	1.76e-182	495.0
6ooj	6ooj_A	3g2z	3g2z__chain0	99.6	99.6	100.0	262	263	262	4.5100000000000007e-185	502.0
6ook	6ook_A	3g2z	3g2z__chain0	99.6	99.6	100.0	262	263	262	4.5100000000000007e-185	502.0
6opg	6opg_A	3e92	3e92__chain0	48.4	97.1	95.4	341	349	349	2.68e-108	314.0
6oph	6oph_A	3e92	3e92__chain0	48.4	97.4	95.4	341	348	349	1.83e-108	315.0
6opi	6opi_A	4f9w	4f9w__chain0	48.8	97.5	95.8	328	326	336	1.0800000000000001e-103	301.0
6opk	6opk_A	3e92	3e92__chain0	48.4	98.0	95.4	341	346	349	1.7e-108	315.0
6ops	6ops_B	1eby	1eby__chain0	99.0	100.0	100.0	99	99	99	3.48e-73	206.0
6opt	6opt_B	1eby	1eby__chain0	97.0	100.0	100.0	99	99	99	2.87e-72	203.0
6opv	6opv_B	1eby	1eby__chain0	90.9	100.0	100.0	99	99	99	9.27e-69	194.0
6opw	6opw_B	1eby	1eby__chain0	89.9	100.0	100.0	99	99	99	3.78e-68	193.0
6opy	6opy_A	1eby	1eby__chain0	88.9	100.0	100.0	99	99	99	2.1899999999999998e-67	191.0
6opz	6opz_A	1eby	1eby__chain0	87.9	100.0	100.0	99	99	99	4.4199999999999995e-67	190.0
6oqi	6oqi_A	2fvd	2fvd__chain0	98.3	99.7	100.0	289	290	284	3.02e-209	565.0
6oqo	6oqo_A	2xnb	2xnb__chain0	48.3	100.0	95.9	288	269	296	1.91e-87	256.0
6oti	6oti_A	4jsz	4jsz__chain0	96.9	100.0	100.0	257	257	257	4.2300000000000005e-194	524.0
6otk	6otk_A	4jsz	4jsz__chain0	96.9	100.0	100.0	257	257	257	4.2300000000000005e-194	524.0
6oto	6oto_A	4jsz	4jsz__chain0	99.6	100.0	100.0	257	257	257	3.93e-199	537.0
6otp	6otp_A	4jsz	4jsz__chain0	99.6	100.0	100.0	257	257	257	3.93e-199	537.0
6oub	6oub_A	4jsz	4jsz__chain0	99.6	100.0	100.0	257	257	257	3.93e-199	537.0
6oud	6oud_A	4jsz	4jsz__chain0	96.9	100.0	100.0	257	257	257	4.2300000000000005e-194	524.0
6oue	6oue_A	4jsz	4jsz__chain0	99.6	100.0	100.0	257	257	257	3.93e-199	537.0
6ouf	6ouf_A	4jsz	4jsz__chain0	96.9	100.0	100.0	257	257	257	4.2300000000000005e-194	524.0
6ouh	6ouh_A	4jsz	4jsz__chain0	99.6	100.0	100.0	257	257	257	3.93e-199	537.0
6oui	6oui_A	4jsz	4jsz__chain0	96.9	100.0	100.0	257	257	257	4.2300000000000005e-194	524.0
6ouk	6ouk_A	4jsz	4jsz__chain0	99.6	100.0	100.0	257	257	257	3.93e-199	537.0
6oum	6oum_A	4jsz	4jsz__chain0	96.9	100.0	100.0	257	257	257	4.2300000000000005e-194	524.0
6ova	6ova_A	4ivb	4ivb__chain0	60.3	96.7	92.8	272	273	293	7.76e-117	331.0
6ovd	6ovd_A	1vso	1vso__chain0	34.6	81.4	87.2	228	274	243	6.41e-38	127.0
6ove	6ove_A	1vso	1vso__chain0	34.3	81.5	88.1	230	276	243	2.64e-37	126.0
6oxo	6oxo_B	1eby	1eby__chain0	99.0	100.0	100.0	99	99	99	3.48e-73	206.0
6oyd	6oyd_A	1eby	1eby__chain0	100.0	100.0	100.0	99	99	99	8.539999999999999e-74	207.0
6p3d	6p3d_A	3k5v	3k5v__chain0	31.3	99.2	93.7	281	264	286	1.6299999999999999e-34	119.0
6p5m	6p5m_C	1q8t	1q8t__chain0	34.7	81.5	90.9	323	395	341	4.8099999999999997e-67	210.0
6p5s	6p5s_A	2fvd	2fvd__chain0	30.1	93.1	94.4	322	333	284	1.17e-28	105.0
6p7g	6p7g_D	3k5v	3k5v__chain0	31.4	99.2	92.3	274	254	286	3.04e-36	124.0
6p8q	6p8q_C	3mss	3mss__chain0	39.3	83.9	95.8	267	316	264	4.07e-61	189.0
6p9b	6p9b_A	3o9i	3o9i__chain0	77.8	100.0	100.0	99	99	99	2.28e-60	173.0
6pdi	6pdi_A	4k18	4k18__chain0	99.6	100.0	98.9	274	274	277	1.8e-211	570.0
6pdo	6pdo_A	3jya	3jya__chain0	98.2	100.0	98.9	271	267	274	2.07e-203	549.0
6pdp	6pdp_A	3jya	3jya__chain0	98.9	100.0	98.5	270	268	274	9.17e-205	552.0
6pet	6pet_C	2p15	2p15__chain1	98.7	100.0	98.8	239	239	242	1.76e-171	466.0
6pfm	6pfm_A	1qkt	1qkt__chain0	98.7	99.6	89.9	223	224	248	1.78e-157	430.0
6pjd	6pjd_B	1eby	1eby__chain0	99.0	100.0	100.0	99	99	99	3.48e-73	206.0
6pjg	6pjg_B	1eby	1eby__chain0	99.0	100.0	100.0	99	99	99	3.48e-73	206.0
6pji	6pji_B	1eby	1eby__chain0	99.0	100.0	100.0	99	99	99	3.48e-73	206.0
6pjj	6pjj_A	1pxn	1pxn__chain0	31.4	94.4	91.8	309	321	294	5.6500000000000005e-27	101.0
6pjk	6pjk_B	1eby	1eby__chain0	99.0	100.0	100.0	99	99	99	3.48e-73	206.0
6pjl	6pjl_B	1eby	1eby__chain0	99.0	100.0	100.0	99	99	99	3.48e-73	206.0
6pjm	6pjm_A	1eby	1eby__chain0	99.0	100.0	100.0	99	99	99	3.48e-73	206.0
6pjo	6pjo_B	1eby	1eby__chain0	99.0	100.0	100.0	99	99	99	3.48e-73	206.0
6pjx	6pjx_A	3ag9	3ag9__chain0	31.4	57.4	95.0	315	542	319	2.8300000000000003e-47	161.0
6pk6	6pk6_A	1pxn	1pxn__chain0	30.8	92.3	93.2	315	338	294	5.71e-28	104.0
6pl4	6pl4_A	4m0y	4m0y__chain0	37.0	92.3	97.7	276	299	263	2.6e-60	187.0
6pma	6pma_A	4m0y	4m0y__chain0	37.1	94.1	97.7	275	290	263	1.39e-60	187.0
6pmb	6pmb_A	4m0y	4m0y__chain0	38.0	94.1	97.7	274	288	263	2.31e-61	189.0
6pmc	6pmc_A	3k5v	3k5v__chain0	37.8	95.2	91.3	275	289	286	8.27e-65	199.0
6pme	6pme_B	4rfm	4rfm__chain0	40.2	91.9	94.4	249	271	249	1.09e-62	191.0
6po4	6po4_B	4f3c	4f3c__chain0	56.5	99.1	100.0	230	232	230	9.37e-88	253.0
6pp9	6pp9_A	4hge	4hge__chain0	30.5	92.4	93.7	282	276	286	1.94e-28	103.0
6psj	6psj_A	2pog	2pog__chain1	99.1	91.4	99.5	212	232	211	8.72e-147	402.0
6pu8	6pu8_A	1g2k	1g2k__chain0	91.9	100.0	100.0	99	99	99	1.3199999999999998e-68	194.0
6pvv	6pvv_A	1o0h	1o0h__chain0	100.0	100.0	100.0	124	124	124	4.43e-90	250.0
6q35	6q35_B	4de2	4de2__chain0	38.6	94.4	97.3	254	268	260	1.98e-53	168.0
6q3b	6q3b_A	4eor	4eor__chain0	96.2	99.6	99.7	293	283	294	1.06e-205	556.0
6q3c	6q3c_A	1pxn	1pxn__chain0	98.6	100.0	99.7	293	289	294	9.61e-215	579.0
6q3f	6q3f_A	1pxn	1pxn__chain0	98.3	98.6	100.0	294	293	294	7.95e-215	580.0
6q48	6q48_A	4eor	4eor__chain0	95.9	100.0	99.3	292	280	294	8.96e-204	551.0
6q4a	6q4a_A	2xnb	2xnb__chain0	98.6	100.0	100.0	296	292	296	4.2500000000000005e-217	585.0
6q4b	6q4b_A	1pxn	1pxn__chain0	98.6	100.0	100.0	294	291	294	1.27e-215	582.0
6q4c	6q4c_A	1pxn	1pxn__chain0	98.6	99.3	100.0	294	293	294	9.68e-216	582.0
6q4d	6q4d_A	1pxn	1pxn__chain0	98.6	100.0	99.3	292	289	294	5.56e-214	577.0
6q4e	6q4e_A	4eor	4eor__chain0	96.2	99.3	99.7	293	284	294	3.84e-206	557.0
6q4h	6q4h_A	2xnb	2xnb__chain0	98.0	99.7	100.0	296	291	296	1.8600000000000003e-213	576.0
6q4i	6q4i_A	1pxn	1pxn__chain0	97.3	100.0	100.0	294	288	294	2.43e-210	568.0
6q4j	6q4j_A	1pxn	1pxn__chain0	97.6	99.7	100.0	294	289	294	1.2600000000000001e-210	569.0
6q4k	6q4k_A	1pxn	1pxn__chain0	98.6	99.7	100.0	294	292	294	6.54e-216	582.0
6q7b	6q7b_A	4rfm	4rfm__chain0	41.7	86.7	95.6	242	279	249	1.57e-64	196.0
6q7c	6q7c_A	3k5v	3k5v__chain0	41.9	81.9	83.2	241	277	286	2.5e-63	194.0
6q7d	6q7d_A	3qgy	3qgy__chain0	42.0	89.1	98.8	245	275	245	7.600000000000001e-66	199.0
6q7e	6q7e_A	3qgy	3qgy__chain0	41.8	89.3	98.8	244	272	245	1.1e-64	196.0
6q7f	6q7f_A	3qgy	3qgy__chain0	41.8	90.6	98.8	244	267	245	1.87e-64	196.0
6q7g	6q7g_A	3qgy	3qgy__chain0	42.0	89.4	98.8	245	273	245	6.46e-64	194.0
6q7k	6q7k_A	3e92	3e92__chain0	47.9	96.8	95.4	340	346	349	1.57e-106	310.0
6q7t	6q7t_A	3e92	3e92__chain0	48.4	97.9	95.4	341	340	349	1.1100000000000001e-107	312.0
6qa1	6qa1_A	3e92	3e92__chain0	48.1	97.4	95.4	341	342	349	1.19e-107	312.0
6qa4	6qa4_A	2zb1	2zb1__chain0	48.3	95.8	91.6	325	337	345	1.06e-103	302.0
6qa6	6qa6_A	3ebp	3ebp__chain0	99.9	100.0	100.0	810	810	810	0.0	1637.0
6qa7	6qa7_A	3ebp	3ebp__chain0	99.9	100.0	100.0	810	810	810	0.0	1637.0
6qa8	6qa8_A	3ebp	3ebp__chain0	99.4	100.0	100.0	810	806	810	0.0	1620.0
6qal	6qal_A	2zb1	2zb1__chain0	48.3	95.8	91.6	325	336	345	3.32e-102	298.0
6qaq	6qaq_A	3e92	3e92__chain0	48.4	97.7	95.4	341	344	349	3.64e-107	311.0
6qaw	6qaw_A	3e92	3e92__chain0	48.5	95.9	91.4	326	338	349	2.38e-106	309.0
6qbg	6qbg_A	3uri	3uri__chain0	40.7	85.7	25.0	86	98	328	1.31e-10	49.7
6qbh	6qbh_A	3uri	3uri__chain0	40.7	86.6	25.0	86	97	328	1.73e-10	49.3
6qcb	6qcb_A	3uri	3uri__chain0	40.7	86.6	25.0	86	97	328	1.73e-10	49.3
6qdz	6qdz_A	4f9w	4f9w__chain0	97.3	100.0	100.0	336	327	336	2.2299999999999998e-240	647.0
6qe1	6qe1_A	4f9w	4f9w__chain0	97.6	100.0	100.0	336	328	336	2.8299999999999998e-241	650.0
6qf7	6qf7_B	1owh	1owh__chain0	39.4	97.1	100.0	246	244	245	2.28e-59	182.0
6qfu	6qfu_A	4jsz	4jsz__chain0	99.6	100.0	99.6	256	256	257	5.35e-199	536.0
6qfv	6qfv_A	4jsz	4jsz__chain0	99.6	100.0	99.2	255	255	257	8.53e-198	533.0
6qfw	6qfw_A	4jsz	4jsz__chain0	99.6	100.0	99.6	256	256	257	5.35e-199	536.0
6qfx	6qfx_A	4jsz	4jsz__chain0	99.6	100.0	99.6	256	256	257	5.35e-199	536.0
6qj7	6qj7_A	1q8t	1q8t__chain0	98.8	100.0	99.1	338	338	341	3.26e-253	681.0
6qju	6qju_A	3p5o	3p5o__chain0	82.0	100.0	87.4	111	111	127	1.92e-70	200.0
6qkk	6qkk_C	2xys	2xys__chain0	100.0	98.1	100.0	205	209	205	5.650000000000001e-156	424.0
6ql0	6ql0_A	1k1i	1k1i__chain0	100.0	100.0	100.0	223	223	223	4.94e-167	453.0
6qn0	6qn0_A	4jsz	4jsz__chain0	35.2	99.2	99.2	264	260	257	2.99e-46	149.0
6qng	6qng_A	4jsz	4jsz__chain0	35.2	99.2	99.2	264	260	257	2.99e-46	149.0
6qqo	6qqo_A	2xys	2xys__chain0	100.0	100.0	100.0	205	205	205	9.68e-156	423.0
6qqp	6qqp_E	2xys	2xys__chain0	100.0	98.1	100.0	205	209	205	5.650000000000001e-156	424.0
6qtg	6qtg_A	1pxn	1pxn__chain0	37.0	84.8	93.2	297	329	294	1.65e-62	194.0
6qtj	6qtj_A	1pxn	1pxn__chain0	37.0	84.8	93.2	297	330	294	8.540000000000001e-63	195.0
6qwi	6qwi_A	2j78	2j78__chain0	47.9	98.4	99.3	445	448	443	4.2900000000000004e-156	443.0
6qxk	6qxk_B	3jya	3jya__chain0	98.9	100.0	98.9	271	269	274	8.18e-206	555.0
6qy7	6qy7_B	4eor	4eor__chain0	31.9	88.5	98.0	301	330	294	5.4699999999999995e-40	136.0
6qy9	6qy9_A	4eor	4eor__chain0	32.9	89.7	98.0	304	329	294	5.06e-41	139.0
6r0h	6r0h_A	3ebp	3ebp__chain0	99.9	100.0	100.0	810	810	810	0.0	1637.0
6r0i	6r0i_A	3ebp	3ebp__chain0	99.9	100.0	100.0	810	810	810	0.0	1637.0
6r3s	6r3s_A	1pxn	1pxn__chain0	38.1	84.1	93.2	302	346	294	1.04e-58	185.0
6r4a	6r4a_A	3e5a	3e5a__chain0	99.2	99.2	99.2	263	265	265	2.0099999999999999e-196	531.0
6r4d	6r4d_A	3e5a	3e5a__chain0	99.2	99.2	99.2	263	265	265	2.0099999999999999e-196	531.0
6rb1	6rb1_A	4eor	4eor__chain0	31.7	89.7	98.0	303	329	294	4.01e-39	134.0
6rcb	6rcb_A	4eor	4eor__chain0	31.7	89.9	98.0	303	328	294	3.91e-39	134.0
6rcm	6rcm_A	4eor	4eor__chain0	31.7	89.9	98.0	303	328	294	3.91e-39	134.0
6rfe	6rfe_A	4eor	4eor__chain0	31.7	89.9	98.0	303	328	294	3.91e-39	134.0
6rff	6rff_A	4eor	4eor__chain0	31.7	89.9	98.0	303	328	294	3.91e-39	134.0
6rfh	6rfh_A	4jsz	4jsz__chain0	99.6	100.0	100.0	257	257	257	3.93e-199	537.0
6rg3	6rg3_A	4jsz	4jsz__chain0	99.6	99.2	100.0	257	259	257	6.049999999999999e-199	536.0
6rg4	6rg4_A	4jsz	4jsz__chain0	99.6	99.6	100.0	257	258	257	5.81e-199	536.0
6rg5	6rg5_A	4jsz	4jsz__chain0	99.6	100.0	100.0	257	257	257	3.93e-199	537.0
6rh4	6rh4_A	4jsz	4jsz__chain0	99.6	100.0	100.0	257	257	257	3.93e-199	537.0
6rhj	6rhj_A	4jsz	4jsz__chain0	99.6	100.0	100.0	257	257	257	3.93e-199	537.0
6rhk	6rhk_A	4jsz	4jsz__chain0	99.6	100.0	100.0	257	257	257	3.93e-199	537.0
6rig	6rig_A	4jsz	4jsz__chain0	99.6	100.0	100.0	257	257	257	3.93e-199	537.0
6rij	6rij_B	4eor	4eor__chain1	100.0	100.0	99.6	256	256	257	3.1999999999999997e-191	517.0
6rit	6rit_A	4jsz	4jsz__chain0	99.6	100.0	100.0	257	257	257	3.93e-199	537.0
6rjj	6rjj_A	4jsz	4jsz__chain0	99.6	100.0	100.0	257	257	257	3.93e-199	537.0
6rjm	6rjm_B	2wbg	2wbg__chain0	44.2	95.2	97.5	437	456	443	2.3599999999999998e-142	409.0
6rk2	6rk2_B	2wbg	2wbg__chain0	43.9	96.2	97.5	437	451	443	1.6e-141	406.0
6rkn	6rkn_A	4jsz	4jsz__chain0	99.6	100.0	100.0	257	257	257	3.93e-199	537.0
6rkq	6rkq_A	3rr4	3rr4__chain0	97.6	99.5	100.0	371	369	368	6.73e-263	707.0
6rkt	6rkt_A	1s38	1s38__chain0	99.5	99.5	100.0	365	366	364	5.59e-267	717.0
6rl9	6rl9_A	4jsz	4jsz__chain0	99.6	99.6	100.0	257	258	257	5.81e-199	536.0
6rm1	6rm1_A	4jsz	4jsz__chain0	99.6	99.6	100.0	257	258	257	5.81e-199	536.0
6rmx	6rmx_A	4jsz	4jsz__chain0	99.2	100.0	100.0	257	257	257	1.6e-198	535.0
6rmy	6rmy_A	4jsz	4jsz__chain0	99.2	99.6	100.0	257	258	257	2.3700000000000002e-198	535.0
6rnp	6rnp_A	4jsz	4jsz__chain0	99.6	100.0	100.0	257	257	257	3.93e-199	537.0
6rob	6rob_A	4jsz	4jsz__chain0	99.6	100.0	100.0	257	257	257	3.93e-199	537.0
6roe	6roe_A	4jsz	4jsz__chain0	99.6	100.0	100.0	257	257	257	3.93e-199	537.0
6rof	6rof_A	4jsz	4jsz__chain0	99.2	99.6	100.0	257	258	257	2.3700000000000002e-198	535.0
6ron	6ron_A	2v00	2v00__chain0	100.0	100.0	100.0	330	330	330	8.07e-231	623.0
6rq4	6rq4_A	3e92	3e92__chain0	48.2	99.7	95.1	340	332	349	1.09e-105	307.0
6rqi	6rqi_A	4jsz	4jsz__chain0	99.6	100.0	100.0	257	257	257	3.93e-199	537.0
6rrg	6rrg_A	4jsz	4jsz__chain0	99.6	100.0	100.0	257	257	257	3.93e-199	537.0
6rri	6rri_A	4jsz	4jsz__chain0	99.6	100.0	100.0	257	257	257	3.93e-199	537.0
6rs5	6rs5_A	4jsz	4jsz__chain0	99.6	100.0	100.0	257	257	257	3.93e-199	537.0
6rsb	6rsb_B	4ivb	4ivb__chain0	99.3	100.0	95.9	281	281	293	1.92e-214	578.0
6rsc	6rsc_B	4ivb	4ivb__chain0	99.3	100.0	95.9	281	281	293	1.92e-214	578.0
6rsd	6rsd_B	4ivb	4ivb__chain0	99.3	100.0	95.9	281	281	293	1.92e-214	578.0
6rse	6rse_B	4ivb	4ivb__chain0	99.3	100.0	95.9	281	281	293	1.92e-214	578.0
6rsh	6rsh_B	4ivb	4ivb__chain0	99.3	100.0	95.9	281	281	293	1.92e-214	578.0
6rsv	6rsv_A	2v00	2v00__chain0	99.7	100.0	100.0	330	329	330	3.0199999999999995e-228	617.0
6rsz	6rsz_A	4jsz	4jsz__chain0	99.6	100.0	100.0	257	257	257	3.93e-199	537.0
6ruq	6ruq_B	2al5	2al5__chain0	70.2	45.6	99.6	356	781	260	3.4700000000000003e-160	459.0
6rwj	6rwj_A	3p5o	3p5o__chain0	100.0	100.0	100.0	127	127	127	1.07e-96	267.0
6rzx	6rzx_A	4jsz	4jsz__chain0	96.5	99.6	100.0	257	258	257	1.26e-193	523.0
6s03	6s03_A	4jsz	4jsz__chain0	96.5	100.0	100.0	257	257	257	8.53e-194	523.0
6s14	6s14_A	1pxn	1pxn__chain0	30.2	93.5	96.3	325	340	294	1.18e-33	119.0
6s1b	6s1b_A	1pxn	1pxn__chain0	30.3	93.5	96.3	323	338	294	1.11e-34	122.0
6s25	6s25_A	3p5o	3p5o__chain0	100.0	100.0	100.0	127	127	127	1.07e-96	267.0
6s4b	6s4b_A	3p5o	3p5o__chain0	100.0	100.0	100.0	127	127	127	1.07e-96	267.0
6s4h	6s4h_A	3ebp	3ebp__chain0	99.9	100.0	100.0	810	810	810	0.0	1637.0
6s4k	6s4k_A	3ebp	3ebp__chain0	99.9	100.0	100.0	810	810	810	0.0	1637.0
6s4o	6s4o_A	3ebp	3ebp__chain0	99.8	100.0	100.0	810	809	810	0.0	1630.0
6s4p	6s4p_A	3ebp	3ebp__chain0	99.8	100.0	100.0	810	809	810	0.0	1630.0
6s4r	6s4r_A	3ebp	3ebp__chain0	99.8	100.0	100.0	810	809	810	0.0	1630.0
6s51	6s51_A	3ebp	3ebp__chain0	99.9	100.0	100.0	810	810	810	0.0	1637.0
6s52	6s52_A	3ebp	3ebp__chain0	99.9	100.0	100.0	810	810	810	0.0	1637.0
6s6k	6s6k_A	3p5o	3p5o__chain0	100.0	100.0	100.0	127	127	127	1.07e-96	267.0
6s73	6s73_B	3myg	3myg__chain0	32.0	89.6	92.1	241	268	252	6.82e-38	127.0
6s75	6s75_A	2wtv	2wtv__chain0	31.1	89.1	91.7	251	267	264	1.5199999999999998e-34	119.0
6s9g	6s9g_A	4jsz	4jsz__chain0	99.6	100.0	100.0	257	257	257	3.93e-199	537.0
6sa2	6sa2_A	3p5o	3p5o__chain0	100.0	100.0	100.0	127	127	127	1.07e-96	267.0
6sa3	6sa3_A	3p5o	3p5o__chain0	100.0	100.0	85.8	109	109	127	1.35e-83	233.0
6sah	6sah_A	3p5o	3p5o__chain0	100.0	100.0	100.0	127	127	127	1.07e-96	267.0
6saj	6saj_A	3p5o	3p5o__chain0	100.0	100.0	100.0	127	127	127	1.07e-96	267.0
6sam	6sam_A	1e66	1e66__chain0	53.4	100.0	98.9	526	526	532	4.4799999999999995e-225	625.0
6sas	6sas_A	4jsz	4jsz__chain0	99.6	100.0	100.0	257	257	257	3.93e-199	537.0
6say	6say_A	4jsz	4jsz__chain0	99.6	97.3	100.0	257	264	257	1.82e-199	538.0
6sb7	6sb7_A	4jsz	4jsz__chain0	99.6	99.6	100.0	257	258	257	5.81e-199	536.0
6sbh	6sbh_A	4jsz	4jsz__chain0	99.6	100.0	100.0	257	257	257	3.93e-199	537.0
6sbl	6sbl_A	4jsz	4jsz__chain0	99.6	100.0	100.0	257	257	257	3.93e-199	537.0
6sbm	6sbm_A	4jsz	4jsz__chain0	99.6	100.0	100.0	257	257	257	3.93e-199	537.0
6sbo	6sbo_B	2p15	2p15__chain1	99.2	100.0	100.0	242	242	242	1.25e-174	474.0
6scv	6scv_A	2v00	2v00__chain0	100.0	100.0	100.0	330	330	330	8.07e-231	623.0
6sd7	6sd7_A	4jsz	4jsz__chain0	99.6	100.0	100.0	257	257	257	3.93e-199	537.0
6sdh	6sdh_A	4jsz	4jsz__chain0	99.6	100.0	100.0	257	257	257	3.93e-199	537.0
6sdi	6sdi_A	4jsz	4jsz__chain0	99.6	100.0	100.0	257	257	257	3.93e-199	537.0
6sds	6sds_A	4jsz	4jsz__chain0	99.6	98.8	100.0	257	260	257	3.12e-199	537.0
6sdt	6sdt_A	4jsz	4jsz__chain0	56.4	99.2	99.6	257	259	257	7.480000000000001e-110	311.0
6se4	6se4_A	3p5o	3p5o__chain0	100.0	100.0	99.2	126	126	127	2.08e-96	266.0
6sey	6sey_A	4jsz	4jsz__chain0	99.6	100.0	100.0	257	257	257	3.93e-199	537.0
6sfo	6sfo_A	4f9w	4f9w__chain0	98.5	100.0	100.0	336	334	336	7.0700000000000004e-248	667.0
6sfq	6sfq_A	4jsz	4jsz__chain0	99.6	100.0	100.0	257	257	257	3.93e-199	537.0
6sfu	6sfu_A	4jsz	4jsz__chain0	99.6	100.0	100.0	257	257	257	3.93e-199	537.0
6sg0	6sg0_A	4jsz	4jsz__chain0	99.6	100.0	100.0	257	257	257	3.93e-199	537.0
6sg6	6sg6_A	4jsz	4jsz__chain0	99.6	100.0	100.0	257	257	257	3.93e-199	537.0
6sgi	6sgi_A	3myg	3myg__chain0	32.9	95.6	96.0	249	252	252	1.0100000000000001e-35	121.0
6sgk	6sgk_A	3myg	3myg__chain0	32.1	95.5	96.0	249	247	252	1.52e-32	113.0
6sgv	6sgv_A	2xys	2xys__chain0	100.0	100.0	100.0	205	205	205	9.68e-156	423.0
6sh0	6sh0_A	2xys	2xys__chain0	100.0	100.0	100.0	205	205	205	9.68e-156	423.0
6shi	6shi_A	1k1i	1k1i__chain0	44.1	98.2	98.7	222	224	223	1.1499999999999999e-67	201.0
6si0	6si0_A	5a7b	5a7b__chain0	100.0	99.5	100.0	196	197	196	9.79e-154	417.0
6si3	6si3_A	5a7b	5a7b__chain0	99.5	99.5	100.0	196	197	196	2.31e-152	414.0
6si4	6si4_A	5a7b	5a7b__chain0	99.5	100.0	100.0	196	196	196	1.5599999999999999e-152	414.0
6sjm	6sjm_A	2p15	2p15__chain0	32.0	87.3	81.0	197	212	242	7.729999999999999e-24	89.0
6sk9	6sk9_A	3myg	3myg__chain0	31.7	95.8	96.0	249	240	252	1.13e-28	102.0
6sks	6sks_A	4jsz	4jsz__chain0	80.3	98.1	98.8	254	259	257	7.760000000000001e-161	440.0
6skt	6skt_A	4jsz	4jsz__chain0	80.3	98.4	98.8	254	258	257	1.06e-160	440.0
6skv	6skv_A	4jsz	4jsz__chain0	80.3	98.1	98.8	254	259	257	7.760000000000001e-161	440.0
6sm8	6sm8_A	4e5w	4e5w__chain0	98.3	100.0	100.0	297	297	294	1.44e-218	589.0
6smb	6smb_B	4ivd	4ivd__chain0	98.2	100.0	96.2	282	282	292	2.94e-209	565.0
6snx	6snx_A	1q8t	1q8t__chain0	97.1	100.0	99.7	340	340	341	2.7899999999999996e-250	673.0
6so1	6so1_A	2zb1	2zb1__chain0	99.1	100.0	99.7	344	343	345	2.92e-256	689.0
6so2	6so2_A	2zb1	2zb1__chain0	99.4	100.0	100.0	345	345	345	2.8300000000000003e-259	696.0
6so4	6so4_A	2zb1	2zb1__chain0	98.6	100.0	99.7	345	343	345	6.59e-253	680.0
6sod	6sod_A	2zb1	2zb1__chain0	99.1	100.0	99.7	345	345	345	7.78e-257	690.0
6sou	6sou_A	3e93	3e93__chain0	97.7	100.0	99.4	345	342	347	1.8799999999999997e-250	674.0
6sov	6sov_A	4f9w	4f9w__chain0	98.2	98.0	99.7	338	345	336	2.23e-247	666.0
6sox	6sox_A	1q8t	1q8t__chain0	97.0	100.0	99.1	338	338	341	4.26e-249	670.0
6sp9	6sp9_A	4f9w	4f9w__chain0	97.4	98.0	100.0	341	348	336	7.200000000000001e-247	665.0
6spl	6spl_A	4f9w	4f9w__chain0	98.2	98.0	99.7	338	345	336	3.1600000000000004e-247	665.0
6spm	6spm_A	1q8t	1q8t__chain0	97.0	100.0	99.1	338	338	341	4.26e-249	670.0
6sps	6sps_A	1q8t	1q8t__chain0	97.0	100.0	99.1	338	338	341	4.26e-249	670.0
6spu	6spu_A	1q8t	1q8t__chain0	97.0	100.0	99.1	338	338	341	4.26e-249	670.0
6spy	6spy_A	1q8t	1q8t__chain0	97.0	100.0	99.1	338	338	341	4.26e-249	670.0
6sq1	6sq1_A	1q8t	1q8t__chain0	97.0	100.0	99.1	338	338	341	4.26e-249	670.0
6sqm	6sqm_A	3p5o	3p5o__chain0	33.3	89.5	79.5	102	114	127	5.22e-18	67.8
6ssb	6ssb_A	3pyy	3pyy__chain0	42.7	93.3	94.0	253	268	265	9.729999999999999e-67	202.0
6sti	6sti_A	2pog	2pog__chain0	32.7	90.6	84.5	205	213	233	4.79e-24	89.4
6swn	6swn_AAA	3p5o	3p5o__chain0	100.0	100.0	99.2	126	126	127	2.08e-96	266.0
6swp	6swp_AAA	3p5o	3p5o__chain0	47.5	88.4	75.6	99	112	127	3.89e-28	93.6
6swq	6swq_AAA	3p5o	3p5o__chain0	100.0	100.0	100.0	127	127	127	1.07e-96	267.0
6sx9	6sx9_A	4jsz	4jsz__chain0	99.6	99.6	100.0	257	258	257	5.81e-199	536.0
6sxx	6sxx_A	3p5o	3p5o__chain0	33.3	90.3	79.5	102	113	127	5.05e-18	67.8
6sy3	6sy3_A	1k1i	1k1i__chain0	100.0	100.0	100.0	223	223	223	4.94e-167	453.0
6syb	6syb_A	4jsz	4jsz__chain0	99.6	99.6	100.0	257	258	257	5.81e-199	536.0
6sys	6sys_A	4jsz	4jsz__chain0	99.6	100.0	100.0	257	257	257	3.93e-199	537.0
6t0m	6t0m_A	1k1i	1k1i__chain0	100.0	100.0	100.0	223	223	223	4.94e-167	453.0
6t0p	6t0p_A	1k1i	1k1i__chain0	100.0	100.0	100.0	223	223	223	4.94e-167	453.0
6t1s	6t1s_A	2yfe	2yfe__chain0	94.9	99.3	99.6	274	274	264	3.84e-178	485.0
6t1v	6t1v_A	2yfe	2yfe__chain0	95.5	99.6	97.0	267	268	264	1.43e-176	481.0
6t28	6t28_AAA	1ydr	1ydr__chain0	32.9	91.9	80.1	277	271	336	1.5e-45	150.0
6t29	6t29_AAA	1nvq	1nvq__chain0	32.8	85.8	92.8	256	274	264	8.21e-37	125.0
6t2w	6t2w_A	3pyy	3pyy__chain0	40.0	88.8	95.5	270	304	265	2.01e-67	205.0
6t3m	6t3m_H	2zda	2zda__chain1	100.0	100.0	100.0	251	251	251	2.46e-199	537.0
6t3q	6t3q_H	2zda	2zda__chain1	100.0	100.0	100.0	251	251	251	2.46e-199	537.0
6t41	6t41_A	1pxn	1pxn__chain0	39.4	85.0	93.2	302	346	294	1.01e-65	203.0
6t42	6t42_AAA	3ueu	3ueu__chain0	99.4	100.0	100.0	155	154	155	7.84e-110	303.0
6t44	6t44_AAA	3uex	3uex__chain0	96.1	100.0	96.2	154	154	159	1.44e-106	295.0
6t4a	6t4a_H	2zda	2zda__chain1	100.0	100.0	100.0	251	251	251	2.46e-199	537.0
6t4n	6t4n_A	4jsz	4jsz__chain0	99.6	99.6	100.0	257	258	257	5.81e-199	536.0
6t4o	6t4o_A	4jsz	4jsz__chain0	99.6	99.6	100.0	257	258	257	5.81e-199	536.0
6t4p	6t4p_A	4jsz	4jsz__chain0	99.6	100.0	100.0	257	257	257	3.93e-199	537.0
6t52	6t52_H	2zda	2zda__chain1	100.0	100.0	100.0	251	251	251	2.46e-199	537.0
6t53	6t53_H	2zda	2zda__chain1	100.0	100.0	100.0	251	251	251	2.46e-199	537.0
6t54	6t54_H	1oyt	1oyt__chain1	100.0	100.0	100.0	250	250	250	3.78e-198	534.0
6t55	6t55_H	1oyt	1oyt__chain1	100.0	100.0	100.0	250	250	250	3.78e-198	534.0
6t56	6t56_H	1oyt	1oyt__chain1	100.0	100.0	100.0	250	250	250	3.78e-198	534.0
6t57	6t57_H	1bcu	1bcu__chain1	100.0	99.6	100.0	249	250	249	1.0399999999999999e-197	533.0
6t5c	6t5c_A	4jsz	4jsz__chain0	99.6	99.6	100.0	257	258	257	5.81e-199	536.0
6t5p	6t5p_A	4jsz	4jsz__chain0	35.2	98.9	99.2	264	261	257	4.35e-46	149.0
6t5q	6t5q_A	4jsz	4jsz__chain0	35.2	99.2	99.2	264	260	257	2.99e-46	149.0
6t5w	6t5w_A	1k1i	1k1i__chain0	100.0	100.0	100.0	223	223	223	4.94e-167	453.0
6t6b	6t6b_A	3fur	3fur__chain0	99.2	98.1	99.2	255	260	256	4.68e-178	484.0
6t6f	6t6f_A	3ag9	3ag9__chain0	32.9	87.9	84.3	277	289	319	2.0600000000000002e-47	155.0
6t7h	6t7h_L	2zda	2zda__chain0	100.0	85.3	100.0	29	34	29	6.59e-18	61.6
6t7p	6t7p_A	4ty7	4ty7__chain0	67.1	100.0	99.6	237	237	238	2.2600000000000002e-129	359.0
6t81	6t81_A	4jsz	4jsz__chain0	99.6	99.6	100.0	257	258	257	5.81e-199	536.0
6t89	6t89_H	1oyt	1oyt__chain1	100.0	100.0	100.0	250	250	250	3.78e-198	534.0
6t8x	6t8x_A	3myg	3myg__chain0	32.3	92.5	96.4	266	279	252	9.450000000000001e-32	112.0
6t9c	6t9c_A	3fur	3fur__chain0	99.6	100.0	98.4	252	251	256	6.2999999999999994e-176	478.0
6t9r	6t9r_BBB	2xys	2xys__chain0	100.0	96.7	100.0	205	212	205	6.39e-156	424.0
6t9t	6t9t_A	4crc	4crc__chain0	39.6	99.2	99.2	245	240	237	5.71e-57	175.0
6t9v	6t9v_A	1k1i	1k1i__chain0	100.0	100.0	100.0	223	223	223	4.94e-167	453.0
6tca	6tca_B	2zb1	2zb1__chain0	98.8	99.4	99.4	345	346	345	6.3799999999999995e-254	683.0
6tcu	6tcu_A	2fvd	2fvd__chain0	33.7	83.4	97.2	297	350	284	1.3e-50	164.0
6td2	6td2_B	1e66	1e66__chain0	59.6	99.4	99.6	532	532	532	3.56e-245	676.0
6td3	6td3_B	2xnb	2xnb__chain0	43.0	90.1	97.0	305	333	296	7.88e-77	231.0
6tdc	6tdc_A	3b1m	3b1m__chain0	99.2	98.8	99.6	259	260	260	1.97e-180	490.0
6tdt	6tdt_H	2zda	2zda__chain1	100.0	100.0	100.0	251	251	251	2.46e-199	537.0
6te2	6te2_A	4eor	4eor__chain0	32.9	90.2	98.0	304	327	294	4.81e-41	139.0
6tei	6tei_B	4eor	4eor__chain0	31.7	88.9	98.0	303	332	294	1.57e-39	135.0
6tew	6tew_A	4eor	4eor__chain0	32.9	90.8	98.0	304	325	294	6.41e-41	138.0
6tg4	6tg4_AAA	4kzq	4kzq__chain1	100.0	22.3	97.9	46	206	47	3.59e-30	99.8
6tgu	6tgu_A	4eor	4eor__chain0	32.9	90.2	98.0	304	327	294	4.81e-41	139.0
6tkm	6tkm_BBB	4kzq	4kzq__chain0	100.0	78.8	99.4	160	203	161	1.89e-122	337.0
6tkn	6tkn_AAA	4kzq	4kzq__chain0	100.0	78.4	99.4	160	204	161	1.9600000000000002e-122	337.0
6tkp	6tkp_AAA	4kzq	4kzq__chain0	100.0	76.9	99.4	160	208	161	2.3e-122	337.0
6tkq	6tkq_AAA	4kzq	4kzq__chain0	100.0	76.6	99.4	160	209	161	2.4000000000000001e-122	337.0
6tkr	6tkr_AAA	4kzq	4kzq__chain0	100.0	78.4	99.4	160	204	161	1.9600000000000002e-122	337.0
6tks	6tks_BBB	4kzq	4kzq__chain0	100.0	76.9	99.4	160	208	161	2.3e-122	337.0
6tl5	6tl5_A	4jsz	4jsz__chain0	33.8	99.6	99.2	260	251	257	7.31e-41	135.0
6tl6	6tl6_A	4jsz	4jsz__chain0	33.8	99.6	99.2	260	251	257	7.31e-41	135.0
6tll	6tll_A	4eor	4eor__chain0	31.7	88.6	98.0	303	333	294	3.16e-39	134.0
6tlo	6tlo_A	4eor	4eor__chain0	31.7	88.6	98.0	303	333	294	3.16e-39	134.0
6tlp	6tlp_A	4eor	4eor__chain0	31.7	88.6	98.0	303	333	294	3.16e-39	134.0
6tlr	6tlr_A	4eor	4eor__chain0	31.7	88.6	98.0	303	333	294	3.16e-39	134.0
6tls	6tls_A	4eor	4eor__chain0	31.7	88.6	98.0	303	333	294	3.16e-39	134.0
6tlu	6tlu_AAA	4eor	4eor__chain0	31.7	88.6	98.0	303	333	294	3.16e-39	134.0
6tlv	6tlv_A	4eor	4eor__chain0	31.7	88.6	98.0	303	333	294	3.16e-39	134.0
6tlw	6tlw_A	4eor	4eor__chain0	31.7	88.6	98.0	303	333	294	3.16e-39	134.0
6tn4	6tn4_AAA	3rlr	3rlr__chain0	100.0	100.0	95.9	210	210	219	4.98e-149	407.0
6tn5	6tn5_AAA	3b27	3b27__chain0	100.0	100.0	97.2	209	209	215	1.69e-148	405.0
6tpa	6tpa_A	1pxn	1pxn__chain0	38.3	84.8	93.2	300	336	294	1.02e-62	195.0
6tpd	6tpd_A	4gfm	4gfm__chain0	98.6	100.0	99.3	289	289	291	2.2000000000000002e-217	586.0
6tpe	6tpe_B	4e5w	4e5w__chain0	98.9	100.0	96.3	283	283	294	3.07e-214	578.0
6tpf	6tpf_B	4ivd	4ivd__chain0	98.9	100.0	95.5	279	278	292	4.3100000000000006e-210	567.0
6tpy	6tpy_AAA	3p5o	3p5o__chain0	100.0	100.0	100.0	127	127	127	1.07e-96	267.0
6tpz	6tpz_AAA	3p5o	3p5o__chain0	100.0	100.0	98.4	125	125	127	1.16e-95	265.0
6tq1	6tq1_CCC	3p5o	3p5o__chain0	81.1	99.1	83.5	106	107	127	2.6e-67	192.0
6tq2	6tq2_CCC	3p5o	3p5o__chain0	81.1	99.1	83.5	106	107	127	2.6e-67	192.0
6ts4	6ts4_A	4cr9	4cr9__chain0	98.3	100.0	99.2	236	236	238	1.21e-183	496.0
6ts5	6ts5_A	4cr9	4cr9__chain0	98.7	100.0	99.2	236	236	238	4.21e-184	497.0
6ts6	6ts6_A	4cr9	4cr9__chain0	98.7	100.0	99.2	236	236	238	4.21e-184	497.0
6ts7	6ts7_A	4cr9	4cr9__chain0	98.7	100.0	99.2	236	236	238	4.21e-184	497.0
6tsg	6tsg_A	3fur	3fur__chain0	99.2	98.8	99.2	255	258	256	4.32e-178	484.0
6tt0	6tt0_A	1e66	1e66__chain0	100.0	100.0	100.0	532	532	532	0.0	1108.0
6tu9	6tu9_B	3k5v	3k5v__chain0	38.8	96.6	88.8	258	261	286	1.65e-62	192.0
6ty6	6ty6_B	4de2	4de2__chain0	56.6	96.2	98.5	256	266	260	2.1400000000000001e-97	280.0
6u0d	6u0d_A	3p5o	3p5o__chain0	100.0	100.0	99.2	126	126	127	2.08e-96	266.0
6u2h	6u2h_D	4hge	4hge__chain0	30.9	89.8	94.4	282	283	286	1.58e-30	109.0
6u34	6u34_A	1e66	1e66__chain0	57.8	99.6	100.0	538	540	532	2.01e-239	662.0
6u37	6u37_A	1e66	1e66__chain0	57.8	99.6	100.0	538	540	532	2.01e-239	662.0
6u3p	6u3p_A	1e66	1e66__chain0	57.8	99.6	100.0	538	540	532	2.01e-239	662.0
6u7o	6u7o_A	1g2k	1g2k__chain0	94.9	100.0	100.0	99	99	99	4.59e-69	195.0
6u98	6u98_A	3b27	3b27__chain0	99.5	100.0	96.7	208	208	215	4.65e-148	404.0
6ubw	6ubw_A	4twp	4twp__chain0	41.5	83.1	92.1	253	296	266	1.15e-64	198.0
6ufc	6ufc_A	4jsz	4jsz__chain0	99.6	99.2	100.0	257	259	257	6.049999999999999e-199	536.0
6ufd	6ufd_A	4jsz	4jsz__chain0	99.6	99.2	100.0	257	259	257	6.049999999999999e-199	536.0
6uj1	6uj1_B	3rsx	3rsx__chain0	55.5	99.2	97.1	366	357	375	1.4e-146	413.0
6v6l	6v6l_A	2fvd	2fvd__chain0	34.1	83.7	97.2	293	344	284	2.01e-51	166.0
6v6q	6v6q_A	3k5v	3k5v__chain0	40.6	94.8	90.6	271	286	286	5.7900000000000006e-70	212.0
6v7h	6v7h_A	3g2z	3g2z__chain0	99.6	99.6	100.0	262	263	262	4.5100000000000007e-185	502.0
6vgl	6vgl_B	4jia	4jia__chain0	99.3	98.3	97.7	293	298	300	1.75e-223	602.0
6vhg	6vhg_A	3k5v	3k5v__chain0	41.7	95.4	91.6	271	283	286	5.08e-73	219.0
6vlm	6vlm_A	3zsx	3zsx__chain0	98.7	99.3	100.0	149	150	149	6.58e-111	305.0
6vlu	6vlu_A	4cr9	4cr9__chain0	98.7	100.0	99.2	236	236	238	4.21e-184	497.0
6vlv	6vlv_A	4cr9	4cr9__chain0	98.7	100.0	99.2	236	236	238	4.21e-184	497.0
6vn8	6vn8_A	4jia	4jia__chain0	99.3	98.3	97.7	293	298	300	1.75e-223	602.0
6vnb	6vnb_A	4jia	4jia__chain0	99.3	98.3	97.7	293	298	300	1.75e-223	602.0
6vnc	6vnc_A	4jia	4jia__chain0	99.3	98.3	97.3	292	297	300	1.38e-222	600.0
6vne	6vne_A	4jia	4jia__chain0	99.3	100.0	97.3	292	292	300	1.13e-222	600.0
6vnf	6vnf_A	4jia	4jia__chain0	99.3	98.3	97.7	293	298	300	1.75e-223	602.0
6vng	6vng_A	4jia	4jia__chain0	99.3	100.0	97.3	292	292	300	1.6e-222	599.0
6vnh	6vnh_A	4jia	4jia__chain0	99.3	98.3	97.7	293	298	300	1.75e-223	602.0
6vni	6vni_A	4jia	4jia__chain0	99.3	100.0	97.0	291	291	300	3.62e-221	596.0
6vnj	6vnj_A	4jia	4jia__chain0	99.3	98.0	97.7	293	299	300	1.8200000000000002e-223	602.0
6vnk	6vnk_D	4f09	4f09__chain0	99.3	100.0	99.7	289	289	290	7.7e-220	592.0
6vnl	6vnl_B	4jia	4jia__chain0	99.3	98.3	97.7	293	298	300	1.75e-223	602.0
6vnm	6vnm_A	4jia	4jia__chain0	99.3	98.3	97.7	293	298	300	1.75e-223	602.0
6vns	6vns_A	4e5w	4e5w__chain1	59.6	95.9	96.8	280	290	280	3.5199999999999996e-119	337.0
6vnv	6vnv_A	4k77	4k77__chain0	59.7	95.6	96.5	273	275	282	5.43e-115	326.0
6vnx	6vnx_A	4e5w	4e5w__chain1	59.6	95.9	96.8	280	290	280	3.5199999999999996e-119	337.0
6vny	6vny_A	4e5w	4e5w__chain1	59.4	95.8	96.8	278	287	280	4.2000000000000005e-117	332.0
6vpg	6vpg_A	3uo4	3uo4__chain0	99.6	94.3	100.0	266	282	266	1.8399999999999998e-199	539.0
6vph	6vph_A	3uo4	3uo4__chain0	99.6	93.7	100.0	266	284	266	1.99e-199	539.0
6vpj	6vpj_A	3uo4	3uo4__chain0	97.7	94.3	100.0	266	279	266	1.18e-192	522.0
6vpl	6vpl_A	3e5a	3e5a__chain0	98.1	94.2	100.0	265	277	265	3.14e-194	526.0
6vqs	6vqs_A	3ao4	3ao4__chain0	93.5	100.0	99.3	138	136	139	3.7199999999999997e-93	259.0
6vs3	6vs3_B	4jia	4jia__chain0	99.3	98.3	97.7	293	298	300	1.75e-223	602.0
6vsn	6vsn_A	4jia	4jia__chain0	99.3	98.3	97.7	293	298	300	1.75e-223	602.0
6vx2	6vx2_A	3ao4	3ao4__chain0	95.0	100.0	100.0	141	141	139	7.030000000000001e-97	269.0
6w0u	6w0u_A	3ao4	3ao4__chain0	94.2	100.0	97.8	138	138	139	1.41e-93	260.0
6w3a	6w3a_B	1pxn	1pxn__chain0	30.0	65.5	96.9	293	371	294	1.88e-20	84.0
6w3k	6w3k_A	1pxn	1pxn__chain0	30.3	66.3	96.9	294	398	294	7.53e-24	94.0
6w42	6w42_A	3ao4	3ao4__chain0	92.8	100.0	99.3	139	139	139	1.47e-93	260.0
6w4g	6w4g_A	4ih5	4ih5__chain0	100.0	100.0	100.0	557	557	557	0.0	1125.0
6w6t	6w6t_B	1eby	1eby__chain0	99.0	100.0	100.0	99	99	99	3.48e-73	206.0
6w8l	6w8l_A	4e5w	4e5w__chain0	99.3	100.0	95.2	280	280	294	3.1700000000000006e-213	575.0
6w9e	6w9e_A	2xnb	2xnb__chain0	40.3	95.5	98.0	298	311	296	1.27e-66	204.0
6w9k	6w9k_A	3b5r	3b5r__chain0	54.7	98.8	100.0	247	249	247	2.64e-93	268.0
6w9l	6w9l_A	3b5r	3b5r__chain0	54.7	98.8	100.0	247	249	247	1.8599999999999999e-93	269.0
6w9m	6w9m_A	3b5r	3b5r__chain0	54.7	98.0	100.0	247	251	247	2.84e-93	268.0
6wa2	6wa2_D	3mss	3mss__chain0	39.3	84.4	95.8	267	314	264	3.82e-61	189.0
6wak	6wak_A	3mss	3mss__chain0	38.5	85.9	95.8	265	297	264	5.019999999999999e-60	186.0
6wc8	6wc8_A	3ao4	3ao4__chain1	92.7	99.3	100.0	137	138	133	4.33e-89	249.0
6we7	6we7_A	3ao4	3ao4__chain1	89.6	100.0	99.2	135	133	133	1.2699999999999999e-82	232.0
6wgx	6wgx_B	3p5o	3p5o__chain0	100.0	100.0	100.0	127	127	127	1.07e-96	267.0
6wka	6wka_A	4jsz	4jsz__chain0	99.6	99.6	100.0	257	258	257	5.81e-199	536.0
6wlx	6wlx_A	2br1	2br1__chain0	31.3	82.9	89.7	249	292	272	7.93e-26	97.1
6wny	6wny_A	3udh	3udh__chain0	99.0	100.0	97.0	382	380	394	1.39e-287	771.0
6wok	6wok_C	2p15	2p15__chain1	97.0	100.0	97.9	237	233	242	1.16e-163	446.0
6wq4	6wq4_A	4jsz	4jsz__chain0	99.6	100.0	100.0	257	257	257	3.93e-199	537.0
6wq5	6wq5_A	4jsz	4jsz__chain0	99.6	100.0	100.0	257	257	257	3.93e-199	537.0
6wq7	6wq7_A	4jsz	4jsz__chain0	99.6	100.0	100.0	257	257	257	3.93e-199	537.0
6wq8	6wq8_A	4jsz	4jsz__chain0	99.6	99.6	100.0	257	258	257	5.81e-199	536.0
6wq9	6wq9_A	4jsz	4jsz__chain0	99.6	100.0	100.0	257	257	257	3.93e-199	537.0
6wtn	6wtn_A	4f09	4f09__chain0	97.2	99.0	100.0	290	287	290	1.73e-211	571.0
6wto	6wto_A	4hge	4hge__chain0	96.2	99.3	100.0	286	279	286	9.1e-204	551.0
6wtp	6wtp_A	4hge	4hge__chain0	95.8	99.6	99.7	285	276	286	9.02e-201	543.0
6wtq	6wtq_A	4hge	4hge__chain0	93.2	99.2	97.9	280	265	286	4.2899999999999997e-187	508.0
6wuy	6wuy_A	1gpk	1gpk__chain0	58.8	99.6	99.8	529	530	529	9.24e-242	667.0
6wvo	6wvo_A	1h23	1h23__chain0	58.6	99.6	99.8	531	531	528	4.3399999999999996e-240	663.0
6wvp	6wvp_A	1h23	1h23__chain0	58.6	99.6	99.8	531	533	528	2.01e-241	667.0
6wvq	6wvq_B	1gpk	1gpk__chain0	58.3	99.6	99.8	532	534	529	7.149999999999999e-240	663.0
6wvx	6wvx_A	3p5o	3p5o__chain0	100.0	99.2	98.4	125	126	127	1.1999999999999999e-95	265.0
6ww8	6ww8_A	3p5o	3p5o__chain0	100.0	95.4	98.4	125	131	127	4.25e-95	263.0
6wxj	6wxj_A	3mss	3mss__chain0	39.4	92.2	95.8	269	282	264	2.7699999999999998e-61	189.0
6wxn	6wxn_B	3mss	3mss__chain0	38.5	83.8	95.8	265	303	264	8.559999999999999e-60	186.0
6x0s	6x0s_B	1owh	1owh__chain0	38.7	96.6	100.0	248	237	245	3.27e-57	176.0
6x0t	6x0t_B	1owh	1owh__chain0	39.1	96.6	100.0	248	238	245	2.39e-57	176.0
6x3n	6x3n_A	3qgy	3qgy__chain0	58.2	96.1	98.8	244	254	245	2.99e-105	299.0
6x3o	6x3o_B	4m0y	4m0y__chain0	58.5	97.4	98.9	260	267	263	2.21e-117	331.0
6x3p	6x3p_A	4m0y	4m0y__chain0	58.5	97.7	98.9	260	266	263	3.02e-117	330.0
6x5p	6x5p_B	2xbv	2xbv__chain1	53.5	87.8	93.2	43	49	44	2.24e-15	56.2
6x7b	6x7b_B	3p5o	3p5o__chain0	100.0	95.4	98.4	125	131	127	6.04e-95	263.0
6x7d	6x7d_B	3p5o	3p5o__chain0	100.0	97.7	98.4	125	128	127	2.64e-95	264.0
6x8e	6x8e_B	4hge	4hge__chain0	96.9	100.0	100.0	286	281	286	1.31e-208	563.0
6x8f	6x8f_A	4k77	4k77__chain0	60.1	95.8	96.5	276	283	282	1.4399999999999998e-119	338.0
6x8g	6x8g_A	4e5w	4e5w__chain1	59.1	95.7	96.8	276	282	280	5.38e-114	323.0
6xct	6xct_A	3uri	3uri__chain0	30.2	96.3	95.1	325	323	328	7.370000000000001e-27	101.0
6xcy	6xcy_A	3uri	3uri__chain0	30.1	96.3	95.1	329	325	328	5.5400000000000005e-27	102.0
6xcz	6xcz_A	3uri	3uri__chain0	30.1	96.3	95.1	329	326	328	5.64e-27	102.0
6xd2	6xd2_A	3uri	3uri__chain0	30.2	96.3	95.1	325	323	328	5.3400000000000004e-27	102.0
6xd7	6xd7_A	4de2	4de2__chain0	53.5	97.7	99.6	260	266	260	1.01e-90	263.0
6xe4	6xe4_A	4m0y	4m0y__chain0	58.5	98.5	98.9	260	264	263	2.8000000000000002e-117	330.0
6xhc	6xhc_A	1o0h	1o0h__chain0	100.0	100.0	100.0	124	124	124	4.43e-90	250.0
6xhd	6xhd_A	1o0h	1o0h__chain0	100.0	100.0	100.0	124	124	124	4.43e-90	250.0
6xhe	6xhe_A	1o0h	1o0h__chain0	100.0	100.0	100.0	124	124	124	4.43e-90	250.0
6xhf	6xhf_A	1o0h	1o0h__chain0	100.0	100.0	100.0	124	124	124	4.43e-90	250.0
6xih	6xih_A	3ag9	3ag9__chain0	33.1	88.8	72.7	245	258	319	8.37e-28	102.0
6xl4	6xl4_C	3mss	3mss__chain0	38.9	84.4	95.8	262	302	264	5.88e-60	186.0
6xlo	6xlo_A	3mss	3mss__chain0	32.0	95.7	93.9	259	258	264	1.2e-34	119.0
6xta	6xta_A	1e66	1e66__chain0	53.3	100.0	99.1	527	527	532	1.63e-225	626.0
6xuz	6xuz_A	3p5o	3p5o__chain0	100.0	100.0	100.0	127	127	127	1.07e-96	267.0
6xv3	6xv3_A	3p5o	3p5o__chain0	100.0	100.0	100.0	127	127	127	1.07e-96	267.0
6xv7	6xv7_A	3p5o	3p5o__chain0	100.0	100.0	98.4	125	125	127	1.16e-95	265.0
6xv9	6xv9_B	3pyy	3pyy__chain0	38.3	97.9	100.0	287	292	265	6.12e-66	201.0
6xva	6xva_A	3pyy	3pyy__chain0	38.5	96.9	100.0	286	294	265	4.62e-66	201.0
6xvc	6xvc_B	3p5o	3p5o__chain0	100.0	100.0	98.4	125	125	127	1.16e-95	265.0
6xvh	6xvh_A	4jsz	4jsz__chain0	99.6	100.0	100.0	257	257	257	3.93e-199	537.0
6xvj	6xvj_A	3pyy	3pyy__chain0	37.9	95.1	98.5	290	305	265	8.379999999999999e-61	188.0
6xvk	6xvk_A	3pyy	3pyy__chain0	38.1	98.7	99.2	294	298	265	6.73e-61	188.0
6xwz	6xwz_AAA	4jsz	4jsz__chain0	99.6	100.0	100.0	257	257	257	3.93e-199	537.0
6xx6	6xx6_A	2fvd	2fvd__chain0	32.8	88.2	96.5	296	330	284	2.08e-41	139.0
6xx7	6xx7_A	2fvd	2fvd__chain0	32.8	88.2	96.5	296	330	284	2.08e-41	139.0
6xxt	6xxt_X	4jsz	4jsz__chain0	99.6	98.5	99.6	256	260	257	6.3e-199	536.0
6xyu	6xyu_A	1gpk	1gpk__chain0	38.8	99.1	98.9	541	537	529	4.91e-139	406.0
6xyy	6xyy_A	1gpk	1gpk__chain0	38.8	99.1	98.9	541	537	529	4.91e-139	406.0
6xze	6xze_A	4jsz	4jsz__chain0	60.2	99.6	99.2	256	257	257	3.4400000000000004e-110	312.0
6xzo	6xzo_A	4jsz	4jsz__chain0	60.2	99.6	99.2	256	257	257	3.4400000000000004e-110	312.0
6xzs	6xzs_A	4jsz	4jsz__chain0	60.2	99.6	99.2	256	257	257	3.4400000000000004e-110	312.0
6xzx	6xzx_A	4jsz	4jsz__chain0	60.2	99.6	99.2	256	257	257	3.4400000000000004e-110	312.0
6xzy	6xzy_A	4jsz	4jsz__chain0	60.2	99.6	99.2	256	257	257	3.4400000000000004e-110	312.0
6y00	6y00_A	4jsz	4jsz__chain0	60.2	99.6	99.2	256	257	257	3.4400000000000004e-110	312.0
6y05	6y05_A	1q8t	1q8t__chain0	97.1	98.8	99.7	340	344	341	3.28e-250	673.0
6y0a	6y0a_A	1pxn	1pxn__chain0	38.1	84.1	93.2	302	346	294	1.04e-58	185.0
6y0b	6y0b_A	1q8t	1q8t__chain0	96.8	96.3	99.7	340	351	341	4.8600000000000005e-247	665.0
6y2o	6y2o_A	1q8t	1q8t__chain0	97.1	96.3	99.7	340	353	341	6.69e-250	673.0
6y2u	6y2u_A	1q8t	1q8t__chain0	97.1	96.3	99.7	340	353	341	6.69e-250	673.0
6y3u	6y3u_A	3fur	3fur__chain0	99.2	98.1	99.2	255	260	256	4.68e-178	484.0
6y4t	6y4t_A	4f9w	4f9w__chain0	98.8	99.1	100.0	338	341	336	4.8499999999999994e-250	672.0
6y4u	6y4u_A	4f9w	4f9w__chain0	98.8	99.1	100.0	338	341	336	4.8499999999999994e-250	672.0
6y4v	6y4v_A	4f9w	4f9w__chain0	98.2	99.1	100.0	340	343	336	1.51e-249	671.0
6y4w	6y4w_A	4f9w	4f9w__chain0	98.8	99.1	100.0	338	341	336	4.8499999999999994e-250	672.0
6y4x	6y4x_A	4f9w	4f9w__chain0	98.5	96.6	100.0	339	351	336	4.2e-249	671.0
6y55	6y55_A	3ebp	3ebp__chain0	99.8	100.0	100.0	810	809	810	0.0	1630.0
6y5c	6y5c_A	3ebp	3ebp__chain0	99.8	100.0	100.0	810	809	810	0.0	1630.0
6y5o	6y5o_A	3ebp	3ebp__chain0	99.8	100.0	100.0	810	809	810	0.0	1630.0
6y6f	6y6f_A	2wtv	2wtv__chain0	30.6	87.3	93.2	258	284	264	1.86e-32	114.0
6y6h	6y6h_A	3ag9	3ag9__chain0	30.6	82.2	73.0	242	292	319	3.11e-24	93.6
6y6v	6y6v_A	4f9w	4f9w__chain0	97.3	99.4	100.0	336	331	336	1.3e-240	648.0
6y7w	6y7w_A	4f9w	4f9w__chain0	98.5	98.0	99.7	337	344	336	2.1400000000000003e-247	666.0
6y7y	6y7y_A	4f9w	4f9w__chain0	98.8	98.0	99.7	336	343	336	1.45e-247	666.0
6y7z	6y7z_A	4f9w	4f9w__chain0	98.5	98.0	100.0	338	345	336	5.47e-248	667.0
6y80	6y80_A	4f9w	4f9w__chain0	97.9	98.0	100.0	340	347	336	8.420000000000001e-248	667.0
6y81	6y81_A	4f9w	4f9w__chain0	98.5	98.0	99.7	337	344	336	2.1400000000000003e-247	666.0
6y82	6y82_A	4f9w	4f9w__chain0	97.6	97.7	99.7	340	348	336	7.200000000000001e-247	665.0
6y85	6y85_A	4f9w	4f9w__chain0	98.8	98.0	100.0	337	344	336	3.7e-248	668.0
6y89	6y89_A	1q8t	1q8t__chain0	96.5	99.7	99.7	340	339	341	1.2199999999999999e-246	664.0
6y8h	6y8h_A	4f9w	4f9w__chain0	98.5	98.0	99.7	337	344	336	2.1400000000000003e-247	666.0
6y9h	6y9h_H	1oyt	1oyt__chain1	100.0	100.0	100.0	250	250	250	3.78e-198	534.0
6y9r	6y9r_A	2fvd	2fvd__chain0	33.7	83.4	97.2	297	350	284	1.3e-50	164.0
6y9s	6y9s_B	2fvd	2fvd__chain0	34.7	83.2	97.2	291	340	284	3.2599999999999998e-52	168.0
6yat	6yat_A	1pxn	1pxn__chain0	31.4	90.7	99.3	293	291	294	5.5900000000000005e-33	116.0
6yb6	6yb6_H	1oyt	1oyt__chain1	100.0	100.0	100.0	250	250	250	3.78e-198	534.0
6ycu	6ycu_A	4f9w	4f9w__chain0	97.1	98.0	99.7	340	347	336	3.29e-245	660.0
6ydy	6ydy_A	1k1i	1k1i__chain0	100.0	100.0	100.0	223	223	223	4.94e-167	453.0
6yf8	6yf8_D	1pxn	1pxn__chain0	30.7	93.4	95.9	316	331	294	9.51e-35	122.0
6ygr	6ygr_A	3rr4	3rr4__chain0	94.9	99.7	100.0	371	356	368	9.62e-255	686.0
6ygs	6ygs_A	3gc5	3gc5__chain0	94.6	99.7	100.0	369	351	368	1.0199999999999999e-250	676.0
6ygx	6ygx_A	3rr4	3rr4__chain0	92.5	99.4	100.0	371	348	368	2.3300000000000002e-237	642.0
6ygy	6ygy_A	3gc5	3gc5__chain0	94.8	99.7	100.0	368	351	368	1.5600000000000001e-245	663.0
6ygz	6ygz_A	1r5y	1r5y__chain0	94.0	99.4	100.0	364	348	361	2.1e-236	639.0
6yh1	6yh1_A	3gc5	3gc5__chain0	94.9	99.7	100.0	369	352	368	4.44e-243	657.0
6yh2	6yh2_A	3gc5	3gc5__chain0	98.4	99.7	100.0	369	365	368	1.18e-255	689.0
6yh3	6yh3_A	3gc5	3gc5__chain0	94.8	99.7	100.0	368	351	368	1.5600000000000001e-245	663.0
6yh4	6yh4_A	4jsz	4jsz__chain0	97.3	100.0	100.0	257	257	257	8.53e-194	523.0
6yh5	6yh5_A	4jsz	4jsz__chain0	97.3	99.6	100.0	257	258	257	1.26e-193	523.0
6yh6	6yh6_A	4jsz	4jsz__chain0	97.3	100.0	100.0	257	257	257	8.53e-194	523.0
6yh7	6yh7_A	4jsz	4jsz__chain0	97.3	100.0	100.0	257	257	257	8.53e-194	523.0
6yh8	6yh8_A	4jsz	4jsz__chain0	97.3	100.0	100.0	257	257	257	8.53e-194	523.0
6yh9	6yh9_A	4jsz	4jsz__chain0	97.3	100.0	100.0	257	257	257	8.53e-194	523.0
6yha	6yha_A	4jsz	4jsz__chain0	97.3	100.0	100.0	257	257	257	8.53e-194	523.0
6yhb	6yhb_A	4jsz	4jsz__chain0	97.3	100.0	100.0	257	257	257	8.53e-194	523.0
6yhc	6yhc_A	4jsz	4jsz__chain0	97.3	100.0	100.0	257	257	257	8.53e-194	523.0
6yhd	6yhd_A	3rr4	3rr4__chain0	98.4	99.5	100.0	369	367	368	1.56e-256	691.0
6yhg	6yhg_L	2zda	2zda__chain0	100.0	93.5	100.0	29	31	29	8.18e-18	61.2
6yhj	6yhj_L	2zda	2zda__chain0	100.0	87.9	100.0	29	33	29	8.96e-18	61.2
6yid	6yid_D	1nvq	1nvq__chain0	34.5	89.5	90.2	249	257	264	1.52e-29	105.0
6yij	6yij_D	3p5o	3p5o__chain0	33.3	90.3	79.5	102	113	127	5.05e-18	67.8
6yik	6yik_C	3p5o	3p5o__chain0	33.3	90.3	79.5	102	113	127	5.05e-18	67.8
6yin	6yin_A	3p5o	3p5o__chain0	100.0	100.0	99.2	126	126	127	2.08e-96	266.0
6yiq	6yiq_B	1s38	1s38__chain0	99.7	99.7	100.0	365	366	364	3.5099999999999997e-270	726.0
6yis	6yis_A	1k1i	1k1i__chain0	100.0	100.0	100.0	223	223	223	4.94e-167	453.0
6yit	6yit_A	1k1i	1k1i__chain0	100.0	100.0	100.0	223	223	223	4.94e-167	453.0
6yiu	6yiu_A	1k1i	1k1i__chain0	100.0	100.0	100.0	223	223	223	4.94e-167	453.0
6yiv	6yiv_A	1k1i	1k1i__chain0	100.0	100.0	100.0	223	223	223	4.94e-167	453.0
6yiw	6yiw_A	1k1i	1k1i__chain0	100.0	100.0	100.0	223	223	223	4.94e-167	453.0
6yix	6yix_A	1k1i	1k1i__chain0	100.0	100.0	100.0	223	223	223	4.94e-167	453.0
6yiy	6yiy_A	1k1i	1k1i__chain0	100.0	100.0	100.0	223	223	223	4.94e-167	453.0
6yjc	6yjc_A	4f9w	4f9w__chain0	99.1	99.7	100.0	336	337	336	8.68e-252	677.0
6yk2	6yk2_A	2al5	2al5__chain0	100.0	99.2	100.0	260	262	260	1.17e-193	523.0
6yk3	6yk3_A	2al5	2al5__chain0	100.0	98.9	100.0	260	263	260	1.2200000000000001e-193	523.0
6yk4	6yk4_A	2al5	2al5__chain0	100.0	98.9	100.0	260	263	260	1.2200000000000001e-193	523.0
6yk5	6yk5_A	2al5	2al5__chain0	100.0	98.9	100.0	260	263	260	1.2200000000000001e-193	523.0
6yk6	6yk6_A	2al5	2al5__chain0	100.0	99.2	100.0	260	262	260	1.17e-193	523.0
6yk7	6yk7_A	4f9w	4f9w__chain0	98.8	99.1	100.0	338	341	336	4.8499999999999994e-250	672.0
6yky	6yky_A	4f9w	4f9w__chain0	38.8	99.6	82.4	289	281	336	1.87e-64	199.0
6ylc	6ylc_B	3e92	3e92__chain0	39.0	98.3	82.5	292	292	349	1.96e-67	207.0
6ylk	6ylk_A	1pxn	1pxn__chain0	97.6	98.3	100.0	294	295	294	9.65e-212	572.0
6yll	6yll_A	3e92	3e92__chain0	38.5	99.3	84.0	299	293	349	3.9600000000000005e-64	199.0
6ymp	6ymp_H	2zda	2zda__chain1	100.0	100.0	100.0	251	251	251	2.46e-199	537.0
6yn3	6yn3_H	1oyt	1oyt__chain1	100.0	100.0	100.0	250	250	250	3.78e-198	534.0
6yna	6yna_A	1q8t	1q8t__chain0	97.1	96.3	99.7	340	353	341	6.69e-250	673.0
6ynb	6ynb_A	1q8t	1q8t__chain0	96.2	96.3	99.7	340	349	341	1.01e-243	657.0
6ync	6ync_A	1q8t	1q8t__chain0	96.5	96.3	99.7	340	350	341	5.449999999999999e-246	663.0
6ynr	6ynr_A	1q8t	1q8t__chain0	97.1	99.7	99.7	340	341	341	2.8999999999999996e-250	673.0
6ynt	6ynt_A	1q8t	1q8t__chain0	97.1	98.3	99.7	340	346	341	5.0499999999999993e-250	673.0
6yo1	6yo1_B	1o0h	1o0h__chain0	100.0	100.0	100.0	124	124	124	4.43e-90	250.0
6yoj	6yoj_A	3k5v	3k5v__chain0	40.0	98.1	92.3	270	259	286	9.489999999999999e-67	202.0
6yot	6yot_A	1q8t	1q8t__chain0	97.1	96.3	99.7	340	353	341	6.69e-250	673.0
6you	6you_A	1q8t	1q8t__chain0	97.0	100.0	99.1	338	338	341	4.26e-249	670.0
6ypg	6ypg_A	4eor	4eor__chain0	31.7	90.2	98.0	303	327	294	1.95e-39	134.0
6yph	6yph_A	4eor	4eor__chain0	31.6	89.9	97.3	301	326	294	2.8e-38	131.0
6ypj	6ypj_A	4eor	4eor__chain0	31.7	90.2	98.0	303	327	294	1.95e-39	134.0
6ypp	6ypp_A	1q8t	1q8t__chain0	96.5	100.0	99.4	339	337	341	4.579999999999999e-246	662.0
6yps	6yps_A	1q8t	1q8t__chain0	97.0	100.0	99.1	338	338	341	4.26e-249	670.0
6ypw	6ypw_A	4jsz	4jsz__chain0	99.6	99.6	100.0	257	258	257	5.81e-199	536.0
6yq1	6yq1_A	3k5v	3k5v__chain0	41.5	98.5	92.3	270	269	286	2.3e-70	212.0
6yqi	6yqi_A	1q8t	1q8t__chain0	95.6	96.3	99.7	340	347	341	1.8e-241	651.0
6yqj	6yqj_A	1q8t	1q8t__chain0	96.5	96.3	99.7	340	350	341	5.449999999999999e-246	663.0
6yqk	6yqk_A	1q8t	1q8t__chain0	95.0	96.2	99.7	340	346	341	2.87e-240	648.0
6yqp	6yqp_A	3p5o	3p5o__chain0	100.0	100.0	99.2	126	126	127	2.96e-96	266.0
6yqs	6yqs_AAA	3p5o	3p5o__chain0	36.9	80.2	65.4	84	101	127	5.18e-10	46.6
6yqt	6yqt_A	4jsz	4jsz__chain0	99.6	99.6	100.0	257	258	257	5.81e-199	536.0
6yqu	6yqu_A	4jsz	4jsz__chain0	99.6	100.0	100.0	257	257	257	3.93e-199	537.0
6yqv	6yqv_H	1oyt	1oyt__chain1	100.0	100.0	100.0	250	250	250	3.78e-198	534.0
6yqw	6yqw_A	3p5o	3p5o__chain0	36.9	80.2	65.4	84	101	127	5.18e-10	46.6
6yqz	6yqz_A	3p5o	3p5o__chain0	100.0	100.0	100.0	127	127	127	1.07e-96	267.0
6yr9	6yr9_B	3k5v	3k5v__chain0	40.0	98.8	92.3	270	258	286	3.2399999999999995e-67	204.0
6yri	6yri_A	4jsz	4jsz__chain0	99.6	100.0	100.0	257	257	257	3.93e-199	537.0
6ysj	6ysj_H	1oyt	1oyt__chain1	100.0	100.0	100.0	250	250	250	3.78e-198	534.0
6ysx	6ysx_H	1oyt	1oyt__chain1	100.0	100.0	100.0	250	250	250	3.78e-198	534.0
6yt6	6yt6_A	3k5v	3k5v__chain0	39.6	98.0	92.3	268	256	286	1.37e-65	199.0
6ytm	6ytm_B	3p5o	3p5o__chain0	41.7	100.0	83.5	108	108	127	4.76e-28	93.2
6yul	6yul_AAA	4eor	4eor__chain0	31.7	89.1	98.0	303	331	294	1.54e-39	135.0
6yum	6yum_AAA	4eor	4eor__chain0	31.7	89.1	98.0	303	331	294	1.54e-39	135.0
6yvs	6yvs_A	3k5v	3k5v__chain0	40.0	98.1	92.3	270	260	286	4.9099999999999996e-67	203.0
6yvy	6yvy_A	3k5v	3k5v__chain0	40.4	97.4	92.3	270	265	286	5.15e-68	206.0
6yxv	6yxv_C	3k5v	3k5v__chain0	40.4	98.1	92.3	270	265	286	7.28e-68	206.0
6yyz	6yyz_A	3rr4	3rr4__chain0	94.1	99.4	100.0	372	356	368	1.0499999999999999e-242	656.0
6yza	6yza_A	1k1i	1k1i__chain0	100.0	100.0	100.0	223	223	223	4.94e-167	453.0
6yzc	6yzc_A	1k1i	1k1i__chain0	100.0	100.0	100.0	223	223	223	4.94e-167	453.0
6z1c	6z1c_A	2fvd	2fvd__chain0	32.8	87.9	96.5	296	331	284	1.52e-41	140.0
6z45	6z45_A	2xnb	2xnb__chain0	41.2	92.4	95.9	291	314	296	2.2099999999999998e-68	209.0
6z48	6z48_F	2zda	2zda__chain1	100.0	100.0	100.0	251	251	251	2.46e-199	537.0
6z4b	6z4b_B	3mss	3mss__chain0	38.2	86.7	89.4	246	263	264	2.67e-53	167.0
6z4d	6z4d_B	3mss	3mss__chain0	38.1	92.6	95.8	265	270	264	7.53e-58	179.0
6z4x	6z4x_B	2xnb	2xnb__chain0	38.3	92.5	97.0	298	322	296	6.39e-67	206.0
6z4y	6z4y_A	3myg	3myg__chain0	98.4	98.8	100.0	256	259	252	9.67e-188	508.0
6z7f	6z7f_AAA	3p5o	3p5o__chain0	47.5	88.4	75.6	99	112	127	3.89e-28	93.6
6z7g	6z7g_AAA	3p5o	3p5o__chain0	100.0	100.0	100.0	127	127	127	1.07e-96	267.0
6z7l	6z7l_AAA	3p5o	3p5o__chain0	100.0	100.0	100.0	127	127	127	1.07e-96	267.0
6z7m	6z7m_AAA	3p5o	3p5o__chain0	100.0	100.0	98.4	125	125	127	5.73e-96	265.0
6z83	6z83_AAA	4eor	4eor__chain0	31.9	89.3	98.0	301	327	294	5.08e-40	136.0
6z84	6z84_AAA	4eor	4eor__chain0	31.9	89.6	98.0	301	326	294	4.96e-40	136.0
6z8p	6z8p_AAA	3p5o	3p5o__chain0	42.6	95.6	83.5	108	113	127	4.04e-28	93.6
6zb0	6zb0_AAA	3p5o	3p5o__chain0	42.6	93.9	83.5	108	115	127	3.06e-28	94.0
6zb1	6zb1_AAA	3p5o	3p5o__chain0	47.5	88.4	75.6	99	112	127	3.89e-28	93.6
6zb2	6zb2_AAA	3p5o	3p5o__chain0	42.6	95.6	83.5	108	113	127	4.04e-28	93.6
6zb3	6zb3_AAA	3p5o	3p5o__chain0	100.0	100.0	100.0	127	127	127	1.07e-96	267.0
6zc0	6zc0_A	3pyy	3pyy__chain0	43.5	88.4	88.7	239	267	265	5.330000000000001e-66	200.0
6zci	6zci_A	3p5o	3p5o__chain0	100.0	100.0	99.2	126	126	127	2.08e-96	266.0
6zcp	6zcp_A	4twp	4twp__chain0	42.5	93.3	93.2	252	267	266	2.1299999999999997e-68	206.0
6zcq	6zcq_A	3pyy	3pyy__chain0	42.7	93.6	94.0	253	267	265	9.409999999999999e-67	202.0
6zcr	6zcr_A	3pyy	3pyy__chain0	42.1	94.0	94.0	254	265	265	1.99e-65	199.0
6zcs	6zcs_A	3pyy	3pyy__chain0	42.4	93.7	94.0	255	269	265	5.700000000000001e-66	200.0
6zcu	6zcu_A	3pyy	3pyy__chain0	42.1	94.0	94.0	254	265	265	1.99e-65	199.0
6zcx	6zcx_A	3pyy	3pyy__chain0	43.3	88.3	88.7	238	266	265	1.65e-64	196.0
6zcy	6zcy_A	3pyy	3pyy__chain0	43.3	88.7	88.7	238	265	265	1.6000000000000002e-64	196.0
6zed	6zed_AAA	3p5o	3p5o__chain0	100.0	100.0	100.0	127	127	127	1.07e-96	267.0
6zel	6zel_AAA	3p5o	3p5o__chain0	100.0	100.0	99.2	126	126	127	2.96e-96	266.0
6zf9	6zf9_AAA	3p5o	3p5o__chain0	100.0	100.0	100.0	127	127	127	1.07e-96	267.0
6zfj	6zfj_A	1k1i	1k1i__chain0	100.0	100.0	100.0	223	223	223	4.94e-167	453.0
6zfk	6zfk_A	1k1i	1k1i__chain0	100.0	100.0	100.0	223	223	223	4.94e-167	453.0
6zgo	6zgo_H	3bv9	3bv9__chain1	99.6	100.0	100.0	259	259	259	7.35e-205	551.0
6zjf	6zjf_A	3ag9	3ag9__chain0	30.6	81.9	73.0	242	293	319	3.17e-24	93.6
6zly	6zly_A	3fur	3fur__chain0	99.6	100.0	98.4	252	252	256	9.719999999999999e-178	483.0
6zn0	6zn0_A	1q8t	1q8t__chain0	97.0	100.0	99.1	338	338	341	4.26e-249	670.0
6zoq	6zoq_A	2qe4	2qe4__chain0	95.3	89.7	100.0	212	234	207	1.19e-139	384.0
6zor	6zor_B	2qe4	2qe4__chain0	97.2	93.4	100.0	212	227	207	2.81e-143	392.0
6zos	6zos_B	1qkt	1qkt__chain0	96.7	100.0	96.8	240	233	248	9.36e-160	436.0
6zq2	6zq2_A	1k1i	1k1i__chain0	100.0	100.0	100.0	223	223	223	4.94e-167	453.0
6zqs	6zqs_A	3e92	3e92__chain0	99.4	99.7	99.7	349	350	349	1.4e-259	697.0
6zr5	6zr5_A	4f9w	4f9w__chain0	49.0	97.7	97.3	343	348	336	1.37e-107	312.0
6zr8	6zr8_A	4jsz	4jsz__chain0	99.6	98.5	99.6	256	260	257	6.3e-199	536.0
6zr9	6zr9_A	4jsz	4jsz__chain0	56.4	99.6	99.6	257	258	257	7.200000000000001e-110	311.0
6zug	6zug_H	1oyt	1oyt__chain1	100.0	100.0	100.0	250	250	250	3.78e-198	534.0
6zuh	6zuh_H	1oyt	1oyt__chain1	100.0	100.0	100.0	250	250	250	3.78e-198	534.0
6zun	6zun_H	1oyt	1oyt__chain1	100.0	100.0	100.0	250	250	250	3.78e-198	534.0
6zuu	6zuu_H	1oyt	1oyt__chain1	100.0	100.0	100.0	250	250	250	3.78e-198	534.0
6zuw	6zuw_H	1oyt	1oyt__chain1	100.0	100.0	100.0	250	250	250	3.78e-198	534.0
6zux	6zux_H	1oyt	1oyt__chain1	100.0	100.0	100.0	250	250	250	3.78e-198	534.0
6zv7	6zv7_H	1oyt	1oyt__chain1	100.0	100.0	100.0	250	250	250	3.78e-198	534.0
6zv8	6zv8_H	1oyt	1oyt__chain1	100.0	100.0	100.0	250	250	250	3.78e-198	534.0
6zwe	6zwe_A	1e66	1e66__chain0	58.2	99.8	100.0	534	533	532	5.399999999999999e-240	663.0
6zwi	6zwi_A	1e66	1e66__chain0	53.3	100.0	99.1	527	527	532	1.63e-225	626.0
6zwp	6zwp_A	4f9w	4f9w__chain0	96.4	99.4	100.0	336	328	336	2.23e-238	642.0
6zwr	6zwr_A	4f9w	4f9w__chain0	99.1	99.7	100.0	337	338	336	1.4999999999999998e-250	674.0
6zyu	6zyu_B	2al5	2al5__chain0	99.2	98.9	100.0	260	263	260	4.07e-192	520.0
6zz2	6zz2_A	2v00	2v00__chain0	100.0	100.0	100.0	330	330	330	8.07e-231	623.0
7a0b	7a0b_A	3rr4	3rr4__chain0	98.1	98.9	100.0	371	375	368	3.8e-266	716.0
7a1b	7a1b_A	4eor	4eor__chain0	32.9	90.2	98.0	304	327	294	4.81e-41	139.0
7a1z	7a1z_A	4eor	4eor__chain0	32.9	89.9	98.0	304	328	294	1.36e-40	137.0
7a22	7a22_A	4eor	4eor__chain0	32.9	89.9	98.0	304	328	294	4.929999999999999e-41	139.0
7a2a	7a2a_A	3mss	3mss__chain0	37.6	92.5	95.8	263	266	264	1.05e-56	176.0
7a2h	7a2h_A	4eor	4eor__chain0	32.9	90.8	98.0	304	325	294	6.41e-41	138.0
7a3v	7a3v_A	3rr4	3rr4__chain0	96.8	98.7	100.0	371	371	368	9.93e-261	702.0
7a3x	7a3x_A	3ge7	3ge7__chain0	98.1	99.7	100.0	360	360	359	5.930000000000001e-257	692.0
7a49	7a49_A	4eor	4eor__chain0	31.7	88.3	98.0	303	334	294	3.23e-39	134.0
7a4b	7a4b_B	4eor	4eor__chain0	31.7	88.9	98.0	303	332	294	1.57e-39	135.0
7a4c	7a4c_A	4eor	4eor__chain0	31.7	88.3	98.0	303	334	294	3.23e-39	134.0
7a4k	7a4k_A	3rr4	3rr4__chain0	98.1	97.1	100.0	371	382	368	3.55e-266	716.0
7a4o	7a4o_B	1pxn	1pxn__chain0	30.1	93.3	96.3	322	341	294	3.2e-34	121.0
7a4q	7a4q_A	4eor	4eor__chain0	31.7	90.2	98.0	303	327	294	1.95e-39	134.0
7a4w	7a4w_B	1pxn	1pxn__chain0	30.1	93.3	96.3	322	341	294	3.2e-34	121.0
7a55	7a55_B	1pxn	1pxn__chain0	30.1	93.3	96.3	322	341	294	3.2e-34	121.0
7a5b	7a5b_B	1pxn	1pxn__chain0	30.1	93.3	96.3	322	341	294	3.2e-34	121.0
7a5n	7a5n_B	1pxn	1pxn__chain0	30.9	95.8	96.3	320	330	294	6.8299999999999995e-34	120.0
7a6d	7a6d_A	3rr4	3rr4__chain0	96.5	98.7	100.0	372	372	368	9.900000000000001e-259	697.0
7a6v	7a6v_A	4jsz	4jsz__chain0	99.6	99.6	100.0	257	258	257	5.81e-199	536.0
7a7h	7a7h_A	3fur	3fur__chain0	98.4	98.1	99.2	255	257	256	5.41e-174	473.0
7a9e	7a9e_A	3rr4	3rr4__chain0	97.8	97.6	100.0	371	379	368	1.23e-263	710.0
7a9u	7a9u_AAA	3p5o	3p5o__chain0	100.0	100.0	100.0	127	127	127	1.07e-96	267.0
7aax	7aax_A	3pyy	3pyy__chain0	41.2	93.4	97.4	272	271	265	1.9e-67	204.0
7aay	7aay_A	3k5v	3k5v__chain0	42.1	93.8	91.3	273	273	286	7.46e-70	211.0
7aaz	7aaz_A	3k5v	3k5v__chain0	43.9	95.9	91.3	278	290	286	3.54e-75	225.0
7ab1	7ab1_A	3pyy	3pyy__chain0	41.2	93.7	97.4	272	270	265	1.84e-67	204.0
7ab2	7ab2_A	3pyy	3pyy__chain0	41.2	93.7	97.4	272	270	265	1.84e-67	204.0
7ac9	7ac9_H	2zda	2zda__chain1	100.0	99.6	100.0	251	252	251	1.7999999999999999e-199	537.0
7ack	7ack_B	4eor	4eor__chain1	100.0	99.6	100.0	257	258	257	4.23e-192	519.0
7adg	7adg_A	2v00	2v00__chain0	100.0	100.0	100.0	330	330	330	8.07e-231	623.0
7aei	7aei_A	3mss	3mss__chain0	39.2	83.5	95.8	265	315	264	2.7899999999999998e-61	190.0
7aem	7aem_A	3mss	3mss__chain0	39.2	84.3	95.8	265	312	264	2.54e-61	190.0
7ais	7ais_A	1e66	1e66__chain0	100.0	100.0	100.0	532	532	532	0.0	1108.0
7ait	7ait_A	1e66	1e66__chain0	100.0	100.0	100.0	532	532	532	0.0	1108.0
7aiu	7aiu_A	1e66	1e66__chain0	100.0	100.0	100.0	532	532	532	0.0	1108.0
7aiw	7aiw_B	1e66	1e66__chain0	100.0	100.0	100.0	532	532	532	0.0	1108.0
7aix	7aix_A	1e66	1e66__chain0	100.0	100.0	100.0	532	532	532	0.0	1108.0
7aiy	7aiy_A	1e66	1e66__chain0	53.5	100.0	99.1	527	527	532	4.02e-226	628.0
7ajn	7ajn_A	3p5o	3p5o__chain0	100.0	100.0	100.0	127	127	127	1.07e-96	267.0
7ajv	7ajv_B	1pxn	1pxn__chain0	30.1	95.5	96.3	322	333	294	1.93e-34	121.0
7ajy	7ajy_B	1pxn	1pxn__chain0	31.1	95.7	96.3	318	328	294	3.3699999999999998e-34	120.0
7ak2	7ak2_B	1pxn	1pxn__chain0	30.1	95.5	96.3	322	333	294	1.93e-34	121.0
7aka	7aka_A	1pxn	1pxn__chain0	30.2	95.5	96.3	325	333	294	7.289999999999999e-34	120.0
7akb	7akb_A	1pxn	1pxn__chain0	30.2	95.5	96.3	325	333	294	7.289999999999999e-34	120.0
7ake	7ake_A	1pxn	1pxn__chain0	30.2	95.2	96.3	321	333	294	1.03e-32	117.0
7akf	7akf_A	1pxn	1pxn__chain0	30.9	77.9	94.6	317	402	294	3.84e-37	130.0
7akg	7akg_A	3ag9	3ag9__chain0	30.6	81.9	73.0	242	293	319	3.17e-24	93.6
7akh	7akh_A	1pxn	1pxn__chain0	30.9	77.9	94.6	317	402	294	3.84e-37	130.0
7akm	7akm_A	2br1	2br1__chain0	98.5	100.0	98.2	270	270	272	7.589999999999999e-204	550.0
7ako	7ako_A	2br1	2br1__chain0	98.5	100.0	98.2	270	270	272	7.589999999999999e-204	550.0
7amz	7amz_A	1e66	1e66__chain0	53.3	100.0	99.1	527	527	532	1.63e-225	626.0
7aos	7aos_A	2pog	2pog__chain0	33.2	83.8	82.4	193	216	233	1.36e-24	90.9
7apf	7apf_B	4hge	4hge__chain0	61.6	97.2	97.6	279	285	286	4.92e-124	349.0
7apg	7apg_C	4hge	4hge__chain0	61.6	95.8	97.6	279	289	286	5.73e-124	349.0
7asj	7asj_A	4jsz	4jsz__chain0	99.6	99.6	100.0	257	258	257	5.81e-199	536.0
7atu	7atu_D	3mss	3mss__chain0	34.0	80.7	80.7	215	243	264	1.01e-30	108.0
7auv	7auv_A	3e92	3e92__chain0	48.4	97.7	95.4	341	347	349	1.25e-108	315.0
7avx	7avx_A	3k5v	3k5v__chain0	44.1	97.1	91.3	272	276	286	3.85e-76	227.0
7avy	7avy_A	3k5v	3k5v__chain0	42.4	96.3	91.3	276	270	286	2.3800000000000002e-70	212.0
7avz	7avz_A	3pyy	3pyy__chain0	41.5	93.7	97.4	270	268	265	8.58e-68	205.0
7aw0	7aw0_A	3pyy	3pyy__chain0	41.3	93.7	97.4	271	269	265	1.26e-67	204.0
7aw1	7aw1_A	3pyy	3pyy__chain0	41.5	93.7	97.4	270	268	265	8.58e-68	205.0
7aw2	7aw2_A	3k5v	3k5v__chain0	43.4	89.3	86.4	258	270	286	3.05e-68	207.0
7aw3	7aw3_A	3pyy	3pyy__chain0	41.3	93.7	97.4	271	269	265	1.26e-67	204.0
7aw4	7aw4_B	3pyy	3pyy__chain0	43.4	95.7	97.4	265	257	265	2.17e-73	219.0
7awc	7awc_A	2yfe	2yfe__chain0	98.1	98.9	99.6	268	271	264	5.51e-184	499.0
7ax4	7ax4_A	3k5v	3k5v__chain0	30.2	95.8	88.1	262	261	286	5.2e-27	99.8
7axr	7axr_A	3p5o	3p5o__chain0	100.0	100.0	100.0	127	127	127	1.07e-96	267.0
7axt	7axt_A	1q8t	1q8t__chain0	94.7	96.2	99.7	340	344	341	1.26e-238	644.0
7axv	7axv_A	1q8t	1q8t__chain0	95.3	96.2	99.7	340	346	341	1.12e-237	642.0
7axw	7axw_A	1q8t	1q8t__chain0	96.8	96.3	99.7	340	351	341	4.8600000000000005e-247	665.0
7ay9	7ay9_A	4eor	4eor__chain0	31.7	89.1	98.0	303	331	294	3.01e-39	134.0
7aya	7aya_B	4eor	4eor__chain0	32.2	89.0	98.0	301	326	294	2.53e-40	137.0
7ayh	7ayh_A	3myg	3myg__chain0	98.0	98.8	100.0	252	250	252	3.57e-183	496.0
7ayi	7ayi_A	3myg	3myg__chain0	98.0	98.0	100.0	252	252	252	5.5e-183	496.0
7aym	7aym_A	3k5v	3k5v__chain0	43.7	97.5	88.8	270	275	286	2.26e-69	210.0
7b1e	7b1e_A	3udh	3udh__chain0	98.7	99.7	96.7	381	377	394	1.01e-286	769.0
7b1p	7b1p_A	3udh	3udh__chain0	98.7	100.0	97.0	382	377	394	3.54e-287	770.0
7b1q	7b1q_A	3udh	3udh__chain0	98.2	99.7	97.0	382	379	394	2.5899999999999997e-285	766.0
7b1t	7b1t_A	3p5o	3p5o__chain0	100.0	100.0	100.0	127	127	127	1.07e-96	267.0
7b35	7b35_A	3myg	3myg__chain0	31.7	88.6	94.4	240	264	252	1.3e-36	124.0
7b36	7b36_C	3myg	3myg__chain0	32.7	86.9	93.3	245	267	252	7.150000000000001e-37	125.0
7b3q	7b3q_A	4twp	4twp__chain0	39.9	88.7	92.1	258	283	266	4.29e-61	188.0
7b3t	7b3t_A	4twp	4twp__chain0	39.6	90.4	92.1	250	261	266	1.3200000000000001e-59	184.0
7b3v	7b3v_A	4twp	4twp__chain0	39.9	89.1	92.1	258	274	266	5.09e-60	185.0
7b3w	7b3w_A	3mss	3mss__chain0	40.7	92.3	92.0	248	259	264	1.2999999999999999e-61	189.0
7b3z	7b3z_A	4twp	4twp__chain0	39.7	88.4	92.1	257	277	266	1.7699999999999998e-61	189.0
7b40	7b40_A	4twp	4twp__chain0	39.7	87.8	92.1	257	279	266	1.89e-61	189.0
7b41	7b41_A	4twp	4twp__chain0	39.7	87.9	92.1	257	281	266	2.8399999999999997e-61	189.0
7b42	7b42_A	4twp	4twp__chain0	39.7	88.5	92.1	257	279	266	2.66e-61	189.0
7b43	7b43_A	4twp	4twp__chain0	39.7	88.4	92.1	257	277	266	1.7699999999999998e-61	189.0
7b44	7b44_A	4twp	4twp__chain0	39.7	87.9	92.1	257	282	266	2.08e-61	189.0
7b56	7b56_B	2wtv	2wtv__chain0	34.3	87.8	97.3	268	303	264	1.16e-46	152.0
7b6f	7b6f_A	2fvd	2fvd__chain0	33.7	84.1	97.2	297	347	284	1.2e-50	164.0
7b7s	7b7s_B	4eor	4eor__chain1	100.0	100.0	98.8	254	254	257	1.4e-189	513.0
7b88	7b88_A	2p15	2p15__chain0	32.0	87.3	81.0	197	212	242	7.729999999999999e-24	89.0
7b8e	7b8e_A	1e66	1e66__chain0	100.0	100.0	100.0	532	532	532	0.0	1108.0
7b8w	7b8w_D	3mss	3mss__chain0	33.0	74.0	80.7	215	273	264	5.43e-32	112.0
7b9o	7b9o_A	2pog	2pog__chain0	32.4	91.9	84.1	204	209	233	3.21e-23	87.0
7baq	7baq_A	1q8t	1q8t__chain0	97.1	100.0	99.7	340	340	341	2.7899999999999996e-250	673.0
7bar	7bar_A	1q8t	1q8t__chain0	97.0	100.0	99.1	338	338	341	4.26e-249	670.0
7bb0	7bb0_A	1q8t	1q8t__chain0	95.9	96.3	99.7	340	349	341	6.1e-245	660.0
7bdo	7bdo_A	4f9w	4f9w__chain0	97.9	99.7	100.0	336	332	336	4.22e-244	657.0
7be4	7be4_A	4f9w	4f9w__chain0	97.6	99.7	100.0	336	331	336	2.74e-242	652.0
7be5	7be5_A	4f9w	4f9w__chain0	97.0	99.7	100.0	336	329	336	4.01e-239	644.0
7be6	7be6_A	3k5v	3k5v__chain0	39.1	95.7	89.2	289	302	286	4.47e-65	200.0
7bf7	7bf7_AAA	3ueu	3ueu__chain0	99.4	100.0	99.4	154	154	155	1.65e-111	307.0
7bf8	7bf8_AAA	3uew	3uew__chain0	99.4	99.4	99.4	155	156	156	4.54e-112	308.0
7bf9	7bf9_AAA	3uev	3uev__chain0	98.7	100.0	97.5	154	154	158	7.449999999999999e-111	305.0
7bfa	7bfa_AAA	4jsz	4jsz__chain0	99.6	99.6	100.0	257	258	257	5.81e-199	536.0
7bg5	7bg5_AAA	4jsz	4jsz__chain0	99.6	99.6	100.0	257	258	257	5.81e-199	536.0
7bhh	7bhh_A	4jsz	4jsz__chain0	99.6	99.6	100.0	257	258	257	5.81e-199	536.0
7bi5	7bi5_A	4jsz	4jsz__chain0	99.6	100.0	99.6	256	256	257	5.35e-199	536.0
7bjd	7bjd_A	2br1	2br1__chain0	95.5	100.0	97.4	265	263	272	2.69e-193	523.0
7bje	7bje_A	1nvq	1nvq__chain0	95.8	100.0	98.5	260	259	264	1.34e-190	516.0
7bjh	7bjh_A	1nvq	1nvq__chain0	95.8	100.0	98.9	261	260	264	3.43e-191	517.0
7bjj	7bjj_A	1nvq	1nvq__chain0	95.8	100.0	98.9	261	260	264	3.43e-191	517.0
7bjm	7bjm_A	1nvq	1nvq__chain0	95.0	100.0	98.1	259	256	264	1.89e-187	508.0
7bjo	7bjo_A	1nvq	1nvq__chain0	95.0	100.0	98.5	260	257	264	9.75e-188	508.0
7bjr	7bjr_A	1nvq	1nvq__chain0	95.4	100.0	98.1	259	257	264	8.349999999999999e-189	511.0
7bju	7bju_A	2qe4	2qe4__chain1	30.2	71.0	84.3	179	248	204	3.3700000000000004e-21	82.0
7bjv	7bjv_B	2qe4	2qe4__chain1	30.2	71.3	84.3	179	247	204	3.3e-21	82.0
7bjx	7bjx_A	1nvq	1nvq__chain0	95.7	100.0	97.0	256	255	264	2.58e-187	507.0
7bjy	7bjy_A	3p5o	3p5o__chain0	76.9	100.0	85.0	108	108	127	1.06e-64	186.0
7bk1	7bk1_A	1nvq	1nvq__chain0	95.3	100.0	97.3	257	257	264	5.88e-189	511.0
7bk2	7bk2_A	1nvq	1nvq__chain0	95.4	100.0	98.5	261	261	264	2.07e-190	515.0
7bk3	7bk3_A	1nvq	1nvq__chain0	95.4	100.0	98.5	261	261	264	2.07e-190	515.0
7bk4	7bk4_A	2qe4	2qe4__chain0	33.0	90.2	95.7	206	224	207	3.72e-24	89.4
7bkn	7bkn_A	1nvq	1nvq__chain0	99.6	100.0	97.7	259	259	264	1.2999999999999999e-197	533.0
7bko	7bko_A	1nvq	1nvq__chain0	99.6	100.0	97.7	259	259	264	1.2999999999999999e-197	533.0
7bku	7bku_A	2v00	2v00__chain0	100.0	100.0	100.0	330	330	330	8.07e-231	623.0
7bkv	7bkv_A	2v00	2v00__chain0	100.0	100.0	100.0	330	330	330	8.07e-231	623.0
7bkw	7bkw_A	2v00	2v00__chain0	100.0	100.0	100.0	330	330	330	8.07e-231	623.0
7bky	7bky_A	2v00	2v00__chain0	100.0	100.0	100.0	330	330	330	8.07e-231	623.0
7bm4	7bm4_A	4jsz	4jsz__chain0	34.5	93.5	95.7	261	276	257	2.65e-37	126.0
7bo3	7bo3_A	1e66	1e66__chain0	53.4	100.0	98.9	526	526	532	4.4799999999999995e-225	625.0
7bpy	7bpy_A	3b1m	3b1m__chain0	61.3	99.3	99.2	269	271	260	2.45e-119	336.0
7bpz	7bpz_C	3b1m	3b1m__chain0	63.3	100.0	98.5	259	259	260	7.69e-120	337.0
7bq0	7bq0_A	3b1m	3b1m__chain0	61.3	99.6	99.2	269	270	260	2.36e-119	336.0
7bq2	7bq2_A	3b1m	3b1m__chain0	62.1	100.0	98.8	264	259	260	8.45e-117	329.0
7bq3	7bq3_A	3b1m	3b1m__chain0	63.1	100.0	98.5	260	255	260	1.03e-116	328.0
7brv	7brv_A	1k1i	1k1i__chain0	100.0	100.0	100.0	223	223	223	4.94e-167	453.0
7brw	7brw_A	1k1i	1k1i__chain0	100.0	100.0	100.0	223	223	223	4.94e-167	453.0
7brx	7brx_A	1k1i	1k1i__chain0	100.0	100.0	100.0	223	223	223	4.94e-167	453.0
7bry	7bry_A	1k1i	1k1i__chain0	100.0	100.0	100.0	223	223	223	4.94e-167	453.0
7brz	7brz_A	1k1i	1k1i__chain0	100.0	100.0	100.0	223	223	223	4.94e-167	453.0
7bs2	7bs2_A	1k1i	1k1i__chain0	100.0	100.0	100.0	223	223	223	4.94e-167	453.0
7bs3	7bs3_A	1k1i	1k1i__chain0	100.0	100.0	100.0	223	223	223	4.94e-167	453.0
7bs5	7bs5_A	1k1i	1k1i__chain0	100.0	100.0	100.0	223	223	223	4.94e-167	453.0
7bs6	7bs6_A	1k1i	1k1i__chain0	100.0	100.0	100.0	223	223	223	4.94e-167	453.0
7bs7	7bs7_A	1k1i	1k1i__chain0	100.0	100.0	100.0	223	223	223	4.94e-167	453.0
7bs9	7bs9_A	1k1i	1k1i__chain0	100.0	100.0	100.0	223	223	223	4.94e-167	453.0
7bsa	7bsa_A	1k1i	1k1i__chain0	100.0	100.0	100.0	223	223	223	4.94e-167	453.0
7btt	7btt_A	3pyy	3pyy__chain0	39.9	91.4	99.2	278	304	265	1.28e-65	201.0
7bzm	7bzm_A	2j78	2j78__chain0	39.5	97.9	98.0	463	471	443	8.37e-120	352.0
7c04	7c04_A	2fxs	2fxs__chain0	46.4	89.2	94.4	207	223	213	1.6199999999999998e-54	167.0
7c05	7c05_A	2fxs	2fxs__chain0	39.0	39.3	94.4	205	435	213	3.4300000000000004e-37	129.0
7c2z	7c2z_A	3p5o	3p5o__chain0	100.0	100.0	98.4	125	125	127	5.73e-96	265.0
7c3n	7c3n_A	4gfm	4gfm__chain0	61.5	98.6	98.3	286	289	291	4.6400000000000007e-129	362.0
7c6p	7c6p_A	3p5o	3p5o__chain0	49.5	86.7	69.3	91	105	127	4.51e-25	85.5
7c6q	7c6q_A	3b1m	3b1m__chain0	62.5	100.0	99.2	264	264	260	2.3e-120	338.0
7c7b	7c7b_A	2fxs	2fxs__chain0	46.4	89.2	94.4	207	223	213	1.6199999999999998e-54	167.0
7c7c	7c7c_A	2fxs	2fxs__chain0	39.0	39.9	94.4	205	429	213	3.11e-37	129.0
7c7w	7c7w_A	2p4y	2p4y__chain0	31.7	80.5	74.6	186	231	244	1.2799999999999999e-23	89.0
7ccu	7ccu_A	2wtv	2wtv__chain0	31.7	98.2	97.3	271	276	264	2.1299999999999997e-42	140.0
7ccv	7ccv_A	2wtv	2wtv__chain0	31.7	98.2	97.3	271	274	264	8.54e-41	135.0
7ccw	7ccw_A	2wtv	2wtv__chain0	31.7	98.2	97.3	271	276	264	2.1299999999999997e-42	140.0
7ce4	7ce4_A	4j21	4j21__chain0	100.0	100.0	77.5	162	162	209	1.65e-123	340.0
7cfo	7cfo_B	2qe4	2qe4__chain0	33.3	84.0	82.1	177	206	207	5.11e-22	83.2
7cmb	7cmb_A	2br1	2br1__chain0	31.3	83.2	89.7	249	291	272	7.77e-26	97.1
7cp3	7cp3_A	2br1	2br1__chain0	31.3	83.4	89.7	249	290	272	7.62e-26	97.1
7cp4	7cp4_A	2br1	2br1__chain0	31.3	82.9	89.7	249	292	272	7.93e-26	97.1
7cqe	7cqe_A	3pyy	3pyy__chain0	43.9	92.9	92.1	253	253	265	8.24e-67	202.0
7d1v	7d1v_A	3b27	3b27__chain0	99.5	100.0	97.2	209	209	215	9.77e-148	403.0
7d22	7d22_A	3b27	3b27__chain0	98.6	100.0	97.2	209	207	215	1.4300000000000002e-144	395.0
7d24	7d24_A	3b27	3b27__chain0	99.5	100.0	97.2	209	209	215	9.77e-148	403.0
7d25	7d25_A	3b27	3b27__chain0	99.5	100.0	97.2	209	209	215	9.77e-148	403.0
7d26	7d26_A	3b27	3b27__chain0	99.5	100.0	97.2	209	209	215	9.77e-148	403.0
7d2v	7d2v_A	3udh	3udh__chain0	98.4	98.9	96.7	381	379	394	6.36e-286	767.0
7d2x	7d2x_A	3udh	3udh__chain0	97.9	99.5	96.7	381	375	394	4.9699999999999995e-282	757.0
7d36	7d36_A	3udh	3udh__chain0	98.4	99.2	96.7	381	378	394	6.1e-286	767.0
7d57	7d57_A	3k5v	3k5v__chain0	45.7	95.0	92.3	265	261	286	4.0000000000000005e-77	229.0
7d5a	7d5a_A	3rsx	3rsx__chain0	96.8	99.5	100.0	375	365	375	1.5900000000000002e-273	734.0
7d5b	7d5b_A	3rsx	3rsx__chain0	55.7	97.8	98.4	370	369	375	5.009999999999999e-150	422.0
7d5o	7d5o_A	3k5v	3k5v__chain0	43.8	94.5	92.3	265	254	286	7.740000000000001e-70	210.0
7d5u	7d5u_A	3rsx	3rsx__chain0	55.1	98.4	98.4	372	370	375	2.59e-150	423.0
7d6b	7d6b_A	2wbg	2wbg__chain0	39.4	98.7	98.4	470	475	443	4.45e-112	332.0
7d83	7d83_A	3ao4	3ao4__chain1	94.1	97.8	100.0	136	139	133	1.5699999999999999e-89	250.0
7d9o	7d9o_A	1gpk	1gpk__chain0	58.5	99.6	99.8	530	530	529	4.33e-240	663.0
7d9p	7d9p_A	1h23	1h23__chain0	58.7	99.6	99.8	528	528	528	1.17e-241	667.0
7d9q	7d9q_A	1h23	1h23__chain0	58.7	99.6	99.8	528	528	528	1.17e-241	667.0
7dcz	7dcz_A	3rsx	3rsx__chain0	99.2	99.2	100.0	377	379	375	5.99e-284	761.0
7dg4	7dg4_A	1pxn	1pxn__chain0	30.9	96.6	94.6	317	324	294	1.02e-37	130.0
7dh3	7dh3_A	1pxn	1pxn__chain0	30.9	96.0	94.6	317	326	294	7.64e-38	130.0
7dh9	7dh9_A	1pxn	1pxn__chain0	30.9	96.6	94.6	317	324	294	1.02e-37	130.0
7dhc	7dhc_A	1pxn	1pxn__chain0	30.9	96.6	94.6	317	324	294	1.02e-37	130.0
7dhh	7dhh_A	1pxn	1pxn__chain0	30.9	96.6	94.6	317	324	294	1.02e-37	130.0
7dhk	7dhk_A	1pxn	1pxn__chain0	30.9	96.6	94.6	317	324	294	1.02e-37	130.0
7dhl	7dhl_A	3k5v	3k5v__chain0	40.3	96.2	90.6	278	289	286	3.62e-69	210.0
7dhn	7dhn_A	1pxn	1pxn__chain0	30.9	96.6	94.6	317	324	294	1.02e-37	130.0
7dho	7dho_A	1pxn	1pxn__chain0	30.9	96.6	94.6	317	324	294	1.02e-37	130.0
7dhs	7dhs_A	3p5o	3p5o__chain0	100.0	95.3	96.9	123	129	127	2.27e-94	261.0
7dhv	7dhv_A	1pxn	1pxn__chain0	30.9	95.7	94.6	317	327	294	7.829999999999999e-38	130.0
7dii	7dii_B	3f3c	3f3c__chain0	98.2	99.8	98.2	500	492	509	0.0	957.0
7dix	7dix_A	3f3c	3f3c__chain0	99.0	99.8	98.4	501	497	509	0.0	964.0
7dj1	7dj1_B	3f3c	3f3c__chain0	97.6	99.8	98.4	501	491	509	0.0	946.0
7dj2	7dj2_B	3f3c	3f3c__chain0	97.8	99.8	98.6	502	495	509	0.0	957.0
7djc	7djc_A	3f3c	3f3c__chain0	96.8	99.8	98.6	502	489	509	0.0	936.0
7dji	7dji_B	3u8k	3u8k__chain0	100.0	99.5	98.1	205	206	209	6.48e-153	416.0
7djo	7djo_A	1pxn	1pxn__chain0	30.9	96.6	94.6	317	324	294	1.02e-37	130.0
7dl6	7dl6_A	1pxn	1pxn__chain0	30.9	96.6	94.6	317	324	294	1.02e-37	130.0
7dmc	7dmc_A	3b27	3b27__chain0	100.0	100.0	97.2	209	209	215	1.69e-148	405.0
7doo	7doo_A	4de2	4de2__chain0	60.0	96.2	96.2	250	260	260	4.4e-105	299.0
7doz	7doz_A	1g2k	1g2k__chain0	97.0	50.0	100.0	99	198	99	2.34e-69	200.0
7dpn	7dpn_C	3p5o	3p5o__chain0	81.1	100.0	83.5	106	106	127	2.49e-67	192.0
7dpo	7dpo_A	3p5o	3p5o__chain0	46.5	88.3	75.6	99	111	127	4.9200000000000004e-26	88.2
7dt9	7dt9_A	1g2k	1g2k__chain0	97.0	50.0	100.0	99	198	99	2.34e-69	200.0
7du8	7du8_B	3k5v	3k5v__chain0	41.0	93.9	91.6	271	279	286	4.5700000000000003e-70	212.0
7du9	7du9_B	3k5v	3k5v__chain0	41.1	94.1	91.6	270	273	286	2.1099999999999998e-69	210.0
7dua	7dua_B	3k5v	3k5v__chain0	41.1	93.8	91.6	270	274	286	2.1799999999999998e-69	210.0
7dxl	7dxl_A	3k5v	3k5v__chain0	42.5	95.8	91.3	268	261	286	3.82e-72	216.0
7e0a	7e0a_A	2yfe	2yfe__chain0	98.5	100.0	100.0	267	267	264	8.100000000000001e-185	501.0
7e0z	7e0z_A	1q8t	1q8t__chain0	97.0	100.0	99.1	338	337	341	2.27e-246	663.0
7e11	7e11_A	1q8t	1q8t__chain0	97.0	100.0	99.1	338	337	341	2.27e-246	663.0
7e12	7e12_A	1ydr	1ydr__chain0	97.0	100.0	99.1	333	333	336	1.87e-245	660.0
7e2e	7e2e_A	2qe4	2qe4__chain0	34.5	89.4	96.6	200	216	207	7.83e-30	103.0
7e3h	7e3h_A	1h23	1h23__chain0	58.7	99.6	99.8	528	527	528	3.73e-240	663.0
7e5f	7e5f_A	3b1m	3b1m__chain0	61.0	100.0	99.2	269	264	260	2.06e-116	328.0
7e5g	7e5g_A	3b1m	3b1m__chain0	61.0	100.0	99.2	269	265	260	2.14e-116	328.0
7e5h	7e5h_A	3b1m	3b1m__chain0	61.0	100.0	99.2	269	264	260	2.06e-116	328.0
7e5i	7e5i_A	3b1m	3b1m__chain0	61.0	100.0	99.2	269	265	260	2.14e-116	328.0
7efq	7efq_A	2yfe	2yfe__chain0	99.2	100.0	97.3	257	256	264	6.5e-179	486.0
7ehw	7ehw_A	3p5o	3p5o__chain0	100.0	100.0	98.4	125	125	127	5.73e-96	265.0
7ehy	7ehy_A	3p5o	3p5o__chain0	100.0	100.0	98.4	125	125	127	5.73e-96	265.0
7eik	7eik_A	3p5o	3p5o__chain0	100.0	100.0	98.4	125	125	127	5.73e-96	265.0
7eil	7eil_A	3p5o	3p5o__chain0	100.0	100.0	98.4	125	125	127	5.73e-96	265.0
7ejv	7ejv_A	1pxn	1pxn__chain0	30.9	81.3	95.2	317	385	294	1.02e-37	131.0
7enz	7enz_A	3p5o	3p5o__chain0	44.0	95.7	90.6	116	115	127	3.79e-29	96.3
7eo5	7eo5_A	3p5o	3p5o__chain0	44.0	95.7	90.6	116	115	127	3.79e-29	96.3
7er2	7er2_A	3mss	3mss__chain0	38.9	87.0	95.8	262	292	264	6.059999999999999e-60	186.0
7exp	7exp_A	2yki	2yki__chain0	48.5	34.1	96.1	202	574	207	1.37e-53	175.0
7f1d	7f1d_A	3udh	3udh__chain0	98.7	99.2	96.7	381	379	394	1.1e-286	769.0
7f1g	7f1g_A	3rsx	3rsx__chain0	55.3	97.8	98.4	369	362	375	1.0299999999999999e-147	416.0
7f3g	7f3g_A	3ag9	3ag9__chain0	35.9	92.7	78.4	262	273	319	7.02e-47	153.0
7f3m	7f3m_A	3k5v	3k5v__chain0	40.6	94.6	90.6	283	298	286	1.75e-66	203.0
7f3o	7f3o_A	2al5	2al5__chain0	99.6	98.9	100.0	260	263	260	4.95e-193	522.0
7f5c	7f5c_A	3p5o	3p5o__chain0	41.1	86.1	74.8	95	108	127	1.6299999999999997e-23	81.6
7f5d	7f5d_A	3p5o	3p5o__chain0	41.1	86.1	74.8	95	108	127	1.6299999999999997e-23	81.6
7f5e	7f5e_A	3p5o	3p5o__chain0	41.1	86.1	74.8	95	108	127	1.6299999999999997e-23	81.6
7f80	7f80_A	3u9q	3u9q__chain0	64.3	98.8	99.2	258	255	257	5.64e-118	332.0
7fcz	7fcz_B	4rfm	4rfm__chain0	33.1	87.1	87.6	239	263	249	2.85e-33	115.0
7fd0	7fd0_B	4m0y	4m0y__chain0	33.2	89.5	88.2	244	257	263	4.69e-33	115.0
7fd6	7fd6_A	3arp	3arp__chain0	51.7	98.9	98.6	574	538	574	4.68e-191	541.0
7feh	7feh_A	3k5v	3k5v__chain0	39.9	96.6	89.2	283	293	286	1.49e-66	203.0
7fh2	7fh2_C	3p5o	3p5o__chain0	100.0	100.0	83.5	106	106	127	1.63e-81	228.0
7fqv	7fqv_A	1bzc	1bzc__chain0	98.6	100.0	94.6	281	281	297	1.6099999999999998e-207	561.0
7fqx	7fqx_A	1bzc	1bzc__chain0	98.6	100.0	94.6	281	281	297	1.6099999999999998e-207	561.0
7frh	7frh_A	1bzc	1bzc__chain0	98.6	100.0	94.6	281	281	297	1.6099999999999998e-207	561.0
7gt2	7gt2_A	1bzc	1bzc__chain0	98.6	99.6	95.3	283	284	297	5.440000000000001e-209	565.0
7jhd	7jhd_B	2qe4	2qe4__chain0	98.1	92.4	99.5	206	223	207	6.87e-143	391.0
7jkw	7jkw_A	3p5o	3p5o__chain0	100.0	98.4	98.4	125	127	127	2.5399999999999998e-95	264.0
7jkx	7jkx_A	3p5o	3p5o__chain0	100.0	98.4	98.4	125	127	127	2.5399999999999998e-95	264.0
7jky	7jky_A	3p5o	3p5o__chain0	100.0	98.4	98.4	125	127	127	2.5399999999999998e-95	264.0
7jkz	7jkz_A	3p5o	3p5o__chain0	46.5	89.2	75.6	99	111	127	4.9200000000000004e-26	88.2
7jnr	7jnr_A	4jsz	4jsz__chain0	99.6	100.0	100.0	257	257	257	3.93e-199	537.0
7jnt	7jnt_C	1q8t	1q8t__chain0	35.0	81.9	90.9	317	386	341	3.0499999999999997e-69	215.0
7jnv	7jnv_A	4jsz	4jsz__chain0	99.6	100.0	100.0	257	257	257	3.93e-199	537.0
7jnw	7jnw_A	4jsz	4jsz__chain0	99.6	100.0	100.0	257	257	257	3.93e-199	537.0
7jnx	7jnx_A	4jsz	4jsz__chain0	99.6	100.0	100.0	257	257	257	3.93e-199	537.0
7jnz	7jnz_A	4jsz	4jsz__chain0	99.6	100.0	100.0	257	257	257	3.93e-199	537.0
7jo0	7jo0_A	4jsz	4jsz__chain0	96.9	100.0	100.0	257	257	257	4.2300000000000005e-194	524.0
7jo1	7jo1_A	4jsz	4jsz__chain0	96.9	100.0	100.0	257	257	257	4.2300000000000005e-194	524.0
7jo2	7jo2_A	4jsz	4jsz__chain0	96.9	100.0	100.0	257	257	257	4.2300000000000005e-194	524.0
7jo3	7jo3_A	4jsz	4jsz__chain0	96.9	100.0	100.0	257	257	257	4.2300000000000005e-194	524.0
7job	7job_A	4jsz	4jsz__chain0	96.9	100.0	100.0	257	257	257	4.2300000000000005e-194	524.0
7joc	7joc_A	4jsz	4jsz__chain0	96.9	100.0	100.0	257	257	257	4.2300000000000005e-194	524.0
7jou	7jou_A	1q8t	1q8t__chain0	36.6	76.3	86.2	303	388	341	1.7e-65	206.0
7jov	7jov_E	1q8t	1q8t__chain0	34.9	82.3	90.6	321	385	341	3.97e-66	207.0
7ju5	7ju5_A	3k5v	3k5v__chain0	41.4	92.7	91.6	273	287	286	2.99e-70	213.0
7ju6	7ju6_A	3k5v	3k5v__chain0	39.9	97.6	91.6	281	288	286	2.73e-71	215.0
7juo	7juo_A	3p5o	3p5o__chain0	33.3	90.3	79.5	102	113	127	5.05e-18	67.8
7jwx	7jwx_A	1k1i	1k1i__chain0	100.0	100.0	100.0	223	223	223	4.94e-167	453.0
7jxh	7jxh_H	3pyy	3pyy__chain0	40.7	92.6	96.6	263	282	265	2.02e-61	189.0
7jxk	7jxk_C	3mss	3mss__chain0	38.1	85.6	95.8	265	292	264	1.5200000000000002e-57	179.0
7jxm	7jxm_C	3mss	3mss__chain0	38.8	86.0	95.8	260	285	264	3.06e-58	181.0
7jxp	7jxp_A	3mss	3mss__chain0	39.3	86.0	95.8	267	308	264	3.17e-61	189.0
7jxq	7jxq_B	3mss	3mss__chain0	38.9	85.9	95.8	265	297	264	1.26e-60	187.0
7jxw	7jxw_C	3mss	3mss__chain0	38.1	85.3	95.8	265	293	264	1.56e-57	179.0
7jy4	7jy4_A	3mss	3mss__chain0	40.0	92.4	98.1	275	290	264	2e-63	194.0
7jyr	7jyr_A	3mss	3mss__chain0	41.0	92.0	98.1	271	287	264	1.14e-64	197.0
7jys	7jys_A	4rfm	4rfm__chain0	41.9	80.8	85.1	227	281	249	7.77e-57	177.0
7jyt	7jyt_A	4rfm	4rfm__chain0	41.9	80.8	85.1	227	281	249	7.77e-57	177.0
7k0v	7k0v_B	3k5v	3k5v__chain0	31.5	99.6	93.0	276	264	286	9.73e-38	128.0
7k1h	7k1h_D	3mss	3mss__chain0	38.1	85.6	95.8	265	292	264	1.07e-57	180.0
7k1i	7k1i_A	3mss	3mss__chain0	37.7	85.1	95.8	265	288	264	1.6699999999999998e-55	174.0
7k41	7k41_A	2w66	2w66__chain0	99.7	99.7	91.2	590	590	647	0.0	1200.0
7k6g	7k6g_A	3p5o	3p5o__chain0	100.0	100.0	100.0	127	127	127	1.07e-96	267.0
7k6h	7k6h_A	3p5o	3p5o__chain0	100.0	100.0	100.0	127	127	127	1.07e-96	267.0
7k6i	7k6i_A	4jsz	4jsz__chain0	99.6	100.0	100.0	257	257	257	3.93e-199	537.0
7k6j	7k6j_A	4jsz	4jsz__chain0	99.6	100.0	100.0	257	257	257	3.93e-199	537.0
7k6l	7k6l_A	4jsz	4jsz__chain0	99.6	100.0	100.0	257	257	257	3.93e-199	537.0
7k6t	7k6t_A	4jsz	4jsz__chain0	96.9	100.0	100.0	257	257	257	4.2300000000000005e-194	524.0
7k6u	7k6u_A	4jsz	4jsz__chain0	96.9	100.0	100.0	257	257	257	4.2300000000000005e-194	524.0
7k6x	7k6x_A	4jsz	4jsz__chain0	96.9	100.0	100.0	257	257	257	4.2300000000000005e-194	524.0
7k6z	7k6z_A	4jsz	4jsz__chain0	96.9	100.0	100.0	257	257	257	4.2300000000000005e-194	524.0
7k7l	7k7l_A	3ag9	3ag9__chain0	34.5	50.3	94.4	313	616	319	4.72e-54	181.0
7k7q	7k7q_B	3pyy	3pyy__chain0	30.2	96.0	94.0	255	251	265	1.43e-27	100.0
7k7z	7k7z_A	3ag9	3ag9__chain0	34.5	50.9	97.2	322	625	319	1.4499999999999998e-54	182.0
7k8e	7k8e_A	4de2	4de2__chain0	45.2	97.0	97.3	259	265	260	4.86e-65	197.0
7k8f	7k8f_A	4de2	4de2__chain0	45.2	97.0	97.3	259	265	260	4.86e-65	197.0
7k8h	7k8h_A	4de2	4de2__chain0	45.2	97.0	97.3	259	265	260	4.86e-65	197.0
7k8k	7k8k_A	4de2	4de2__chain0	45.2	97.0	97.3	259	265	260	4.86e-65	197.0
7k9s	7k9s_B	2yki	2yki__chain0	78.2	98.1	99.0	206	210	207	1.72e-112	314.0
7k9u	7k9u_A	2yki	2yki__chain0	78.2	97.6	97.1	202	207	207	8.430000000000001e-110	307.0
7k9v	7k9v_B	2yki	2yki__chain0	78.1	98.0	96.6	201	205	207	6.39e-109	305.0
7k9w	7k9w_B	2yki	2yki__chain0	78.2	98.1	99.0	206	210	207	1.72e-112	314.0
7kbs	7kbs_A	1qkt	1qkt__chain0	98.8	100.0	98.4	244	242	248	3.51e-171	465.0
7kdw	7kdw_A	3p5o	3p5o__chain0	41.1	82.3	74.8	95	113	127	1.9499999999999997e-23	81.6
7kdz	7kdz_A	3p5o	3p5o__chain0	41.1	88.6	74.8	95	105	127	2.07e-23	81.3
7ke0	7ke0_A	3ao4	3ao4__chain1	95.5	100.0	100.0	133	132	133	7.119999999999999e-91	253.0
7khg	7khg_A	3pyy	3pyy__chain0	36.8	90.5	100.0	296	327	265	2.1e-64	198.0
7khj	7khj_A	3pyy	3pyy__chain0	39.1	95.8	100.0	279	288	265	1.93e-63	194.0
7khl	7khl_A	3p5o	3p5o__chain0	100.0	98.4	97.6	124	126	127	9.92e-95	262.0
7kja	7kja_B	3qgy	3qgy__chain0	41.7	70.2	98.8	247	349	245	3.11e-61	190.0
7kjc	7kjc_B	3qgy	3qgy__chain0	41.9	69.7	98.8	246	350	245	5.73e-62	192.0
7kjs	7kjs_A	2xnb	2xnb__chain0	99.3	100.0	99.7	297	297	296	9.38e-220	592.0
7kkn	7kkn_B	4kzq	4kzq__chain1	91.5	22.4	100.0	47	210	47	1.0100000000000001e-27	93.6
7kko	7kko_A	4kzq	4kzq__chain1	91.5	22.4	100.0	47	210	47	1.0100000000000001e-27	93.6
7kkp	7kkp_A	4kzq	4kzq__chain0	88.8	78.4	99.4	160	204	161	5.08e-109	303.0
7kkq	7kkq_B	4kzq	4kzq__chain1	91.3	22.7	97.9	46	203	47	4.6800000000000005e-27	91.7
7kl0	7kl0_A	2wtv	2wtv__chain0	34.5	97.8	95.8	264	268	264	2.31e-46	150.0
7klx	7klx_A	1bzc	1bzc__chain0	99.3	100.0	93.6	278	278	297	4.2600000000000004e-209	565.0
7ko0	7ko0_A	3p5o	3p5o__chain0	46.5	89.2	75.6	99	111	127	4.9200000000000004e-26	88.2
7kot	7kot_A	3uev	3uev__chain0	99.4	100.0	99.4	157	157	158	4.34e-113	311.0
7kp5	7kp5_AA1	3nq9	3nq9__chain0	100.0	100.0	100.0	162	162	162	4.6700000000000006e-117	322.0
7kp6	7kp6_A	3k5v	3k5v__chain0	42.1	93.3	86.7	254	268	286	6.570000000000001e-64	196.0
7kpy	7kpy_A	3p5o	3p5o__chain0	33.3	88.7	79.5	102	115	127	7.61e-18	67.4
7ksi	7ksi_A	3e93	3e93__chain0	47.6	99.1	97.1	349	346	347	6.78e-105	305.0
7ksj	7ksj_A	3e93	3e93__chain0	47.6	99.1	97.1	349	346	347	6.78e-105	305.0
7ksk	7ksk_A	3e93	3e93__chain0	47.1	99.1	97.1	348	334	347	3.18e-97	285.0
7kx6	7kx6_A	3ag9	3ag9__chain0	35.7	96.5	79.3	263	258	319	9.579999999999999e-46	149.0
7kx8	7kx8_B	3ag9	3ag9__chain0	35.7	96.4	79.3	258	251	319	2.33e-44	145.0
7kxl	7kxl_A	4m0y	4m0y__chain0	58.5	97.4	98.9	260	267	263	2.21e-117	331.0
7kxm	7kxm_A	4m0y	4m0y__chain0	58.5	95.9	98.9	260	271	263	2.5800000000000003e-117	331.0
7kxn	7kxn_A	4m0y	4m0y__chain0	58.5	97.7	98.9	260	266	263	3.02e-117	330.0
7kxo	7kxo_A	4m0y	4m0y__chain0	58.5	98.1	98.9	260	265	263	2.91e-117	330.0
7kxp	7kxp_A	4m0y	4m0y__chain0	58.5	95.9	98.9	260	271	263	2.5800000000000003e-117	331.0
7kxq	7kxq_A	4m0y	4m0y__chain0	58.5	96.3	98.9	260	270	263	1.7500000000000003e-117	331.0
7kxw	7kxw_B	3ag9	3ag9__chain0	35.9	96.5	79.3	262	259	319	1.39e-45	149.0
7kxz	7kxz_A	3pyy	3pyy__chain0	39.5	87.3	96.6	263	299	265	7.77e-63	193.0
7ky0	7ky0_B	3pyy	3pyy__chain0	38.5	86.0	96.6	260	285	265	1.77e-60	187.0
7l1x	7l1x_A	4eor	4eor__chain0	31.7	89.9	98.0	303	328	294	3.91e-39	134.0
7l23	7l23_A	3ao4	3ao4__chain0	94.2	100.0	99.3	138	137	139	9.519999999999999e-94	261.0
7l2y	7l2y_AAA	3ao4	3ao4__chain0	93.5	100.0	100.0	139	139	139	1.08e-95	266.0
7l5o	7l5o_A	4m0y	4m0y__chain0	57.3	96.3	98.9	260	267	263	1.14e-112	319.0
7l6d	7l6d_A	3p5o	3p5o__chain0	42.6	98.2	83.5	108	110	127	2.55e-28	94.0
7l72	7l72_A	3p5o	3p5o__chain0	38.9	95.6	83.5	108	113	127	1.06e-25	87.4
7l73	7l73_A	3p5o	3p5o__chain0	76.9	96.4	85.0	108	112	127	1.24e-64	186.0
7l99	7l99_A	3p5o	3p5o__chain0	40.0	97.3	85.0	110	113	127	8.1e-28	92.8
7l9a	7l9a_B	3p5o	3p5o__chain0	40.0	96.5	85.0	110	114	127	8.4e-28	92.8
7l9g	7l9g_A	3p5o	3p5o__chain0	42.6	98.2	83.5	108	110	127	2.55e-28	94.0
7l9j	7l9j_A	3p5o	3p5o__chain0	42.6	98.2	83.5	108	110	127	2.55e-28	94.0
7l9k	7l9k_A	3p5o	3p5o__chain0	47.5	88.4	75.6	99	112	127	3.89e-28	93.6
7l9l	7l9l_A	3p5o	3p5o__chain0	38.9	95.6	83.5	108	113	127	1.06e-25	87.4
7lah	7lah_A	3p5o	3p5o__chain0	80.2	91.7	87.4	111	121	127	3.38e-69	197.0
7lai	7lai_A	3p5o	3p5o__chain0	80.2	92.5	87.4	111	120	127	3.24e-69	197.0
7laj	7laj_A	3p5o	3p5o__chain0	80.2	91.0	87.4	111	122	127	3.52e-69	197.0
7lak	7lak_A	3p5o	3p5o__chain0	80.2	92.5	87.4	111	120	127	3.24e-69	197.0
7lau	7lau_A	3p5o	3p5o__chain0	80.6	100.0	85.0	108	108	127	4.6799999999999996e-68	194.0
7lay	7lay_B	3p5o	3p5o__chain0	82.0	99.1	87.4	111	112	127	9.93e-71	201.0
7laz	7laz_A	3p5o	3p5o__chain0	81.2	99.2	92.1	117	118	127	1.96e-74	211.0
7lb4	7lb4_A	3p5o	3p5o__chain0	38.9	100.0	83.5	108	108	127	8.84e-26	87.4
7lbt	7lbt_B	3p5o	3p5o__chain0	38.9	99.1	83.5	108	109	127	9.17e-26	87.4
7ldy	7ldy_B	1eby	1eby__chain0	99.0	100.0	100.0	99	99	99	3.48e-73	206.0
7ldz	7ldz_B	1eby	1eby__chain0	99.0	100.0	100.0	99	99	99	3.48e-73	206.0
7le0	7le0_B	1eby	1eby__chain0	99.0	100.0	100.0	99	99	99	3.48e-73	206.0
7le1	7le1_B	1eby	1eby__chain0	99.0	100.0	100.0	99	99	99	3.48e-73	206.0
7le2	7le2_B	1eby	1eby__chain0	99.0	100.0	100.0	99	99	99	3.48e-73	206.0
7le3	7le3_B	1eby	1eby__chain0	99.0	100.0	100.0	99	99	99	3.48e-73	206.0
7le4	7le4_B	1eby	1eby__chain0	99.0	100.0	100.0	99	99	99	3.48e-73	206.0
7le5	7le5_B	1eby	1eby__chain0	99.0	100.0	100.0	99	99	99	3.48e-73	206.0
7le6	7le6_B	1eby	1eby__chain0	99.0	100.0	100.0	99	99	99	3.48e-73	206.0
7le7	7le7_B	1eby	1eby__chain0	99.0	100.0	100.0	99	99	99	3.48e-73	206.0
7le8	7le8_A	1eby	1eby__chain0	99.0	100.0	100.0	99	99	99	3.48e-73	206.0
7le9	7le9_A	1eby	1eby__chain0	99.0	100.0	100.0	99	99	99	3.48e-73	206.0
7lea	7lea_B	1eby	1eby__chain0	99.0	100.0	100.0	99	99	99	3.48e-73	206.0
7leb	7leb_B	1eby	1eby__chain0	99.0	100.0	100.0	99	99	99	3.48e-73	206.0
7lec	7lec_B	1eby	1eby__chain0	99.0	100.0	100.0	99	99	99	3.48e-73	206.0
7lej	7lej_A	3p5o	3p5o__chain0	39.8	89.3	83.5	108	121	127	4.3500000000000006e-27	91.3
7lek	7lek_A	3p5o	3p5o__chain0	39.8	96.4	83.5	108	112	127	3.1500000000000004e-27	91.3
7lel	7lel_A	3p5o	3p5o__chain0	39.8	94.7	83.5	108	114	127	3.3800000000000006e-27	91.3
7lem	7lem_A	3p5o	3p5o__chain0	76.9	100.0	85.0	108	108	127	1.06e-64	186.0
7lg8	7lg8_C	3mss	3mss__chain0	38.1	91.2	95.8	265	274	264	8.570000000000001e-58	179.0
7lh8	7lh8_A	3p5o	3p5o__chain0	100.0	100.0	97.6	124	124	127	3.18e-95	263.0
7ll4	7ll4_A	4jia	4jia__chain0	99.3	99.0	98.0	294	297	300	2.0500000000000002e-224	604.0
7ll5	7ll5_A	4jia	4jia__chain0	98.6	100.0	97.7	293	291	300	6.01e-220	593.0
7llb	7llb_A	4de2	4de2__chain0	53.1	98.5	99.6	260	264	260	6.6e-91	263.0
7lnl	7lnl_A	4de2	4de2__chain0	53.1	98.5	99.6	260	264	260	6.6e-91	263.0
7lot	7lot_A	3b1m	3b1m__chain0	100.0	100.0	98.8	257	257	260	3.68e-182	494.0
7lp0	7lp0_A	3p5o	3p5o__chain0	41.1	83.8	74.8	95	111	127	1.81e-23	81.6
7lqj	7lqj_A	3f3c	3f3c__chain0	99.8	100.0	99.4	506	506	509	0.0	997.0
7lqk	7lqk_A	3f3c	3f3c__chain0	99.6	100.0	99.4	506	506	509	0.0	994.0
7lql	7lql_A	3f3c	3f3c__chain0	99.2	99.8	98.4	501	502	509	0.0	976.0
7lr9	7lr9_A	4de2	4de2__chain0	53.1	98.5	99.6	260	264	260	6.6e-91	263.0
7lsz	7lsz_A	3b27	3b27__chain0	100.0	100.0	96.7	208	208	215	3.27e-148	404.0
7lt0	7lt0_A	3b27	3b27__chain0	100.0	100.0	96.7	208	208	215	3.27e-148	404.0
7ltx	7ltx_B	3mss	3mss__chain0	38.1	85.3	95.8	265	293	264	1.56e-57	179.0
7lty	7lty_A	4rfm	4rfm__chain0	57.8	95.7	96.8	244	255	249	7.17e-105	298.0
7ltz	7ltz_A	4m0y	4m0y__chain0	58.5	98.1	98.9	260	265	263	2.91e-117	330.0
7lv3	7lv3_B	1q8t	1q8t__chain0	45.6	50.2	85.9	298	594	341	1.92e-87	269.0
7m0t	7m0t_A	4hge	4hge__chain0	30.5	93.1	93.7	282	274	286	3.59e-28	103.0
7m0u	7m0u_A	4hge	4hge__chain0	30.5	93.1	93.7	282	274	286	1.8499999999999999e-28	103.0
7m0v	7m0v_A	4hge	4hge__chain0	30.5	93.1	93.7	282	274	286	1.8499999999999999e-28	103.0
7m0w	7m0w_A	4hge	4hge__chain0	30.5	93.1	93.7	282	274	286	3.59e-28	103.0
7m0x	7m0x_A	4hge	4hge__chain0	30.5	92.4	93.7	282	276	286	1.94e-28	103.0
7m0y	7m0y_A	4hge	4hge__chain0	30.5	92.7	93.7	282	275	286	3.67e-28	103.0
7m0z	7m0z_A	4hge	4hge__chain0	30.5	93.4	93.7	282	273	286	3.51e-28	103.0
7m16	7m16_A	3p5o	3p5o__chain0	100.0	100.0	96.9	123	123	127	1.7699999999999998e-94	261.0
7m23	7m23_A	4jsz	4jsz__chain0	99.6	99.6	100.0	257	258	257	5.81e-199	536.0
7m24	7m24_A	4jsz	4jsz__chain0	99.6	99.6	100.0	257	258	257	5.81e-199	536.0
7m26	7m26_A	4jsz	4jsz__chain0	99.6	99.6	100.0	257	258	257	5.81e-199	536.0
7m2f	7m2f_A	2fvd	2fvd__chain0	96.9	100.0	100.0	286	281	284	1.12e-204	553.0
7m5z	7m5z_B	3k5v	3k5v__chain0	42.6	95.8	91.3	272	264	286	6.82e-71	213.0
7m9g	7m9g_B	1eby	1eby__chain0	98.0	100.0	100.0	99	99	99	4.9500000000000004e-73	205.0
7m9h	7m9h_B	1eby	1eby__chain0	98.0	100.0	100.0	99	99	99	4.9500000000000004e-73	205.0
7m9i	7m9i_B	1eby	1eby__chain0	98.0	100.0	100.0	99	99	99	4.9500000000000004e-73	205.0
7m9j	7m9j_B	1eby	1eby__chain0	99.0	100.0	100.0	99	99	99	3.48e-73	206.0
7m9k	7m9k_B	1eby	1eby__chain0	99.0	100.0	100.0	99	99	99	3.48e-73	206.0
7m9n	7m9n_B	1eby	1eby__chain0	98.0	100.0	100.0	99	99	99	4.9500000000000004e-73	205.0
7m9o	7m9o_B	1eby	1eby__chain0	98.0	100.0	100.0	99	99	99	4.9500000000000004e-73	205.0
7m9q	7m9q_B	1eby	1eby__chain0	99.0	100.0	100.0	99	99	99	3.48e-73	206.0
7m9r	7m9r_B	1eby	1eby__chain0	99.0	100.0	100.0	99	99	99	3.48e-73	206.0
7m9s	7m9s_B	1eby	1eby__chain0	99.0	100.0	100.0	99	99	99	3.48e-73	206.0
7m9t	7m9t_B	1eby	1eby__chain0	99.0	100.0	100.0	99	99	99	3.48e-73	206.0
7m9u	7m9u_B	1eby	1eby__chain0	99.0	100.0	100.0	99	99	99	3.48e-73	206.0
7m9v	7m9v_B	1eby	1eby__chain0	98.0	100.0	100.0	99	99	99	4.9500000000000004e-73	205.0
7m9w	7m9w_B	1eby	1eby__chain0	98.0	100.0	100.0	99	99	99	4.9500000000000004e-73	205.0
7m9x	7m9x_B	1eby	1eby__chain0	98.0	100.0	100.0	99	99	99	4.9500000000000004e-73	205.0
7m9z	7m9z_B	1eby	1eby__chain0	98.0	100.0	100.0	99	99	99	4.9500000000000004e-73	205.0
7ma0	7ma0_B	1eby	1eby__chain0	98.0	100.0	100.0	99	99	99	4.9500000000000004e-73	205.0
7ma1	7ma1_B	1eby	1eby__chain0	98.0	100.0	100.0	99	99	99	4.9500000000000004e-73	205.0
7ma2	7ma2_B	1eby	1eby__chain0	98.0	100.0	100.0	99	99	99	4.9500000000000004e-73	205.0
7ma3	7ma3_B	1eby	1eby__chain0	98.0	100.0	100.0	99	99	99	4.9500000000000004e-73	205.0
7ma4	7ma4_B	1eby	1eby__chain0	98.0	100.0	100.0	99	99	99	4.9500000000000004e-73	205.0
7ma5	7ma5_B	1eby	1eby__chain0	98.0	100.0	100.0	99	99	99	4.9500000000000004e-73	205.0
7ma6	7ma6_B	1eby	1eby__chain0	98.0	100.0	100.0	99	99	99	4.9500000000000004e-73	205.0
7ma7	7ma7_B	1eby	1eby__chain0	98.0	100.0	100.0	99	99	99	4.9500000000000004e-73	205.0
7ma8	7ma8_B	1eby	1eby__chain0	98.0	100.0	100.0	99	99	99	4.9500000000000004e-73	205.0
7ma9	7ma9_B	1eby	1eby__chain0	98.0	100.0	100.0	99	99	99	4.9500000000000004e-73	205.0
7maa	7maa_B	1eby	1eby__chain0	98.0	100.0	100.0	99	99	99	4.9500000000000004e-73	205.0
7mab	7mab_B	1eby	1eby__chain0	98.0	100.0	100.0	99	99	99	4.9500000000000004e-73	205.0
7mac	7mac_A	1eby	1eby__chain0	98.0	100.0	100.0	99	99	99	4.9500000000000004e-73	205.0
7mad	7mad_A	1eby	1eby__chain0	98.0	100.0	100.0	99	99	99	4.9500000000000004e-73	205.0
7mae	7mae_B	1eby	1eby__chain0	98.0	100.0	100.0	99	99	99	4.9500000000000004e-73	205.0
7maf	7maf_B	1eby	1eby__chain0	98.0	100.0	100.0	99	99	99	4.9500000000000004e-73	205.0
7mag	7mag_B	1eby	1eby__chain0	98.0	100.0	100.0	99	99	99	4.9500000000000004e-73	205.0
7maj	7maj_B	1eby	1eby__chain0	98.0	100.0	100.0	99	99	99	4.9500000000000004e-73	205.0
7map	7map_A	1eby	1eby__chain0	89.9	100.0	100.0	99	99	99	4.59e-69	195.0
7maq	7maq_B	1eby	1eby__chain0	91.9	100.0	100.0	99	99	99	1.13e-69	197.0
7mar	7mar_D	3o9i	3o9i__chain0	88.9	100.0	100.0	99	99	99	1.13e-69	197.0
7mas	7mas_B	3o9i	3o9i__chain0	92.9	100.0	100.0	99	99	99	2.76e-70	198.0
7mbo	7mbo_A	4cr9	4cr9__chain0	98.7	100.0	99.6	237	237	238	1.0800000000000001e-184	499.0
7mce	7mce_A	3p5o	3p5o__chain0	100.0	99.2	98.4	125	126	127	5.97e-96	265.0
7mcf	7mcf_B	3p5o	3p5o__chain0	100.0	100.0	85.0	108	108	127	3.7299999999999996e-83	232.0
7mck	7mck_A	2br1	2br1__chain0	95.5	100.0	97.4	265	263	272	3.27e-194	525.0
7mfc	7mfc_A	3pyy	3pyy__chain0	39.4	95.5	95.5	274	287	265	5.74e-68	206.0
7mgj	7mgj_C	4qd6	4qd6__chain0	32.7	92.0	95.5	248	261	244	1.38e-36	124.0
7mgk	7mgk_C	4qd6	4qd6__chain0	32.4	91.9	95.5	247	260	244	8.84e-38	127.0
7mkx	7mkx_D	4eor	4eor__chain1	100.0	99.6	100.0	257	258	257	4.23e-192	519.0
7mlq	7mlq_A	3p5o	3p5o__chain0	100.0	100.0	99.2	126	126	127	2.96e-96	266.0
7mlr	7mlr_A	3p5o	3p5o__chain0	100.0	100.0	99.2	126	126	127	2.96e-96	266.0
7mls	7mls_A	3p5o	3p5o__chain0	100.0	100.0	99.2	126	126	127	2.08e-96	266.0
7mm1	7mm1_A	1bzc	1bzc__chain0	98.7	99.7	100.0	297	298	297	7.139999999999999e-220	593.0
7mn7	7mn7_A	1bzc	1bzc__chain0	99.0	99.0	100.0	297	300	297	3.4300000000000003e-223	601.0
7mna	7mna_A	1bzc	1bzc__chain0	98.6	100.0	93.9	279	279	297	3.6500000000000004e-208	562.0
7mnb	7mnb_A	1bzc	1bzc__chain0	98.3	99.7	100.0	297	298	297	1.06e-221	597.0
7mnd	7mnd_A	1bzc	1bzc__chain0	99.0	99.3	100.0	297	299	297	6.640000000000001e-223	600.0
7mon	7mon_B	4rfm	4rfm__chain0	31.0	76.1	83.5	229	285	249	2.08e-20	81.6
7mow	7mow_A	1bzc	1bzc__chain0	99.0	99.0	100.0	297	300	297	1.4e-222	600.0
7mr9	7mr9_A	3p5o	3p5o__chain0	100.0	100.0	100.0	127	127	127	1.07e-96	267.0
7mra	7mra_A	3p5o	3p5o__chain0	100.0	100.0	99.2	126	126	127	2.08e-96	266.0
7mrb	7mrb_A	3p5o	3p5o__chain0	100.0	100.0	100.0	127	127	127	1.07e-96	267.0
7mrg	7mrg_A	3p5o	3p5o__chain0	77.4	98.1	83.5	106	108	127	4.3000000000000004e-64	184.0
7mrh	7mrh_A	3p5o	3p5o__chain0	76.9	99.1	85.0	108	109	127	1.1e-64	186.0
7msa	7msa_D	2p15	2p15__chain1	97.5	100.0	97.9	237	234	242	4.23e-164	447.0
7mu3	7mu3_A	4jsz	4jsz__chain0	95.7	99.2	100.0	257	259	257	2.97e-190	514.0
7mu7	7mu7_B	3ag9	3ag9__chain0	33.5	88.1	72.7	245	260	319	2.36e-28	103.0
7mx3	7mx3_D	4rfm	4rfm__chain0	31.9	77.9	83.5	229	280	249	2.64e-20	81.3
7myi	7myi_B	2vkm	2vkm__chain0	100.0	100.0	100.0	389	389	389	2.49e-298	799.0
7myj	7myj_A	1nvq	1nvq__chain0	34.9	58.6	95.5	261	435	264	1.12e-43	147.0
7myp	7myp_A	3o9i	3o9i__chain0	79.8	100.0	100.0	99	99	99	3.3699999999999998e-62	178.0
7myr	7myr_B	2vkm	2vkm__chain0	100.0	100.0	100.0	389	389	389	2.49e-298	799.0
7myu	7myu_B	2vkm	2vkm__chain0	100.0	100.0	100.0	389	389	389	2.49e-298	799.0
7myy	7myy_A	3o9i	3o9i__chain0	79.8	100.0	100.0	99	99	99	3.3699999999999998e-62	178.0
7n4n	7n4n_A	3rsx	3rsx__chain0	55.0	97.5	98.4	369	366	375	2.42e-147	415.0
7n4q	7n4q_A	4rfm	4rfm__chain0	56.9	95.4	96.8	248	260	249	1.74e-104	297.0
7n4r	7n4r_A	4rfm	4rfm__chain0	57.3	95.7	96.8	246	257	249	7.73e-105	298.0
7n4s	7n4s_A	4rfm	4rfm__chain0	57.1	96.1	96.8	247	257	249	1.5599999999999998e-104	297.0
7n5o	7n5o_A	4m0y	4m0y__chain0	58.5	96.3	98.9	260	270	263	2.48e-117	331.0
7n5r	7n5r_A	4m0y	4m0y__chain0	58.5	96.3	98.9	260	270	263	2.48e-117	331.0
7n5x	7n5x_A	4m0y	4m0y__chain0	58.5	96.3	98.9	260	269	263	7.9e-116	327.0
7n66	7n66_A	3udh	3udh__chain0	99.0	99.2	97.0	382	381	394	7.189999999999999e-288	772.0
7n6v	7n6v_A	3o9i	3o9i__chain0	80.8	100.0	100.0	99	99	99	1.43e-63	181.0
7n6x	7n6x_A	3o9i	3o9i__chain0	79.8	100.0	100.0	99	99	99	3.3699999999999998e-62	178.0
7n7x	7n7x_AAA	4crc	4crc__chain0	64.8	100.0	99.6	236	229	237	6.52e-122	340.0
7n91	7n91_A	1ydr	1ydr__chain0	39.0	89.6	85.1	287	307	336	1.77e-75	228.0
7n93	7n93_A	1ydr	1ydr__chain0	39.3	90.4	85.1	290	312	336	3.72e-76	230.0
7n9g	7n9g_B	3k5v	3k5v__chain0	98.5	100.0	92.7	266	264	286	3.0700000000000002e-198	536.0
7n9o	7n9o_D	1qkt	1qkt__chain0	98.7	100.0	96.4	239	237	248	7.54e-167	454.0
7nc4	7nc4_A	4jsz	4jsz__chain0	56.4	99.2	99.6	257	259	257	7.480000000000001e-110	311.0
7ncf	7ncf_A	4eor	4eor__chain0	31.3	93.8	95.9	339	355	294	1.1500000000000001e-33	120.0
7ndo	7ndo_B	1qkt	1qkt__chain0	88.3	100.0	96.4	239	237	248	5.34e-151	414.0
7ndp	7ndp_G	3u8k	3u8k__chain0	100.0	100.0	98.6	206	206	209	1.59e-153	417.0
7ndv	7ndv_G	3u8k	3u8k__chain0	100.0	99.5	100.0	209	210	209	2.77e-155	422.0
7nel	7nel_B	1qkt	1qkt__chain0	89.8	100.0	98.8	245	245	248	7.2e-158	432.0
7nex	7nex_A	4jsz	4jsz__chain0	34.2	96.0	98.8	269	277	257	1.94e-37	127.0
7nfb	7nfb_B	1qkt	1qkt__chain0	89.8	100.0	98.4	244	244	248	8.07e-157	429.0
7ng1	7ng1_A	4jsz	4jsz__chain0	34.2	96.0	98.8	269	277	257	1.94e-37	127.0
7ng7	7ng7_A	3k5v	3k5v__chain0	47.5	94.9	92.3	265	274	286	1.63e-82	243.0
7nh6	7nh6_AAA	4jsz	4jsz__chain0	99.6	99.6	100.0	257	258	257	5.81e-199	536.0
7nh8	7nh8_AAA	4jsz	4jsz__chain0	99.6	99.6	100.0	257	258	257	5.81e-199	536.0
7npy	7npy_AAA	3p5o	3p5o__chain0	42.6	97.3	83.5	108	111	127	3.75e-28	93.6
7npz	7npz_AAA	3p5o	3p5o__chain0	42.6	97.3	83.5	108	111	127	2.65e-28	94.0
7nq0	7nq0_AAA	3p5o	3p5o__chain0	42.6	95.6	83.5	108	113	127	4.04e-28	93.6
7nq1	7nq1_AAA	3p5o	3p5o__chain0	42.6	95.6	83.5	108	113	127	4.04e-28	93.6
7nq2	7nq2_AAA	3p5o	3p5o__chain0	47.5	88.4	75.6	99	112	127	3.89e-28	93.6
7nq3	7nq3_AAA	3p5o	3p5o__chain0	42.6	95.6	83.5	108	113	127	4.04e-28	93.6
7nq5	7nq5_AAA	3p5o	3p5o__chain0	42.6	95.6	83.5	108	113	127	4.04e-28	93.6
7nq7	7nq7_AAA	3p5o	3p5o__chain0	42.6	95.6	83.5	108	113	127	4.04e-28	93.6
7nq8	7nq8_A	3p5o	3p5o__chain0	42.6	97.3	83.5	108	111	127	3.75e-28	93.6
7nq9	7nq9_AAA	3p5o	3p5o__chain0	42.6	98.2	83.5	108	110	127	2.55e-28	94.0
7nqi	7nqi_A	3p5o	3p5o__chain0	42.6	97.3	83.5	108	111	127	3.75e-28	93.6
7nqj	7nqj_A	3p5o	3p5o__chain0	47.5	88.4	75.6	99	112	127	3.89e-28	93.6
7nqq	7nqq_A	3e92	3e92__chain0	48.2	98.0	95.4	340	342	349	1.19e-107	312.0
7nqw	7nqw_A	3e92	3e92__chain0	48.4	98.0	95.4	341	346	349	1.7e-108	315.0
7nr3	7nr3_A	3e92	3e92__chain0	48.5	96.1	91.4	326	337	349	2.2899999999999997e-106	309.0
7nr5	7nr5_A	3e92	3e92__chain0	48.1	97.7	95.4	341	342	349	3.88e-106	308.0
7nr8	7nr8_A	3e92	3e92__chain0	48.4	98.0	95.4	341	346	349	1.7e-108	315.0
7nr9	7nr9_A	3e92	3e92__chain0	48.6	96.4	91.4	327	335	349	8.599999999999999e-106	307.0
7nrb	7nrb_A	3myg	3myg__chain0	30.0	80.6	96.0	250	273	252	7.1e-26	96.3
7ntb	7ntb_A	4jsz	4jsz__chain0	99.6	99.6	100.0	257	258	257	5.81e-199	536.0
7nth	7nth_A	4rfm	4rfm__chain0	33.9	81.7	96.4	248	295	249	6.12e-39	131.0
7nti	7nti_A	4rfm	4rfm__chain0	34.3	82.6	96.4	248	293	249	1.06e-39	133.0
7nvq	7nvq_A	1pxn	1pxn__chain0	98.6	100.0	98.6	290	287	294	3.46e-212	573.0
7nwk	7nwk_A	2xnb	2xnb__chain0	41.1	95.3	98.0	292	298	296	1.0499999999999999e-67	207.0
7nwy	7nwy_AAA	4jsz	4jsz__chain0	34.2	96.0	98.8	269	277	257	1.94e-37	127.0
7nxj	7nxj_A	2xnb	2xnb__chain0	43.1	91.1	97.0	297	325	296	2.14e-77	233.0
7nzn	7nzn_A	3k5v	3k5v__chain0	41.7	93.4	91.6	271	289	286	6.230000000000001e-73	219.0
7nzr	7nzr_A	4jsz	4jsz__chain0	95.7	100.0	99.6	256	253	257	2.6099999999999997e-187	507.0
7nzs	7nzs_A	4jsz	4jsz__chain0	96.9	100.0	100.0	257	257	257	7.01e-193	521.0
7nzt	7nzt_A	4jsz	4jsz__chain0	96.9	100.0	100.0	257	257	257	7.01e-193	521.0
7nzu	7nzu_A	4jsz	4jsz__chain0	96.9	100.0	100.0	257	257	257	7.01e-193	521.0
7nzw	7nzw_A	4jsz	4jsz__chain0	96.9	100.0	100.0	257	257	257	7.01e-193	521.0
7nzx	7nzx_A	4jsz	4jsz__chain0	96.9	99.6	100.0	257	258	257	1.04e-192	521.0
7o18	7o18_AAA	3p5o	3p5o__chain0	100.0	100.0	97.6	124	124	127	6.42e-95	263.0
7o48	7o48_A	4jsz	4jsz__chain0	34.2	95.7	98.8	269	278	257	1.99e-37	127.0
7o6x	7o6x_AAA	4kzq	4kzq__chain0	100.0	99.4	99.4	160	161	161	6.92e-123	336.0
7oa1	7oa1_AAA	4jsz	4jsz__chain0	34.2	96.0	98.8	269	277	257	1.94e-37	127.0
7ocv	7ocv_A	4kzq	4kzq__chain1	91.5	22.4	100.0	47	210	47	1.0100000000000001e-27	93.6
7oe5	7oe5_AAA	3p5o	3p5o__chain0	42.6	98.2	83.5	108	110	127	2.55e-28	94.0
7oe6	7oe6_AAA	3p5o	3p5o__chain0	42.6	97.3	83.5	108	111	127	3.75e-28	93.6
7oe8	7oe8_A	3p5o	3p5o__chain0	47.5	88.4	75.6	99	112	127	3.89e-28	93.6
7oe9	7oe9_A	3p5o	3p5o__chain0	42.6	98.2	83.5	108	110	127	2.55e-28	94.0
7oeo	7oeo_AAA	3p5o	3p5o__chain0	46.5	89.2	75.6	99	111	127	4.9200000000000004e-26	88.2
7oep	7oep_AAA	3p5o	3p5o__chain0	42.6	95.6	83.5	108	113	127	4.04e-28	93.6
7oer	7oer_AAA	3p5o	3p5o__chain0	42.6	98.2	83.5	108	110	127	2.55e-28	94.0
7oes	7oes_AAA	3p5o	3p5o__chain0	47.5	88.4	75.6	99	112	127	3.89e-28	93.6
7ogy	7ogy_AAA	3p5o	3p5o__chain0	42.6	97.3	83.5	108	111	127	3.75e-28	93.6
7ojo	7ojo_BBB	4kzq	4kzq__chain0	100.0	100.0	99.4	160	160	161	6.64e-123	336.0
7ok8	7ok8_AAA	4jsz	4jsz__chain0	99.6	99.6	100.0	257	258	257	5.81e-199	536.0
7olj	7olj_BBB	4kzq	4kzq__chain0	100.0	98.8	100.0	161	163	161	1.84e-123	338.0
7om1	7om1_BBB	4j21	4j21__chain0	100.0	98.8	77.5	162	164	209	1.7900000000000002e-123	340.0
7onf	7onf_A	3ebp	3ebp__chain0	99.9	100.0	100.0	810	810	810	0.0	1637.0
7onp	7onp_AAA	4jsz	4jsz__chain0	99.6	100.0	99.6	256	256	257	5.35e-199	536.0
7opm	7opm_A	3e92	3e92__chain0	48.4	93.6	95.4	341	362	349	6.01e-108	314.0
7opo	7opo_G	1ydr	1ydr__chain0	39.4	92.4	81.8	279	301	336	7.33e-73	221.0
7ore	7ore_A	3e92	3e92__chain0	48.3	98.3	97.1	354	352	349	3.59e-104	304.0
7orp	7orp_AAA	4jsz	4jsz__chain0	99.6	100.0	100.0	257	257	257	3.93e-199	537.0
7orq	7orq_AAA	4jsz	4jsz__chain0	99.6	100.0	100.0	257	257	257	3.93e-199	537.0
7ote	7ote_A	3k5v	3k5v__chain0	45.3	95.0	92.3	265	259	286	4.25e-76	226.0
7ou8	7ou8_BBB	2w4x	2w4x__chain0	98.8	82.8	100.0	586	708	579	0.0	1181.0
7ovo	7ovo_C	3gc5	3gc5__chain0	42.2	88.9	94.6	353	389	368	2.07e-90	271.0
7owz	7owz_C	1s38	1s38__chain0	42.0	89.3	94.8	350	383	364	2.67e-91	273.0
7oy5	7oy5_A	2fvd	2fvd__chain0	33.4	82.8	97.2	293	343	284	2.99e-50	163.0
7oyn	7oyn_A	4jsz	4jsz__chain0	99.6	100.0	100.0	257	257	257	3.93e-199	537.0
7oyp	7oyp_A	4jsz	4jsz__chain0	99.6	99.6	100.0	257	258	257	5.81e-199	536.0
7oyq	7oyq_A	4jsz	4jsz__chain0	99.6	100.0	100.0	257	257	257	3.93e-199	537.0
7oyr	7oyr_A	4jsz	4jsz__chain0	99.6	100.0	100.0	257	257	257	3.93e-199	537.0
7ozb	7ozb_AAA	3k5v	3k5v__chain0	43.1	80.6	77.3	232	288	286	1.6000000000000002e-64	198.0
7ozd	7ozd_BBB	3k5v	3k5v__chain0	41.4	91.9	89.2	266	285	286	6.329999999999999e-69	209.0
7ozf	7ozf_BBB	3k5v	3k5v__chain0	41.8	91.8	89.2	263	282	286	1.1399999999999998e-68	208.0
7ozy	7ozy_BBB	3k5v	3k5v__chain0	43.1	94.6	89.2	267	278	286	7.8e-71	214.0
7p1a	7p1a_A	4jsz	4jsz__chain0	56.4	99.6	99.6	257	258	257	7.200000000000001e-110	311.0
7p1l	7p1l_A	2br1	2br1__chain0	36.0	80.7	95.6	264	301	272	3.16e-44	145.0
7p1n	7p1n_aa	1h23	1h23__chain0	65.5	99.2	47.5	252	254	528	5.2300000000000005e-121	349.0
7p1p	7p1p_aa	1h23	1h23__chain0	65.5	99.2	47.5	252	254	528	5.2300000000000005e-121	349.0
7p3v	7p3v_B	3k5v	3k5v__chain0	31.9	96.7	89.5	273	272	286	3.75e-35	121.0
7p4e	7p4e_A	3fur	3fur__chain0	97.7	98.1	99.2	256	257	256	2.2000000000000003e-173	472.0
7p6n	7p6n_A	1q8t	1q8t__chain0	34.9	82.6	91.2	318	384	341	2.74e-66	207.0
7p6w	7p6w_AAA	3p5o	3p5o__chain0	100.0	100.0	100.0	127	127	127	1.07e-96	267.0
7pd6	7pd6_BaB	3wtj	3wtj__chain0	99.0	100.0	97.6	203	203	208	8.809999999999999e-150	408.0
7pdb	7pdb_BaB	3u8k	3u8k__chain3	98.0	99.5	99.0	201	201	203	4.4e-146	398.0
7pdq	7pdq_A	2qe4	2qe4__chain0	32.4	88.5	87.4	188	208	207	1.4e-22	84.7
7pdr	7pdr_BaB	3zdg	3zdg__chain3	98.5	98.0	99.5	196	200	197	3.98e-145	395.0
7pdt	7pdt_B	2pog	2pog__chain1	32.1	88.0	89.6	193	208	211	6.02e-21	80.5
7pe5	7pe5_AaA	3u8k	3u8k__chain3	98.5	100.0	99.0	201	201	203	7.92e-149	405.0
7pe6	7pe6_BaB	3u8k	3u8k__chain3	98.5	99.5	99.0	201	202	203	1.17e-148	405.0
7pid	7pid_A	1q8t	1q8t__chain0	97.1	96.3	99.7	340	353	341	6.69e-250	673.0
7pie	7pie_A	1q8t	1q8t__chain0	96.8	96.3	99.7	340	352	341	2.5100000000000002e-247	666.0
7pif	7pif_A	1q8t	1q8t__chain0	97.1	96.3	99.7	340	353	341	6.69e-250	673.0
7pig	7pig_A	1q8t	1q8t__chain0	97.1	96.3	99.7	340	353	341	6.69e-250	673.0
7pih	7pih_A	1q8t	1q8t__chain0	97.1	96.3	99.7	340	353	341	6.69e-250	673.0
7plf	7plf_BBB	4jsz	4jsz__chain0	60.2	99.6	99.2	256	257	257	3.4400000000000004e-110	312.0
7pom	7pom_B	4jsz	4jsz__chain0	34.0	99.2	93.0	244	239	257	1.6999999999999998e-38	128.0
7pox	7pox_BBB	4kzq	4kzq__chain1	100.0	24.0	100.0	47	196	47	4.760000000000001e-31	101.0
7pp9	7pp9_A	4jsz	4jsz__chain0	35.2	99.2	99.2	264	260	257	2.99e-46	149.0
7pri	7pri_AAA	4jsz	4jsz__chain0	34.2	96.0	98.8	269	277	257	1.94e-37	127.0
7prv	7prv_A	3b5r	3b5r__chain0	50.6	76.6	100.0	247	321	247	9.29e-90	262.0
7prw	7prw_B	3b5r	3b5r__chain0	50.6	76.2	100.0	247	323	247	9.95e-90	262.0
7prx	7prx_A	3b5r	3b5r__chain0	50.6	99.2	100.0	247	248	247	3.9e-90	260.0
7pue	7pue_A	1ydr	1ydr__chain0	42.1	97.4	84.5	285	271	336	1.42e-78	235.0
7pus	7pus_AAA	2zb1	2zb1__chain0	47.1	95.6	91.0	325	340	345	4.57e-98	288.0
7puu	7puu_A	4jsz	4jsz__chain0	35.2	98.9	99.2	264	261	257	4.35e-46	149.0
7puv	7puv_A	4jsz	4jsz__chain0	35.2	99.2	99.2	264	260	257	2.99e-46	149.0
7puw	7puw_A	4jsz	4jsz__chain0	35.2	98.9	99.2	264	261	257	4.35e-46	149.0
7pvu	7pvu_A	4f9w	4f9w__chain0	99.1	99.7	100.0	336	337	336	2.0499999999999998e-250	673.0
7pwd	7pwd_A	3ag9	3ag9__chain0	34.5	49.9	94.4	313	621	319	5.09e-54	181.0
7q0c	7q0c_A	4jsz	4jsz__chain0	97.3	100.0	100.0	257	257	257	1.7900000000000003e-195	528.0
7q0d	7q0d_A	4jsz	4jsz__chain0	60.2	99.2	99.2	256	258	257	5.07e-110	311.0
7q0e	7q0e_A	4jsz	4jsz__chain0	99.6	99.6	100.0	257	258	257	5.81e-199	536.0
7q0x	7q0x_A	1k1i	1k1i__chain0	100.0	100.0	100.0	223	223	223	4.94e-167	453.0
7q19	7q19_AAA	3nq9	3nq9__chain0	98.1	100.0	97.5	158	158	162	1.49e-112	310.0
7q1m	7q1m_A	1e66	1e66__chain0	53.3	100.0	99.1	527	527	532	1.63e-225	626.0
7q1n	7q1n_A	1e66	1e66__chain0	53.3	100.0	99.1	527	527	532	1.63e-225	626.0
7q1o	7q1o_A	1e66	1e66__chain0	53.3	100.0	99.1	527	527	532	1.63e-225	626.0
7q1p	7q1p_A	1e66	1e66__chain0	53.3	100.0	99.1	527	527	532	1.63e-225	626.0
7q2o	7q2o_AAA	3uex	3uex__chain0	96.8	100.0	98.1	156	156	159	2.8000000000000003e-109	301.0
7q2p	7q2p_AAA	3uex	3uex__chain0	96.8	100.0	98.1	156	156	159	2.8000000000000003e-109	301.0
7q3f	7q3f_A	3p5o	3p5o__chain0	100.0	100.0	99.2	126	126	127	2.96e-96	266.0
7q4a	7q4a_A	1pxn	1pxn__chain0	30.1	91.9	94.2	312	335	294	4.03e-30	110.0
7q5i	7q5i_AAA	3ebp	3ebp__chain0	99.6	100.0	99.9	809	808	810	0.0	1627.0
7q5o	7q5o_A	3p5o	3p5o__chain0	42.6	98.2	83.5	108	110	127	2.55e-28	94.0
7q6h	7q6h_AAA	4gfm	4gfm__chain0	61.2	99.3	98.3	286	282	291	6.76e-127	357.0
7q7i	7q7i_A	4jia	4jia__chain0	98.6	100.0	97.3	292	292	300	2.1799999999999997e-220	594.0
7q7k	7q7k_A	4jia	4jia__chain0	98.6	100.0	97.3	292	292	300	2.1799999999999997e-220	594.0
7q7l	7q7l_A	4f09	4f09__chain0	98.6	100.0	99.7	289	289	290	1.49e-217	586.0
7q7w	7q7w_A	4jia	4jia__chain0	98.6	100.0	97.3	292	292	300	2.1799999999999997e-220	594.0
7qaa	7qaa_A	2qe4	2qe4__chain0	33.5	76.5	80.2	170	217	207	6.680000000000001e-22	83.2
7qb1	7qb1_AAA	2yfe	2yfe__chain0	99.6	100.0	98.9	261	261	264	1.82e-184	500.0
7qb2	7qb2_A	3jya	3jya__chain0	99.6	100.0	99.6	273	273	274	6.3e-211	568.0
7qbh	7qbh_AAA	4jsz	4jsz__chain0	99.6	99.6	100.0	257	258	257	5.81e-199	536.0
7qdl	7qdl_AAA	3p5o	3p5o__chain0	100.0	100.0	99.2	126	126	127	2.08e-96	266.0
7qfm	7qfm_A	3jya	3jya__chain0	98.9	100.0	99.6	273	271	274	3.7599999999999995e-207	558.0
7qgb	7qgb_A	4eor	4eor__chain0	31.7	88.9	98.0	303	332	294	3.08e-39	134.0
7qgc	7qgc_A	4eor	4eor__chain0	31.7	88.6	98.0	303	333	294	3.16e-39	134.0
7qgd	7qgd_A	4eor	4eor__chain0	31.7	88.6	98.0	303	333	294	3.16e-39	134.0
7qge	7qge_A	4eor	4eor__chain0	31.7	88.6	98.0	303	333	294	3.16e-39	134.0
7qgp	7qgp_A	2xnb	2xnb__chain0	31.2	91.0	97.0	292	288	296	7.56e-33	116.0
7qgx	7qgx_A	4jsz	4jsz__chain0	99.6	99.6	100.0	257	258	257	5.81e-199	536.0
7qgy	7qgy_A	4jsz	4jsz__chain0	99.6	99.6	100.0	257	258	257	5.81e-199	536.0
7qgz	7qgz_A	4jsz	4jsz__chain0	99.6	99.6	100.0	257	258	257	5.81e-199	536.0
7qhd	7qhd_A	1e66	1e66__chain0	53.3	100.0	99.1	527	527	532	1.63e-225	626.0
7qhe	7qhe_A	1e66	1e66__chain0	53.3	100.0	99.1	527	527	532	1.63e-225	626.0
7qhg	7qhg_B	3mss	3mss__chain0	30.9	86.9	91.7	256	283	264	1.4099999999999999e-30	109.0
7qhl	7qhl_B	4eor	4eor__chain1	100.0	99.6	100.0	257	258	257	4.23e-192	519.0
7qhr	7qhr_A	1o0h	1o0h__chain0	100.0	100.0	100.0	124	124	124	4.43e-90	250.0
7qhz	7qhz_A	1k1i	1k1i__chain0	44.6	99.1	98.7	222	222	223	4.0500000000000005e-70	207.0
7qi0	7qi0_B	1k1i	1k1i__chain0	44.6	99.1	98.7	222	222	223	4.0500000000000005e-70	207.0
7qlt	7qlt_A	2v00	2v00__chain0	100.0	100.0	100.0	330	330	330	8.07e-231	623.0
7qm3	7qm3_A	2v00	2v00__chain0	100.0	100.0	100.0	330	330	330	8.07e-231	623.0
7qm4	7qm4_A	2v00	2v00__chain0	100.0	100.0	100.0	330	330	330	8.07e-231	623.0
7qm5	7qm5_A	2v00	2v00__chain0	100.0	100.0	100.0	330	330	330	8.07e-231	623.0
7qm6	7qm6_A	2v00	2v00__chain0	100.0	100.0	100.0	330	330	330	8.07e-231	623.0
7qm7	7qm7_A	2v00	2v00__chain0	100.0	100.0	100.0	330	330	330	8.07e-231	623.0
7qm8	7qm8_A	2v00	2v00__chain0	100.0	100.0	100.0	330	330	330	8.07e-231	623.0
7qm9	7qm9_A	2v00	2v00__chain0	100.0	100.0	100.0	330	330	330	8.07e-231	623.0
7qma	7qma_A	2v00	2v00__chain0	100.0	100.0	100.0	330	330	330	8.07e-231	623.0
7qmb	7qmb_A	2v00	2v00__chain0	100.0	100.0	100.0	330	330	330	8.07e-231	623.0
7qmc	7qmc_A	2v00	2v00__chain0	100.0	100.0	100.0	330	330	330	8.07e-231	623.0
7qmi	7qmi_A	2v00	2v00__chain0	100.0	100.0	100.0	330	330	330	8.07e-231	623.0
7qmk	7qmk_A	2v00	2v00__chain0	100.0	100.0	100.0	330	330	330	8.07e-231	623.0
7qml	7qml_A	2v00	2v00__chain0	100.0	100.0	100.0	330	330	330	8.07e-231	623.0
7qmm	7qmm_A	2v00	2v00__chain0	100.0	100.0	100.0	330	330	330	8.07e-231	623.0
7qmn	7qmn_A	2v00	2v00__chain0	100.0	100.0	100.0	330	330	330	8.07e-231	623.0
7qmr	7qmr_A	2v00	2v00__chain0	100.0	100.0	100.0	330	330	330	8.07e-231	623.0
7qms	7qms_A	2v00	2v00__chain0	100.0	100.0	100.0	330	330	330	8.07e-231	623.0
7qmt	7qmt_A	2v00	2v00__chain0	100.0	100.0	100.0	330	330	330	8.07e-231	623.0
7qmu	7qmu_A	2v00	2v00__chain0	100.0	100.0	100.0	330	330	330	8.07e-231	623.0
7qmv	7qmv_A	2v00	2v00__chain0	100.0	100.0	100.0	330	330	330	8.07e-231	623.0
7qmw	7qmw_A	2v00	2v00__chain0	100.0	100.0	100.0	330	330	330	8.07e-231	623.0
7qmy	7qmy_A	2v00	2v00__chain0	100.0	100.0	100.0	330	330	330	8.07e-231	623.0
7qmz	7qmz_A	2v00	2v00__chain0	100.0	100.0	100.0	330	330	330	8.07e-231	623.0
7qn0	7qn0_A	2v00	2v00__chain0	100.0	100.0	100.0	330	330	330	8.07e-231	623.0
7qn1	7qn1_A	2v00	2v00__chain0	100.0	100.0	100.0	330	330	330	8.07e-231	623.0
7qn2	7qn2_A	2v00	2v00__chain0	100.0	100.0	100.0	330	330	330	8.07e-231	623.0
7qn3	7qn3_A	2v00	2v00__chain0	100.0	100.0	100.0	330	330	330	8.07e-231	623.0
7qn4	7qn4_A	2v00	2v00__chain0	100.0	100.0	100.0	330	330	330	8.07e-231	623.0
7qnv	7qnv_AAA	4jsz	4jsz__chain0	99.6	99.6	100.0	257	258	257	5.81e-199	536.0
7qob	7qob_AAA	4jsz	4jsz__chain0	60.2	100.0	99.2	256	256	257	3.31e-110	312.0
7qpw	7qpw_AAA	1o0h	1o0h__chain0	100.0	100.0	100.0	124	124	124	4.43e-90	250.0
7qpy	7qpy_A	1o0h	1o0h__chain0	100.0	100.0	100.0	124	124	124	4.43e-90	250.0
7qpz	7qpz_A	1o0h	1o0h__chain0	100.0	100.0	100.0	124	124	124	4.43e-90	250.0
7qrk	7qrk_AAA	4jsz	4jsz__chain0	99.6	99.6	100.0	257	258	257	5.81e-199	536.0
7qse	7qse_AAA	4jsz	4jsz__chain0	99.6	99.6	100.0	257	258	257	5.81e-199	536.0
7qsi	7qsi_AAA	4jsz	4jsz__chain0	99.6	99.6	100.0	257	258	257	5.81e-199	536.0
7qvj	7qvj_B	2pog	2pog__chain0	96.6	99.6	100.0	238	239	233	1.0300000000000001e-161	441.0
7qvl	7qvl_A	2qe4	2qe4__chain1	98.0	88.3	100.0	205	231	204	1.35e-139	383.0
7qwh	7qwh_AAA	1o0h	1o0h__chain0	100.0	100.0	100.0	124	124	124	4.43e-90	250.0
7qyn	7qyn_B	1e66	1e66__chain0	59.7	99.4	99.8	533	533	532	6.429999999999999e-246	678.0
7qzx	7qzx_AAA	4jsz	4jsz__chain0	99.6	99.6	100.0	257	258	257	5.81e-199	536.0
7r02	7r02_B	1e66	1e66__chain0	59.7	99.4	99.8	533	535	532	2.81e-245	677.0
7r0a	7r0a_B	1e66	1e66__chain0	59.5	99.4	99.8	533	534	532	3.6199999999999996e-243	671.0
7r1x	7r1x_AAA	4jsz	4jsz__chain0	99.6	99.6	100.0	257	258	257	5.81e-199	536.0
7r3c	7r3c_A	1e66	1e66__chain0	59.4	98.9	99.6	532	534	532	1.7999999999999998e-243	672.0
7r3z	7r3z_C	4j21	4j21__chain0	100.0	100.0	77.5	162	162	209	1.65e-123	340.0
7r5b	7r5b_A	3p5o	3p5o__chain0	100.0	100.0	100.0	127	127	127	1.07e-96	267.0
7r5x	7r5x_AAA	4kzq	4kzq__chain0	100.0	99.4	100.0	161	162	161	1.7700000000000002e-123	338.0
7r62	7r62_A	1qkt	1qkt__chain0	97.9	100.0	96.0	238	234	248	1.5100000000000002e-163	446.0
7r7k	7r7k_A	3pyy	3pyy__chain0	39.7	91.7	99.2	277	290	265	1.85e-61	189.0
7r7r	7r7r_A	3mss	3mss__chain0	39.6	90.7	98.1	275	291	264	5.23e-61	188.0
7r8r	7r8r_A	3p5o	3p5o__chain0	81.6	100.0	89.8	114	114	127	4.58e-72	204.0
7r9c	7r9c_A	3p5o	3p5o__chain0	100.0	100.0	97.6	124	124	127	6.42e-95	263.0
7ra5	7ra5_A	2fvd	2fvd__chain0	94.4	99.3	99.3	287	278	284	5.879999999999999e-197	533.0
7rae	7rae_A	3b5r	3b5r__chain0	79.4	98.4	100.0	247	251	247	1.66e-146	403.0
7raf	7raf_A	3b5r	3b5r__chain0	77.7	99.6	100.0	247	246	247	1.45e-141	390.0
7rb7	7rb7_A	1e66	1e66__chain0	57.8	99.6	100.0	538	540	532	2.01e-239	662.0
7ree	7ree_A	4jia	4jia__chain0	97.9	99.0	97.3	292	291	300	2.25e-215	581.0
7rek	7rek_B	3p5o	3p5o__chain0	100.0	100.0	99.2	126	126	127	2.96e-96	266.0
7rel	7rel_A	3p5o	3p5o__chain0	100.0	100.0	100.0	127	127	127	1.07e-96	267.0
7rem	7rem_A	3p5o	3p5o__chain0	100.0	100.0	100.0	127	127	127	1.07e-96	267.0
7rjl	7rjl_B	3p5o	3p5o__chain0	81.4	100.0	89.0	113	113	127	8.860000000000001e-72	204.0
7rjm	7rjm_A	3p5o	3p5o__chain0	81.8	100.0	86.6	110	110	127	5.2900000000000004e-70	199.0
7rke	7rke_B	4mgd	4mgd__chain1	98.3	100.0	97.9	231	229	236	7.64e-162	441.0
7rle	7rle_A	3b1m	3b1m__chain0	98.9	100.0	99.6	262	262	260	9.09e-182	493.0
7rmd	7rmd_A	3p5o	3p5o__chain0	100.0	100.0	100.0	127	127	127	1.07e-96	267.0
7rn2	7rn2_A	3p5o	3p5o__chain0	100.0	100.0	100.0	127	127	127	1.07e-96	267.0
7rn6	7rn6_A	4gfm	4gfm__chain0	92.4	98.2	100.0	291	274	291	3.74e-196	531.0
7rnm	7rnm_B	4mgd	4mgd__chain1	98.3	100.0	97.9	231	229	236	7.64e-162	441.0
7rny	7rny_A	4jsz	4jsz__chain0	99.6	100.0	99.6	256	256	257	6.25e-198	534.0
7rnz	7rnz_A	4jsz	4jsz__chain0	99.6	100.0	100.0	257	257	257	3.93e-199	537.0
7rre	7rre_A	4jsz	4jsz__chain0	99.6	99.6	100.0	257	258	257	5.81e-199	536.0
7rrf	7rrf_A	4jsz	4jsz__chain0	96.9	100.0	100.0	257	257	257	4.2300000000000005e-194	524.0
7rrx	7rrx_C	2p15	2p15__chain1	97.5	100.0	97.9	237	234	242	9.96e-163	443.0
7rry	7rry_B	2pog	2pog__chain1	96.2	95.0	99.1	212	221	211	4.72e-139	382.0
7rrz	7rrz_A	1qkt	1qkt__chain0	95.4	100.0	97.2	241	234	248	1.38e-159	436.0
7rs1	7rs1_D	2pog	2pog__chain1	95.8	91.6	100.0	213	227	211	7.319999999999999e-140	384.0
7rs2	7rs2_D	2pog	2pog__chain1	97.7	91.0	100.0	213	234	211	5.46e-146	400.0
7rs3	7rs3_B	2pog	2pog__chain0	97.2	98.1	91.8	214	215	233	1.13e-145	399.0
7rs4	7rs4_B	1qkt	1qkt__chain0	98.0	99.6	98.8	245	246	248	1.2299999999999999e-172	469.0
7rs7	7rs7_C	1qkt	1qkt__chain0	96.8	99.6	99.6	247	244	248	5.1800000000000003e-169	460.0
7rs8	7rs8_A	4mgd	4mgd__chain0	95.3	100.0	97.5	235	228	241	5.450000000000001e-156	426.0
7run	7run_B	3k5v	3k5v__chain0	41.2	95.1	91.6	274	288	286	3.41e-72	218.0
7rwe	7rwe_A	2fvd	2fvd__chain0	90.1	100.0	99.3	282	254	284	1.45e-177	483.0
7rwf	7rwf_A	2xnb	2xnb__chain0	99.3	99.7	100.0	298	299	296	1.24e-220	595.0
7rxo	7rxo_A	2fvd	2fvd__chain0	92.6	100.0	99.3	283	266	284	3.26e-184	501.0
7rxr	7rxr_B	3p5o	3p5o__chain0	100.0	100.0	100.0	127	127	127	1.07e-96	267.0
7rxs	7rxs_A	3p5o	3p5o__chain0	100.0	100.0	97.6	124	124	127	3.18e-95	263.0
7rxt	7rxt_A	3p5o	3p5o__chain0	100.0	100.0	99.2	126	126	127	2.08e-96	266.0
7s0v	7s0v_A	3g2z	3g2z__chain0	99.2	100.0	100.0	262	262	262	3.56e-184	499.0
7s1n	7s1n_A	3e93	3e93__chain0	47.6	99.1	97.1	349	346	347	6.78e-105	305.0
7s25	7s25_B	1q8t	1q8t__chain0	38.5	76.5	86.2	299	379	341	9.779999999999999e-69	214.0
7s26	7s26_A	1q8t	1q8t__chain0	37.5	75.5	86.2	296	388	341	7.089999999999999e-68	212.0
7s3p	7s3p_K	3p5o	3p5o__chain0	38.9	100.0	83.5	108	108	127	8.84e-26	87.4
7s4t	7s4t_A	2xnb	2xnb__chain0	98.3	100.0	99.3	296	293	296	3.49e-214	578.0
7s6u	7s6u_A	2fvd	2fvd__chain0	35.0	84.9	96.8	303	351	284	1.29e-46	154.0
7s6v	7s6v_A	2fvd	2fvd__chain0	34.8	84.6	96.8	299	345	284	3.06e-46	152.0
7s7a	7s7a_A	1pxn	1pxn__chain0	94.9	100.0	99.7	293	278	294	1.79e-198	538.0
7s84	7s84_A	4eor	4eor__chain0	95.9	99.6	99.7	293	282	294	1.09e-200	543.0
7s85	7s85_A	4eor	4eor__chain0	96.2	99.6	99.0	291	281	294	2.29e-204	553.0
7s90	7s90_A	3b27	3b27__chain0	100.0	100.0	97.7	210	210	215	1.51e-149	408.0
7s95	7s95_A	3rlr	3rlr__chain0	100.0	100.0	95.9	210	210	219	4.98e-149	407.0
7s98	7s98_A	3rlr	3rlr__chain0	100.0	100.0	95.9	210	210	219	4.98e-149	407.0
7s99	7s99_A	3b27	3b27__chain0	100.0	100.0	97.2	209	209	215	1.69e-148	405.0
7s9f	7s9f_A	3b27	3b27__chain0	100.0	100.0	99.5	214	214	215	4.53e-152	414.0
7s9g	7s9g_A	3rlr	3rlr__chain0	100.0	100.0	95.9	210	210	219	4.98e-149	407.0
7s9h	7s9h_A	3b27	3b27__chain0	100.0	100.0	97.2	209	209	215	1.69e-148	405.0
7s9i	7s9i_A	3rlr	3rlr__chain0	100.0	100.0	95.9	210	210	219	4.98e-149	407.0
7s9x	7s9x_A	2fvd	2fvd__chain0	94.0	100.0	99.3	283	269	284	8.459999999999999e-190	515.0
7sa0	7sa0_A	1pxn	1pxn__chain0	95.6	100.0	100.0	294	281	294	2.68e-203	550.0
7sfo	7sfo_B	4mgd	4mgd__chain1	98.3	100.0	97.9	231	229	236	7.64e-162	441.0
7sj3	7sj3_A	1pxn	1pxn__chain0	46.1	98.2	94.6	284	274	294	1.77e-78	233.0
7sqa	7sqa_B	2yfe	2yfe__chain0	97.3	99.6	93.9	255	256	264	1.64e-172	470.0
7sqb	7sqb_A	2yfe	2yfe__chain0	96.0	98.9	99.6	274	277	264	8.18e-183	497.0
7suf	7suf_A	1nvq	1nvq__chain0	95.4	100.0	99.2	262	262	264	7.83e-193	521.0
7suh	7suh_A	1nvq	1nvq__chain0	95.4	100.0	98.5	261	261	264	3.5699999999999995e-191	517.0
7sui	7sui_A	1nvq	1nvq__chain0	95.4	100.0	98.9	262	262	264	1.8399999999999998e-191	518.0
7suj	7suj_A	1nvq	1nvq__chain0	95.7	100.0	97.0	256	256	264	5.64e-189	511.0
7suw	7suw_A	4jsz	4jsz__chain0	96.9	100.0	100.0	257	257	257	4.2300000000000005e-194	524.0
7suy	7suy_A	4jsz	4jsz__chain0	96.9	100.0	100.0	257	257	257	4.2300000000000005e-194	524.0
7sv1	7sv1_A	4jsz	4jsz__chain0	96.9	100.0	100.0	257	257	257	4.2300000000000005e-194	524.0
7sv8	7sv8_A	4jsz	4jsz__chain0	96.9	100.0	100.0	257	257	257	4.2300000000000005e-194	524.0
7sxf	7sxf_A	2fvd	2fvd__chain0	36.1	83.2	95.8	294	340	284	1.39e-50	164.0
7sxg	7sxg_A	2fvd	2fvd__chain0	35.7	84.4	95.8	294	334	284	2.34e-50	163.0
7sxh	7sxh_A	2fvd	2fvd__chain0	34.2	83.9	97.2	292	341	284	3.07e-53	171.0
7sxj	7sxj_A	2fvd	2fvd__chain0	34.5	80.4	93.0	284	347	284	3.61e-49	160.0
7t2x	7t2x_B	2qe4	2qe4__chain0	97.6	91.6	99.5	208	227	207	2.31e-142	390.0
7t3f	7t3f_A	3p5o	3p5o__chain0	100.0	98.4	98.4	125	127	127	4.38e-96	266.0
7t4t	7t4t_A	1q8t	1q8t__chain0	45.5	65.4	85.6	297	454	341	2.7499999999999997e-89	269.0
7t4u	7t4u_B	1q8t	1q8t__chain0	45.6	64.6	85.9	298	461	341	4.7999999999999996e-89	269.0
7t4v	7t4v_B	1q8t	1q8t__chain0	45.6	64.2	85.9	298	464	341	5.25e-89	269.0
7t4w	7t4w_A	1q8t	1q8t__chain0	45.6	63.8	85.9	298	467	341	5.75e-89	269.0
7t9h	7t9h_A	3zsx	3zsx__chain0	95.4	97.5	100.0	153	157	149	9.079999999999999e-104	287.0
7t9o	7t9o_A	3ao4	3ao4__chain1	94.2	99.3	100.0	137	138	133	1.29e-90	253.0
7te7	7te7_A	1qkt	1qkt__chain0	96.7	100.0	97.2	241	234	248	1.06e-163	446.0
7teu	7teu_A	4f09	4f09__chain0	95.5	100.0	99.7	289	276	290	3.5400000000000004e-208	562.0
7ths	7ths_A	1k1i	1k1i__chain0	39.5	94.3	100.0	238	244	223	6.249999999999999e-54	167.0
7tnh	7tnh_A	3mss	3mss__chain0	41.4	93.9	95.8	268	280	264	2.5e-67	204.0
7to5	7to5_A	1g2k	1g2k__chain0	94.9	100.0	100.0	99	99	99	4.59e-69	195.0
7to6	7to6_A	1g2k	1g2k__chain0	94.9	100.0	100.0	99	99	99	4.59e-69	195.0
7u2u	7u2u_A	3zsx	3zsx__chain0	94.6	100.0	99.3	148	140	149	1.77e-101	281.0
7u2z	7u2z_A	2fvd	2fvd__chain0	34.0	83.8	97.2	294	345	284	1.14e-50	164.0
7u31	7u31_B	2fvd	2fvd__chain0	33.7	84.4	97.2	297	346	284	1.17e-50	164.0
7u33	7u33_B	2fvd	2fvd__chain0	33.7	84.4	97.2	297	346	284	1.17e-50	164.0
7u36	7u36_B	2fvd	2fvd__chain0	33.7	84.4	97.2	297	346	284	1.17e-50	164.0
7u4c	7u4c_B	2yki	2yki__chain0	44.0	93.3	95.2	200	208	207	8.95e-46	144.0
7u70	7u70_A	3g2z	3g2z__chain0	99.6	99.6	100.0	262	263	262	4.5100000000000007e-185	502.0
7u8s	7u8s_A	4de2	4de2__chain0	53.9	99.2	98.8	258	260	260	3.49e-92	266.0
7u8v	7u8v_A	2fxs	2fxs__chain0	41.5	39.0	94.4	205	454	213	1.15e-41	141.0
7u8w	7u8w_A	2fxs	2fxs__chain0	39.5	38.9	94.4	205	440	213	1.4e-35	124.0
7u8x	7u8x_A	2fxs	2fxs__chain0	39.0	38.9	94.4	205	440	213	3.7100000000000002e-37	129.0
7u98	7u98_A	3mss	3mss__chain0	38.2	85.4	95.8	259	287	264	4.6000000000000005e-58	181.0
7u99	7u99_A	3mss	3mss__chain0	39.3	87.2	95.8	267	304	264	3.95e-61	189.0
7u9a	7u9a_A	3mss	3mss__chain0	39.2	86.8	95.8	260	295	264	3.7400000000000002e-59	184.0
7u9b	7u9b_A	4de2	4de2__chain0	53.8	97.0	99.6	260	268	260	1.64e-92	268.0
7uad	7uad_A	1bzc	1bzc__chain0	69.0	98.6	93.3	277	277	297	2.02e-147	409.0
7uah	7uah_A	1k1i	1k1i__chain0	39.5	94.3	100.0	238	244	223	6.249999999999999e-54	167.0
7ubo	7ubo_C	3p5o	3p5o__chain0	77.4	98.1	83.5	106	108	127	4.3000000000000004e-64	184.0
7ue1	7ue1_B	4cig	4cig__chain0	94.6	99.3	100.0	147	148	147	5.03e-105	290.0
7ug1	7ug1_A	4eor	4eor__chain0	98.3	98.6	99.0	291	290	294	4.37e-209	565.0
7ug5	7ug5_A	3p5o	3p5o__chain0	38.9	98.2	83.5	108	110	127	9.510000000000001e-26	87.4
7ugb	7ugb_A	3e93	3e93__chain0	48.9	97.9	95.4	331	333	347	1.42e-108	314.0
7ugf	7ugf_A	3p5o	3p5o__chain0	100.0	100.0	100.0	127	127	127	1.07e-96	267.0
7ugi	7ugi_A	3p5o	3p5o__chain0	33.3	87.9	79.5	102	116	127	1.4e-18	69.3
7ugl	7ugl_B	3p5o	3p5o__chain0	33.3	88.7	79.5	102	115	127	7.61e-18	67.4
7uj7	7uj7_D	2pog	2pog__chain1	97.2	94.2	98.6	212	223	211	5.34e-141	387.0
7uj8	7uj8_B	2qe4	2qe4__chain0	98.0	93.9	98.6	204	213	207	3.0999999999999997e-141	387.0
7ujc	7ujc_B	2qe4	2qe4__chain1	98.1	94.5	100.0	206	217	204	2.21e-139	382.0
7ujf	7ujf_C	1qkt	1qkt__chain0	97.9	100.0	97.6	242	238	248	5.530000000000001e-167	454.0
7ujm	7ujm_D	1qkt	1qkt__chain0	99.6	100.0	96.0	238	238	248	8.19e-169	459.0
7ujo	7ujo_D	1qkt	1qkt__chain0	98.8	100.0	97.6	242	240	248	2.18e-169	461.0
7ujq	7ujq_A	2wtv	2wtv__chain0	34.5	97.8	95.8	264	268	264	2.31e-46	150.0
7ujy	7ujy_C	2pog	2pog__chain0	96.6	100.0	99.6	236	234	233	5.43e-158	431.0
7ukz	7ukz_D	2xnb	2xnb__chain0	44.5	93.9	93.9	283	294	296	1.59e-82	244.0
7ulj	7ulj_C	3b27	3b27__chain0	92.8	100.0	96.7	208	208	215	3.93e-140	384.0
7ulk	7ulk_B	2fxs	2fxs__chain0	37.1	38.2	94.4	205	437	213	1.33e-33	119.0
7ull	7ull_A	2yki	2yki__chain0	54.0	93.1	97.1	202	217	207	3.54e-71	209.0
7uoq	7uoq_A	3zsx	3zsx__chain0	94.6	100.0	99.3	148	140	149	1.77e-101	281.0
7up6	7up6_A	3ag9	3ag9__chain0	31.9	85.2	75.9	248	257	319	1.3599999999999999e-34	120.0
7ur3	7ur3_A	3b27	3b27__chain0	100.0	100.0	96.7	208	208	215	3.27e-148	404.0
7usg	7usg_A	3p5o	3p5o__chain0	43.2	98.2	86.6	111	111	127	1.3199999999999999e-28	94.7
7ush	7ush_A	3p5o	3p5o__chain0	43.2	98.2	86.6	111	111	127	1.3199999999999999e-28	94.7
7usi	7usi_A	3p5o	3p5o__chain0	80.0	99.1	86.6	110	111	127	1.3e-68	196.0
7usj	7usj_A	3p5o	3p5o__chain0	49.5	83.5	69.3	91	109	127	3.69e-25	85.9
7uty	7uty_A	3p5o	3p5o__chain0	100.0	100.0	98.4	125	125	127	1.16e-95	265.0
7uu0	7uu0_A	3p5o	3p5o__chain0	42.6	95.6	83.5	108	113	127	4.04e-28	93.6
7uuu	7uuu_A	3p5o	3p5o__chain0	77.1	96.5	85.8	109	113	127	6.43e-65	186.0
7uw2	7uw2_A	2pog	2pog__chain0	32.7	91.9	84.5	205	210	233	6.199999999999999e-24	89.0
7uw4	7uw4_A	2pog	2pog__chain0	32.7	91.9	84.5	205	210	233	6.199999999999999e-24	89.0
7uy0	7uy0_A	3k5v	3k5v__chain0	47.0	59.4	93.4	268	448	286	1.26e-82	250.0
7uy3	7uy3_A	3k5v	3k5v__chain0	46.6	68.4	93.4	268	386	286	9.69e-81	243.0
7uyr	7uyr_A	4e5w	4e5w__chain1	58.8	96.1	96.4	277	282	280	1.63e-115	327.0
7uys	7uys_A	4e5w	4e5w__chain1	59.6	96.1	96.4	275	282	280	7.000000000000001e-117	331.0
7uyt	7uyt_A	4e5w	4e5w__chain1	59.7	96.0	96.4	273	278	280	9.880000000000001e-116	328.0
7uyu	7uyu_A	4e5w	4e5w__chain1	59.0	95.9	96.8	271	269	280	1.26e-111	317.0
7uyv	7uyv_C	4hge	4hge__chain0	61.6	97.5	97.6	279	281	286	1.28e-125	353.0
7uyw	7uyw_A	4jia	4jia__chain0	99.3	100.0	96.7	290	290	300	2.86e-220	593.0
7uzn	7uzn_A	3p5o	3p5o__chain0	100.0	98.4	96.9	123	125	127	1.35e-94	262.0
7v0z	7v0z_A	4cr9	4cr9__chain0	98.7	100.0	99.6	237	237	238	1.0800000000000001e-184	499.0
7v10	7v10_A	4cr9	4cr9__chain0	98.7	100.0	99.2	236	236	238	4.21e-184	497.0
7v11	7v11_A	4cr9	4cr9__chain0	98.7	100.0	99.2	236	236	238	4.21e-184	497.0
7v12	7v12_A	4cr9	4cr9__chain0	98.7	100.0	99.2	236	236	238	4.21e-184	497.0
7v13	7v13_A	4cr9	4cr9__chain0	98.7	100.0	99.2	236	236	238	4.21e-184	497.0
7v14	7v14_A	4cr9	4cr9__chain0	98.7	100.0	99.2	236	236	238	4.21e-184	497.0
7v15	7v15_A	4cr9	4cr9__chain0	98.7	100.0	99.2	236	236	238	4.21e-184	497.0
7v16	7v16_A	4cr9	4cr9__chain0	98.7	100.0	99.2	236	236	238	4.21e-184	497.0
7v17	7v17_A	4cr9	4cr9__chain0	98.7	100.0	99.2	236	236	238	4.21e-184	497.0
7v18	7v18_A	4cr9	4cr9__chain0	98.7	100.0	99.2	236	236	238	4.21e-184	497.0
7v1u	7v1u_A	3p5o	3p5o__chain0	100.0	94.7	97.6	124	131	127	4.25e-95	263.0
7v2j	7v2j_A	3p5o	3p5o__chain0	100.0	93.1	96.1	122	131	127	7.06e-94	260.0
7v3r	7v3r_A	4twp	4twp__chain0	40.3	87.4	92.1	258	285	266	7.26e-60	185.0
7v3s	7v3s_A	4twp	4twp__chain0	40.7	87.3	92.1	258	284	266	4.43e-61	188.0
7vd4	7vd4_A	3p5o	3p5o__chain0	41.1	83.8	74.8	95	111	127	2.5699999999999998e-23	81.3
7vdp	7vdp_A	2xnb	2xnb__chain0	59.9	98.3	95.6	287	287	296	2.54e-117	333.0
7vdq	7vdq_A	2xnb	2xnb__chain0	60.2	99.0	96.3	289	290	296	1.59e-121	343.0
7vdr	7vdr_A	2xnb	2xnb__chain0	60.2	99.0	96.3	289	290	296	1.59e-121	343.0
7vds	7vds_A	2xnb	2xnb__chain0	60.2	99.0	96.3	289	290	296	1.59e-121	343.0
7vdu	7vdu_A	1pxn	1pxn__chain0	98.6	99.3	99.3	292	291	294	2.9899999999999998e-214	578.0
7vjl	7vjl_A	3mss	3mss__chain0	41.5	94.3	95.8	265	263	264	5.25e-62	190.0
7vkn	7vkn_A	4m0y	4m0y__chain0	36.8	91.6	95.4	272	297	263	7.720000000000001e-59	183.0
7vko	7vko_A	4m0y	4m0y__chain0	37.4	91.9	95.4	273	297	263	4.88e-60	186.0
7vm5	7vm5_U	1owh	1owh__chain0	99.2	99.6	100.0	245	246	245	4.09e-193	521.0
7vm6	7vm6_U	1owh	1owh__chain0	99.2	98.8	100.0	245	248	245	3.12e-193	521.0
7vm7	7vm7_U	1owh	1owh__chain0	98.8	100.0	100.0	245	245	245	1.12e-192	520.0
7vqp	7vqp_A	2p4y	2p4y__chain0	31.7	80.5	74.6	186	231	244	1.2799999999999999e-23	89.0
7vra	7vra_A	3mss	3mss__chain0	38.3	86.5	95.8	261	289	264	7.78e-60	185.0
7vre	7vre_A	3mss	3mss__chain0	38.9	81.4	95.8	262	312	264	7.159999999999999e-61	189.0
7vrh	7vrh_C	3p5o	3p5o__chain0	81.1	99.1	83.5	106	107	127	2.6e-67	192.0
7vrk	7vrk_B	3p5o	3p5o__chain0	81.1	99.1	83.5	106	107	127	2.6e-67	192.0
7vrm	7vrm_A	3p5o	3p5o__chain0	47.5	86.8	75.6	99	114	127	4.1899999999999995e-28	93.6
7vro	7vro_B	3p5o	3p5o__chain0	81.1	99.1	83.5	106	107	127	2.6e-67	192.0
7vrq	7vrq_A	3p5o	3p5o__chain0	47.5	86.8	75.6	99	114	127	5.93e-28	93.2
7vrz	7vrz_B	3p5o	3p5o__chain0	81.1	99.1	83.5	106	107	127	2.6e-67	192.0
7vs1	7vs1_A	3p5o	3p5o__chain0	47.5	86.8	75.6	99	114	127	4.1899999999999995e-28	93.6
7vsf	7vsf_B	3p5o	3p5o__chain0	81.1	99.1	83.5	106	107	127	2.6e-67	192.0
7vto	7vto_A	2fvd	2fvd__chain0	31.0	95.0	97.9	284	262	284	2.55e-29	105.0
7vwe	7vwe_A	3b1m	3b1m__chain0	64.9	100.0	98.5	259	256	260	1.1899999999999999e-120	338.0
7vwf	7vwf_A	3b1m	3b1m__chain0	63.7	100.0	98.5	262	258	260	2.9999999999999996e-119	335.0
7vwg	7vwg_A	3b1m	3b1m__chain0	63.7	100.0	98.5	262	258	260	2.9999999999999996e-119	335.0
7vwh	7vwh_A	3b1m	3b1m__chain0	63.7	100.0	98.5	262	258	260	2.9999999999999996e-119	335.0
7w0g	7w0g_A	3b1m	3b1m__chain0	62.5	100.0	98.8	269	269	260	9.73e-121	339.0
7w1i	7w1i_A	1gpk	1gpk__chain0	32.5	92.6	90.9	498	497	529	1.16e-55	188.0
7w1l	7w1l_A	1gpk	1gpk__chain0	32.5	92.6	90.9	498	497	529	1.16e-55	188.0
7w3d	7w3d_A	3p5o	3p5o__chain0	94.0	100.0	91.3	116	110	127	5.12e-77	217.0
7w5o	7w5o_B	3e92	3e92__chain0	48.4	98.0	95.4	341	346	349	1.1999999999999999e-108	315.0
7w7x	7w7x_B	3pyy	3pyy__chain0	99.6	100.0	100.0	265	264	265	7.61e-203	547.0
7wa2	7wa2_A	1k1i	1k1i__chain0	100.0	100.0	100.0	223	223	223	4.94e-167	453.0
7wb6	7wb6_A	1k1i	1k1i__chain0	100.0	100.0	100.0	223	223	223	4.94e-167	453.0
7wb7	7wb7_A	1k1i	1k1i__chain0	100.0	100.0	100.0	223	223	223	4.94e-167	453.0
7wb8	7wb8_A	1k1i	1k1i__chain0	100.0	100.0	100.0	223	223	223	4.94e-167	453.0
7wb9	7wb9_A	1k1i	1k1i__chain0	100.0	100.0	100.0	223	223	223	4.94e-167	453.0
7wba	7wba_A	1k1i	1k1i__chain0	100.0	100.0	100.0	223	223	223	4.94e-167	453.0
7wbs	7wbs_A	1eby	1eby__chain0	100.0	100.0	100.0	99	99	99	8.539999999999999e-74	207.0
7wce	7wce_A	3ao4	3ao4__chain1	94.1	97.8	100.0	135	138	133	8.739999999999999e-89	248.0
7wcl	7wcl_B	3k5v	3k5v__chain0	40.6	92.0	90.6	271	287	286	9.73e-66	201.0
7wcq	7wcq_A	1eby	1eby__chain0	100.0	100.0	100.0	99	99	99	8.539999999999999e-74	207.0
7wdn	7wdn_A	2j78	2j78__chain0	50.5	99.3	99.1	444	444	443	2.45e-159	451.0
7wdo	7wdo_A	2j78	2j78__chain0	50.5	99.1	99.1	444	445	443	1.79e-159	452.0
7wdp	7wdp_A	2j78	2j78__chain0	50.5	99.1	99.1	444	445	443	1.79e-159	452.0
7wdr	7wdr_A	2j78	2j78__chain0	50.2	99.1	99.1	444	445	443	4.13e-158	448.0
7wds	7wds_A	2j78	2j78__chain0	50.5	99.3	99.1	444	444	443	2.45e-159	451.0
7wdv	7wdv_A	2j78	2j78__chain0	50.2	99.1	99.1	444	445	443	4.13e-158	448.0
7wf5	7wf5_A	3k5v	3k5v__chain0	45.7	94.6	92.3	265	261	286	2.82e-77	229.0
7wgl	7wgl_A	3u9q	3u9q__chain0	63.6	100.0	99.2	261	257	257	3.02e-118	332.0
7wgn	7wgn_A	3b1m	3b1m__chain0	64.0	100.0	98.8	264	261	260	2.0499999999999998e-120	338.0
7wgo	7wgo_A	2yfe	2yfe__chain0	96.0	99.3	99.6	274	276	264	5.53e-183	497.0
7wgp	7wgp_A	2yfe	2yfe__chain0	93.4	99.3	99.6	274	269	264	6.780000000000001e-173	471.0
7wgq	7wgq_A	2yfe	2yfe__chain0	96.0	98.9	99.6	274	277	264	5.76e-183	497.0
7wjs	7wjs_A	3p5o	3p5o__chain0	100.0	100.0	85.0	108	108	127	5.3e-83	232.0
7wky	7wky_C	3p5o	3p5o__chain0	100.0	100.0	86.6	110	110	127	4.92e-84	234.0
7wl4	7wl4_B	3p5o	3p5o__chain0	100.0	96.2	98.4	125	130	127	2.02e-95	264.0
7wln	7wln_A	3p5o	3p5o__chain0	42.6	100.0	83.5	108	108	127	1.67e-28	94.4
7wmq	7wmq_A	3p5o	3p5o__chain0	42.6	98.2	83.5	108	110	127	2.55e-28	94.0
7wmu	7wmu_A	3p5o	3p5o__chain0	47.5	88.4	75.6	99	112	127	3.89e-28	93.6
7wn5	7wn5_A	3p5o	3p5o__chain0	42.6	91.5	83.5	108	118	127	3.42e-28	94.0
7wna	7wna_B	3p5o	3p5o__chain0	43.4	99.1	81.9	106	107	127	2.28e-28	94.0
7wni	7wni_B	3p5o	3p5o__chain0	42.6	100.0	83.5	108	108	127	1.67e-28	94.4
7wwz	7wwz_A	3p5o	3p5o__chain0	100.0	99.2	98.4	125	126	127	3.46e-95	263.0
7x4u	7x4u_A	3e92	3e92__chain0	48.4	96.9	95.4	341	350	349	2.78e-108	314.0
7x6t	7x6t_A	3p5o	3p5o__chain0	100.0	100.0	97.6	124	124	127	6.42e-95	263.0
7xaf	7xaf_A	3pyy	3pyy__chain0	38.0	94.1	97.4	271	287	265	1.1700000000000001e-64	197.0
7xbi	7xbi_A	4m0y	4m0y__chain0	37.4	91.3	95.4	273	299	263	7.339999999999999e-60	186.0
7xc1	7xc1_B	3e92	3e92__chain0	48.4	98.0	95.4	341	346	349	1.1999999999999999e-108	315.0
7xh6	7xh6_B	3p5o	3p5o__chain0	33.3	90.3	79.5	102	113	127	5.05e-18	67.8
7xhe	7xhe_A	3p5o	3p5o__chain0	33.3	84.3	79.5	102	121	127	9.24e-18	67.4
7xhy	7xhy_A	3pyy	3pyy__chain0	43.4	89.3	92.1	258	270	265	1.3e-67	204.0
7xi0	7xi0_A	3p5o	3p5o__chain0	33.3	89.5	79.5	102	114	127	7.36e-18	67.4
7xm7	7xm7_A	3p5o	3p5o__chain0	33.3	90.3	79.5	102	113	127	5.05e-18	67.8
7xmk	7xmk_B	4qd6	4qd6__chain0	32.5	88.0	85.7	231	250	244	5.64e-31	108.0
7xn1	7xn1_B	1h23	1h23__chain0	58.7	99.6	99.8	528	528	528	1.17e-241	667.0
7xne	7xne_A	3p5o	3p5o__chain0	33.3	88.7	79.5	102	115	127	7.61e-18	67.4
7xng	7xng_A	3p5o	3p5o__chain0	33.3	90.3	79.5	102	113	127	5.05e-18	67.8
7xsv	7xsv_A	4k18	4k18__chain0	100.0	100.0	98.9	274	274	277	2.19e-212	572.0
7xvy	7xvy_B	4mgd	4mgd__chain1	60.5	100.0	96.2	228	224	236	1.76e-94	270.0
7xvz	7xvz_B	4mgd	4mgd__chain1	60.7	100.0	96.6	229	225	236	3.89e-96	274.0
7xwp	7xwp_B	4mgd	4mgd__chain1	60.7	100.0	96.6	229	225	236	3.89e-96	274.0
7xwq	7xwq_B	4mgd	4mgd__chain1	60.7	100.0	96.6	229	225	236	3.89e-96	274.0
7xwr	7xwr_B	4mgd	4mgd__chain1	60.7	100.0	96.6	229	225	236	3.89e-96	274.0
7xyh	7xyh_A	4eor	4eor__chain0	32.9	90.8	98.0	304	325	294	6.41e-41	138.0
7y0f	7y0f_C	4ty7	4ty7__chain0	42.0	97.1	99.6	243	242	238	3.05e-68	204.0
7y1g	7y1g_B	1q8t	1q8t__chain0	98.8	100.0	98.8	337	337	341	2.5700000000000003e-252	678.0
7y2a	7y2a_A	4jsz	4jsz__chain0	99.6	100.0	100.0	257	257	257	3.93e-199	537.0
7y2r	7y2r_A	4jsz	4jsz__chain0	99.6	100.0	100.0	257	257	257	3.93e-199	537.0
7y2s	7y2s_A	4jsz	4jsz__chain0	99.6	100.0	100.0	257	257	257	3.93e-199	537.0
7y2t	7y2t_A	4jsz	4jsz__chain0	99.6	100.0	100.0	257	257	257	3.93e-199	537.0
7y2u	7y2u_A	4jsz	4jsz__chain0	99.6	100.0	100.0	257	257	257	3.93e-199	537.0
7y2v	7y2v_A	4jsz	4jsz__chain0	99.6	100.0	100.0	257	257	257	3.93e-199	537.0
7y2w	7y2w_A	4jsz	4jsz__chain0	99.6	100.0	100.0	257	257	257	3.93e-199	537.0
7y2x	7y2x_A	4jsz	4jsz__chain0	99.6	100.0	100.0	257	257	257	3.93e-199	537.0
7y4t	7y4t_A	4twp	4twp__chain0	41.2	91.1	92.1	260	281	266	1.9800000000000002e-64	197.0
7y4u	7y4u_A	3pyy	3pyy__chain0	41.2	90.7	92.8	260	281	265	1.93e-64	197.0
7y8f	7y8f_A	4mgd	4mgd__chain1	98.3	98.3	99.2	234	236	236	1.06e-163	446.0
7y8g	7y8g_A	4mgd	4mgd__chain1	98.3	98.7	99.2	234	237	236	1.6299999999999999e-165	450.0
7ydx	7ydx_B	4m0y	4m0y__chain0	32.2	89.7	87.8	245	261	263	5.5e-32	112.0
7yl1	7yl1_A	3e92	3e92__chain0	47.7	99.1	97.1	352	352	349	1.57e-105	307.0
7yl2	7yl2_A	3p5o	3p5o__chain0	100.0	92.5	96.9	123	133	127	1.32e-94	262.0
7ymg	7ymg_A	3p5o	3p5o__chain0	100.0	100.0	96.9	123	123	127	2.51e-94	261.0
7ymk	7ymk_B	1qkt	1qkt__chain0	99.1	99.5	89.1	221	220	248	3.42e-154	421.0
7yq9	7yq9_A	3p5o	3p5o__chain0	100.0	100.0	96.9	123	123	127	2.51e-94	261.0
7ywt	7ywt_AAA	4jsz	4jsz__chain0	99.6	99.6	100.0	257	258	257	5.81e-199	536.0
7yxc	7yxc_A	1z95	1z95__chain0	54.8	98.0	99.2	241	245	238	4.89e-88	254.0
7yxd	7yxd_A	1z95	1z95__chain0	55.7	97.9	99.2	237	241	238	2.5799999999999998e-89	258.0
7yxn	7yxn_A	1z95	1z95__chain0	55.5	97.5	99.2	238	243	238	1.1200000000000001e-88	256.0
7yxo	7yxo_C	3b5r	3b5r__chain0	54.7	100.0	100.0	247	237	247	2.43e-88	255.0
7yxr	7yxr_A	1z95	1z95__chain0	55.0	98.0	99.2	240	244	238	5.79e-89	257.0
7yzh	7yzh_BBB	4jsz	4jsz__chain0	34.5	93.5	95.7	261	276	257	2.65e-37	126.0
7z1f	7z1f_B	2fvd	2fvd__chain0	35.4	81.9	95.1	280	321	284	1.78e-49	160.0
7z1g	7z1g_A	2fvd	2fvd__chain0	34.2	81.5	97.2	295	356	284	1.4e-51	167.0
7z25	7z25_A	1k1i	1k1i__chain0	100.0	100.0	100.0	223	223	223	4.94e-167	453.0
7z2i	7z2i_A	1k1i	1k1i__chain0	100.0	100.0	100.0	223	223	223	4.94e-167	453.0
7z39	7z39_A	4eor	4eor__chain0	31.7	90.2	98.0	303	327	294	1.95e-39	134.0
7z4v	7z4v_A	3uo4	3uo4__chain0	32.3	84.1	91.4	254	289	266	3.71e-35	121.0
7z5n	7z5n_H	1pxn	1pxn__chain0	31.5	93.2	96.3	298	307	294	8.130000000000001e-33	116.0
7z5w	7z5w_B	3k5v	3k5v__chain0	40.3	97.8	91.3	283	272	286	3.7899999999999995e-61	189.0
7z5x	7z5x_B	3k5v	3k5v__chain0	39.6	97.8	91.3	283	271	286	1.16e-59	185.0
7z6i	7z6i_AAA	3e92	3e92__chain0	98.9	99.4	99.4	348	350	349	1.1099999999999999e-256	690.0
7z6u	7z6u_A	2c3i	2c3i__chain0	98.9	98.5	100.0	266	268	266	1.04e-199	539.0
7z9t	7z9t_BBB	3e92	3e92__chain0	98.9	99.7	99.7	349	350	349	1.3500000000000001e-257	692.0
7z9w	7z9w_AAA	3p5o	3p5o__chain0	100.0	97.7	99.2	126	129	127	3.35e-96	266.0
7z9y	7z9y_AAA	3p5o	3p5o__chain0	100.0	97.7	99.2	126	129	127	3.35e-96	266.0
7z9z	7z9z_AAA	3uex	3uex__chain0	92.4	100.0	98.7	157	148	159	4.05e-100	278.0
7za0	7za0_AAA	3uew	3uew__chain0	98.1	100.0	99.4	155	153	156	2.61e-108	299.0
7za6	7za6_AAA	3p5o	3p5o__chain0	100.0	97.7	99.2	126	129	127	3.35e-96	266.0
7za7	7za7_AAA	3p5o	3p5o__chain0	100.0	97.7	99.2	126	129	127	3.35e-96	266.0
7za9	7za9_AAA	3p5o	3p5o__chain0	100.0	97.7	99.2	126	129	127	3.35e-96	266.0
7zaa	7zaa_AAA	3p5o	3p5o__chain0	100.0	97.7	99.2	126	129	127	3.35e-96	266.0
7zad	7zad_AAA	3p5o	3p5o__chain0	100.0	97.7	99.2	126	129	127	3.35e-96	266.0
7zae	7zae_AAA	3p5o	3p5o__chain0	100.0	97.7	99.2	126	129	127	3.35e-96	266.0
7zaj	7zaj_AAA	3p5o	3p5o__chain0	100.0	97.7	99.2	126	129	127	3.35e-96	266.0
7ze7	7ze7_AAA	3p5o	3p5o__chain0	100.0	97.7	99.2	126	129	127	3.35e-96	266.0
7zef	7zef_A	3p5o	3p5o__chain0	100.0	97.7	99.2	126	129	127	3.35e-96	266.0
7zen	7zen_AAA	3p5o	3p5o__chain0	100.0	97.7	99.2	126	129	127	3.35e-96	266.0
7zfn	7zfn_AAA	3p5o	3p5o__chain0	100.0	97.7	99.2	126	129	127	3.35e-96	266.0
7zfs	7zfs_AAA	3p5o	3p5o__chain0	100.0	97.7	99.2	126	129	127	3.35e-96	266.0
7zft	7zft_AAA	3p5o	3p5o__chain0	100.0	97.7	99.2	126	129	127	3.35e-96	266.0
7zfv	7zfv_A	3p5o	3p5o__chain0	100.0	97.7	99.2	126	129	127	3.35e-96	266.0
7zfy	7zfy_AAA	3p5o	3p5o__chain0	100.0	97.7	99.2	126	129	127	3.35e-96	266.0
7zg2	7zg2_AAA	3p5o	3p5o__chain0	100.0	97.7	99.2	126	129	127	3.35e-96	266.0
7zl5	7zl5_AAA	4jsz	4jsz__chain0	60.2	100.0	99.2	256	256	257	3.31e-110	312.0
7zl6	7zl6_AAA	4jsz	4jsz__chain0	99.6	99.6	100.0	257	258	257	5.81e-199	536.0
7zln	7zln_C	4bkt	4bkt__chain1	98.9	100.0	100.0	87	86	87	1.08e-59	171.0
7zlo	7zlo_C	4bkt	4bkt__chain1	100.0	98.9	100.0	87	88	87	4.23e-62	177.0
7zlp	7zlp_B	4bkt	4bkt__chain0	99.0	100.0	100.0	104	104	103	1.15e-71	202.0
7zlr	7zlr_B	4bkt	4bkt__chain0	99.0	100.0	100.0	104	104	103	1.15e-71	202.0
7zpc	7zpc_A	1pxn	1pxn__chain0	98.6	100.0	100.0	294	291	294	1.27e-215	582.0
7ztv	7ztv_A	1z95	1z95__chain0	98.3	98.8	100.0	240	243	238	6.49e-174	472.0
7ztx	7ztx_A	1z95	1z95__chain0	98.3	99.2	100.0	240	242	238	1.79e-173	471.0
7ztz	7ztz_A	1z95	1z95__chain0	98.3	98.8	100.0	240	243	238	9.23e-174	471.0
7zu1	7zu1_A	3g0w	3g0w__chain0	98.0	99.6	99.6	248	245	249	1.02e-180	489.0
7zu2	7zu2_A	1z95	1z95__chain0	98.7	98.8	100.0	239	242	238	4.39e-174	472.0
7zun	7zun_A	3jya	3jya__chain0	98.9	100.0	99.6	273	270	274	1.79e-207	559.0
7zw8	7zw8_A	3pyy	3pyy__chain0	39.4	93.7	100.0	282	301	265	1.16e-65	201.0
7zwb	7zwb_AAA	4jsz	4jsz__chain0	99.6	100.0	100.0	257	257	257	3.93e-199	537.0
7zwe	7zwe_A	4eor	4eor__chain0	31.7	90.2	98.0	303	327	294	1.95e-39	134.0
7zwg	7zwg_A	4eor	4eor__chain0	31.7	90.2	98.0	303	327	294	1.95e-39	134.0
7zy0	7zy0_A	4eor	4eor__chain0	31.7	90.2	98.0	303	327	294	1.95e-39	134.0
7zy2	7zy2_A	4eor	4eor__chain0	31.7	90.2	98.0	303	327	294	1.95e-39	134.0
7zy5	7zy5_A	4eor	4eor__chain0	31.6	89.9	97.3	301	326	294	2.8e-38	131.0
7zy6	7zy6_A	3pyy	3pyy__chain0	39.7	95.9	100.0	282	293	265	1.26e-65	200.0
7zy8	7zy8_A	4eor	4eor__chain0	31.6	90.2	97.3	301	325	294	2.73e-38	131.0
7zyd	7zyd_A	4eor	4eor__chain0	31.7	90.2	98.0	303	327	294	1.95e-39	134.0
7zyk	7zyk_A	4eor	4eor__chain0	31.7	90.2	98.0	303	327	294	1.95e-39	134.0
7zym	7zym_A	3mss	3mss__chain0	39.2	81.3	95.8	263	321	264	1.88e-60	188.0
7zyn	7zyn_A	3pyy	3pyy__chain0	39.2	82.3	96.6	263	317	265	1.5299999999999998e-61	191.0
7zyp	7zyp_A	3mss	3mss__chain0	39.0	86.9	95.8	267	305	264	2.29e-60	187.0
7zyq	7zyq_A	3mss	3mss__chain0	38.1	92.6	95.8	265	270	264	7.53e-58	179.0
8a1p	8a1p_B	3zsx	3zsx__chain0	93.3	98.6	100.0	149	143	149	2.74e-99	275.0
8a1q	8a1q_D	3ao4	3ao4__chain0	93.7	97.3	100.0	143	147	139	3.66e-96	267.0
8a27	8a27_A	3mss	3mss__chain0	37.4	92.6	95.8	265	269	264	1.16e-56	176.0
8a2a	8a2a_A	3mss	3mss__chain0	38.9	84.0	95.8	265	306	264	4.7099999999999996e-60	186.0
8a2b	8a2b_A	3mss	3mss__chain0	37.4	91.2	95.8	265	272	264	6.38e-57	177.0
8a2d	8a2d_A	3mss	3mss__chain0	37.7	90.7	95.8	265	281	264	3.38e-56	176.0
8a31	8a31_A	5a7b	5a7b__chain0	100.0	99.5	100.0	196	197	196	6.89e-154	417.0
8a32	8a32_A	5a7b	5a7b__chain0	100.0	99.5	100.0	196	197	196	6.89e-154	417.0
8a5j	8a5j_A	1pxn	1pxn__chain0	30.7	93.5	99.3	293	279	294	1.7100000000000001e-29	107.0
8a66	8a66_B	1ydr	1ydr__chain0	31.1	80.9	68.8	238	282	336	3.6999999999999997e-28	104.0
8a7i	8a7i_A	3p5o	3p5o__chain0	36.9	80.2	65.4	84	101	127	5.18e-10	46.6
8a92	8a92_B	5a7b	5a7b__chain0	100.0	99.5	100.0	196	197	196	6.89e-154	417.0
8aau	8aau_L	3k5v	3k5v__chain0	30.8	87.6	89.5	260	291	286	6.62e-33	116.0
8acm	8acm_AAA	4f9w	4f9w__chain0	99.1	99.4	100.0	336	337	336	5.86e-250	672.0
8aco	8aco_AAA	4f9w	4f9w__chain0	98.5	99.7	100.0	336	334	336	7.0700000000000004e-248	667.0
8adf	8adf_A	3fur	3fur__chain0	99.6	98.8	99.6	255	257	256	2.06e-178	484.0
8ae7	8ae7_A	4eor	4eor__chain0	31.7	90.2	98.0	303	327	294	1.95e-39	134.0
8aec	8aec_A	4eor	4eor__chain0	31.7	90.2	98.0	303	327	294	1.95e-39	134.0
8aek	8aek_A	4eor	4eor__chain0	31.7	90.2	98.0	303	327	294	1.95e-39	134.0
8aem	8aem_A	4eor	4eor__chain0	31.7	90.2	98.0	303	327	294	1.95e-39	134.0
8aen	8aen_B	1e66	1e66__chain0	58.2	99.8	100.0	534	535	532	2.5e-241	667.0
8aev	8aev_B	1e66	1e66__chain0	58.1	99.8	100.0	534	534	532	3.2199999999999997e-239	661.0
8afr	8afr_A	2c3i	2c3i__chain0	97.4	98.5	100.0	266	264	266	1.2099999999999999e-197	534.0
8agi	8agi_A	3rlr	3rlr__chain0	100.0	100.0	96.3	211	211	219	4.45e-150	409.0
8agj	8agj_A	3rlr	3rlr__chain0	99.5	99.5	96.3	211	212	219	7.6799999999999995e-149	406.0
8agl	8agl_A	3rlr	3rlr__chain0	99.5	100.0	96.3	211	211	219	1.27e-149	408.0
8ahg	8ahg_A	2br1	2br1__chain0	31.3	82.6	89.7	249	293	272	8.09e-26	97.1
8ahh	8ahh_A	2br1	2br1__chain0	31.3	82.6	89.7	249	293	272	8.09e-26	97.1
8ahi	8ahi_A	2br1	2br1__chain0	31.3	82.9	89.7	249	292	272	7.93e-26	97.1
8ai7	8ai7_F	1e66	1e66__chain0	53.2	100.0	98.9	526	525	532	1.4200000000000001e-223	621.0
8am1	8am1_A	1e66	1e66__chain0	53.3	100.0	99.1	527	527	532	1.63e-225	626.0
8am2	8am2_A	1e66	1e66__chain0	53.3	100.0	99.1	527	527	532	1.63e-225	626.0
8an8	8an8_B	4twp	4twp__chain0	40.5	88.6	92.1	247	263	266	9.85e-63	192.0
8ans	8ans_A	4twp	4twp__chain0	40.0	86.6	92.1	255	277	266	1.11e-62	192.0
8ao6	8ao6_A	3e92	3e92__chain0	48.6	96.2	91.4	327	338	349	4.769999999999999e-106	308.0
8aoa	8aoa_A	3e92	3e92__chain0	48.4	98.0	95.4	341	346	349	1.7e-108	315.0
8arj	8arj_A	4rfm	4rfm__chain0	41.7	82.9	85.1	228	275	249	2.56e-56	175.0
8ase	8ase_H	3bv9	3bv9__chain1	98.1	100.0	99.2	257	253	259	5.9600000000000005e-198	534.0
8asf	8asf_H	2zda	2zda__chain1	100.0	100.0	100.0	251	251	251	2.46e-199	537.0
8aty	8aty_A	2yfe	2yfe__chain0	96.0	98.9	99.6	274	277	264	5.76e-183	497.0
8atz	8atz_A	2yfe	2yfe__chain0	96.0	99.3	99.6	274	276	264	7.86e-183	497.0
8au3	8au3_B	4twp	4twp__chain0	39.9	87.2	92.1	258	281	266	6.39e-60	185.0
8au5	8au5_A	3pyy	3pyy__chain0	42.4	91.7	92.8	250	265	265	8.789999999999999e-67	202.0
8auz	8auz_A	2fvd	2fvd__chain0	34.1	82.1	97.2	293	351	284	3.1399999999999997e-52	168.0
8av1	8av1_A	2fvd	2fvd__chain0	34.1	82.1	97.2	293	351	284	3.1399999999999997e-52	168.0
8aw1	8aw1_B	4twp	4twp__chain0	42.0	90.9	92.1	250	264	266	1.24e-66	202.0
8b54	8b54_A	2xnb	2xnb__chain0	100.0	100.0	98.6	292	292	296	4.43e-219	590.0
8b5g	8b5g_AAA	3p5o	3p5o__chain0	42.6	97.3	83.5	108	111	127	3.75e-28	93.6
8b5h	8b5h_AAA	3p5o	3p5o__chain0	47.5	88.4	75.6	99	112	127	3.89e-28	93.6
8b5i	8b5i_AAA	3p5o	3p5o__chain0	47.5	88.4	75.6	99	112	127	3.89e-28	93.6
8b5j	8b5j_AAA	3p5o	3p5o__chain0	42.6	95.6	83.5	108	113	127	4.04e-28	93.6
8b6m	8b6m_C	4j21	4j21__chain0	100.0	100.0	77.5	162	162	209	1.65e-123	340.0
8b80	8b80_A	2cet	2cet__chain0	38.2	99.6	100.0	474	474	435	9.58e-106	315.0
8b8x	8b8x_A	2yfe	2yfe__chain0	97.7	99.3	98.5	266	268	264	1.34e-181	493.0
8b8z	8b8z_B	3b1m	3b1m__chain0	98.4	98.8	93.5	243	243	260	1.66e-163	446.0
8b90	8b90_A	2yfe	2yfe__chain0	97.3	99.2	97.7	261	259	264	2.35e-175	477.0
8b91	8b91_B	3b1m	3b1m__chain0	97.5	98.8	93.5	243	241	260	3.6e-162	443.0
8b96	8b96_A	3p5o	3p5o__chain0	100.0	100.0	100.0	127	127	127	1.07e-96	267.0
8b98	8b98_A	3p5o	3p5o__chain0	100.0	100.0	100.0	127	127	127	1.07e-96	267.0
8bdi	8bdi_K	4w9c	4w9c__chain1	100.0	98.9	100.0	86	87	86	2.28e-61	175.0
8bdj	8bdj_K	4bkt	4bkt__chain1	100.0	98.9	100.0	87	88	87	4.23e-62	177.0
8bdl	8bdl_L	4w9c	4w9c__chain2	99.3	98.6	100.0	141	143	140	1.79e-102	283.0
8bdm	8bdm_B	4w9c	4w9c__chain1	100.0	98.9	100.0	86	87	86	2.28e-61	175.0
8bdn	8bdn_I	4w9c	4w9c__chain2	99.3	95.9	100.0	141	147	140	1.05e-102	284.0
8bdo	8bdo_B	4w9c	4w9c__chain1	100.0	98.9	100.0	86	87	86	2.28e-61	175.0
8bfm	8bfm_A	1nvq	1nvq__chain0	32.4	85.7	92.8	256	265	264	4.2200000000000005e-33	115.0
8bfs	8bfs_A	1ydr	1ydr__chain0	32.9	92.0	80.1	277	274	336	5.490000000000001e-47	154.0
8bgc	8bgc_A	4eor	4eor__chain0	31.9	89.6	98.0	301	326	294	4.96e-40	136.0
8bi2	8bi2_A	4twp	4twp__chain0	42.5	93.6	93.2	252	266	266	1.33e-66	202.0
8bik	8bik_A	1nvq	1nvq__chain0	34.9	55.9	94.3	258	451	264	2.9500000000000003e-43	147.0
8bin	8bin_A	3k5v	3k5v__chain0	41.0	91.7	88.5	256	264	286	4.06e-64	196.0
8bio	8bio_A	3k5v	3k5v__chain0	41.0	89.4	88.5	256	273	286	7.77e-64	196.0
8bjt	8bjt_A	3e5a	3e5a__chain0	33.2	86.6	94.7	253	292	265	2.33e-50	161.0
8bjx	8bjx_AAA	4jsz	4jsz__chain0	99.6	99.6	100.0	257	258	257	5.81e-199	536.0
8bk0	8bk0_A	4rfm	4rfm__chain0	41.6	91.7	95.6	245	266	249	7.2000000000000005e-65	197.0
8bm2	8bm2_A	4gfm	4gfm__chain0	99.3	97.0	100.0	291	300	291	1.2999999999999999e-221	597.0
8bm8	8bm8_A	3qgy	3qgy__chain0	41.8	91.0	98.8	244	268	245	1.0600000000000001e-66	201.0
8bn2	8bn2_B	1vso	1vso__chain0	41.9	95.4	98.4	253	263	243	1.35e-65	198.0
8bn5	8bn5_B	4dld	4dld__chain1	41.4	95.1	97.2	256	267	254	3.8200000000000004e-66	200.0
8bo3	8bo3_AAA	4cr9	4cr9__chain0	98.7	100.0	99.2	236	236	238	4.21e-184	497.0
8bo4	8bo4_AAA	4crc	4crc__chain0	96.6	100.0	99.6	236	231	237	3.43e-177	479.0
8bo5	8bo5_AAA	4cr9	4cr9__chain0	98.7	100.0	99.2	236	236	238	4.21e-184	497.0
8bo6	8bo6_AAA	4cr9	4cr9__chain0	98.7	100.0	99.6	237	237	238	1.0800000000000001e-184	499.0
8bo7	8bo7_AAA	4cr9	4cr9__chain0	98.7	100.0	99.2	236	236	238	4.21e-184	497.0
8boc	8boc_A	3pyy	3pyy__chain0	42.1	91.5	94.3	254	271	265	5.3799999999999997e-67	203.0
8bod	8bod_A	3qgy	3qgy__chain0	41.8	90.7	98.8	244	268	245	6.82e-65	197.0
8boe	8boe_AAA	4jsz	4jsz__chain0	99.6	100.0	100.0	257	257	257	3.93e-199	537.0
8bog	8bog_A	3qgy	3qgy__chain0	41.8	89.3	98.8	244	272	245	1.1e-64	196.0
8boh	8boh_A	3qgy	3qgy__chain0	42.2	90.3	98.8	244	269	245	4.39e-66	200.0
8boi	8boi_A	3qgy	3qgy__chain0	42.2	90.3	98.8	244	269	245	4.39e-66	200.0
8bok	8bok_A	3k5v	3k5v__chain0	41.9	91.1	88.5	260	280	286	2.73e-66	202.0
8bom	8bom_A	3qgy	3qgy__chain0	42.2	90.6	98.8	244	267	245	2.64e-64	195.0
8bpv	8bpv_A	4gfm	4gfm__chain0	99.3	97.0	100.0	291	300	291	1.2999999999999999e-221	597.0
8bpw	8bpw_A	4gfm	4gfm__chain0	99.3	97.0	100.0	291	300	291	1.2999999999999999e-221	597.0
8bst	8bst_D	4dld	4dld__chain1	85.5	100.0	97.6	248	247	254	2.13e-161	441.0
8bsu	8bsu_F	4dld	4dld__chain1	85.5	100.0	98.0	249	248	254	9.440000000000002e-163	444.0
8btw	8btw_A	4de2	4de2__chain0	44.8	96.6	97.3	259	266	260	1.01e-64	197.0
8bu2	8bu2_E	2xnb	2xnb__chain0	43.0	92.3	97.0	305	325	296	6.06e-77	231.0
8bu3	8bu3_E	2xnb	2xnb__chain0	43.0	92.3	97.0	305	325	296	6.06e-77	231.0
8bu4	8bu4_E	2xnb	2xnb__chain0	43.0	92.3	97.0	305	325	296	6.06e-77	231.0
8bu5	8bu5_E	2xnb	2xnb__chain0	43.0	90.6	97.0	305	331	296	3.69e-77	232.0
8bu6	8bu6_H	2xnb	2xnb__chain0	43.0	92.6	97.0	305	324	296	5.8700000000000005e-77	231.0
8bu7	8bu7_B	2xnb	2xnb__chain0	43.0	91.2	97.0	305	329	296	6.92e-77	231.0
8bu9	8bu9_H	2xnb	2xnb__chain0	43.0	92.6	97.0	305	324	296	5.8700000000000005e-77	231.0
8bua	8bua_E	2xnb	2xnb__chain0	43.0	94.0	97.0	305	319	296	4.9700000000000005e-77	231.0
8bub	8bub_B	2xnb	2xnb__chain0	43.0	91.7	97.0	305	327	296	6.48e-77	231.0
8buc	8buc_E	2xnb	2xnb__chain0	43.0	92.3	97.0	305	325	296	6.06e-77	231.0
8bud	8bud_B	2xnb	2xnb__chain0	43.0	91.2	97.0	305	329	296	6.92e-77	231.0
8bue	8bue_E	2xnb	2xnb__chain0	43.0	92.3	97.0	305	325	296	6.06e-77	231.0
8buf	8buf_H	2xnb	2xnb__chain0	43.0	94.3	97.0	305	318	296	4.81e-77	231.0
8bug	8bug_E	2xnb	2xnb__chain0	43.0	92.3	97.0	305	325	296	6.06e-77	231.0
8buh	8buh_H	2xnb	2xnb__chain0	43.0	94.0	97.0	305	319	296	4.9700000000000005e-77	231.0
8bui	8bui_H	2xnb	2xnb__chain0	43.0	92.6	97.0	305	324	296	5.8700000000000005e-77	231.0
8buj	8buj_B	2xnb	2xnb__chain0	43.0	91.7	97.0	305	327	296	6.48e-77	231.0
8buk	8buk_E	2xnb	2xnb__chain0	43.0	92.3	97.0	305	325	296	6.06e-77	231.0
8bul	8bul_H	2xnb	2xnb__chain0	43.0	93.8	97.0	305	320	296	5.1400000000000004e-77	231.0
8bum	8bum_E	2xnb	2xnb__chain0	43.0	92.3	97.0	305	325	296	6.06e-77	231.0
8bun	8bun_E	2xnb	2xnb__chain0	43.0	92.3	97.0	305	325	296	6.06e-77	231.0
8buo	8buo_B	2xnb	2xnb__chain0	43.0	92.0	97.0	305	326	296	6.27e-77	231.0
8bup	8bup_B	2xnb	2xnb__chain0	43.0	95.8	97.0	305	313	296	2.88e-77	232.0
8buq	8buq_B	2xnb	2xnb__chain0	43.5	92.2	97.0	301	321	296	1.33e-77	233.0
8bus	8bus_B	2xnb	2xnb__chain0	43.0	92.3	97.0	305	325	296	6.06e-77	231.0
8but	8but_B	2xnb	2xnb__chain0	43.0	92.3	97.0	305	325	296	6.06e-77	231.0
8buv	8buv_B	3zsx	3zsx__chain0	94.0	98.6	100.0	149	144	149	7e-100	277.0
8bv2	8bv2_A	3ao4	3ao4__chain1	94.0	99.2	100.0	133	131	133	2.2899999999999998e-89	249.0
8bv4	8bv4_A	4de2	4de2__chain0	45.2	97.0	97.3	259	265	260	4.86e-65	197.0
8bx6	8bx6_A	4gfm	4gfm__chain0	99.3	97.0	100.0	291	300	291	1.2999999999999999e-221	597.0
8bx9	8bx9_A	4gfm	4gfm__chain0	99.3	97.0	100.0	291	300	291	1.2999999999999999e-221	597.0
8bxc	8bxc_A	4jia	4jia__chain0	99.3	100.0	97.7	293	293	300	1.4300000000000002e-223	602.0
8bxh	8bxh_A	4gfm	4gfm__chain0	99.3	97.0	100.0	291	300	291	1.2999999999999999e-221	597.0
8bzi	8bzi_A	3myg	3myg__chain0	31.7	87.6	94.4	240	267	252	1.98e-36	124.0
8bzj	8bzj_B	3myg	3myg__chain0	31.7	88.3	94.4	240	265	252	1.88e-36	124.0
8bzp	8bzp_A	3e92	3e92__chain0	47.6	99.4	97.1	353	350	349	3.3499999999999995e-104	304.0
8bzs	8bzs_A	3ebp	3ebp__chain0	99.9	100.0	100.0	810	810	810	0.0	1637.0
8bzz	8bzz_AAA	4jsz	4jsz__chain0	99.6	99.6	100.0	257	258	257	5.81e-199	536.0
8c0q	8c0q_A	4jsz	4jsz__chain0	99.6	98.5	100.0	257	261	257	4.62e-199	537.0
8c0r	8c0r_A	4jsz	4jsz__chain0	99.6	98.8	100.0	257	260	257	3.12e-199	537.0
8c14	8c14_A	3e5a	3e5a__chain0	99.6	100.0	99.6	264	264	265	9.97e-199	536.0
8c15	8c15_A	3e5a	3e5a__chain0	98.5	100.0	99.2	263	259	265	1.76e-193	523.0
8c1d	8c1d_A	3e5a	3e5a__chain0	98.9	100.0	98.9	262	259	265	1.24e-193	523.0
8c1e	8c1e_A	3e5a	3e5a__chain0	99.6	100.0	98.9	262	262	265	3.0799999999999994e-197	533.0
8c1f	8c1f_A	3e5a	3e5a__chain0	98.1	100.0	99.2	263	258	265	1.39e-192	521.0
8c1g	8c1g_A	3e5a	3e5a__chain0	98.5	100.0	98.9	262	258	265	9.8e-193	521.0
8c1h	8c1h_A	3e5a	3e5a__chain0	98.5	100.0	98.9	262	258	265	9.8e-193	521.0
8c1i	8c1i_A	3e5a	3e5a__chain0	98.9	100.0	99.2	263	260	265	2.24e-194	525.0
8c1k	8c1k_A	3e5a	3e5a__chain0	99.2	100.0	98.9	262	262	265	7.249999999999999e-196	529.0
8c1m	8c1m_A	3e5a	3e5a__chain0	99.6	100.0	99.2	263	263	265	5.54e-198	535.0
8c2z	8c2z_A	1pxn	1pxn__chain0	32.0	93.4	96.3	316	334	294	1.98e-34	121.0
8c3b	8c3b_AAA	1o0h	1o0h__chain0	100.0	100.0	100.0	124	124	124	4.43e-90	250.0
8c3g	8c3g_D	1pxn	1pxn__chain0	30.0	93.5	96.3	323	337	294	2.15e-33	119.0
8c5q	8c5q_A	4eor	4eor__chain0	31.7	89.7	98.0	303	329	294	2.87e-39	134.0
8c6l	8c6l_A	4eor	4eor__chain0	31.7	89.9	98.0	303	328	294	3.91e-39	134.0
8c6m	8c6m_A	4eor	4eor__chain0	31.7	89.9	98.0	303	328	294	3.91e-39	134.0
8c6n	8c6n_A	4eor	4eor__chain0	31.7	89.9	98.0	303	328	294	3.91e-39	134.0
8c6p	8c6p_A	2v00	2v00__chain0	100.0	100.0	100.0	330	330	330	8.07e-231	623.0
8c6q	8c6q_A	2v00	2v00__chain0	100.0	100.0	100.0	330	330	330	8.07e-231	623.0
8c6s	8c6s_A	2v00	2v00__chain0	100.0	100.0	100.0	330	330	330	8.07e-231	623.0
8c6t	8c6t_A	2v00	2v00__chain0	100.0	100.0	100.0	330	330	330	8.07e-231	623.0
8c70	8c70_A	2v00	2v00__chain0	100.0	100.0	100.0	330	330	330	8.07e-231	623.0
8c71	8c71_A	2v00	2v00__chain0	99.4	100.0	100.0	330	328	330	3.38e-227	614.0
8c72	8c72_A	2v00	2v00__chain0	100.0	100.0	100.0	330	330	330	8.07e-231	623.0
8c74	8c74_A	2v00	2v00__chain0	100.0	100.0	100.0	330	330	330	8.07e-231	623.0
8c7x	8c7x_A	3k5v	3k5v__chain0	31.4	99.6	93.0	283	274	286	1.5199999999999998e-34	120.0
8c7y	8c7y_A	3k5v	3k5v__chain0	31.6	100.0	93.7	285	275	286	2.07e-35	122.0
8cbr	8cbr_B	3zsx	3zsx__chain0	93.2	99.3	99.3	148	141	149	1.4599999999999999e-98	273.0
8cbs	8cbs_D	3zsx	3zsx__chain0	93.3	97.9	100.0	149	144	149	2.85e-99	275.0
8cbt	8cbt_D	3zsx	3zsx__chain0	93.3	99.3	100.0	149	142	149	3.7300000000000004e-99	275.0
8cbu	8cbu_D	3zsx	3zsx__chain0	93.3	99.3	100.0	149	142	149	3.7300000000000004e-99	275.0
8cbv	8cbv_B	3zsx	3zsx__chain0	93.3	98.6	99.3	149	144	149	1.59e-96	268.0
8cdx	8cdx_AAA	4jsz	4jsz__chain0	60.2	99.6	99.2	256	257	257	3.4400000000000004e-110	312.0
8cdz	8cdz_AAA	4jsz	4jsz__chain0	60.2	99.6	99.2	256	257	257	3.4400000000000004e-110	312.0
8cgc	8cgc_A	3mss	3mss__chain0	38.9	88.4	95.8	275	311	264	3.48e-64	197.0
8cgo	8cgo_A	1e66	1e66__chain0	53.3	100.0	99.1	527	527	532	1.63e-225	626.0
8cie	8cie_A	1pxn	1pxn__chain0	37.8	98.2	95.2	291	280	294	3.43e-57	179.0
8ckf	8ckf_A	3p5o	3p5o__chain0	99.2	100.0	96.9	123	123	127	1.02e-93	259.0
8co0	8co0_A	4jsz	4jsz__chain0	33.8	99.6	99.2	260	251	257	7.31e-41	135.0
8co3	8co3_A	4jsz	4jsz__chain0	35.2	99.2	99.2	264	260	257	2.99e-46	149.0
8cqe	8cqe_H	4w9c	4w9c__chain1	100.0	100.0	100.0	86	86	86	2.1899999999999998e-61	175.0
8cqk	8cqk_B	4bkt	4bkt__chain1	100.0	98.9	100.0	87	88	87	4.23e-62	177.0
8cql	8cql_B	4bkt	4bkt__chain1	100.0	98.9	100.0	87	88	87	4.23e-62	177.0
8ct7	8ct7_A	3zsx	3zsx__chain0	94.6	97.9	100.0	149	146	149	4.58e-101	280.0
8cta	8cta_I	4cig	4cig__chain0	97.3	100.0	100.0	147	145	147	1.49e-103	286.0
8cur	8cur_A	2fvd	2fvd__chain0	95.8	100.0	99.3	283	274	284	2.48e-197	534.0
8d3s	8d3s_A	3ao4	3ao4__chain1	94.7	98.5	100.0	133	132	133	6.839999999999999e-89	248.0
8d73	8d73_A	3mss	3mss__chain0	39.0	85.8	95.8	267	309	264	2.6e-60	187.0
8d76	8d76_A	3mss	3mss__chain0	39.0	84.9	95.8	267	312	264	2.85e-60	187.0
8d8i	8d8i_A	2p4y	2p4y__chain1	38.0	80.1	71.4	163	201	227	4.4400000000000004e-29	102.0
8d95	8d95_A	1k1i	1k1i__chain0	35.4	99.5	99.6	226	221	223	2.16e-45	144.0
8dc6	8dc6_D	5a7b	5a7b__chain0	93.8	97.9	99.0	194	192	196	6.75e-137	374.0
8dch	8dch_A	1g2k	1g2k__chain0	76.8	100.0	100.0	99	99	99	3.12e-58	168.0
8dea	8dea_A	1k1i	1k1i__chain0	35.4	99.5	99.6	226	217	223	3.3599999999999997e-46	146.0
8deg	8deg_A	4e5w	4e5w__chain1	34.2	80.9	91.8	263	267	280	3.05e-34	119.0
8dg6	8dg6_A	1k1i	1k1i__chain0	35.3	100.0	99.1	224	212	223	8.049999999999999e-46	145.0
8dj9	8dj9_A	4jsz	4jsz__chain0	99.6	99.6	100.0	257	258	257	5.81e-199	536.0
8djc	8djc_A	2fvd	2fvd__chain0	33.6	83.1	97.2	292	331	284	1.29e-48	158.0
8djd	8djd_A	2fvd	2fvd__chain0	33.7	83.4	97.2	291	338	284	1.32e-50	164.0
8dje	8dje_A	2fvd	2fvd__chain0	34.0	83.6	97.2	297	347	284	6.06e-51	165.0
8dk4	8dk4_A	2yfe	2yfe__chain0	95.9	100.0	98.1	270	270	264	1.98e-179	488.0
8dpo	8dpo_A	4jsz	4jsz__chain0	30.5	98.6	98.1	256	222	257	4.5300000000000004e-26	95.5
8dqf	8dqf_A	4jsz	4jsz__chain0	30.5	98.6	98.1	256	222	257	4.5300000000000004e-26	95.5
8dr2	8dr2_A	4jsz	4jsz__chain0	30.5	98.6	98.1	256	222	257	4.5300000000000004e-26	95.5
8drb	8drb_A	4jsz	4jsz__chain0	30.5	98.6	98.1	256	222	257	4.5300000000000004e-26	95.5
8dsw	8dsw_A	3mss	3mss__chain0	37.7	79.2	89.4	252	307	264	1.18e-54	172.0
8dsy	8dsy_A	2yfe	2yfe__chain0	99.6	100.0	97.0	256	256	264	1.37e-180	490.0
8dsz	8dsz_A	3u9q	3u9q__chain0	98.8	100.0	99.6	259	259	257	9.819999999999999e-180	488.0
8dt4	8dt4_A	1e66	1e66__chain0	57.8	99.6	100.0	538	540	532	2.01e-239	662.0
8dt5	8dt5_A	1e66	1e66__chain0	57.8	99.6	100.0	538	540	532	2.01e-239	662.0
8du6	8du6_A	2pog	2pog__chain1	97.7	92.6	99.1	213	229	211	6.08e-144	394.0
8du8	8du8_B	2qe4	2qe4__chain1	98.0	90.8	98.5	201	218	204	3.13e-137	377.0
8du9	8du9_B	2pog	2pog__chain1	96.7	95.3	100.0	211	215	211	2.73e-141	387.0
8dub	8dub_A	2pog	2pog__chain1	97.6	92.1	98.1	211	228	211	4.8e-143	392.0
8duc	8duc_A	2pog	2pog__chain1	95.2	93.1	97.2	208	218	211	2.32e-136	375.0
8dug	8dug_B	2qe4	2qe4__chain0	97.1	94.4	99.0	205	214	207	2.0899999999999998e-137	377.0
8duh	8duh_B	2qe4	2qe4__chain0	98.5	93.2	99.0	206	219	207	1.61e-140	385.0
8dui	8dui_B	2qe4	2qe4__chain1	98.0	93.8	97.5	199	208	204	5.99e-137	375.0
8duk	8duk_A	1qkt	1qkt__chain0	97.5	100.0	98.0	243	238	248	2.2500000000000002e-166	453.0
8dus	8dus_H	2pog	2pog__chain1	97.2	91.5	100.0	211	224	211	2.64e-139	382.0
8dv5	8dv5_A	2pog	2pog__chain1	96.7	93.0	98.6	214	229	211	3.52e-143	392.0
8dv7	8dv7_A	2pog	2pog__chain1	96.3	91.9	99.1	216	234	211	2.13e-143	393.0
8dv8	8dv8_A	2qe4	2qe4__chain1	96.0	92.8	98.5	201	208	204	3.88e-133	366.0
8dvb	8dvb_A	1qkt	1qkt__chain0	98.0	100.0	98.4	244	240	248	5.14e-168	457.0
8dyr	8dyr_B	3p5o	3p5o__chain0	100.0	100.0	100.0	127	127	127	1.07e-96	267.0
8e17	8e17_B	3p5o	3p5o__chain0	100.0	100.0	100.0	127	127	127	1.07e-96	267.0
8e1a	8e1a_A	3g0w	3g0w__chain0	99.6	99.6	100.0	249	250	249	7.01e-187	505.0
8e1x	8e1x_B	3k5v	3k5v__chain0	41.7	93.9	89.2	276	293	286	5.72e-72	217.0
8e3w	8e3w_B	3p5o	3p5o__chain0	100.0	100.0	100.0	127	127	127	1.07e-96	267.0
8e4t	8e4t_A	3k5v	3k5v__chain0	38.3	96.3	90.9	266	268	286	1.1699999999999999e-55	174.0
8e80	8e80_A	1nvq	1nvq__chain0	95.3	100.0	97.3	258	258	264	3.5399999999999997e-188	509.0
8e81	8e81_A	1nvq	1nvq__chain0	94.7	100.0	98.9	262	260	264	1.9e-188	510.0
8ead	8ead_A	3p5o	3p5o__chain0	100.0	100.0	100.0	127	127	127	1.07e-96	267.0
8ebr	8ebr_A	4de2	4de2__chain0	45.2	97.0	97.3	259	265	260	4.86e-65	197.0
8efj	8efj_A	4f9w	4f9w__chain0	98.2	97.7	100.0	340	348	336	2.6199999999999996e-249	671.0
8ejb	8ejb_A	4m0y	4m0y__chain0	58.5	96.3	98.9	260	270	263	2.48e-117	331.0
8em3	8em3_A	4jsz	4jsz__chain0	99.6	100.0	100.0	257	257	257	3.93e-199	537.0
8em8	8em8_A	3ag9	3ag9__chain0	38.7	35.4	86.5	279	779	319	7.16e-66	215.0
8emu	8emu_A	4jsz	4jsz__chain0	99.6	100.0	100.0	257	257	257	3.93e-199	537.0
8enj	8enj_A	3e93	3e93__chain0	47.0	99.1	97.1	349	333	347	4.51e-102	298.0
8eq5	8eq5_A	1ydr	1ydr__chain0	39.1	93.8	81.8	279	289	336	1.0899999999999999e-74	226.0
8erd	8erd_A	2fvd	2fvd__chain0	98.3	99.7	100.0	289	290	284	3.02e-209	565.0
8ern	8ern_A	2fvd	2fvd__chain0	98.3	99.7	99.3	287	288	284	1.3199999999999999e-207	561.0
8esx	8esx_A	1g2k	1g2k__chain0	94.9	100.0	100.0	99	99	99	4.59e-69	195.0
8esy	8esy_B	1g2k	1g2k__chain0	93.9	100.0	100.0	99	99	99	2.66e-68	193.0
8ev1	8ev1_A	2p15	2p15__chain1	98.7	99.6	98.8	239	237	242	5.2e-168	457.0
8ev2	8ev2_A	4mgd	4mgd__chain1	99.1	100.0	99.2	234	233	236	1.97e-165	450.0
8exc	8exc_A	4jsz	4jsz__chain0	99.6	100.0	100.0	257	257	257	3.93e-199	537.0
8exg	8exg_A	4jsz	4jsz__chain0	99.6	100.0	100.0	257	257	257	3.93e-199	537.0
8exk	8exk_A	1bzc	1bzc__chain0	98.6	99.7	99.7	296	297	297	5.869999999999999e-221	595.0
8exm	8exm_A	1bzc	1bzc__chain0	98.3	99.7	100.0	297	298	297	8.689999999999999e-221	595.0
8exn	8exn_A	1bzc	1bzc__chain0	98.0	99.7	100.0	297	296	297	8.97e-218	587.0
8eyc	8eyc_A	1bzc	1bzc__chain0	98.3	99.7	100.0	297	298	297	3.5399999999999998e-220	593.0
8eyl	8eyl_A	4jsz	4jsz__chain0	99.6	100.0	100.0	257	257	257	3.93e-199	537.0
8f1z	8f1z_A	3pyy	3pyy__chain0	39.4	84.5	96.6	264	310	265	1.5599999999999999e-62	193.0
8f7o	8f7o_A	3k5v	3k5v__chain0	31.2	99.2	93.0	279	263	286	1.07e-35	122.0
8f7p	8f7p_B	4hge	4hge__chain0	31.4	93.6	94.4	280	265	286	2.6900000000000003e-31	111.0
8f88	8f88_A	1bzc	1bzc__chain0	98.3	100.0	99.7	296	296	297	1.33e-219	592.0
8fal	8fal_A	4jsz	4jsz__chain0	99.6	100.0	100.0	257	257	257	3.93e-199	537.0
8fau	8fau_A	4jsz	4jsz__chain0	99.6	100.0	99.6	256	256	257	5.35e-199	536.0
8fe2	8fe2_A	1q8t	1q8t__chain0	98.5	83.9	99.1	338	403	341	3.63e-251	678.0
8fe5	8fe5_B	1q8t	1q8t__chain0	98.5	83.9	99.1	338	403	341	3.63e-251	678.0
8fec	8fec_A	1q8t	1q8t__chain0	98.5	83.7	99.1	338	404	341	3.78e-251	678.0
8ff8	8ff8_B	2fvd	2fvd__chain0	34.1	83.2	97.2	293	346	284	2.74e-52	168.0
8fgy	8fgy_A	1z95	1z95__chain0	97.1	99.6	100.0	240	241	238	4.53e-169	459.0
8fgz	8fgz_A	3b5r	3b5r__chain0	97.2	100.0	100.0	247	243	247	1.6199999999999998e-176	479.0
8fh0	8fh0_A	1z95	1z95__chain0	97.5	99.6	100.0	240	241	238	5.509999999999999e-170	462.0
8fh1	8fh1_A	1z95	1z95__chain0	97.9	99.6	100.0	240	241	238	3.32e-171	465.0
8fh2	8fh2_A	3b5r	3b5r__chain0	98.4	100.0	100.0	247	245	247	1.1100000000000002e-179	487.0
8fhf	8fhf_A	3b1m	3b1m__chain0	100.0	100.0	99.2	258	258	260	1.8999999999999998e-182	495.0
8fhm	8fhm_A	1o0h	1o0h__chain0	100.0	100.0	100.0	124	124	124	4.43e-90	250.0
8flg	8flg_A	4m0y	4m0y__chain0	57.3	98.1	98.9	260	261	263	4.25e-111	315.0
8flh	8flh_A	4m0y	4m0y__chain0	58.5	97.4	98.9	260	266	263	7.050000000000001e-116	327.0
8fll	8fll_A	4m0y	4m0y__chain0	58.5	98.5	98.9	260	264	263	2.8000000000000002e-117	330.0
8fln	8fln_A	4m0y	4m0y__chain0	58.1	98.9	98.9	260	263	263	1.27e-115	326.0
8flv	8flv_A	4m0y	4m0y__chain0	58.5	97.4	98.9	260	267	263	2.21e-117	331.0
8fow	8fow_A	2fvd	2fvd__chain0	95.1	100.0	99.3	284	275	284	2.88e-194	526.0
8fp1	8fp1_A	1ydr	1ydr__chain0	42.2	91.8	87.8	301	328	336	1.23e-81	245.0
8fp3	8fp3_A	1ydr	1ydr__chain0	42.2	90.9	87.8	301	331	336	1.36e-81	245.0
8fqx	8fqx_A	4jsz	4jsz__chain0	99.6	100.0	100.0	257	257	257	3.93e-199	537.0
8fqy	8fqy_A	4jsz	4jsz__chain0	99.6	100.0	100.0	257	257	257	3.93e-199	537.0
8fqz	8fqz_A	4jsz	4jsz__chain0	99.6	100.0	100.0	257	257	257	3.93e-199	537.0
8fr1	8fr1_A	4jsz	4jsz__chain0	96.9	100.0	100.0	257	257	257	4.2300000000000005e-194	524.0
8fr2	8fr2_A	4jsz	4jsz__chain0	96.9	100.0	100.0	257	257	257	4.2300000000000005e-194	524.0
8fr4	8fr4_A	4jsz	4jsz__chain0	96.9	100.0	100.0	257	257	257	4.2300000000000005e-194	524.0
8ft4	8ft4_A	3f3c	3f3c__chain0	100.0	99.8	99.6	507	508	509	0.0	1000.0
8fui	8fui_A	1g2k	1g2k__chain0	94.9	100.0	100.0	99	99	99	4.59e-69	195.0
8fv2	8fv2_B	3p5o	3p5o__chain0	33.3	88.7	79.5	102	115	127	7.61e-18	67.4
8fv3	8fv3_A	3mss	3mss__chain0	38.4	83.9	95.8	263	299	264	5.990000000000001e-59	183.0
8fv4	8fv4_B	3mss	3mss__chain0	38.9	86.5	95.8	265	303	264	2.15e-60	187.0
8fvf	8fvf_B	3p5o	3p5o__chain0	33.3	90.3	79.5	102	113	127	1.27e-18	69.3
8fvk	8fvk_B	3p5o	3p5o__chain0	100.0	100.0	100.0	127	127	127	1.07e-96	267.0
8fxa	8fxa_A	3p5o	3p5o__chain0	33.3	88.7	79.5	102	115	127	7.61e-18	67.4
8fxn	8fxn_A	3p5o	3p5o__chain0	33.3	89.5	79.5	102	114	127	5.22e-18	67.8
8fxo	8fxo_A	3p5o	3p5o__chain0	33.3	89.5	79.5	102	114	127	5.22e-18	67.8
8fxq	8fxq_A	3uri	3uri__chain0	39.7	92.3	92.4	310	324	328	2.58e-51	166.0
8g63	8g63_A	3pyy	3pyy__chain0	39.2	82.1	90.2	245	280	265	3.77e-55	173.0
8g65	8g65_A	1bzc	1bzc__chain0	99.3	99.7	100.0	297	298	297	1.1e-223	602.0
8g67	8g67_B	1bzc	1bzc__chain0	99.3	99.6	95.3	283	284	297	8.41e-213	574.0
8g68	8g68_B	1bzc	1bzc__chain0	99.3	99.7	96.3	286	287	297	2e-214	578.0
8g69	8g69_A	1bzc	1bzc__chain0	99.3	99.7	100.0	297	298	297	1.1e-223	602.0
8g6t	8g6t_A	3p5o	3p5o__chain0	33.3	89.5	79.5	102	114	127	5.22e-18	67.8
8g6z	8g6z_A	4hge	4hge__chain0	96.5	100.0	99.7	285	281	286	2.08e-205	555.0
8g8o	8g8o_A	4gfm	4gfm__chain0	96.2	100.0	99.3	289	282	291	1.83e-205	555.0
8g8x	8g8x_B	4gfm	4gfm__chain0	96.5	100.0	99.3	289	283	291	1.4e-207	561.0
8ga2	8ga2_C	3p5o	3p5o__chain0	33.3	88.7	79.5	102	115	127	7.61e-18	67.4
8gb4	8gb4_A	3mss	3mss__chain0	37.4	85.3	95.8	265	292	264	1.69e-56	177.0
8gc7	8gc7_A	4m0y	4m0y__chain0	58.5	96.3	98.9	260	270	263	2.48e-117	331.0
8gc8	8gc8_A	3qgy	3qgy__chain0	57.8	96.4	98.8	244	253	245	2.3499999999999997e-104	296.0
8gc9	8gc9_A	1o0h	1o0h__chain0	100.0	100.0	100.0	124	124	124	4.43e-90	250.0
8gds	8gds_D	1q8t	1q8t__chain0	35.3	82.3	90.9	317	379	341	8.46e-67	209.0
8ggg	8ggg_A	1o0h	1o0h__chain0	100.0	100.0	100.0	124	124	124	4.43e-90	250.0
8gmb	8gmb_A	4m0y	4m0y__chain0	60.4	59.4	98.9	260	438	263	1.9000000000000002e-117	338.0
8gmn	8gmn_B	1bcu	1bcu__chain1	34.6	87.2	99.6	260	273	249	1.02e-37	127.0
8gpz	8gpz_A	3p5o	3p5o__chain0	100.0	100.0	97.6	124	124	127	3.18e-95	263.0
8gq0	8gq0_A	3p5o	3p5o__chain0	100.0	100.0	97.6	124	124	127	3.18e-95	263.0
8gvj	8gvj_A	4twp	4twp__chain0	41.0	90.5	92.1	261	285	266	2.55e-63	194.0
8h4r	8h4r_A	2xnb	2xnb__chain0	78.4	98.6	94.9	283	287	296	1.6400000000000001e-167	460.0
8h59	8h59_A	3e92	3e92__chain0	48.4	89.6	94.0	339	375	349	6.08e-98	289.0
8h6p	8h6p_A	2xnb	2xnb__chain0	99.3	99.7	99.7	297	298	296	4.84e-220	593.0
8h75	8h75_D	3k5v	3k5v__chain0	42.8	93.9	89.2	264	277	286	1.66e-72	218.0
8h7x	8h7x_A	3mss	3mss__chain0	39.0	88.6	95.8	267	299	264	6.739999999999999e-61	188.0
8haq	8haq_A	3mss	3mss__chain0	43.8	94.3	97.7	258	247	264	7.730000000000001e-71	212.0
8hf8	8hf8_A	3u9q	3u9q__chain0	63.7	100.0	99.2	262	262	257	1.92e-120	338.0
8hhp	8hhp_A	2yfe	2yfe__chain0	95.9	99.6	98.1	266	263	264	2.76e-175	477.0
8hlt	8hlt_A	1pxn	1pxn__chain0	30.9	81.3	94.6	317	385	294	2.7700000000000003e-37	130.0
8hmt	8hmt_C	3pyy	3pyy__chain0	41.4	93.9	92.5	251	262	265	7.39e-62	189.0
8hul	8hul_A	3u9q	3u9q__chain0	63.6	100.0	99.2	261	257	257	3.02e-118	332.0
8hum	8hum_A	2yfe	2yfe__chain0	96.0	98.9	99.6	274	277	264	5.76e-183	497.0
8hun	8hun_A	3b1m	3b1m__chain0	61.9	100.0	99.2	265	260	260	6.1900000000000006e-117	329.0
8huo	8huo_A	3u9q	3u9q__chain0	63.8	100.0	98.8	260	257	257	4.29e-118	332.0
8huq	8huq_A	3b1m	3b1m__chain0	62.2	100.0	98.5	262	257	260	2.2400000000000002e-116	328.0
8hv5	8hv5_A	3mss	3mss__chain0	39.5	80.4	88.6	248	306	264	5.7699999999999996e-55	173.0
8i0b	8i0b_B	2al5	2al5__chain0	98.1	99.6	100.0	260	261	260	7.26e-190	514.0
8i0l	8i0l_A	2xnb	2xnb__chain0	41.4	95.1	98.0	295	308	296	2.5699999999999997e-68	209.0
8i0m	8i0m_A	2fvd	2fvd__chain0	48.0	100.0	95.8	279	260	284	7.489999999999999e-82	241.0
8i2n	8i2n_A	3jvr	3jvr__chain0	32.3	78.8	81.4	220	274	258	3.04e-24	92.0
8ibq	8ibq_A	3p5o	3p5o__chain0	100.0	100.0	96.9	123	123	127	1.7699999999999998e-94	261.0
8idh	8idh_A	3p5o	3p5o__chain0	46.5	90.2	77.2	101	112	127	1.27e-26	89.7
8idu	8idu_F	2xb8	2xb8__chain0	51.5	96.5	96.5	136	141	141	2.94e-43	133.0
8ie5	8ie5_A	3e5a	3e5a__chain0	32.5	98.2	97.4	271	271	265	2.61e-38	129.0
8ie6	8ie6_A	2wtv	2wtv__chain0	32.5	98.2	97.3	271	275	264	1.14e-41	138.0
8ie7	8ie7_A	2wtv	2wtv__chain0	32.5	98.2	97.3	271	275	264	1.14e-41	138.0
8igf	8igf_A	4jsz	4jsz__chain0	99.6	100.0	100.0	257	257	257	3.93e-199	537.0
8ivy	8ivy_A	2wbg	2wbg__chain0	51.9	98.0	98.9	443	451	443	3.12e-174	489.0
8j2o	8j2o_A	4jsz	4jsz__chain0	99.6	100.0	100.0	257	257	257	3.93e-199	537.0
8j5x	8j5x_A	3k5v	3k5v__chain0	36.2	95.3	91.3	282	296	286	1.04e-61	191.0
8j63	8j63_A	3k5v	3k5v__chain0	37.0	94.8	91.3	276	291	286	1.25e-64	198.0
8jb8	8jb8_A	2r9w	2r9w__chain0	75.6	98.9	99.4	356	354	358	3.44e-206	563.0
8jbn	8jbn_B	1bzc	1bzc__chain0	40.8	91.6	85.2	260	273	297	1.19e-65	201.0
8jby	8jby_B	1bzc	1bzc__chain0	41.2	90.8	85.2	257	272	297	1.15e-65	201.0
8jee	8jee_A	4jsz	4jsz__chain0	99.6	100.0	100.0	257	257	257	3.93e-199	537.0
8jf3	8jf3_A	3mss	3mss__chain0	43.4	94.2	97.7	258	242	264	3.8499999999999995e-67	202.0
8jf4	8jf4_A	3myg	3myg__chain0	99.2	99.6	99.6	251	252	252	1.03e-187	508.0
8jg8	8jg8_A	3myg	3myg__chain0	98.4	99.6	99.6	254	254	252	1.2600000000000001e-184	500.0
8jmz	8jmz_B	3k5v	3k5v__chain0	41.3	92.1	90.6	271	292	286	9.019999999999999e-68	206.0
8jot	8jot_A	3pyy	3pyy__chain0	39.6	89.2	95.5	273	306	265	1.0699999999999999e-67	206.0
8k14	8k14_A	3p5o	3p5o__chain0	100.0	95.4	98.4	125	131	127	2.1099999999999997e-95	264.0
8k5r	8k5r_A	2xnb	2xnb__chain0	40.8	88.9	90.2	277	306	296	9.34e-59	184.0
8ogf	8ogf_AAA	4jsz	4jsz__chain0	99.6	100.0	100.0	257	257	257	3.93e-199	537.0
8oke	8oke_A	4jsz	4jsz__chain0	96.9	100.0	100.0	257	257	257	4.2300000000000005e-194	524.0
8okg	8okg_A	4jsz	4jsz__chain0	96.9	100.0	100.0	257	257	257	4.2300000000000005e-194	524.0
8okj	8okj_A	4jsz	4jsz__chain0	96.9	100.0	100.0	257	257	257	4.2300000000000005e-194	524.0
8oko	8oko_A	4jsz	4jsz__chain0	96.9	100.0	100.0	257	257	257	4.2300000000000005e-194	524.0
8okp	8okp_A	4jsz	4jsz__chain0	96.9	100.0	100.0	257	257	257	4.2300000000000005e-194	524.0
8okt	8okt_A	4jsz	4jsz__chain0	96.5	99.6	100.0	257	258	257	1.79e-193	523.0
8oku	8oku_B	3e5a	3e5a__chain0	34.4	77.5	94.7	253	325	265	1.09e-50	163.0
8olf	8olf_A	4jsz	4jsz__chain0	96.9	99.6	100.0	257	258	257	6.25e-194	524.0
8oli	8oli_A	4jsz	4jsz__chain0	99.6	99.6	100.0	257	258	257	5.81e-199	536.0
8olk	8olk_A	4jsz	4jsz__chain0	99.6	99.6	100.0	257	258	257	5.81e-199	536.0
8olm	8olm_A	4jsz	4jsz__chain0	99.6	99.6	100.0	257	258	257	5.81e-199	536.0
8omb	8omb_A	4jsz	4jsz__chain0	99.6	99.6	100.0	257	258	257	5.81e-199	536.0
8omh	8omh_A	4jsz	4jsz__chain0	99.6	99.6	100.0	257	258	257	5.81e-199	536.0
8omp	8omp_A	4jsz	4jsz__chain0	99.6	99.6	100.0	257	258	257	5.81e-199	536.0
8oqc	8oqc_A	1o0h	1o0h__chain0	100.0	100.0	100.0	124	124	124	4.43e-90	250.0
8oqd	8oqd_A	1o0h	1o0h__chain0	100.0	100.0	100.0	124	124	124	4.43e-90	250.0
8oqe	8oqe_A	1o0h	1o0h__chain0	100.0	100.0	100.0	124	124	124	4.43e-90	250.0
8orc	8orc_B	1e66	1e66__chain0	59.5	99.4	99.8	533	534	532	3.8400000000000005e-245	676.0
8otp	8otp_AAA	4jsz	4jsz__chain0	99.6	99.6	100.0	257	258	257	5.81e-199	536.0
8oub	8oub_AAA	4jsz	4jsz__chain0	99.6	99.6	100.0	257	258	257	5.81e-199	536.0
8our	8our_A	4e5w	4e5w__chain1	34.2	81.8	91.8	263	264	280	2.82e-34	119.0
8ous	8ous_A	4e5w	4e5w__chain1	34.2	81.5	91.8	263	265	280	2.89e-34	119.0
8out	8out_A	4e5w	4e5w__chain1	34.2	80.9	91.8	263	267	280	3.05e-34	119.0
8ouu	8ouu_B	4twp	4twp__chain0	41.0	89.0	92.1	261	290	266	5.32e-64	196.0
8ouv	8ouv_B	4twp	4twp__chain0	41.0	89.0	92.1	261	290	266	5.32e-64	196.0
8ov7	8ov7_A	4twp	4twp__chain0	41.6	86.9	92.1	257	289	266	5.72e-66	201.0
8ovz	8ovz_A	4twp	4twp__chain0	41.0	90.2	92.1	261	286	266	4.67e-64	196.0
8ow3	8ow3_A	3pyy	3pyy__chain0	40.6	88.4	92.8	249	258	265	9.14e-62	189.0
8owg	8owg_B	4twp	4twp__chain0	40.9	91.5	90.2	242	246	266	4.88e-64	194.0
8oy2	8oy2_A	2fvd	2fvd__chain0	95.1	100.0	99.3	284	274	284	2.48e-197	534.0
8p05	8p05_B	4eor	4eor__chain0	31.7	89.9	98.0	303	328	294	3.91e-39	134.0
8p06	8p06_A	4eor	4eor__chain0	31.7	89.1	98.0	303	331	294	3.01e-39	134.0
8p07	8p07_A	4eor	4eor__chain0	31.7	89.1	98.0	303	331	294	3.01e-39	134.0
8p0f	8p0f_A	4w9c	4w9c__chain2	99.3	96.6	100.0	141	146	140	1.43e-102	283.0
8p11	8p11_G	3u8k	3u8k__chain0	100.0	100.0	98.6	206	206	209	1.59e-153	417.0
8p1e	8p1e_B	3u8k	3u8k__chain0	100.0	100.0	98.1	205	205	209	1.7799999999999999e-152	415.0
8p1f	8p1f_S	3u8k	3u8k__chain0	100.0	100.0	98.6	206	206	209	1.59e-153	417.0
8p22	8p22_I	3u8k	3u8k__chain3	99.0	100.0	99.0	201	201	203	1.94e-149	407.0
8p4z	8p4z_A	2fvd	2fvd__chain0	43.0	98.5	98.9	284	272	284	5.77e-74	221.0
8p5g	8p5g_A	1nvq	1nvq__chain0	33.9	89.8	88.3	245	266	264	4.33e-33	115.0
8p5h	8p5h_A	1nvq	1nvq__chain0	33.9	90.0	88.3	248	269	264	1.79e-32	114.0
8p5i	8p5i_A	1nvq	1nvq__chain0	33.9	90.0	88.3	248	269	264	1.79e-32	114.0
8p5j	8p5j_A	3jvr	3jvr__chain0	34.2	82.5	81.8	228	269	258	5.05e-28	102.0
8p5k	8p5k_C	1nvq	1nvq__chain0	33.9	90.3	88.3	248	268	264	1.7500000000000002e-32	114.0
8p5l	8p5l_A	1nvq	1nvq__chain0	33.9	90.0	88.3	248	269	264	1.79e-32	114.0
8p81	8p81_A	2xnb	2xnb__chain0	43.0	93.8	97.0	305	320	296	1.82e-77	233.0
8p9f	8p9f_A	3p5o	3p5o__chain0	100.0	100.0	98.4	125	125	127	1.16e-95	265.0
8p9g	8p9g_A	3p5o	3p5o__chain0	100.0	100.0	98.4	125	125	127	1.16e-95	265.0
8p9h	8p9h_A	3p5o	3p5o__chain0	100.0	100.0	98.4	125	125	127	1.16e-95	265.0
8p9i	8p9i_B	3p5o	3p5o__chain0	100.0	100.0	98.4	125	125	127	1.16e-95	265.0
8p9j	8p9j_A	3p5o	3p5o__chain0	100.0	100.0	98.4	125	125	127	1.16e-95	265.0
8p9k	8p9k_A	3p5o	3p5o__chain0	100.0	100.0	98.4	125	125	127	1.16e-95	265.0
8p9l	8p9l_A	3p5o	3p5o__chain0	100.0	100.0	98.4	125	125	127	1.16e-95	265.0
8pbo	8pbo_A	2yfe	2yfe__chain0	99.2	99.2	99.2	263	265	264	1.76e-183	498.0
8piq	8piq_A	3p5o	3p5o__chain0	100.0	100.0	100.0	127	127	127	1.07e-96	267.0
8pp0	8pp0_A	2p15	2p15__chain1	32.8	86.9	80.2	195	214	242	5.61e-25	92.0
8pq9	8pq9_A	3pyy	3pyy__chain0	38.4	95.9	100.0	284	296	265	1.75e-66	202.0
8pqa	8pqa_A	3pyy	3pyy__chain0	38.4	95.9	99.6	281	293	265	1.58e-66	202.0
8pqb	8pqb_A	3pyy	3pyy__chain0	38.1	96.1	100.0	281	280	265	2.37e-62	191.0
8pqc	8pqc_B	3pyy	3pyy__chain0	38.2	95.9	100.0	283	295	265	5.98e-67	204.0
8pqd	8pqd_B	3pyy	3pyy__chain0	38.3	95.7	100.0	287	299	265	1.09e-65	201.0
8pqe	8pqe_B	3pyy	3pyy__chain0	37.3	95.8	99.6	284	283	265	7.39e-62	190.0
8pqf	8pqf_A	3pyy	3pyy__chain0	38.2	95.9	100.0	285	294	265	1.18e-63	195.0
8pqg	8pqg_C	3pyy	3pyy__chain0	38.0	95.3	100.0	287	300	265	8.96e-65	198.0
8pqh	8pqh_A	3pyy	3pyy__chain0	39.6	86.3	98.5	280	321	265	7.77e-66	202.0
8pqi	8pqi_A	3pyy	3pyy__chain0	39.6	89.6	98.5	280	299	265	3.89e-63	194.0
8pvo	8pvo_B	4eor	4eor__chain0	31.7	89.7	98.0	303	329	294	2.87e-39	134.0
8pvp	8pvp_B	4eor	4eor__chain0	31.7	89.9	98.0	303	328	294	2.8e-39	134.0
8px0	8px0_B	1o0h	1o0h__chain0	98.4	100.0	100.0	124	122	124	3.23e-87	243.0
8px2	8px2_A	3p5o	3p5o__chain0	42.6	95.6	83.5	108	113	127	4.04e-28	93.6
8px8	8px8_A	3p5o	3p5o__chain0	42.6	98.2	83.5	108	110	127	2.55e-28	94.0
8pxa	8pxa_AAA	3p5o	3p5o__chain0	100.0	100.0	98.4	125	125	127	5.73e-96	265.0
8pxm	8pxm_A	3p5o	3p5o__chain0	100.0	100.0	100.0	127	127	127	1.07e-96	267.0
8pyi	8pyi_GGG	3mss	3mss__chain0	44.9	90.8	94.7	263	284	264	3.04e-72	217.0
8pyj	8pyj_AAA	3mss	3mss__chain0	44.2	95.7	94.7	265	277	264	1.2999999999999998e-74	223.0
8pyk	8pyk_AAA	3mss	3mss__chain0	44.5	95.6	94.7	265	274	264	1.52e-72	217.0
8pyl	8pyl_AAA	3mss	3mss__chain0	44.2	95.7	94.7	265	277	264	1.2999999999999998e-74	223.0
8pym	8pym_AAA	3mss	3mss__chain0	44.5	95.0	94.7	265	278	264	1.5400000000000003e-73	220.0
8pyn	8pyn_AAA	3mss	3mss__chain0	44.2	95.6	94.7	265	275	264	1.96e-73	219.0
8q18	8q18_A	4jsz	4jsz__chain0	33.8	99.6	99.2	260	251	257	7.31e-41	135.0
8q19	8q19_A	4jsz	4jsz__chain0	33.8	99.6	99.2	260	251	257	7.31e-41	135.0
8q1a	8q1a_A	4jsz	4jsz__chain0	33.8	99.6	99.2	260	251	257	7.31e-41	135.0
8q1m	8q1m_C	2x00	2x00__chain0	100.0	99.5	99.5	215	216	216	2.27e-164	446.0
8q1t	8q1t_E	4qac	4qac__chain4	100.0	100.0	96.2	203	203	211	2.93e-151	412.0
8q34	8q34_A	3p5o	3p5o__chain0	100.0	100.0	100.0	127	127	127	1.07e-96	267.0
8q3u	8q3u_A	4jsz	4jsz__chain0	56.4	99.2	99.6	257	259	257	7.480000000000001e-110	311.0
8q61	8q61_A	1ydr	1ydr__chain0	40.5	75.3	87.2	301	384	336	1.87e-75	231.0
8q9s	8q9s_A	4eor	4eor__chain0	32.9	90.2	98.0	304	327	294	4.81e-41	139.0
8qbu	8qbu_A	4eor	4eor__chain0	32.9	89.9	98.0	304	328	294	4.929999999999999e-41	139.0
8qcd	8qcd_A	4eor	4eor__chain0	32.9	90.2	98.0	304	327	294	4.81e-41	139.0
8qcg	8qcg_B	4eor	4eor__chain0	32.9	90.2	98.0	304	327	294	4.81e-41	139.0
8qez	8qez_A	2al5	2al5__chain0	99.2	98.1	100.0	260	265	260	6.27e-192	519.0
8qf1	8qf1_B	4eor	4eor__chain0	32.9	90.2	98.0	304	327	294	4.81e-41	139.0
8qjs	8qjs_B	4bkt	4bkt__chain1	100.0	98.9	100.0	87	88	87	4.23e-62	177.0
8qlq	8qlq_A	3uo4	3uo4__chain0	31.1	88.6	94.4	254	281	266	5.97e-40	134.0
8qlr	8qlr_A	3myg	3myg__chain0	31.7	88.6	94.4	240	264	252	1.3e-36	124.0
8qls	8qls_A	3myg	3myg__chain0	31.7	87.6	94.4	240	267	252	1.98e-36	124.0
8qlt	8qlt_A	3myg	3myg__chain0	31.1	85.4	92.5	235	268	252	9.01e-34	117.0
8qqg	8qqg_B	4hge	4hge__chain0	30.5	92.7	93.7	282	262	286	1.95e-28	103.0
8qqy	8qqy_A	3mss	3mss__chain0	41.7	88.6	93.6	252	272	264	3.47e-65	198.0
8qtl	8qtl_D	2x00	2x00__chain0	100.0	99.5	99.5	215	216	216	2.27e-164	446.0
8qwy	8qwy_A	4eor	4eor__chain0	31.7	89.1	98.0	303	331	294	3.01e-39	134.0
8qwz	8qwz_A	4eor	4eor__chain0	31.7	89.4	98.0	303	330	294	2.94e-39	134.0
8qx2	8qx2_B	2x00	2x00__chain0	100.0	99.5	100.0	216	217	216	4.0899999999999997e-165	447.0
8r10	8r10_A	2c3i	2c3i__chain0	97.0	98.5	100.0	266	263	266	2.25e-195	528.0
8r18	8r18_A	3jya	3jya__chain0	99.6	100.0	99.6	273	273	274	6.3e-211	568.0
8r1i	8r1i_A	4jsz	4jsz__chain0	99.6	99.6	100.0	257	258	257	5.81e-199	536.0
8r1n	8r1n_A	3jya	3jya__chain0	99.6	100.0	99.3	272	272	274	1.4200000000000001e-209	565.0
8r1p	8r1p_A	3jya	3jya__chain0	98.2	100.0	99.6	273	269	274	2.34e-205	554.0
8r1t	8r1t_A	3jya	3jya__chain0	99.6	100.0	99.6	273	273	274	6.3e-211	568.0
8r4o	8r4o_C	3uo4	3uo4__chain0	35.2	80.0	94.4	253	315	266	4.92e-53	169.0
8r4q	8r4q_A	3uo4	3uo4__chain0	35.2	80.0	94.4	253	315	266	4.92e-53	169.0
8r4u	8r4u_C	3uo4	3uo4__chain0	35.2	80.0	94.4	253	315	266	4.92e-53	169.0
8r4v	8r4v_B	3uo4	3uo4__chain0	35.2	79.7	94.4	253	316	266	3.59e-53	169.0
8r5v	8r5v_A	1o0h	1o0h__chain0	98.4	100.0	100.0	124	122	124	3.23e-87	243.0
8r99	8r99_A	2fvd	2fvd__chain0	45.3	97.9	98.9	285	283	284	3.1200000000000004e-79	235.0
8r9a	8r9a_A	2fvd	2fvd__chain0	45.6	97.9	98.9	285	285	284	4.16e-80	238.0
8r9b	8r9b_B	4eor	4eor__chain0	45.3	94.6	97.6	287	298	294	1.01e-86	255.0
8r9u	8r9u_A	2fvd	2fvd__chain0	44.1	98.6	99.6	288	282	284	1.3800000000000001e-77	231.0
8s93	8s93_A	4m0y	4m0y__chain0	60.5	60.1	98.1	258	429	263	3.2300000000000003e-116	334.0
8s96	8s96_A	1o0h	1o0h__chain0	100.0	100.0	100.0	124	124	124	4.43e-90	250.0
8s98	8s98_A	3k5v	3k5v__chain0	30.5	95.7	88.1	262	256	286	1.73e-26	98.2
8s99	8s99_C	3k5v	3k5v__chain0	30.5	95.8	88.1	262	260	286	3.6500000000000004e-27	100.0
8s9a	8s9a_A	3k5v	3k5v__chain0	30.2	95.1	88.1	262	264	286	3.96e-28	102.0
8s9f	8s9f_A	4rfm	4rfm__chain0	57.4	96.1	98.0	244	254	249	1.47e-106	302.0
8s9q	8s9q_A	3ao4	3ao4__chain1	94.7	98.5	100.0	133	132	133	6.839999999999999e-89	248.0
8saf	8saf_A	4jsz	4jsz__chain0	99.6	100.0	100.0	257	257	257	3.93e-199	537.0
8sag	8sag_A	4jsz	4jsz__chain0	99.6	100.0	100.0	257	257	257	3.93e-199	537.0
8sb6	8sb6_C	3p5o	3p5o__chain0	81.1	100.0	83.5	106	106	127	2.49e-67	192.0
8sf8	8sf8_A	1q8t	1q8t__chain0	99.4	100.0	99.4	339	339	341	6.12e-256	687.0
8siv	8siv_A	1nvq	1nvq__chain0	95.4	100.0	98.9	262	262	264	1.8399999999999998e-191	518.0
8siw	8siw_A	1nvq	1nvq__chain0	95.4	100.0	98.9	262	262	264	1.8399999999999998e-191	518.0
8six	8six_A	1nvq	1nvq__chain0	95.3	100.0	97.3	258	258	264	3.5399999999999997e-188	509.0
8skl	8skl_A	1bzc	1bzc__chain0	99.3	99.3	100.0	297	299	297	1.1500000000000002e-223	602.0
8ssn	8ssn_A	3k5v	3k5v__chain0	93.3	59.8	93.0	267	420	286	2e-174	483.0
8sso	8sso_D	3myg	3myg__chain0	100.0	99.6	99.6	251	252	252	7.58e-190	513.0
8ssp	8ssp_A	3e5a	3e5a__chain0	99.6	100.0	99.6	264	264	265	9.97e-199	536.0
8sv9	8sv9_A	3jvr	3jvr__chain0	33.8	82.1	81.8	231	274	258	1.1000000000000001e-27	101.0
8swe	8swe_A	3k5v	3k5v__chain0	42.1	95.4	90.6	271	284	286	1.05e-72	219.0
8tb6	8tb6_A	3k5v	3k5v__chain0	30.2	93.5	88.1	262	263	286	1.05e-26	99.0
8tmt	8tmt_A	4de2	4de2__chain0	53.8	98.8	99.6	260	259	260	1.5699999999999999e-90	262.0
8tqs	8tqs_L	2zda	2zda__chain0	100.0	68.3	96.6	28	41	29	7.42e-17	59.3
8tuc	8tuc_A	3ag9	3ag9__chain0	33.2	97.5	80.6	277	278	319	1.26e-40	137.0
8txy	8txy_A	1nvq	1nvq__chain0	35.6	81.0	97.0	264	305	264	2.02e-48	156.0
8typ	8typ_A	1bcu	1bcu__chain1	34.7	74.2	99.6	262	310	249	2.48e-38	130.0
8u2d	8u2d_A	4m0y	4m0y__chain0	58.5	96.3	98.9	260	270	263	2.48e-117	331.0
8u2e	8u2e_A	4m0y	4m0y__chain0	58.5	96.3	98.9	260	270	263	2.48e-117	331.0
8u2o	8u2o_A	2xnb	2xnb__chain0	41.6	97.2	97.0	293	289	296	1.57e-64	198.0
8u37	8u37_A	1ydr	1ydr__chain0	40.5	88.1	82.7	284	320	336	1.0899999999999999e-74	227.0
8u8j	8u8j_A	3e92	3e92__chain0	48.4	96.3	95.4	341	352	349	2.98e-108	314.0
8u8k	8u8k_A	3e92	3e92__chain0	48.4	97.1	95.4	341	349	349	2.68e-108	314.0
8uak	8uak_A	1ydr	1ydr__chain0	40.5	88.4	82.7	284	319	336	1.05e-74	227.0
8uv0	8uv0_A	4eor	4eor__chain0	95.2	99.6	99.3	292	279	294	7.910000000000001e-200	541.0
8v1f	8v1f_D	4ty7	4ty7__chain0	42.0	96.7	99.6	243	243	238	2.2299999999999997e-68	204.0
8vlb	8vlb_A	4w9c	4w9c__chain2	99.3	95.3	100.0	141	148	140	7.68e-103	284.0
8w4v	8w4v_A	3rlr	3rlr__chain0	100.0	100.0	95.9	210	210	219	4.98e-149	407.0
8w8k	8w8k_A	3b27	3b27__chain0	100.0	100.0	97.2	209	209	215	1.69e-148	405.0
8wd4	8wd4_A	3mss	3mss__chain0	37.8	83.9	95.8	262	299	264	5.990000000000001e-59	183.0
8wgf	8wgf_A	3e92	3e92__chain0	48.1	98.8	97.1	351	345	349	4.54e-103	301.0
8wiu	8wiu_A	3p5o	3p5o__chain0	100.0	100.0	96.9	123	123	127	1.7699999999999998e-94	261.0
8wsw	8wsw_A	3mss	3mss__chain0	30.9	87.5	91.7	256	281	264	6.87e-31	110.0
8wy7	8wy7_C	3p5o	3p5o__chain0	100.0	100.0	85.8	109	109	127	1.35e-83	233.0
8wyp	8wyp_A	3p5o	3p5o__chain0	100.0	100.0	98.4	125	125	127	5.73e-96	265.0
8x5k	8x5k_A	3k5v	3k5v__chain0	41.2	95.5	88.1	260	264	286	8.12e-64	195.0
8x5l	8x5l_A	1q8t	1q8t__chain0	95.8	100.0	98.2	335	331	341	2.32e-242	653.0
8x72	8x72_A	3e5a	3e5a__chain0	33.2	86.1	94.7	253	294	265	2.47e-50	161.0
8xn6	8xn6_A	2fvd	2fvd__chain0	33.7	83.4	97.2	297	350	284	1.3e-50	164.0
8xov	8xov_A	1ydr	1ydr__chain0	38.6	97.7	81.5	277	261	336	1.1599999999999999e-74	224.0
8xox	8xox_A	3k5v	3k5v__chain0	39.3	96.9	92.3	270	261	286	1.15e-65	200.0
8xpv	8xpv_A	3qgy	3qgy__chain0	42.2	90.6	98.8	244	267	245	3.74e-64	195.0
8ygw	8ygw_A	4f9w	4f9w__chain0	74.1	100.0	98.8	332	326	336	8.24e-183	502.0
8zjv	8zjv_A	3e92	3e92__chain0	48.4	97.1	95.4	341	349	349	2.68e-108	314.0
